username,title
0blivi0usspy,GM
123lt,GM
124chess,GM
1977ivan,GM
1stsecond,GM
2bf41-0,GM
777azazello777,GM
a-adly,GM
a-fier,GM
abasovn,GM
abbasifarhassan,GM
abbasovfarid1979,GM
abdimalik_abdisalimov,GM
abhidabhi,GM
abhijeetgupta,GM
abhijeetgupta1016,GM
abhijeetonyoutube,GM
abhyak,GM
absentzest,GM
aceontheturn,GM
actorxu,GM
adananpale,GM
adaro,GM
adham_fawzy,GM
adiosabu,GM
adotand,GM
afgano29,GM
afreshlyawakenedcapybara,GM
aggy67,GM
agser,GM
ahmadzadaa,GM
ahmad_alkhatib11,GM
aibayt,GM
airgun1,GM
aksaeze,GM
akshatchandra,GM
akshayraj_kore,GM
al-mudahka,GM
alefedorov,GM
aleksa74,GM
aleksandrovaleksei,GM
aleksey_sorokin,GM
alexander-evdokimov,GM
alexanderl,GM
alexander_donchenko,GM
alexander_moskalenko,GM
alexander_zubov,GM
alexandr_predke,GM
alexchess1984,GM
alexcolovic,GM
alexeishirov,GM
alexei_kornev,GM
alexhuzman,GM
alexonischuk,GM
alexrustemov,GM
alexsur1981,GM
alextargarian,GM
alexvangog,GM
alexyermo,GM
alex_goloshchapov,GM
alex_stripunsky,GM
algeriano22,GM
alieraiseafireoozeuh,GM
alishersuleymenov,GM
allanstig,GM
allstarserious,GM
almo64,GM
alpacacheck,GM
alrayyan2022,GM
alrayyan2024,GM
aman,GM
ameetghasi100,GM
amintabatabaei,GM
amir-zaibi,GM
amirbagheri78,GM
amirreza_p,GM
anaconda1983,GM
anand,GM
ancarmaran,GM
andabata,GM
andrbaryshpolets,GM
andreikka,GM
andrei_belozerov,GM
andreystukopin,GM
androqueen,GM
andyrodri,GM
angelogm,GM
angry_twin,GM
anishgiri,GM
anishonyoutube,GM
ankit_chessneurons,GM
annawel,GM
anna_muzychuk,GM
anon219,GM
anthonywirig,GM
antipov_mikhail_al,GM
antonshomoev,GM
antonsmirnov,GM
anton_demchenko,GM
anuar_is,GM
anurag328,GM
aoitsukibluemoon,GM
apocalyps999,GM
aquarium76,GM
aradej,GM
arambai,GM
arcticbear64,GM
arcymisie,GM
arencibia,GM
argyllprince,GM
ariancito1,GM
arjun2002,GM
arkonada50,GM
arm-akiba,GM
armenianlion,GM
arseniy_nesterov,GM
artem_ilyin,GM
arthurguo,GM
arthurkogan,GM
artooon,GM
arturomorales98,GM
art_vandelay1980,GM
arvika,GM
aryamabreu,GM
aryangholami,GM
aryantari,GM
as0nchess,GM
asadlivugar,GM
aspired,GM
astralpulse,GM
atabayevsaparmyrat,GM
atalik,GM
atomrod,GM
attack2mateu,GM
attackgm,GM
attilaczebe,GM
augustomatraga,GM
austrianfalcon,GM
avantage_ru,GM
averagerecord,GM
avetik_chessmood,GM
avitalbor,GM
avolodin,GM
axves,GM
aygehovit1992,GM
azerichess,GM
azerichessss,GM
azeryahu,GM
azgm,GM
azikom,GM
azzaro25,GM
b-man,GM
b-unit,GM
baag,GM
babegroot,GM
baby_legs,GM
bacallao2019,GM
bachira1995,GM
bacyanide,GM
badrobocop,GM
baki83,GM
bakki78,GM
baku_boulevard,GM
bancsoo,GM
bankrotten,GM
barcelona_guy,GM
bardiya_daneshvar,GM
bartoszsocko,GM
barys1974,GM
barzed,GM
bashlykskiy,GM
batchuluun_tsegmed,GM
batica1984,GM
batolovic,GM
bazarov04,GM
beastslovetheprocess,GM
beca95,GM
beebucks,GM
belabadea21,GM
bentsfriend,GM
berkesferi,GM
berny643,GM
berserkwerewolf,GM
besmall,GM
bestcoacheverr,GM
bigfish1995,GM
bigheartpawn,GM
bilelou,GM
bilguunsu,GM
billiekimbah,GM
bilodeaua,GM
binary010,GM
birdmaster3000,GM
bkl18,GM
blagid,GM
blefer66,GM
blindfoldkrikor,GM
blindginger,GM
blindlast7samurai,GM
blindtakes,GM
blitzking1729,GM
blitz_expert23,GM
blueshark23,GM
bluewizzard,GM
bmochsner,GM
bmw326,GM
bobanbogosavljevic,GM
bocah_sakit,GM
bocharovd,GM
bogdandeac,GM
bonamente,GM
bonca64,GM
bonuspater18,GM
boo786,GM
boorrj,GM
borisk62,GM
bornio,GM
bosiocic,GM
brainwolf,GM
brandonjacobson,GM
brianescalante,GM
brightthunder,GM
brrrmuda,GM
brt6209,GM
bryansmith,GM
bubacik,GM
bubi6,GM
budisavljevic,GM
buenaventuravillamayor,GM
buffy7,GM
bui2512,GM
burbur555,GM
byniolus,GM
c-25,GM
caefellion,GM
caissa12,GM
calenofatal,GM
californiadreamgirl,GM
campanero26,GM
capoeirajogo,GM
captainjames,GM
caracternin123,GM
carlosalbornoz,GM
casper_schoppen,GM
caspiisrael,GM
cassoulet,GM
cayse,GM
ccgrandmaster,GM
cemilcan,GM
ceraunophilmera,GM
cerdasbrs,GM
chabanon,GM
chadaevnikolay,GM
champ2005,GM
charlatante,GM
checkbits,GM
checky2015,GM
checom,GM
chefshouse,GM
chepaschess,GM
chernobay_artem,GM
chessasuke,GM
chessawp,GM
chessbrah,GM
chessdjw,GM
chessdude,GM
chesseducation4u,GM
chessfatbear,GM
chessfreak35,GM
chessialist,GM
chessinfun2030,GM
chessintuit,GM
chessking518,GM
chesslover0108,GM
chessmagician64,GM
chessmastaflash88,GM
chessmisic,GM
chessmood,GM
chessnerdstv,GM
chessonado,GM
chessonthemat007,GM
chesspanda123,GM
chessphoenix17,GM
chessqueen,GM
chesssharkz,GM
chessskool,GM
chesssplayer21,GM
chesstrainer2042,GM
chesstraining77,GM
chesswarrior7197,GM
chessweebs,GM
chesswolf1210,GM
chesswy,GM
chess_zpx,GM
chito89,GM
chopper1905,GM
chowman64,GM
christopheryoo,GM
cipy77,GM
citychess_said,GM
ckgchess,GM
classyel,GM
coach_davido,GM
cocobala,GM
cody1983,GM
colchonero64,GM
coldplace,GM
colerranmorad,GM
conquering,GM
contora,GM
contrversia,GM
copperbrain,GM
courgete,GM
crackcubano,GM
crazy,GM
crazyboy26,GM
crescentmoon2411,GM
cristhiancruzsanchez,GM
cruel_yaro,GM
cruise999,GM
cschoppen,GM
ctionescu,GM
cubitas,GM
cute_castle,GM
cyrilmarcelin,GM
d-fernandez,GM
daanbrandenburg,GM
daat,GM
daggigretarsson,GM
daika91,GM
dalmatinac101,GM
dancingheaven16,GM
dangerousattack1st,GM
danieldardha2005,GM
danielking,GM
danielnaroditsky,GM
daniel_fridman,GM
danir29,GM
danyuffa,GM
darcylima,GM
darkalekhine,GM
dark_soul98,GM
daro94,GM
davidarenas1224,GM
davidbaramidze,GM
davidgavrilescu18,GM
davidmarkosyan,GM
david_arutinian,GM
david_klein,GM
davorinkuljasevic,GM
davor_rogic,GM
dbojkov,GM
ddevreugt,GM
deadeye10,GM
dearmike,GM
debashisdebs,GM
dedic8,GM
deep306,GM
defenceboy,GM
delhigm,GM
denis_makhnyov,GM
denlaz,GM
den_kuzo,GM
desconocido04,GM
deviatkinandrey,GM
devikbronstein,GM
devonlaratt,GM
dforcen,GM
dhlt216,GM
dhoine,GM
dibyendu_barua,GM
didici,GM
dinozavr69,GM
diokletian,GM
divyadeshmukh23,GM
diwi89,GM
djakovenko,GM
djojua,GM
dj_haubi,GM
dlugy,GM
dmitrymaximov,GM
dogsofwar,GM
dominguezonyoutube,GM
donkeykong3003,GM
dontstopmemeowth,GM
dorian2017,GM
dostis,GM
dr-bassem,GM
dr-cro,GM
draganbarlov,GM
dragansolak,GM
dragonflow,GM
drags95,GM
draskovicl,GM
drawdenied-twitch,GM
drblinditsky,GM
drenchev,GM
dretch,GM
drfast,GM
dropstonedp,GM
drsacrificestein,GM
drtancredi,GM
druskacik,GM
drvelja,GM
drycounty,GM
dr_alpha,GM
dr_mortimer,GM
dr_tyger,GM
duanlian,GM
dudaki,GM
dudedoel,GM
duhless,GM
dulemaster,GM
dulemudule,GM
dumbo32,GM
durarbayli,GM
dusanacns,GM
dyadya81,GM
dynamikus,GM
dynamischestrategie,GM
e-grivas,GM
eagle_2019,GM
egorgeroev,GM
ehsan_ghaemmaghami,GM
el-marmalade,GM
eldax64,GM
eldur16,GM
elefante33,GM
elefante38,GM
elegance_riks,GM
elgasanov,GM
elhelvetico,GM
eljanov,GM
elliotstabler,GM
ellipaehtz,GM
elprofesorsergio,GM
elshan1985,GM
eltajsafarli,GM
eltaj_safarli,GM
emilanka,GM
emiliocordova,GM
emperor87,GM
enajer77,GM
enki007,GM
erebuni91,GM
erikblomqvist,GM
ermito2020,GM
ernestofdz,GM
erwinlami,GM
eternalimprover,GM
etoilegeniale,GM
etserga,GM
eugeneperelshteyn,GM
evandro_barbosa,GM
evgchess5,GM
evgeniy_88,GM
evgeny81,GM
evgenypigusov,GM
evgenyromanov,GM
evgenysharapov,GM
evgenyt,GM
ewcchamps,GM
excellent1st,GM
e_miranda,GM
fabianocaruana,GM
fablibi,GM
fairchess_on_youtube,GM
fandorine,GM
faqade,GM
farout1364,GM
farrukh_amonatov,GM
fartobus,GM
fatupss,GM
faustregel,GM
fcchelsea14,GM
federtiu,GM
fedoseevvladimir,GM
felixblohberger,GM
feliztigriz,GM
feuerwehrmannsam,GM
fghsmn,GM
fighterman91,GM
filippov_anton,GM
firegrizzly,GM
firehand33,GM
fireheart92,GM
firouzja2003,GM
fishanick,GM
fisherchess2000,GM
fivetrick,GM
fizmat_64,GM
floydferris,GM
flycont,GM
fmshawnrl123,GM
fodorpoti,GM
foewa98,GM
forevery0ung,GM
formerprodigy,GM
fortemaestro,GM
fosti19,GM
francyim,GM
frankieyale,GM
frederiksvane,GM
frolyanov_d,GM
frostnova,GM
ftacnikl,GM
ftorodent,GM
funo09,GM
fyall777,GM
g3god,GM
gabix_94,GM
gabrielian_artur,GM
gabuzyan_chessmood,GM
gadimbaylia,GM
gaguna,GM
gahryman,GM
gaizca,GM
gajuchess,GM
gakashchess,GM
galperinplaton,GM
gampr2492,GM
garcho08,GM
gareth-bale11,GM
garrykasparov,GM
gasconjr,GM
gats1,GM
gavrikov,GM
geller_jakov,GM
geminiboy,GM
gen-gutman,GM
gena217,GM
genghis_k,GM
genna1943,GM
georgegiorgadze,GM
georgescu_tiberiu,GM
georgmeier,GM
geremyx,GM
gergo85,GM
german-2826,GM
gevorg_harutjunyan,GM
ggg,GM
gguseinov,GM
ghandeevam2003,GM
ghertneck,GM
giantslayer83,GM
giantthresher,GM
gigaquparadze,GM
gilmil,GM
ginger_gm,GM
givesalltheflow,GM
gliglu,GM
gm-andreyorlov,GM
gmakobianstl,GM
gmalex1971,GM
gmalmeida,GM
gmalsayed,GM
gmandrey64,GM
gmantic,GM
gmartin_petrov,GM
gmarturyusupovauthor,GM
gmarunchess,GM
gmashley,GM
gmasterkiller,GM
gmaxel23,GM
gmazapata,GM
gmbarbosachess,GM
gmbartek,GM
gmbellicose,GM
gmbenjaminbok,GM
gmbenjaminfinegold,GM
gmcarlosaobregon,GM
gmcheparinov,GM
gmchessrob,GM
gmcorrales,GM
gmcristhian,GM
gmcyborek,GM
gmdavenogood,GM
gmdrh,GM
gmedmundo,GM
gmg,GM
gmgamil,GM
gmharikrishna,GM
gmhess,GM
gmhikaruontwitch,GM
gmianrogers,GM
gmizeta,GM
gmjacobaagaard,GM
gmjankovic,GM
gmjlh,GM
gmjoel,GM
gmjoey1,GM
gmjuliogranda,GM
gmkomarov,GM
gmkrikor,GM
gmlazarobruzon,GM
gmmarcelkanarek,GM
gmmarcindziuba,GM
gmmatamoros,GM
gmmelik,GM
gmmickeyadams,GM
gmmikhailkazakov,GM
gmmikiki,GM
gmmitkov,GM
gmmoranda,GM
gmmoskalenko,GM
gmnakamuracyborg,GM
gmneiksans,GM
gmneiksans-bots,GM
gmnickpert,GM
gmoratovsky,GM
gmpacman,GM
gmpanno,GM
gmpetewells,GM
gmpontuscarlsson,GM
gmrafpig,GM
gmreniergonzalez,GM
gmsakk,GM
gmsergiobarrientos,GM
gmsolver,GM
gmsrinath,GM
gmstefanova,GM
gmszabo,GM
gmtalks_youtube,GM
gmtamaz,GM
gmtazbir,GM
gmtodorov,GM
gmtopmoves,GM
gmvallejo,GM
gmvar,GM
gmvignirvatnar,GM
gmvladimir_petkov,GM
gmvladko,GM
gmvolokitin,GM
gmwso,GM
gmyarick,GM
gmyaz,GM
gmzaven,GM
gm_aag,GM
gm_andrei_murariu,GM
gm_arman_pashikian,GM
gm_barcenilla,GM
gm_batchuluun,GM
gm_buhmann,GM
gm_crest,GM
gm_d85,GM
gm_darwinlaylo,GM
gm_dmitrij,GM
gm_donatello,GM
gm_huschenbeth,GM
gm_igor_smirnov,GM
gm_levan_pantsulaia,GM
gm_petrovich,GM
gm_rashid,GM
gm_robertomogranzini,GM
gm_shahin,GM
gm_splinter,GM
gm_yupi,GM
gnowreopard,GM
goanchesstrio,GM
godspeed,GM
godzilla099,GM
gogiametutune,GM
gogieff,GM
goingkronos,GM
goodluck06,GM
gopalgn64,GM
gorato,GM
gordima,GM
goryachkina,GM
gracefulyear,GM
grafdemontekritz,GM
grandelicious,GM
grandmaster1369,GM
grebnev_a,GM
grigorgrigorov,GM
grischuk,GM
groovykettle,GM
grukjr,GM
grzechu96,GM
gserper,GM
guachiney,GM
gudmundur_kjartansson,GM
guenplen,GM
guesschess_game,GM
gukeshdommaraju,GM
gundavaa89,GM
gurelediz,GM
gurevichmikhail,GM
guriempire,GM
gusanchutik,GM
gutovandrey,GM
gyapiking,GM
gyro-zepeli,GM
h4parah5,GM
halfnatty,GM
hamisandwich,GM
hamonde,GM
handplay01,GM
handszar,GM
hansen,GM
hansontwitch,GM
hanzo_hasashi1,GM
harry_rakkel,GM
harsha_bharathakoti,GM
harutjunyan-gevorg,GM
harutyuniantigrank,GM
hasaka90,GM
hasangatin_ramil,GM
hayhalam64,GM
heartablaze,GM
hedinn,GM
heliopsis,GM
helloworld1262,GM
hercules3000,GM
hercules64,GM
hesham-a,GM
higescha,GM
hikaru,GM
hikarunakamura,GM
hiksemi,GM
hissha,GM
historytw,GM
hitaman,GM
hoacin,GM
hoangpeony,GM
hoffentlichreichts,GM
hoffmana26,GM
homayoontofighi,GM
homayooont,GM
honestgirl,GM
horizonevent,GM
hotshot008,GM
hovik_hayrapetyan,GM
howitzer14,GM
hrairsimonian,GM
hrant_chessmood,GM
hristosbanikas,GM
huanghou,GM
hugooakland,GM
hugospangenberg,GM
humpy1987,GM
hunga,GM
hurricane7791,GM
hustlestandard,GM
hvillagra,GM
hyxiom,GM
iamgrooter,GM
ibrayevnb,GM
idontknowchess75,GM
igmjeroenpiket,GM
igorkovalenko,GM
igor_janik,GM
igor_lysyj,GM
igrok3069,GM
ilia_jude,GM
iljazaragatski,GM
iljiushenok_ilya,GM
iljushin_alexey,GM
illia_nyzhnyk,GM
illingworth,GM
ilyajunior,GM
immatt64,GM
imre91,GM
im_samra,GM
inbetweenmove,GM
incike,GM
incognito_knight,GM
incrediblebubacik,GM
indian-elephant,GM
indianlad,GM
infernal_xam,GM
injazzstyle,GM
inopov,GM
irochka83,GM
isikcan05,GM
iskusnyh,GM
itachiuchiha999,GM
itsekuri07,GM
iturrizaga,GM
iuri_shkuro,GM
ivanmorovic,GM
iwanyu,GM
i_enchev,GM
i_will_never_forget_u,GM
j-p-l-r,GM
jacobrafael,GM
jagadeesh_siddharth,GM
jakhongir-vakhidov,GM
janistantv,GM
janosik,GM
jansmeets,GM
jantimman,GM
janwerle,GM
jatakk,GM
javokhir_sindarov05,GM
jayg9,GM
jcibarra,GM
jefferyx,GM
jessekraai,GM
jesspinkman,GM
jestemlepszyxd,GM
jfriedel,GM
jguerramzllo,GM
jhellsten,GM
jim2600,GM
jimlahey,GM
jimmysenyoo,GM
jinbojinbo,GM
jjosu,GM
jkxkvs,GM
jlucasvf,GM
jmb2010,GM
jncool68,GM
joellautier,GM
johansalomon,GM
jolintsai,GM
jonathantisdall,GM
jonathanwesterberg,GM
jon_speelman,GM
joppie2,GM
josegonzalez_64,GM
josemourinho2020,GM
joshdaruca,GM
joshuachick,GM
josmito,GM
josmito80,GM
jospem,GM
jpsmo,GM
jrlok,GM
js20000,GM
jsprepz,GM
jstopa4,GM
jtcoach,GM
juancglez,GM
juarinovich,GM
juditpolgar,GM
julio_becerra,GM
jumbo,GM
june57,GM
just2slow,GM
justantan,GM
justanything,GM
juwen,GM
jvferreira,GM
kabsr64,GM
kachsona,GM
kaffeehaus1851,GM
kaidanov,GM
kaka666,GM
kamilek84,GM
kampkatten,GM
kantorgergely,GM
kaphrep,GM
karavanela,GM
kargan90,GM
karlsbetter,GM
karl_2000,GM
karpovs_maid,GM
kastanieda_georgui,GM
katerynalagno,GM
kazakhfighter04,GM
kazan28,GM
keegsech0791,GM
keene,GM
keitharkell,GM
kempsy,GM
ketigrant,GM
kevin_goh,GM
keyser_stark,GM
khalilmousavi98,GM
khamrakulov_djurabek,GM
khatanbaatarbazar,GM
khaz_modan,GM
kiborg1987,GM
killer-kostya,GM
kingloek,GM
kingloek12345,GM
kingofconvenience,GM
kingofthenil,GM
kingombu,GM
kingpusher,GM
kingragnarv1,GM
kintoho,GM
kinzhal,GM
kira170,GM
kiril1965,GM
klan1,GM
kleinebeer98,GM
klimkoj,GM
klippfiskkjerringa,GM
knightmare82,GM
knvb,GM
kobalia,GM
koksik_13,GM
koktebel22,GM
komodochess,GM
konavets,GM
kondylev,GM
koningsbaars,GM
konservator69,GM
korgissehc,GM
kosak12,GM
kosanovicgoran,GM
kosya4ok,GM
koustavchatterjee1,GM
koutsalogo,GM
kouzari,GM
kovchan,GM
kovkov,GM
krakozia,GM
krasimir_rusev,GM
kromax33,GM
kruhor,GM
krzyzan94,GM
kuchma777,GM
kuli4ik,GM
kutirovrolando,GM
kuybokarovtemur,GM
kuzubovyuriy,GM
k_a_s_t_o_r,GM
k_grigoryan,GM
l3on4rdo,GM
lachesisq,GM
ladheezwousharounm,GM
lapitch,GM
larso,GM
laskerisalive,GM
last7samurai,GM
lastgladiator1,GM
lastreetcmamaison,GM
lazy_river,GM
lcfox,GM
legendisback1,GM
lembke407,GM
lempire123,GM
leon009,GM
lestofante90,GM
lestri,GM
levgutman,GM
levi70,GM
levonaronian,GM
lfpp5,GM
liamvrolijk,GM
liemle,GM
lightendures,GM
like962,GM
likemachine,GM
lili_ani,GM
lilleper1,GM
liontheleon_06,GM
littlepeasant,GM
liuyuanzhanfu,GM
liviudieternisipeanu,GM
lmcshane,GM
locotito77,GM
loinofthenorth,GM
lonelyqueen0,GM
lonelyzeng,GM
lordchaos21,GM
lordillidan,GM
lovac58,GM
loverespectchess,GM
lovevae,GM
loving3,GM
lpsupi,GM
lucass2700,GM
lucerne82,GM
luckismyskill,GM
luckytiger,GM
luisibarrach,GM
lukas_111111,GM
lukianoo,GM
lunaticx,GM
lupulescuc,GM
lutfizadeh,GM
lvaik,GM
lyonbeast,GM
machinegunkelly77,GM
macho_2006,GM
machupichu10,GM
maciek_92,GM
macmolner,GM
maestrog,GM
maestroza,GM
maghalashvili,GM
magicmaster17,GM
magkarucarlamura,GM
magnolie,GM
magnuscarlsen,GM
maksat-94,GM
malev212,GM
mamedyarov_play,GM
mamedyarov_twitch,GM
mamey78,GM
mammadyarov,GM
mandoran,GM
manuel_petrosyan,GM
marcan2b,GM
marcnd,GM
marctarnold,GM
mardakerxxx,GM
mareanguis,GM
margency,GM
margiriskaunas,GM
marianpetrov,GM
marisha1995,GM
mariyagm,GM
markowskitomasz,GM
markparagua,GM
markusragger,GM
martial2008,GM
martinez1985,GM
mashaputina1985,GM
masmos97,GM
mastroskaki,GM
matenkatz,GM
mathiaswomacka,GM
matibar,GM
matsenkosergey,GM
matthias_wahls,GM
mauriceashley,GM
mauricioflores,GM
mawrld0,GM
maximdlugy,GM
maximnovik,GM
maxvavulin,GM
maxwell1986,GM
mayachiburdanidze,GM
mazetovic,GM
mbluvshtein,GM
mbojan,GM
medallion2028,GM
medvegy,GM
megazz,GM
mesgen,GM
messiboca,GM
mesutgm,GM
metiforce,GM
mgeli,GM
mhebden,GM
michaelq2d5,GM
michaelroiz,GM
michael_scofield01,GM
michelangelo,GM
micheliavelli,GM
mickey632702,GM
micki-taryan,GM
miguelito,GM
mihailmarin,GM
mihaisuba,GM
mikelhuerga,GM
mikhail646464,GM
mikhail_antipov,GM
mikhail_bryakin,GM
mikhail_golubev,GM
mikheil_kekelidze,GM
mikolka1985,GM
milanovicdan,GM
milanzajic,GM
milos021,GM
milosji,GM
minisko,GM
mirceaparligras,GM
mirman90,GM
miromiljkovic,GM
mironius,GM
miron_sher,GM
misapap,GM
mishanick,GM
mishikomchedlishvili,GM
misi_95,GM
mitrabhaa,GM
mjray79,GM
mkanarek,GM
mmmflatbread,GM
mnikolov,GM
molton,GM
momchilpetkov,GM
monmoransy,GM
moonlessmay05,GM
mornar1951,GM
moro182,GM
morteza_mahjoob,GM
moskvaa,GM
mossedivertenti,GM
mountblitz,GM
movebymove,GM
mpcandelario,GM
mrbean,GM
mrkvoz,GM
mrmotley,GM
mrsavic77,GM
mrtattaglia,GM
mrvenky,GM
mr_dynamic,GM
mr_heisenberg13,GM
msb2,GM
msolleveld,GM
mugzyyy,GM
muisback26,GM
mumbaimover64,GM
mumbaitiger,GM
muradore,GM
murtas73,GM
myfitnesspal,GM
m_godena,GM
n4700000,GM
naaas1,GM
naarciisoo,GM
nagatanasata,GM
nakachuk,GM
nat74,GM
neferpitou27,GM
nemequittepas,GM
nemofishy,GM
nesterovsky,GM
neurisdr,GM
nevorlegov,GM
newbornnow,GM
nezuko432,GM
nguyenduchoa,GM
nguyenxi,GM
ni-hua,GM
niaz1966,GM
nidjatmamedov,GM
nigeld,GM
nigelfat,GM
nigelshort,GM
nihalsarin,GM
nijat_a,GM
nikame,GM
nikolakis2014,GM
nikolas1408,GM
nikotheodorou,GM
niktlt,GM
nitzan_steinberg,GM
njal28,GM
noobmaster176,GM
norival,GM
nothedgehog,GM
notyetfinish,GM
noukii,GM
nouma78,GM
novendrapriasmoro,GM
nowayjosey,GM
nrvignesh,GM
nrvisakh,GM
ntdvan12,GM
nuidisvulko,GM
numberonefan,GM
nuvas,GM
obliviate12,GM
ohanyaneminchess,GM
ok97,GM
oldbolt,GM
oldfish64,GM
oldweakgm,GM
olegromanishin,GM
oleksandr_bortnyk,GM
olga_girya,GM
olimpusmaximus,GM
olkaa,GM
olksuna,GM
olomi007,GM
olympusmons95,GM
onemoreuser,GM
onyshchuk_v,GM
oparingrigoriy,GM
opening2000,GM
oskariot,GM
oskychess,GM
oursemare,GM
outofaces,GM
pablolafuente,GM
pabloricardi,GM
pablozarnicki,GM
padenie_zvezd,GM
panevezys,GM
pangtao,GM
papullon,GM
paralinch,GM
parhamov,GM
parimarjan,GM
parsifal7,GM
particle-accelerator,GM
pastaaontwitch,GM
paul66666,GM
paulfromspb,GM
paulmotwani,GM
paulphoenix87,GM
paulvelten,GM
pavelmaletin,GM
pavel_skatchkov,GM
pawelczarnota,GM
peacefulwarrior888,GM
pedro_gines,GM
penguingm1,GM
peng_li-min,GM
pepecuenca,GM
peretyatko,GM
pestgm,GM
petardrenchev,GM
peteracs,GM
peterheinenielsen,GM
peterleko,GM
petrkostenko,GM
petrov_nikita,GM
petrvelicka,GM
pgw-in-sf,GM
phantom671,GM
philippians46,GM
piacramling,GM
pidzsy,GM
pilopa,GM
pittiplatsh,GM
pkclub,GM
platy3,GM
playerslayer100,GM
playingsomechess,GM
playmagnus,GM
playpositional,GM
pn2q,GM
polish_fighter3000,GM
pollo2016,GM
pomegranate988,GM
pompey831,GM
popov_ivan,GM
poseidon1989,GM
poseidon5191,GM
potap1923,GM
potosino1970,GM
pouya21,GM
practice_makes_perfect123,GM
praveenb2002,GM
predatoru,GM
prettyprincess2002,GM
prikolica74,GM
primussanguisseptimus,GM
prizant_academy,GM
profylax,GM
promen1999,GM
prumich,GM
psakhislev,GM
psvidler,GM
psych0cookie,GM
psycho_cowboy,GM
ptrajkovic,GM
publicaccountcze,GM
pursuitofhappyness2,GM
pvorontsov,GM
pwn2q,GM
qashashvilialexandre,GM
quaternitychess,GM
queenjudit,GM
quemirasboboandaparaalla,GM
quesadaluise,GM
quietsunset,GM
quintilianor,GM
quizden37,GM
rabachess,GM
rabguaya201,GM
raceking,GM
radzio1987,GM
rafaelvaganian,GM
ragnaroek66,GM
rainmond,GM
raja3401,GM
rakhmanov_aleksandr,GM
ralf61,GM
raphaei,GM
rasmussvane,GM
ratkovic_miloje,GM
raunaksadhwani2005,GM
rayrobson,GM
rd4ever,GM
rdeux42,GM
reality-stone,GM
realpascalc,GM
realperangel,GM
real_oceanstorm,GM
rednova1729,GM
regular_legs,GM
reinaldovera,GM
relaxx87,GM
remontada2017,GM
renier07,GM
resentiment18,GM
revisor,GM
rexterminator,GM
rfelgaer,GM
rhinobritos,GM
rhungaski,GM
riazantsev,GM
richardbitoon,GM
rickyzhou,GM
riface11,GM
rikikits,GM
rlh2,GM
rn2,GM
robertfontaine,GM
robert_chessmood,GM
robinswinkels,GM
rodalquilar,GM
roelandpruijssers,GM
rogapa,GM
rolanddeschain,GM
roman_ovetchkin,GM
ronwhenley,GM
rookoco,GM
rozum_ivan,GM
rpragchess,GM
ruifeng,GM
rumpel-vk,GM
rybka1989,GM
ryuk605,GM
rz0,GM
s2pac,GM
sabinobrunello,GM
sadikhov_ulvi,GM
sahajgrover,GM
sahpufjunior,GM
salem-ar,GM
salgadochess91,GM
samhawkins,GM
samolo,GM
samurai-1111,GM
sam_chessmood,GM
sanan_sjugirov,GM
sandromareco,GM
sandropozo,GM
sanitationengineer,GM
sankalp_gupta2003,GM
santoblue,GM
sarablackpanther,GM
sargsyan_shant,GM
savelijtartakover,GM
savva_krasavva,GM
saxar85,GM
schachschnecke,GM
schachspielerr,GM
schroedingerstiger,GM
scim,GM
scotuspotus,GM
scrapnel,GM
seanwinshand,GM
secretgm,GM
secret_level,GM
sedlak83,GM
semyon_khanin,GM
senornadie,GM
senseijulio,GM
sereiaza,GM
sergey071164,GM
sergeykarjakin,GM
sergey_70,GM
sergey_erenburg,GM
sergey_kasparov,GM
sergiochess83,GM
sergoy,GM
sestertii,GM
setandgame,GM
sethu0025,GM
sevenstar82,GM
severomorskij,GM
sgchess01,GM
shankland,GM
shankland-ne,GM
shant_sargsyan,GM
sharapovevgeny,GM
sharpchess22,GM
shevson,GM
shield12,GM
shiirav,GM
shimanovalex,GM
shimastream,GM
shirouemiyaubw,GM
shishyashatranj,GM
shoytan,GM
shtembuliak,GM
shuifeng90,GM
shyam,GM
sibelephant,GM
sic_transit_gm,GM
sigurvegari,GM
silent-observer,GM
sillygoosemonster,GM
sina-movahed,GM
sipkeernst,GM
sjandy,GM
skembris_spyridon,GM
skzt,GM
slackadaisacal,GM
slavonac1988,GM
slim_fit,GM
slipak,GM
slow-demon,GM
smirnov_pavel,GM
smtheweirdone,GM
smurfo,GM
snake71,GM
snavr,GM
sokidze,GM
sokoloco,GM
solingen2020,GM
soloadelante,GM
som2310,GM
somber2026,GM
son_of_sultan,GM
sosat98,GM
sourisblanche,GM
spartakus1975,GM
spasskl,GM
spasskypy,GM
speedoflight0,GM
speedskater,GM
spicycaterpillar,GM
spiritofwonder,GM
spiritpresent,GM
srinavasan,GM
ss003,GM
stanislavnovikov,GM
stanyga,GM
starozhil,GM
starworld123,GM
stephendedalus83,GM
storne89,GM
strategysensei007,GM
strelec64,GM
strength1234,GM
stupid11,GM
stuwdrey,GM
su1704,GM
subcomandantefrog,GM
sumohawk,GM
sumopork,GM
sundarkidambi,GM
superblysse,GM
superchess02,GM
superetual,GM
suryaganguly,GM
susanpolgar,GM
swapchess90,GM
swapchesspathshala,GM
swayamsm,GM
swisspower96,GM
sychev_klementy,GM
sychev_on_youtube,GM
szfinx11,GM
szparu,GM
tacticusbd,GM
taekwondoking,GM
tagmatarxis,GM
tal-baron,GM
tapuah,GM
tarhercule,GM
tarlev_konstantin,GM
tartody,GM
tashik,GM
tash_boy,GM
taxidermist,GM
taykagm,GM
tdf98pantani,GM
teamchesscomes,GM
teamglud,GM
temiksmozg,GM
tenismaster,GM
terorptica,GM
tesla37,GM
tetris4jeff,GM
tetrix83,GM
tgrade,GM
thalaiva,GM
thamizhan,GM
thatsallshewrote,GM
the-new-reality,GM
thebigboss04,GM
thecount,GM
thegadfly1897,GM
thej11,GM
theredking89,GM
therobot72,GM
theshakyrock,GM
thesilmarils,GM
thevish,GM
the_impost0r,GM
thinkingsquares,GM
thipsay,GM
thomas_rr,GM
thundareon,GM
thunderbolt135,GM
thunderbolt1909,GM
tigergenov,GM
tightpok,GM
tigra,GM
tigrangharamian,GM
tigrvshlyape,GM
timofeevar,GM
timsel999,GM
timurgareyev,GM
tirantes,GM
tiredofdancing,GM
titan013,GM
tiviakov,GM
tjallkompall,GM
tjychess,GM
tk161,GM
tocras,GM
tokyovice,GM
tomaspolak74,GM
tomskantans,GM
tonygazzo,GM
topotun,GM
tormoz,GM
tornikesanikidze,GM
tptagain,GM
tradjabov,GM
trajkonedev,GM
tranjminh,GM
trankuilizer,GM
transponster,GM
tregubovp,GM
tribaldancer,GM
trig_king,GM
tsaruk_maks,GM
tuksz,GM
tulachess999,GM
turkchess1905,GM
twannibal,GM
twojupiters,GM
uandersson2000,GM
ucitelot,GM
udysseus1,GM
ultralordspongebob,GM
ulvi95,GM
underdogchss,GM
undisputed92,GM
unknown1soldier,GM
unseeinghammer,GM
untouchablez,GM
uurknightmare,GM
uzbekneo,GM
uzbektiger1963,GM
vaathi_coming,GM
vaishali2001,GM
valentindragnev,GM
valger,GM
vanea_03,GM
vanina1989,GM
vanych,GM
varskelis,GM
vartemiev,GM
varuzhanakobian,GM
vasily_papin,GM
vb84,GM
vbbraining,GM
vbhat,GM
vegasicilia,GM
verdenotte,GM
verymasculineegirl,GM
veryoldmuchslow,GM
veselintopalov359,GM
viacheslav9730,GM
vica56,GM
vicioustitas,GM
viditchess,GM
vidityt,GM
viestur21,GM
viktor_matviishen,GM
vincentkeymer,GM
vincentmasuka,GM
vinniethepooh,GM
violord,GM
virgo15,GM
vishnuprasanna,GM
vitaliybernadskiy,GM
vitalyong,GM
vitaly_sivuk,GM
vitarasik,GM
viviania,GM
viziruk,GM
vizumatv4hoda,GM
vi_pranav,GM
vladdobrov,GM
vladimirbelous,GM
vladimirpotkin,GM
vladimirtukmakov,GM
vladimir_2020,GM
vladimir_zakhartsov,GM
vladislavkovalev,GM
vladislavtkachev,GM
vladjianu,GM
vmikhalevski,GM
vojtechplat,GM
volodar_murzin,GM
volodja49,GM
vorenus_lucius,GM
vovan1991,GM
vovanchik0991,GM
vovkcoach,GM
vrolijk,GM
vsanduleac,GM
vserguei,GM
vugarrasulov,GM
vuqaresedli,GM
vyotov,GM
vzmz,GM
wadsy27,GM
wanderingknightly,GM
wanghao,GM
want2lose,GM
wasawarrior1,GM
weng_pogi,GM
whiteshark01,GM
whiteshirt_boi,GM
whooopsididitagain,GM
winividivici,GM
wizard456,GM
wonderfuldino,GM
wonderfultime,GM
woodlandmagic,GM
worldwar66,GM
wraku89,GM
wrongking,GM
wudileige,GM
wyharga,GM
xamax2000,GM
xdps,GM
xiaotong2008,GM
xupermanx1,GM
xuyinglun,GM
xxxwobblywombatxxx,GM
xxysoul6,GM
yairparkhov,GM
yamalchess,GM
yannickpelletier,GM
yarebore2003,GM
yatororen,GM
yifan0227,GM
ym-1,GM
yobdc,GM
yoredea,GM
youman2016,GM
youngkid,GM
yqperez,GM
yuri202062,GM
yuryshulman,GM
yusup_atabayev,GM
yyds123,GM
y_kryvoruchko,GM
zabdumalik,GM
zablotsky,GM
zaczel,GM
zadarchess,GM
zanyglobal,GM
zaur-mammadov,GM
zaven_chessmood,GM
zhalmakhanov_ramazan,GM
zhigalko_sergei,GM
zhuu96,GM
ziachess74,GM
zirafa1,GM
zkid,GM
zlatan56,GM
zona1,GM
zq1,GM
zstardust,GM
zubridis,GM
zugazuando,GM
zuraazmai,GM
zvonokchess1996,GM
zwischenzugzorro,GM
4empechement,WGM
adriananikolova,WGM
ahachess,WGM
ahappypawn,WGM
alexa797,WGM
aloe_normansen,WGM
alyonka0506,WGM
ama18,WGM
ambotsari,WGM
anastasiyakarlovych,WGM
andy_rekt,WGM
anjelina,WGM
anjood,WGM
ankudinova_yelena,WGM
annamaria3000,WGM
annamarim2001,WGM
anne93,WGM
armqueen,WGM
artemidaa,WGM
ati1517,WGM
atousa,WGM
aurachess10,WGM
awarak,WGM
awesomevishesh,WGM
axvesik,WGM
backlight26,WGM
bairakovanova,WGM
beautroll,WGM
best722000,WGM
betulcemreyildiz,WGM
bgrabarska,WGM
bsnsun,WGM
bullet,WGM
caisachess,WGM
cam2015,WGM
camillab,WGM
cande_francisco,WGM
carolinalujan,WGM
celera-1,WGM
checkitas,WGM
checkmatequen,WGM
chess9406,WGM
chesshh11,WGM
chesshippopotamchik,WGM
chessterra87,WGM
chessvigoa,WGM
chess_fun_21,WGM
clauamura,WGM
clausanluis,WGM
coachirina,WGM
crazy_girl99,WGM
crisfoisor,WGM
cruziana,WGM
cukus,WGM
dariavoit,WGM
dauletova,WGM
demeter39,WGM
dianadarchia,WGM
diana_a,WGM
dinabelenkaya,WGM
dishonoronyourcow,WGM
earthen_deer,WGM
elena1668,WGM
elviraberend,WGM
enkhtuul,WGM
eternalnight8,WGM
europe03,WGM
evgeniamescheriakova,WGM
fatianova_t,WGM
fightforgm,WGM
fleur_syigestie,WGM
flexova,WGM
gaalzsoka,WGM
govalya,WGM
greatowl02,WGM
gvetadze,WGM
h16,WGM
heart1126,WGM
hotella,WGM
ilgilgilg,WGM
iljushina_olga,WGM
ilzeberzina,WGM
ind1anstar,WGM
inga83,WGM
iozefinaw,WGM
iribu,WGM
irina_mikhaylova,WGM
irina_s18,WGM
irina_sudakova,WGM
irina_turova,WGM
ivavidenova,WGM
jabberwockiez,WGM
janakrivec,WGM
jauburn,WGM
jenia84,WGM
jenshahade,WGM
jilinzhang,WGM
jmf24,WGM
joannadworakowska,WGM
jolie92,WGM
josefinesafarli,WGM
julant,WGM
kajaol,WGM
kaliopa,WGM
katoma,WGM
ketitsatsalashvili,WGM
ketster,WGM
kettichess,WGM
khanim_b,WGM
khayala13,WGM
kiranmanisha,WGM
klavdia_nik,WGM
knd2020,WGM
koenigin94,WGM
kopeisk81,WGM
krapinek9,WGM
kungmongmanh,WGM
laninabonita,WGM
lanita_1408,WGM
lena_geo,WGM
lenkaptacnikova,WGM
lexiel,WGM
lisychess,WGM
liveinmoment,WGM
liverpoolborn,WGM
lizasolovyova,WGM
lumi22,WGM
lynette2015,WGM
mahri73,WGM
maili15,WGM
majoa88,WGM
mammadyarova,WGM
mariafominykh,WGM
marinamakro,WGM
marszach123,WGM
marszach124,WGM
martabartel,WGM
martinique24,WGM
maryann19,WGM
mar_ser,WGM
medalja,WGM
meenakshiwgm,WGM
melanielubbe,WGM
meoluoi91,WGM
mezioudamina88,WGM
mihaela_sandu,WGM
mikozovna,WGM
millenium19,WGM
mindhunter247,WGM
mirandamikadze,WGM
mirandayo,WGM
mirochka,WGM
miupiu,WGM
mona_khaled,WGM
monicalzetta,WGM
monikaseps,WGM
morshynska,WGM
munkhzul_turmunkh,WGM
mvoiska,WGM
nara_kh,WGM
narmin_26,WGM
nastaj,WGM
nastya_rakhmangulova,WGM
nataliaedzgveradze,WGM
natalia_pogonina,WGM
needmoreflow,WGM
nemsko,WGM
nilufaryakubbaeva29,WGM
ninjaturtle04,WGM
ninomaisuradze,WGM
ninullia,WGM
ntmh281,WGM
nw_tynka,WGM
ole83,WGM
olghita64,WGM
olifantcz,WGM
oligan22,WGM
onlytime4,WGM
pandazero,WGM
parcerita1,WGM
pavalamalli,WGM
penguiinqueen,WGM
petra_krupkova,WGM
phoenix_sjh,WGM
plumalka,WGM
pomoc,WGM
praguequeen,WGM
pratyusha18,WGM
proxy6,WGM
rainbow2014,WGM
rakshi2005,WGM
roachelley,WGM
rxxa_00,WGM
sabinafoisor,WGM
sahara88,WGM
salomez,WGM
samantha_ross,WGM
sanda81,WGM
sanyura,WGM
saraisitave,WGM
savitha1030,WGM
savitha2530,WGM
saylormoon,WGM
sayonaraponytail,WGM
scarifplayer,WGM
shata1974,WGM
sheldons73tshirt,WGM
shrookwafa,WGM
silvermist15,WGM
slowdumb,WGM
smilingice,WGM
solozhenkina_e,WGM
speshka,WGM
ssrija97,WGM
stacey2020,WGM
suleimanova_chess,WGM
sulennis,WGM
svetlanagm,WGM
swati4chess,WGM
sylvanaswindrunner,WGM
tanzja,WGM
tenamu,WGM
tenazbestia,WGM
terezarodshtein,WGM
thehappyfarmer,WGM
tianachess,WGM
ticobello,WGM
tijanamandura,WGM
tomilen,WGM
totoro9,WGM
ulkaf961,WGM
varshi_chess,WGM
veranebolsina,WGM
verony64,WGM
verrbaa,WGM
viki_017,WGM
vitachulivska,WGM
vwnv7,WGM
wgmanna,WGM
wgmcarlaheredia,WGM
whitefalcon_2,WGM
winw1n,WGM
wisdomgame,WGM
xeniya2005,WGM
xiaopang123,WGM
xsu11,WGM
yaniet,WGM
yaris9,WGM
yennefer1,WGM
yileai,WGM
yuanyuanxu,WGM
zombik1,WGM
zvaigznite,WGM
0gzpanda,IM
11kevin,IM
1e41-0,IM
1nikolachess,IM
1scaramouche1,IM
2007checkmate,IM
2krk1,IM
2ktngo,IM
3f32,IM
60minban,IM
6packplayer,IM
72hitman72,IM
7hanat,IM
aa175,IM
aaaao,IM
aakash-dalvi7,IM
aaravdenglaofficial,IM
aariow,IM
aaron080803,IM
abdoabedov,IM
abdulovorkhan,IM
abdulst,IM
abduzhaparov,IM
abechahrour,IM
abikor,IM
abruptum,IM
abu_tyven_fra_bagdad,IM
acciochess,IM
acostapablo,IM
adamhunt1,IM
adapodadei,IM
adar_07,IM
adityakudeshi,IM
adriangschnitzer,IM
adrianpetrisor1992,IM
adricalderon8,IM
adypady02,IM
aemeffi,IM
afterbite,IM
aftereverypartyidie,IM
aghasiyevkamal,IM
agibileg,IM
agoking701,IM
agw2016,IM
ahmadzada13,IM
aidnet,IM
aikiigm,IM
ainahia,IM
airquake,IM
ajedrecista3000,IM
ajedrezcapablanca,IM
ajedrezconpeter,IM
ajedrezencantabria,IM
ajedrezenmadrid,IM
ajedrezhn,IM
ajedrezhoy,IM
ajedrezjulben,IM
akewjon,IM
akiba63,IM
akmal_fayzullaev,IM
akrus,IM
akshatkhamparia,IM
alamukeja,IM
albertochueca,IM
albi1999,IM
aldokhinivan,IM
alejandromontalvo,IM
alekoporiou,IM
alekroth65,IM
aleks45,IM
aleksanderhnydiuk,IM
aleksandraleksikov,IM
alekseyviktorovich,IM
alenee,IM
aleonsquares,IM
alex-11211,IM
alex1927,IM
alexander_kachko,IM
alexander_khlebovich,IM
alexbarton,IM
alexbattey,IM
alexey_potapov,IM
alexg2003,IM
alexjin20080211,IM
alexkhripachenko,IM
alexkundin,IM
alexostrovskiy,IM
alexpapasimakopoulos,IM
alexrtoronto,IM
alextriapishko,IM
alextruskavetsky,IM
alex_32167,IM
alex_banzea,IM
alex_belezky,IM
alex_krayz,IM
alex_sahakyan2006,IM
aliba25,IM
aliencowboy,IM
alienonanotherplanet,IM
alihanhuseyinoglu,IM
alika2810,IM
alimentor20,IM
alinalami,IM
aljoschafeuerstack,IM
alleyooper,IM
alma-ata,IM
almasrakhmatullaev,IM
almatyonelove,IM
almiras,IM
alniro4,IM
alomaterapia,IM
alonmindlin,IM
alonyoavk,IM
alpasya2009,IM
alphafischer2019,IM
alqudaimi,IM
amartinengland,IM
amartuvshinganzorig,IM
amatros,IM
americanpatzer3,IM
aminmolaei,IM
amin_molaei,IM
amiqu,IM
amir-mallahi,IM
amiralfio,IM
amruosobh,IM
anaconda1704,IM
ana_matnadze,IM
andeev,IM
andrei_nosov,IM
andrej0906,IM
andrejs_sokolov,IM
andrewb92,IM
andrewmaco,IM
andrew_ledger,IM
andreyostrovskiy,IM
andrjywa,IM
anesar92,IM
angelgab3,IM
angelikaborsuk,IM
angiechess83,IM
angry_serb,IM
angsan,IM
anich75,IM
annasargsyan_m,IM
anna_chess,IM
annonymous123,IM
anon71421,IM
anonymouschessplayerhere,IM
anonymousim2023,IM
ansprvt,IM
antham,IM
anthonyhe,IM
anthony_ker,IM
antichriste666,IM
antonis2056,IM
anujshrivatri21,IM
anwesh9792,IM
apuntando,IM
aradhya2000,IM
arashy_cc,IM
arash_tahbaz,IM
arathorn2,IM
arctic_t00,IM
area_5,IM
arfan48,IM
argimiro,IM
arhan_anand,IM
arielmarichal,IM
ariosp,IM
ari_dale,IM
armago,IM
arman_hakemi,IM
armenchessmate,IM
arnaldofdelavaramulet,IM
aronyak1,IM
artem_sadovskii,IM
arthurmorgan122,IM
articmonkayss,IM
artiom,IM
artur0208,IM
arturfrolov,IM
arystanner,IM
arysya,IM
asafgivon,IM
asas71,IM
ashotparvanyan,IM
asms9699,IM
astaneh,IM
asteroxylon,IM
aswathchess,IM
atakishiyev04,IM
atalz0,IM
atbenina64,IM
atco84,IM
athanasios2,IM
attilaturzo,IM
averagemarginaleffect,IM
averell007,IM
avinashramesh4,IM
awesomestudents,IM
ayanakhmetov,IM
azvrbrynnn,IM
a_kandil,IM
babangida90,IM
babbelbox,IM
babrax,IM
babuto,IM
baby_cacodemon,IM
badrony,IM
bad_left_hook,IM
baggio95,IM
bagrationi7,IM
bahadirozen,IM
bahriletecosmico,IM
bakapg,IM
balandel,IM
balch,IM
balla_tamas,IM
baltazar1958,IM
bandobras,IM
banhgiahuy2606,IM
baracapy,IM
barbix1,IM
barlonadera,IM
barmen_ev,IM
barneystinson97,IM
baronessa08,IM
baron_von_koenig,IM
barriochess,IM
barron045,IM
bashireiti,IM
basilsmash,IM
baslyabaslya,IM
bathory44,IM
battever,IM
bauman_guy,IM
bazar-wokzal,IM
bcertic,IM
beatles_22,IM
beatmagnus,IM
beautifulbird07,IM
beltraxtor,IM
belyakovbogdan,IM
bencus12,IM
bengalas,IM
bengan-swe,IM
benhal,IM
benkobozo,IM
benko_008,IM
benny_aizenberg,IM
bentery,IM
beradze,IM
berardino,IM
bereceptive,IM
berkardus,IM
berkdg,IM
bernardoroselli,IM
bernereremit,IM
bescmelasti,IM
bestkeptsecret7,IM
betoncarlsen,IM
betta2004,IM
bettercallcafu,IM
beyondchessben,IM
bhuvanesh93,IM
bibiii,IM
bigal,IM
biglindba,IM
bigstealer,IM
big_fishy,IM
billiejoearmstrong1,IM
biptip,IM
biranidun,IM
bivsisahista67,IM
bjarkesahl,IM
bjarteleer,IM
bjornahlander,IM
blackjack1953,IM
blackpiiiiiiink,IM
blasi,IM
blazechess2013,IM
blazinq,IM
blind2010,IM
blindov,IM
blitis,IM
blitzfanboy,IM
blobica,IM
blowf1sh,IM
blubliss,IM
blue_capybara,IM
blunderbussted,IM
bmwg20315hp,IM
boardsense,IM
boasovietica,IM
bobbylow,IM
bodnar_mykola,IM
bogdanchess97,IM
bogia144,IM
bombermanul,IM
boninknights,IM
boqueron95,IM
boricsev,IM
boris98,IM
borsuk_konstantin,IM
boryboy,IM
boundless_strike,IM
boxerandchessplayer,IM
boxjellyfishchess,IM
bratkoo,IM
brave_spirit12,IM
bricolageur,IM
brind1998,IM
brnoteacher,IM
brooklyncyclone,IM
brothersgrim,IM
brundeen,IM
brute4ever,IM
bryakin_mikhail,IM
buffalomountain13,IM
bukileo10,IM
bulletpanther,IM
bulletteemo,IM
bultenibo,IM
bundychess,IM
bupunsu01,IM
burovic00,IM
butterfly,IM
buzhizhebuguai,IM
c63_amg,IM
cabalista,IM
cafuca,IM
cakedancer,IM
caliburn66,IM
calvinhobbes2020,IM
caminator2000,IM
canbroccoli,IM
capatl,IM
capitona,IM
captaincasanova,IM
captain_top,IM
caraguru,IM
cardenasjunior64,IM
caribbeanpirate94,IM
carlesdc96,IM
carlovittorino,IM
carlovskyven,IM
carlssonludvig,IM
carmi,IM
carnivoras,IM
caroexpert,IM
carokannlover213,IM
carow-kann,IM
carpediem1187,IM
cazador68,IM
ccoppola,IM
centrumsakkiskola,IM
ceratigus,IM
cflchess,IM
chaineddowntohell,IM
chakruchess,IM
chameleon_94,IM
champmat,IM
chargemax23,IM
charibert,IM
charlesstrickland,IM
char_dasha,IM
cheap_thrills,IM
chebi34,IM
chebure,IM
checkmatedbyraimo,IM
checkthis4,IM
chedimir,IM
cheese111,IM
chef_zohid,IM
chegueps,IM
chennaibond,IM
chenxiaoyuer,IM
cherneevo_23,IM
cherone,IM
chesniu,IM
chess160385020,IM
chess23wizzard,IM
chess3054,IM
chess4ever007,IM
chess94cu,IM
chessaintfun,IM
chessajedrezz2020,IM
chessaurochs,IM
chesscoachandras,IM
chesscoach_golichenko,IM
chessdojo,IM
chessenthusiastone,IM
chessexplained,IM
chessfighter_2011,IM
chessfrendz,IM
chessiahcom,IM
chessiteration,IM
chesskid1220,IM
chessking0310,IM
chesskov1982,IM
chesslover-1995,IM
chessmanplayer15,IM
chessmasterlviv,IM
chessmasterzt,IM
chessmissile07,IM
chessnomin,IM
chessnsk,IM
chessolja,IM
chesspablodm,IM
chesspeople,IM
chesspreceptor,IM
chessprince68,IM
chesspromotionalex,IM
chessrespected,IM
chessrush123,IM
chesster2500,IM
chesstrainer1,IM
chesstrainerjop,IM
chessvntroll,IM
chesswind85,IM
chesswizard_2007,IM
chess_fellow,IM
chess_ik,IM
chess_legend4567,IM
chess_leo,IM
chesterf,IM
chigorinetz,IM
chimegdee,IM
chingatchuk,IM
chinguunsu,IM
chipmunknau,IM
cholzan,IM
chrisbeaumont43,IM
chrisclaireredfield,IM
christhebellringer,IM
christianarca,IM
christophergarz,IM
christoph_scheerer,IM
christov91,IM
chucksterf10,IM
chuson,IM
cidonka,IM
cikagile,IM
cioxminator,IM
ciseric,IM
clarence1234,IM
claudyna16,IM
climbthematterhorn,IM
closed2222,IM
clydehillkid,IM
coachlazypawn,IM
coachleslie,IM
coachofcarlsen,IM
coachpoker,IM
cocolino12,IM
coconutseal,IM
coixuong103,IM
colguamex,IM
colossus9000,IM
colovitoux,IM
colvit,IM
commando_droid,IM
conquistador-nomada,IM
corre_por_tu_vida,IM
cptyn,IM
crazyluzhinth3,IM
crazy_machine,IM
crazy_passion_fruit,IM
creativemind_s,IM
crescendolls,IM
crgkrishna,IM
crishulktarzan,IM
cristianbale_64,IM
cristobalblanco,IM
crookedpony,IM
crossingthestreet,IM
cryptinz,IM
crywolf1986,IM
csb7,IM
cukiero,IM
culum2007,IM
cyberchessacademy,IM
cyrdap,IM
d0wnpour,IM
d27t21,IM
daeg86,IM
daeneryst,IM
daffidollchess2,IM
dagurr,IM
daitaar,IM
dam3az,IM
damianolew95,IM
damirko06,IM
damnsexydude,IM
danatcramlingdotse,IM
danesz2025,IM
danesz22,IM
danfii,IM
danger_in_prime,IM
danhy,IM
danielmieles1985,IM
danielrensch,IM
danilovvladimir,IM
danny,IM
dannyrensch,IM
dantesakk,IM
danykopy,IM
dapsay,IM
darkal,IM
darkal62,IM
darkangel1970,IM
darkpassenger007,IM
darkwingduck98,IM
darozin,IM
darsen_sanzhaev,IM
darthvaderftw,IM
das_virus_2020,IM
daveross60,IM
david1998zakaryan,IM
davidearcuti,IM
davidegglestonim,IM
davidkalashian,IM
davidmartins,IM
davidmartinspt,IM
davidoff444,IM
davidoff555,IM
davitzarkua,IM
davtyanarsen,IM
dawidczerw,IM
dawnofepiphany,IM
dbrankovic68,IM
dcann0n88,IM
ddroot,IM
deanofchess,IM
dearron_fox,IM
deathadder96,IM
deathkni_g_ht,IM
dedo3,IM
dedpihto_v_kozhanom_palto,IM
deeprabbit,IM
defipawn,IM
degroottez,IM
dejannestor64,IM
delphin11,IM
demon64fields,IM
denextworldchamp,IM
denis0027-inactive,IM
denisq,IM
denis_petrukhin,IM
denizozen,IM
denkertanker,IM
derbenev_andrey,IM
deribas12345,IM
der_honigdachs,IM
detimmerman,IM
devil71,IM
dewa-perang,IM
dexydex,IM
dey2580,IM
diamantidis_13,IM
diddydoodat,IM
diego_floresq,IM
dinamo81,IM
dinarasaduakassova,IM
dinesh501,IM
ding857,IM
diskeleven,IM
dixit_nikhil,IM
djager97,IM
djgwards,IM
dkapop,IM
dlxuniuniu,IM
dmitry_antonenko75,IM
dmitry_ponomarev,IM
dmosesov,IM
dmvlad,IM
doctorcristian,IM
dogmanstar94,IM
dohochess,IM
dominator-ofmartialgods,IM
dominikpedzich,IM
dondimi,IM
donkydonkydonkey,IM
donotreadit,IM
dont_be_a_c0unt,IM
dorsadd,IM
dosto07,IM
dotori25,IM
dozer80,IM
dpardos,IM
dpruess,IM
dpruess2,IM
dpsrpk_sanket,IM
dragon7040,IM
dragonb70,IM
dragonemperor2024,IM
dragos420,IM
draksbg,IM
dramapero,IM
drbergerberger,IM
dreamanarchy,IM
dreamonus,IM
dreamsarefake,IM
drk,IM
drmamaliga,IM
drmelekess,IM
drtiltenstien,IM
dr_crypt,IM
dr_troll,IM
dtn70,IM
dual_flurry,IM
dulahan200,IM
dulerile,IM
dulger,IM
dumbo_21,IM
dupreeh98,IM
duratschok,IM
durchbruch03,IM
dusanako,IM
dusty-kid,IM
dzhumagaliev,IM
dzidzik2203,IM
dzil,IM
dzundi54,IM
e4bg7,IM
eagleclaw07,IM
eagleide,IM
early_morning_coffee,IM
easemydivinity,IM
eatakishiyev11,IM
ecwinslow,IM
eddiemeduza,IM
edikmgdl,IM
eduardoo64,IM
eduard_limonov,IM
eend,IM
eesha-karavade,IM
efanor1,IM
ehrenfeld,IM
einarhjalti,IM
eirikgu66,IM
eisdecke_lca,IM
eity7,IM
ekaterina1974,IM
ekislik,IM
ekko_li,IM
el-roedor,IM
el008,IM
elaremetr,IM
elasmoteriy,IM
elcandado,IM
elchiricr,IM
eldivis,IM
elextranjero00,IM
elfantosz,IM
elgabrymohsen,IM
eliaschess1999,IM
ellatambien,IM
ellicott2012,IM
elm2007,IM
elmat_unelmed,IM
elmirhuseynov,IM
elmusmolamas,IM
elohunter1999,IM
elpepinillo14,IM
el_greek,IM
el_luiso96,IM
emilherman,IM
emilristeski,IM
emmachess,IM
emojong,IM
emolas-2020,IM
energie73,IM
enestnrvrd,IM
enriquetejedor,IM
entschuldigung-c,IM
ephiphanylord,IM
eragon02,IM
eraschenkov,IM
erdnya15,IM
ericovski,IM
erictangborn,IM
eric_jr_labog_pcap,IM
erikhakobyanchess,IM
erlesfar,IM
erottev,IM
ervanovic,IM
er_chessmate,IM
escanor89,IM
eslovenia_patagonia,IM
estocastico,IM
eternallymind,IM
eternauta2400,IM
etesungam,IM
etjahs,IM
etud-otradnoe,IM
eugenerougon,IM
euwe1234,IM
evarepkova,IM
evgche,IM
exceptionallydubious,IM
expatriot,IM
exploringchess,IM
exploring_chess,IM
eyeofeagle,IM
ezov,IM
f1_and_chess,IM
f31watlve,IM
f4sterthanyou,IM
fabianenglert,IM
fabianvivasz,IM
facillll94,IM
fadamoss,IM
fahad,IM
failinghabit,IM
fantom48,IM
fantom64,IM
fantozzi86,IM
fastestmindalive,IM
faustinooro,IM
fcliverpul,IM
fearlessfighter007,IM
fekket-eszter,IM
felixjoseynojosa,IM
fenil1995,IM
ferenc83,IM
fernandezl1983,IM
fernando-braga,IM
fh2411,IM
fiend1,IM
fifthbox,IM
fighter008,IM
fighter2jz,IM
fightingdragon84,IM
fili86,IM
filipascu,IM
filmsaboutghosts,IM
filpo413,IM
finalpun,IM
fins0905,IM
firebullet,IM
fischer_of_rivia,IM
fisherman,IM
fisheroman,IM
fisher_thegalactic,IM
fitnessben,IM
flatus,IM
flawlessfightersyx,IM
flawless_fighter,IM
flemmingway,IM
floatingdream1,IM
flomasteraak,IM
florianschwabeneder,IM
flotsie,IM
flyd,IM
fmcmt,IM
fmwannabe,IM
fofo65,IM
followyourdreams123,IM
fonsofan,IM
fontvella8,IM
forest_of_magic,IM
forgotten_master1,IM
fractal1234,IM
fradi82,IM
francesco111,IM
francois-vareille,IM
franklycheckmate,IM
frazier69,IM
freefresh,IM
frenchmonster2002,IM
friesnielsen2302,IM
frogo47,IM
frontier96,IM
fstimjp,IM
fuderercro,IM
fusikk,IM
fy_rakotomaharo,IM
gaioznigalidze,IM
galaxyroman,IM
gambledore88,IM
gammagramma,IM
gannibal53,IM
ganziitoo,IM
garayevkanan,IM
garbaranza,IM
garpun,IM
garycoldman,IM
garzonchristopher08,IM
gatoleonidas,IM
geeeeri,IM
geekphysicist,IM
gektar1988,IM
gelmanalexander,IM
generation_xl,IM
georgexie,IM
georgiossouleidis,IM
gevorg64,IM
gg91,IM
ghostaverage,IM
ghostofgreenval,IM
gianmarco_es,IM
giannisparios,IM
gilbertelroy,IM
giorgi-sibashvili,IM
giorgichess,IM
girkassa,IM
giulioborgo,IM
gm3t,IM
gmaka,IM
gmaneta,IM
gmaster1970,IM
gmgrandfa,IM
gmi,IM
gmjimknopf,IM
gmjustin5,IM
gmsagor,IM
gmtalentoso,IM
gm_dylan,IM
godspeed66666,IM
gogolev_artemy,IM
golda17,IM
goldengolem,IM
goldihouse,IM
golubov_saveliy,IM
golus1992,IM
gongochess,IM
goodwilll,IM
goranars,IM
gorbaev,IM
gorin_leonid,IM
gothamchess,IM
gothamchess2,IM
gpawnattacker,IM
gpeloui,IM
gradualismunleashed,IM
grandcoach,IM
granddesign,IM
grandmaster2b,IM
grandmastergauri,IM
grecescu,IM
greenhaven,IM
gregshahade,IM
grieve72,IM
grimlock_glasgow,IM
grolica,IM
grunbergmihai,IM
gryffindorgambit,IM
gshwbedhkhd,IM
guardianphilip,IM
guesitos1,IM
guillembaches,IM
guillermowin,IM
gulkov_igor,IM
gultgontkharta,IM
gummyfox,IM
gumugama,IM
gusarov91,IM
guskan67,IM
gvk308,IM
gzqsh07,IM
g_threepwood,IM
haapana,IM
hackingkid98,IM
hafez_bakr,IM
haigiong,IM
hakanazeri2,IM
hakki1,IM
halfiscrayfish,IM
hamedwafa4,IM
hamelekh,IM
hananoyouni,IM
harut-1998,IM
hasoaluba,IM
hatmov,IM
hatsummei,IM
hatvsp923,IM
hausigel,IM
hblanco,IM
hcvanriemsdijk,IM
heartofatiger,IM
hectorleyva,IM
heileh,IM
heirate_mich,IM
helissalt,IM
hell3raiser,IM
hellokostya,IM
helpmat,IM
hemantsharma,IM
herman-ny,IM
hermangrooten,IM
herracek,IM
heydarli77,IM
heyiampotato,IM
hgroetz,IM
highercontrast,IM
highkenny,IM
himera,IM
hk1974,IM
hly1972,IM
hn_qat,IM
homelander150,IM
honestgames,IM
hongjin,IM
honzarubes95,IM
hoosierdadi,IM
horcruxbb,IM
horripile,IM
houdima,IM
houdinovic,IM
housdav,IM
hpanesso,IM
hsh1987,IM
hudijegszid,IM
humungosaurrr,IM
hungarysteve,IM
hungrycaterpillar4,IM
hunninn,IM
hus2014,IM
hussien47,IM
hwegner,IM
hypert,IM
h_e_d_g_e_h_o_g,IM
iakovulivar,IM
iamastraw,IM
iamshocked,IM
ianov0007,IM
iaraldinho,IM
iarenotthinkso,IM
iberezina,IM
icaro64,IM
ichigokurosaki64,IM
icoach1,IM
idiot33333,IM
idobenartzi,IM
ig1,IM
igetflaggedalot,IM
ignathor,IM
igorbjelobrk,IM
igorkhmelnitsky,IM
igor_bitensky,IM
igor_kowalski,IM
iiu,IM
ikhasu,IM
ikkphd,IM
ilanschnaider,IM
ililililliiililiiliiliiil,IM
ilir_seitaj,IM
iljajoke,IM
iljajoker,IM
ilm2034,IM
ilsultanoo,IM
ilya261991,IM
im-srdjansale,IM
imajs,IM
imangeloyoung,IM
imarjunv,IM
imaster_01,IM
imcoach,IM
imdvb6307,IM
imedabdelnabii,IM
imeister25,IM
imerikviking,IM
imivangalic,IM
imjohndonaldson,IM
imjonathancarlstedt,IM
imka63,IM
imkarimismael,IM
imlevaltounian,IM
immishrank,IM
imnikolaya,IM
impapa,IM
importos,IM
improvidence,IM
impuca,IM
impuca1959,IM
imquinner,IM
imrichbestest,IM
imrk_64,IM
imrosen,IM
imsc,IM
imstets-vasy-odessa,IM
imthegod666,IM
imuffevinther-schou,IM
imultimatebeast,IM
imvadim,IM
imvoja,IM
im_alex_ivanov,IM
im_anupdeshmukh,IM
im_arthurdw08,IM
im_chessbrain,IM
im_michal_luch,IM
im_ramayrat_pcap,IM
im_tissir,IM
indfraeng,IM
indianpowerkid,IM
indianschoolofsuffering,IM
individoom,IM
infinite-student,IM
inigodust,IM
inneremptiness,IM
interesting,IM
inthemindofamaster,IM
iomshark,IM
irishchessman16,IM
irolnatvik,IM
irontigran94,IM
isfarinets,IM
isikcan,IM
istanbul1,IM
italian5,IM
itk04,IM
itwasbarzini1973,IM
iulik86,IM
ivansoriano1,IM
iven08,IM
iverichighladze,IM
iwetarajlich,IM
i_am_javi,IM
i_am_whitebeard,IM
i_fink_u_freeky,IM
i_gold,IM
j36225,IM
jacekdubiel,IM
jacemalcom,IM
jackal6469,IM
jackrudd,IM
jacky72,IM
jacosta7,IM
jadoublewski,IM
jadro9,IM
jake_jortles97,IM
jakopogi,IM
jakubczakon,IM
jakubpulpan,IM
jaloliddinilkhomi,IM
jamesmdt,IM
jamik13,IM
jammydodger91,IM
jamythesaint,IM
jan1401,IM
jankarsten,IM
jarrahi2452,IM
jasonmendoza2,IM
javiergil,IM
jaydee0305,IM
jayden960,IM
jb2mix,IM
jcgs1030,IM
jdoug2012,IM
jedipredator,IM
jeggerm,IM
jelenakarleusa-so-18,IM
jens1102,IM
jerrimac,IM
jesuscg,IM
jflup,IM
jhc20110307,IM
jiahaoxiang,IM
jimmy-schlumpf,IM
jinjaboy1,IM
jinx1996,IM
jk13,IM
jkonnyu,IM
jnwdubdgbe,IM
joachimbn,IM
joakimvonand,IM
johannesh,IM
johnathan113,IM
johndanielbryantiii,IM
johngrefe,IM
johnnyyy_bravo,IM
johnwatson,IM
joker289,IM
jonahwillow,IM
jonaspradolobo,IM
jonaszbaum,IM
jonas_hacker,IM
jonas_md,IM
jordanloyd2020,IM
jordigon,IM
jorgebittencourt,IM
jorgerosito,IM
josetono,IM
josiwales,IM
josmito10,IM
journey_to_grandmaster_yt,IM
jovankahouska,IM
jovantodorovic,IM
jozefkneht,IM
jposthuma,IM
jps_cornerstone_chess,IM
jrbarreto,IM
jsdbv,IM
jsdbv18,IM
jsequera,IM
jslaby,IM
jszabolcsi,IM
jtayar88,IM
juanarmandorohl,IM
juanchesst,IM
juanrohl,IM
julianmchess,IM
julijanplenca,IM
juliuspohyt,IM
jumpingknight20,IM
junglebook25,IM
jungleman82,IM
jungle_jaguar,IM
justinwang1234,IM
justmig,IM
justwatch000,IM
just_worse_than_u,IM
jwillz14,IM
k-g4,IM
kacparov,IM
kairos-23,IM
kaisersaucey,IM
kaisstrella,IM
kaiyrbekov,IM
kai_nov,IM
kakarot_001,IM
kallekiik,IM
kamblefy,IM
kanzaww,IM
karabenemsius,IM
karacsonyi_gellert,IM
karel_g,IM
karinaa87,IM
karinachess1,IM
karlzelesco,IM
karospr,IM
karpovvadim,IM
karthi2301,IM
kashishmjain,IM
kaslask,IM
kasparik_garik,IM
kasparov_from_the_future,IM
kassablanca,IM
kassimov_b,IM
kazakov_konstantin,IM
kcnock2004,IM
keaton87,IM
kecalk,IM
keeron21,IM
kenta1234,IM
keranke,IM
keselek-pion,IM
kestutislabeckas,IM
kevingeorgemicheal,IM
kevinwang97,IM
kezin_roman,IM
kfakta2,IM
kflorian98,IM
kgarde,IM
khalilmousavi77,IM
khallod,IM
khbegmuratov,IM
khbr4,IM
khoipham,IM
khusenkhojaev,IM
khvicha_supatashvili,IM
kids2010,IM
kikoveiga,IM
kildepiotr,IM
killer311,IM
killerbishop888,IM
killer_dreams,IM
kimonji,IM
kimry_top,IM
kimstevenyap,IM
kingharii,IM
kingnb,IM
kirillov_andrey,IM
kirill_klukin,IM
klassimo18,IM
klyashtornyvladislav,IM
knightcrawler_64,IM
knightkingsoham,IM
knightmarestyle,IM
knights4base,IM
knightstar52,IM
koalaskakistis,IM
koksal06,IM
kongechess,IM
konguvel,IM
kopyciarz,IM
kopylov_alex,IM
korason34,IM
korbul,IM
korchmar_vasiliy,IM
kornelone99,IM
korona_91,IM
kors67,IM
korum65,IM
kosmeg,IM
kostya_nikologorskiy,IM
kot_kefirchik,IM
koutsin,IM
kralj56,IM
krasavetc,IM
kratos031,IM
krazypawns,IM
krilinkienza,IM
krsolomac,IM
krstulov_alex,IM
krujjster,IM
krutoy123,IM
krvelacny_krecek,IM
kryvolapov,IM
kswp,IM
kubagepard,IM
kuban1991,IM
kubas1010,IM
kucing_72,IM
kudesnik84,IM
kuipstream,IM
kunaevchess,IM
kurganchess45,IM
kushagerchess,IM
kushagramohan,IM
kushch_nikolai,IM
kuzuevdanil,IM
kyrie2012,IM
kyrongriffith,IM
k_wageih,IM
ladislav1969,IM
lakijemalonervozan,IM
lakiskaki,IM
lakofdawalapment,IM
lambo478,IM
lamomiablanca,IM
lamomiajunior,IM
langusto,IM
lankaravi,IM
lanshou,IM
lapsoepap,IM
larax,IM
larkin-vladislav,IM
larrave,IM
lasayon,IM
laskakid,IM
lastherojr,IM
laurenzchess,IM
lavr92,IM
lavrov_maxim,IM
lawrencecooper,IM
lawrencetrent,IM
lazarnestorovic93,IM
lazovt,IM
lazyim,IM
leejunhyeok,IM
lefjonjuv,IM
legendaryscar,IM
legendinunknown,IM
legit,IM
leivala,IM
lekurnyikovszvetozar,IM
lelajavakhishvili,IM
lemures27,IM
leninguerra,IM
lennis93,IM
lenyas66,IM
leoajedrez92,IM
leoduarte,IM
leonidtoronto,IM
leonvaldes,IM
leoo2001,IM
leopoldasss,IM
lependina,IM
leplusmortel,IM
leroideschampions,IM
lerry0525,IM
letheo,IM
let_it_be_1,IM
levanzovsky,IM
levski-sofia,IM
lexie1981,IM
liamputnam2008,IM
liczner,IM
liga_stavok,IM
lightningstrike9012,IM
likewater,IM
lilichess,IM
lioni26,IM
lipauska3,IM
lisikvalera,IM
littlekarpov,IM
littleozy,IM
littleplotkin,IM
livec,IM
liverpool_444,IM
livestrong04,IM
liwenliang,IM
llambipasku,IM
loaysameer,IM
logicbaba,IM
logman74,IM
lokander,IM
lokiy47,IM
lolo9292,IM
lonesomegeorge1,IM
lony7,IM
lordthomasmore,IM
losingexperience,IM
losxodos,IM
love7unicorn,IM
loveforever_pepi,IM
loveinyouratoms,IM
lovejelly0626,IM
love_craft,IM
love_dat_philin,IM
lovkov_roman,IM
lovlas,IM
lozcooper,IM
lploatr,IM
lquerella,IM
lrjchess,IM
ltorresr,IM
lucasmito,IM
lucliasco,IM
luipaard,IM
luisgui16,IM
luismcpsantos,IM
lukachess3,IM
lukamodric1902,IM
lukas2010,IM
lukashandler,IM
luklei18,IM
lukuka11,IM
luneity,IM
lunow,IM
lupta_robin,IM
luq27,IM
luxkat,IM
lxchubby,IM
lychess666,IM
lz31415,IM
m-gameel2016,IM
m1711,IM
m4444710,IM
m4k1m4,IM
mac0504,IM
machinegun1,IM
maciejos95,IM
mackster23,IM
macron20htf1,IM
madalien2,IM
madamdd,IM
madaza17,IM
maddog94,IM
maestro-fermin,IM
maestro1986,IM
maestro99az,IM
maestroask,IM
maestro_coach,IM
maestro_freedom,IM
magician4ma,IM
magicyo,IM
magiqueroger,IM
magnum11,IM
magnusseinfanboy,IM
mahiro,IM
mahua_sake,IM
maia1177,IM
maitreia,IM
majesth,IM
makhmutov_rail,IM
makrog,IM
malcolmpein,IM
malysch,IM
mamjja2006,IM
mammadzadag,IM
manblindovich,IM
mandizha,IM
mangochessgo,IM
manikoloz,IM
manipun1,IM
manitodeplomo,IM
manmanlai1,IM
mannysen,IM
manon-reja,IM
manubibi,IM
man_of_ai,IM
mapo_tofu,IM
mapv83,IM
maracayo,IM
marceloplaya,IM
marcin,IM
marcodobrikov,IM
marcsimsl,IM
marcus_harvey,IM
marianokar,IM
marina1994,IM
markberk,IM
markdvoretskyauthor,IM
markov_mikhail,IM
marranos,IM
marta_gm,IM
marticafierro,IM
martik40,IM
martiko11,IM
martinbitel,IM
martincerveny,IM
martinhaubro,IM
martinmartinez95,IM
martinneu,IM
martinzumsande,IM
martorelliantonio,IM
marty435,IM
mashinskaya_julia,IM
mashulo,IM
masnyszachistaaa,IM
masruri_rahman,IM
massdeep,IM
masterleo2018,IM
mastermix,IM
masterofmayyhem,IM
masterperformers,IM
mastersonnevanck23,IM
matagordo,IM
matalon,IM
matanzas1967,IM
matbobula,IM
matthewg-p4p,IM
matychess1,IM
mat_kolosowski,IM
mauricioariascr,IM
mauriciojimenez24,IM
maus7,IM
mavlaaf,IM
mavuba,IM
maximus_717,IM
maxim_ganin,IM
maxip32,IM
maxterlopez,IM
maxuri,IM
mayun_2025,IM
mbachez,IM
mc0318376,IM
mcbpjerm,IM
mdv1982,IM
mdzebar,IM
medarde94,IM
medinapazmiguel1968,IM
medinawarda,IM
meetgoku,IM
megagigahiper3345,IM
megaraptor1,IM
meharchinnareddy,IM
melkior,IM
menor31,IM
meowchael,IM
meri-arabidze,IM
meribanov_vitaly,IM
merikard,IM
mersad_98,IM
mesa_1,IM
mestresilva,IM
metalbattler,IM
metra7,IM
metra93,IM
mexpaisano,IM
mfedor76,IM
mfranic,IM
mhennigan,IM
mi2497,IM
miackm,IM
miamichess,IM
micfel,IM
michaelk123,IM
michael_zaslavsky,IM
micovancina,IM
midoriyarachelzanel34,IM
miferz44,IM
migchiel,IM
mightymic,IM
miguelho67,IM
mihaiionescu1,IM
mihaitu34,IM
mihalichenko,IM
mijaimevalmana,IM
mijuarez,IM
mijuliensong,IM
mikakarttunen,IM
mikedannnn,IM
mikerahal,IM
mikhaillushenkov,IM
mikhailovviacheslav,IM
mikheev1976,IM
mikuzaky,IM
milady-de-winter,IM
milannovkovic,IM
milanonavigli,IM
milanovic3,IM
milchone1,IM
miljanboro,IM
milky_power,IM
milorenzana271,IM
milovanratkovic,IM
mimikeross,IM
mimsychess,IM
minamina18,IM
mind1mover,IM
mindcoach,IM
minhgtran,IM
minisim,IM
miparamos,IM
miperke06400,IM
miragha_yev,IM
mirkovicslobodan1,IM
mirovlasenko,IM
mischuk_d,IM
misha_bilous,IM
mishkafighter,IM
misiekzielony,IM
misshrank,IM
mistango,IM
misterlamine,IM
mitchyf,IM
miterryble,IM
mittel1,IM
mizner,IM
mjysong,IM
mkchess2019,IM
mklenburg,IM
mkrysz,IM
mladen73,IM
mmsanchez,IM
mnd2203,IM
mnvillanueva,IM
moderjason,IM
mohamednader3,IM
moheb_amir,IM
mohsenghorbani,IM
mokshad1603,IM
mokshanovalexey,IM
molecularchemist,IM
monalize,IM
moncler08,IM
monomita,IM
monsterchess_uz,IM
moonlight89,IM
mops_2004,IM
morf1us,IM
morfius,IM
morlinkov,IM
moroccanchess23,IM
morphozis,IM
mortensfjell,IM
mortred777,IM
moscovita,IM
moultino06,IM
mouniouboun,IM
mountthief,IM
mousavian_hamed,IM
movingmeats,IM
mpgm,IM
mrbad74,IM
mrbetazero,IM
mrgorik,IM
mrmatesm,IM
mrntzchess,IM
mrsuccess,IM
mrtravmatolog,IM
mrvjk,IM
mr_gustavo,IM
mszelag,IM
mtempone,IM
munguntuul_b,IM
munozmiguelangel1982,IM
murad_ibrahimli,IM
musarabo,IM
musashistyle,IM
muthaiahchess,IM
mwamba1409,IM
mydream003,IM
myinthan1962,IM
mykola-bortnyk,IM
mylenefarmer,IM
myonaing,IM
myst2500,IM
m_ezat,IM
n00bm3ster,IM
nabukatnezarr,IM
nab_c,IM
nadtkins,IM
nahguav87,IM
nahueldiazh,IM
nailbashirli,IM
nailbeshirli,IM
nakhapetian_pogos,IM
nami120923,IM
namiswaaaaaaaaaaaan,IM
nanaioseliani,IM
nanochil2,IM
nataberok,IM
natalya_buksa,IM
nathan_filgueiras,IM
navin_kanna,IM
naytunkyaw,IM
nazipaiki,IM
nbk90,IM
nedjulpie,IM
neftegor,IM
neimar24,IM
neklan,IM
nekochabo,IM
nekotyanof,IM
neosupremacy,IM
neoternemo,IM
nesty_javi_chess,IM
neverw84m8,IM
newyorkchicago,IM
next_touch,IM
nezhmet,IM
nezhmetdinov2020,IM
nf3b31-0,IM
ni0lath,IM
nickvet,IM
niclox,IM
nicochasin,IM
nicochasin06,IM
nicolaik,IM
nicolik,IM
nigerianprodigy,IM
nightingaleblade,IM
nikitakhoroshev,IM
niklasschmider,IM
nikola-fiveminuteschess,IM
nikolajborge,IM
nikolaj_6,IM
nikolayvorontsov,IM
nikolay_milchev,IM
nikos1955,IM
nils_03,IM
nimajavanbakht,IM
nimamideje,IM
nimrod_veinberg,IM
ninguno46,IM
ninhvo,IM
nishaonyoutube,IM
nissegusten,IM
nllo777,IM
noboakevin1999,IM
nobodyperfect13,IM
nocnypako,IM
nodariousbig,IM
nodi26,IM
nodrawnub,IM
noghay,IM
nomessi,IM
nomyas41,IM
nondrovski,IM
nor1lsk,IM
normweinstein,IM
northremembersns,IM
nosoggybottoms,IM
novakcabarkapa,IM
novakdjokovic142,IM
novak_pezelj,IM
novoselski,IM
nozdrachev_leonid,IM
nozdrachev_vladislav,IM
ntbt_dhs,IM
nubair1198,IM
nubairyt,IM
numerianus,IM
nurgyulsalimova,IM
nutibara,IM
obidobad,IM
octachamp,IM
odcj,IM
oezs95,IM
oglob71,IM
ohusbands,IM
okriak,IM
ol3ks2,IM
oldmantryinghard,IM
olegkrivonosov,IM
olita21,IM
olsbom,IM
ol_bilych,IM
omar-noaman,IM
omarnoman,IM
omeganebulapegasus,IM
omer1997,IM
ome_terra,IM
omid-jarrahi2452,IM
omidnoroozi21,IM
omisoc,IM
onatb,IM
oneofmyturns,IM
oniichanuwu7,IM
onkoud,IM
only-for-fun1,IM
optikbaskan,IM
orange_ghost,IM
orange_mode,IM
ordekalog,IM
orkan85,IM
orkinyo12345,IM
orlandohusbands,IM
ors1984,IM
ostrovskiy-marshalls,IM
otrada47,IM
ouaret_abdelouhab,IM
ozelot,IM
p-e-t-r-0,IM
p-wang,IM
padam19,IM
paimpolexpress,IM
paladin61,IM
pancevski,IM
papa12341234,IM
papaoutai,IM
papapizza,IM
papusoibatran26,IM
parvizgasimov,IM
pastouche06,IM
patzel09,IM
patzerslasher,IM
paulz64,IM
pavelgovciyan,IM
pavet,IM
pavlitas17,IM
pavlov_sergey,IM
pawngobblerx2000,IM
pawnmedley,IM
pawnwonder,IM
payto1,IM
pds7603,IM
pdybala10,IM
pe0la,IM
pedrada88,IM
pekos64,IM
pekowitsch,IM
pelopidass,IM
pencil-in-a-bar,IM
pendragon619,IM
penyulambat,IM
pepekan,IM
peptancorina,IM
perecke,IM
perfchess,IM
peroncio,IM
petrgnojek,IM
petrisoradrian1992,IM
petrosyan_tigran,IM
petztante,IM
pfren,IM
phelathegreat,IM
pheonixking2000,IM
phoenixfire8,IM
pianochess147,IM
picev,IM
pichi2004,IM
pichonazo,IM
pifion,IM
pigson7th,IM
piliposyanrobertchess,IM
pineappledoughnut,IM
pinkdragon1997,IM
piongu,IM
piscopower,IM
pitterson,IM
piwan,IM
playchesssimple,IM
playchesstokilltime,IM
playerorkinyo,IM
plimsol,IM
plittl,IM
plorpz,IM
plouarzel,IM
png2025,IM
pnwcc-ahe,IM
pnwcc-dboskovic,IM
pnwcc-mrajkovic,IM
poaslan,IM
poiuytrewq8,IM
poliziano,IM
polotnik,IM
popov_m,IM
pop_inactive,IM
poucin,IM
poummba,IM
povtorenie_mati_uchenia1,IM
powerbars300,IM
powerofapoint,IM
powerthinking2650,IM
ppokerchess,IM
practicalknowledge,IM
practitivity,IM
prascar,IM
praschess,IM
prathamesh-imft,IM
predragnikac,IM
prettyflyy,IM
princec7,IM
professorchess101,IM
professorofblundera,IM
professorshadoko,IM
profofchess,IM
profterrieux,IM
profylactic,IM
promacherrrr,IM
prophetreborn,IM
provotorov_alexandr,IM
przemyslawskalik,IM
pseudobenko,IM
puertoviejo,IM
pureintuition01,IM
pyrihroman,IM
qeeqer,IM
qn14,IM
qsjtgx,IM
queburumba,IM
querqus,IM
quinten94,IM
quparadze,IM
r-172,IM
raahilmullick,IM
radical_3dward,IM
rafat-issa,IM
raghunandan,IM
rahmanyahia,IM
rahulgshetty,IM
rainspistols,IM
rajapanjwani,IM
rajdeeps,IM
rajdhani_exxpress,IM
rakesh,IM
ramil_faizrakhmanov,IM
ramla2020,IM
ramses135,IM
range_rover,IM
ranindu2003,IM
raphcamora,IM
ratnakaran,IM
ravihegde989,IM
raviteja81293,IM
raymondcarver,IM
rcsa007,IM
reader777,IM
realitystar,IM
recargado,IM
redfist87,IM
reevecanada,IM
reflexia64,IM
regzryt,IM
rekopchess,IM
remi04,IM
remontada_reloaded,IM
removsky,IM
rend1987,IM
resha1988,IM
retired_im,IM
revan_2002,IM
revuckij_vladimir,IM
rezamahdavi2008,IM
rgkkk,IM
rgsmaster,IM
rhemmy,IM
rhinoceros2015,IM
richardabates,IM
richardcwang,IM
richardleyvap,IM
richardwe,IM
richbestest,IM
rigorousearners,IM
rijeka1999,IM
ripol,IM
riptide27,IM
rish_97,IM
riskydecision,IM
rital44,IM
ritvarsreimanis,IM
rnanjo,IM
rnick89,IM
roadtowc2025,IM
robbykevlishvili,IM
robertgwaze,IM
robertkreisl,IM
robertojbm,IM
robertoservat,IM
robertris,IM
robert_shlyakhtenko,IM
rockstar0902,IM
rockychess02,IM
rodgaard1,IM
rodneyoscar,IM
rodtwinkz,IM
roki-roki-rock-nroll,IM
rokis13,IM
roktimb,IM
rolandonolte_pcap,IM
roman_2112,IM
romeo-milu,IM
rooie2016,IM
root_m5,IM
roquepinto,IM
rory-gilmore,IM
roshka_yevgeniy,IM
royprantikchess,IM
rquery98,IM
rsalcedoiii,IM
rsnr,IM
rst2003,IM
rubhani,IM
rudus,IM
rud_makarian,IM
runner,IM
ruppertpumpkin,IM
rurep26,IM
ruslan_kurayan,IM
rutricks,IM
rutvij09,IM
ruzomberok,IM
ryosuketakahashi_fc3s,IM
rytenko_v,IM
rzayevb,IM
r_yankovsky,IM
s1mple_007,IM
sabkad4ddy,IM
sacrifices333,IM
sacsacmate,IM
sadigmammadov_003,IM
safar_from_afar,IM
sagar_raina,IM
sahaneelash,IM
sahibsinghknight,IM
sahovskiz,IM
saiagni_98,IM
saikrishnareturns,IM
sakkvilag2,IM
salinnikov,IM
sam1189,IM
sameer555,IM
sameermansour,IM
sameermansuor,IM
samisahi,IM
sammalvuo,IM
sammed_shete,IM
sandrodf,IM
sans-fil,IM
santosalberto1987,IM
sanyassin2,IM
saracinderim,IM
sara_khm,IM
sardaukar-2,IM
sariedrez,IM
sashadav97,IM
sassassasss,IM
satea_husari,IM
sathvavaan,IM
sathvikadiga,IM
sattarov_bobur,IM
sausau2010,IM
saveliy_golubov,IM
sawyer2908,IM
saymone,IM
sayspade4vip,IM
scandidestroyer,IM
scarabee43,IM
schachlatan64,IM
schackspelaren,IM
schekachikhin_maksim,IM
schmakattack,IM
schmiss,IM
schoolmeester,IM
schroer,IM
schwarli,IM
sdfjsdfnjsdjf,IM
search-of-harmony,IM
sek_konstantin,IM
selvas123,IM
semen16,IM
semenov_dmytro,IM
semetey,IM
seochesspie,IM
sergeishevelev,IM
sergey85rodchenkov,IM
sergienko_sergey,IM
serkansoysal,IM
serlock,IM
sermarkpr,IM
sestremera,IM
sever81,IM
sganerdene,IM
shadow_master99,IM
shahaliyev,IM
shahinyan_chessmood,IM
shalamberidze,IM
shambala777,IM
shankovskyi,IM
sharafiev_azat,IM
sharan_rao,IM
sharkanto55,IM
sharkarton,IM
shav3184,IM
shaxevmat101,IM
shayporat,IM
shensai,IM
shepa2017,IM
shepherdboy,IM
sherlok7,IM
shilichkov,IM
shineatchess,IM
shinya_kojima,IM
shinymaster1,IM
shivenkhosla,IM
shmat92,IM
shoels,IM
shokuninmoves,IM
shoooting_star,IM
shoorly,IM
shosti-73,IM
shota_azaladze,IM
shubinkirill2003,IM
shukh_nikolay,IM
shumy,IM
siansell,IM
siciliannaga,IM
sid_98,IM
silasesbenlund,IM
sillyb250,IM
silman,IM
silviocp,IM
simone-d,IM
simple_loop,IM
sina_movahed,IM
sippp,IM
sircountgarius,IM
sirjohn13,IM
sjam1987,IM
sjam6687,IM
skagoogle,IM
skiff134,IM
skilmirf,IM
skkeyan1309,IM
skkyfall2005,IM
skoularikii,IM
sl4werthanyou,IM
slavenpastar,IM
slavisamilanovic,IM
slayertrash,IM
sleipnor,IM
slide-away,IM
slingshot90,IM
slipperyspeedster,IM
sloppydogg,IM
slovineanu,IM
slowfeasus,IM
smabye,IM
smalltownhero,IM
smatthews64,IM
smilecoach123,IM
smok56,IM
smoking_crow,IM
smoothasahedgehog,IM
smurfette78,IM
snail28,IM
sneaky_impurity,IM
snorlax,IM
snorre85,IM
snowball-03,IM
snowflake,IM
snowyk,IM
sodikus,IM
soltanicir,IM
soluckythough,IM
solver75,IM
somalianwarrior2006,IM
sombrini,IM
sommerpower,IM
somtor,IM
sonicdravise,IM
soolking67,IM
sopiko91,IM
sotskyalexander,IM
souhardo,IM
souls,IM
soumeow,IM
soumeowstreaming,IM
soupeochoux,IM
spalir,IM
spanishchesscoach,IM
spaskozhuharov,IM
spectralsoul,IM
spectre93,IM
speed4fun,IM
spicyyychicken,IM
spidernv,IM
spinaltap,IM
splendidkid,IM
splittbrain,IM
spo98,IM
squirlolz,IM
srijitpaul,IM
sriram_adarsh,IM
st-sandavagur,IM
stalri,IM
stamatolog13,IM
stameny,IM
stanislavsev,IM
stasblednov,IM
stasiek18,IM
stavangeref,IM
steegersee,IM
stefansachy,IM
steffenp1,IM
steka121,IM
steven_rojas,IM
stiffmaster1,IM
stockfisher_hbk,IM
stockholmmissile,IM
stockscammer,IM
stormeman100100,IM
stormpasser,IM
stormtrooper90,IM
stouuf,IM
strewww,IM
struppi,IM
stuffings101,IM
submarino2020,IM
sufianchess,IM
sultanofshatranj,IM
sundip07,IM
suneebaker,IM
sunnika,IM
sunrise777,IM
sunysha,IM
supercaballo20,IM
supergreentea,IM
superjem123,IM
superjesus88,IM
superkiriks777,IM
supernotar,IM
superperrazo,IM
superpower2011,IM
superstructure,IM
supertfc,IM
supervolvo,IM
super_emi_26,IM
supremeshadowdragon,IM
suri2021,IM
susal_de_silva,IM
suyu28,IM
svandik49,IM
sven_tica,IM
svetlin_mladenov,IM
svijayalakshmi,IM
swarnapuri,IM
swimmerchess,IM
swiss_fighter,IM
switlave,IM
swordfish55,IM
swordsman_17,IM
syrbatman,IM
szcz0015,IM
s_trofimov,IM
t-jam,IM
t0themoon,IM
taabling,IM
tachyonic77,IM
tacticotacotacoh,IM
tacticthunder,IM
tadeaskriebel,IM
tadejsakelsek,IM
tagir45,IM
taktikmonster,IM
taleofyore,IM
talibbabayev,IM
talibovv06,IM
taniayt,IM
tania_s,IM
tanitoluwaaps116,IM
tapu2,IM
targeta,IM
taron_shagbazyan,IM
tatjanavasilevich,IM
tatm247,IM
tatosarane,IM
taufikhalay,IM
tbalabayev,IM
tekushka,IM
tembo79,IM
tempodrift,IM
tengri777kz,IM
terencefletcher1234,IM
terminator-men,IM
terminator_pc,IM
testingwithdannyteamchess,IM
the-patron,IM
the-rock-man,IM
thebeaglez,IM
thebilb,IM
thebraincrusher,IM
thebutcher,IM
thecavemanchess,IM
thechessjackle,IM
thechesskitchentwitch,IM
thecoppereagle,IM
thefr0zensun,IM
thegandhiofchess,IM
thegreat_hannibal,IM
theheartofchess42,IM
thelegend759,IM
theloyalwolf,IM
themandaiorian,IM
thenextlevelfan,IM
thenomnomfactor,IM
theonetrueim,IM
theprofessor13,IM
theprosecution1,IM
therealgmochey,IM
therigos,IM
the_berserk_musketeer,IM
the_bestplayer,IM
the_blue_pill,IM
the_chess_child,IM
the_jagermeister,IM
the_machine04,IM
the_mayor2005,IM
the_titan_15,IM
the_traitor,IM
the_unbeatable_one,IM
the__arrow,IM
thistooshallenpassant,IM
thjop,IM
thomas_fiebig,IM
thor736,IM
thorswoe,IM
thunderbolt_02,IM
thundersman,IM
tibmat,IM
tiburon2020,IM
ticokiller,IM
tictacfm,IM
tigerlilov,IM
tigre2020,IM
tigurones,IM
tiltfishnr1,IM
timaina,IM
time2pretend,IM
timespacecraft,IM
timetopush,IM
timgrutter03,IM
tioloko,IM
tiranorc_mosulac,IM
titanvibe07,IM
tnknightmoves,IM
tobias_koelle,IM
toivok3,IM
toligor,IM
tolya2,IM
tomas252,IM
tomescuv,IM
tomliu777,IM
tommyshelby93,IM
tomohawk52,IM
tompalov,IM
tomsk1,IM
tomytoteph,IM
tonton,IM
tony15051987,IM
toog,IM
toooldtooslow70,IM
topalovkramnik,IM
topblitz,IM
topgeahr,IM
toppy,IM
toraigaa,IM
torbae,IM
torfredrikkaasen,IM
tornadotamasko,IM
toro1234,IM
torquayunited99,IM
touching3200,IM
tovmasianvardges,IM
trade_union,IM
trahtarbelarus,IM
trainerdejan,IM
traktor666,IM
trapablanca,IM
traxx,IM
treebeard54,IM
trendle,IM
trenerchos,IM
trickov,IM
tricksonly,IM
tristancalistri,IM
tritonus01,IM
trojansac,IM
trollthunder,IM
trollzaya,IM
trompoloco2024,IM
truetellerfromkz,IM
trustnofuture,IM
tsubasa,IM
tsvet2005,IM
tsyhanchuk_stanislav,IM
tudoranton,IM
tugrik1969,IM
tunadrol,IM
tungchessvn,IM
tunisianking,IM
turfsteker777,IM
tuschesscm1,IM
tuttocalabria,IM
tuursome,IM
tuzibaba,IM
tvjosue,IM
twiceblessed,IM
two_towers_krakow,IM
tzerminator,IM
u-art,IM
u217-16-8,IM
u690025571,IM
ucanthandledenker,IM
ucv86,IM
udarudar,IM
ukchessbomber,IM
ulises2013,IM
ultimateboys,IM
ultimatedegree,IM
ulysees,IM
umarovsabir,IM
umngqusho,IM
umutataakbas,IM
umuterdemgunduz,IM
un3xp3ct3dlyun3xp3ct3d,IM
unclear15,IM
undercoveropeningexpert,IM
undertaker2001,IM
unfazed7777,IM
unforgettable-momeries,IM
unkiyto,IM
unknow2011,IM
untouchablsky,IM
upbeat028,IM
ural58,IM
ural_bogatyr,IM
urhopeless,IM
uscl,IM
uselessduffer,IM
username1974,IM
utsavp,IM
vachess17,IM
vadim_biliy,IM
vahe_danielyan,IM
valemava,IM
valentinra,IM
valentin_baidetskyi,IM
valeriygrinev,IM
valeron76,IM
valeron87,IM
valiantceleb,IM
valik3504,IM
valorant64,IM
vangulio,IM
vanimpe,IM
varacalli,IM
varunkrishnanchess,IM
vasblesk,IM
vasilijevladacki,IM
vasily_im,IM
vat55,IM
vavrajesh,IM
vbezman,IM
vcs,IM
velemajstor767276,IM
velimirovich,IM
velis23,IM
vellottiwizard,IM
venus02,IM
veralevel,IM
verteticsattila,IM
vesper2018,IM
vgrajlich,IM
viaje,IM
vice64,IM
victor222244,IM
viennacaver,IM
vigorito-ne,IM
vikingiv,IM
viktorskliarov,IM
vincent_vega95,IM
vinimarques,IM
viraldus,IM
vishalsareen,IM
visionqry,IM
vitaliychayka,IM
vityk_k,IM
vizafogo,IM
vjkarious,IM
vlad10898,IM
vladimirklasan,IM
vladimirminko,IM
vladimirsmirnov,IM
vladimirssvesnikovs,IM
vladimir_petrov,IM
vladoboch,IM
vlad_akselrod,IM
vnebo,IM
vneimer,IM
vohiraa,IM
vojtastr,IM
von_eschenbach,IM
vpantev,IM
vsaravanan,IM
vugar_manafov,IM
vuk2000,IM
vusatiuk_vladimir,IM
vyacheslav_n,IM
vzf,IM
walkingcreep,IM
wanderlust40,IM
wannabe2700,IM
warchess21,IM
warlordx,IM
washmachine,IM
wastefuljustice,IM
waterisgood1,IM
watermelonclash,IM
waybackboy,IM
wcachess,IM
weareinluck,IM
wea_pawn,IM
weeknddiehardfan,IM
weinzy,IM
wejbimoo,IM
wenoname,IM
whatodohere,IM
whatsuppppppxdd,IM
whitecapital80,IM
whitedemon,IM
whiteglovethief,IM
whiteknight2612,IM
whocanitbenowa,IM
widbifs,IM
wildbizon,IM
willyam13,IM
willychess95,IM
wilsonpalencia,IM
wilsonpalencia21,IM
winguselessking,IM
winme1ifucan,IM
witaliss,IM
wizardbar,IM
wnstop,IM
woalaa,IM
wolfbewwi,IM
woodyland85,IM
woolworthsmanly,IM
worcesteryork,IM
wormpaca,IM
worriedegg,IM
worse_than_tuka,IM
wry-lopez,IM
wynnzawhtun82,IM
w_amadeus,IM
x-wing,IM
xasid81,IM
xavb,IM
xdb,IM
xena1911,IM
xiaopuyi,IM
xtrmntr78,IM
xurramid77,IM
yaacovn,IM
yacoobeen,IM
yandarus,IM
yangelburd,IM
yanghainan,IM
yanhob,IM
yarigo,IM
yarosavich,IM
yase86,IM
yellowjacek,IM
yerturan,IM
yfchess,IM
yiyuki,IM
ykam78,IM
ykow,IM
ykow2,IM
ylr5000,IM
ymflb8hj43890rfjiwo93i,IM
ymoy,IM
yodalearn,IM
yosephtaher,IM
yottabyte97,IM
youngangus1,IM
yoursillykitten,IM
yueyangshan,IM
yuliyashvayger1,IM
yuriydovzik,IM
yuriykrykun,IM
yusupatabayev,IM
yuwono,IM
zabivol_mc,IM
zagros03ajj,IM
zajdanek,IM
zajka-molotok,IM
zakharka,IM
zarubitski,IM
zatonskihanna,IM
zavgorodniy_serg,IM
zavgorodniy_sergiy,IM
zaviob,IM
zeizer,IM
zemerovv,IM
zen-22,IM
zhani-z,IM
zhekoylas,IM
zim0ne,IM
zimmm36,IM
zivkovicn,IM
zmeeed67,IM
zoranilic1,IM
zoranp,IM
zoranpe,IM
zoranrunic1,IM
zubrrr,IM
zufi1811,IM
zugzwangsmith,IM
zugzwang_im,IM
zurability,IM
zuratqebuchava,IM
zura_19,IM
zverevlev,IM
zydraxx1,IM
1995tiger,WIM
a-s-00,WIM
aakankshachess,WIM
aalessia,WIM
abc_sir,WIM
abfchess,WIM
adela-velikic,WIM
agamat,WIM
agent_bishopp,WIM
agrigo3,WIM
akromion2712,WIM
alaoneagain,WIM
alegro,WIM
aleksandramilovic,WIM
alekschess100,WIM
alfilescruzados,WIM
alindsay211,WIM
aliso4ka_pirozhok,WIM
altantuya_tuya,WIM
amina175,WIM
amylazy,WIM
anastassijasinitsina,WIM
ana_berke,WIM
andrakhanova,WIM
andreeac97,WIM
angychess5,WIM
anijak,WIM
annachesslife,WIM
annakantane,WIM
annamaja,WIM
annazero,WIM
annchuz,WIM
annedp200,WIM
anupamagokhale,WIM
anzett,WIM
archess2,WIM
aridannie,WIM
arisesoldier,WIM
arpita_chess,WIM
articmonlays,WIM
aryastark173119,WIM
aurumo,WIM
austen48,WIM
ayelenchess,WIM
a_trofimova,WIM
balaian_alina,WIM
bansaboy,WIM
battsetseg-bal,WIM
beatrizmarinello,WIM
beatrizpl,WIM
beekhishig,WIM
beka121,WIM
berga1201,WIM
besarquis,WIM
beyondchesssarah,WIM
bhagya_2312,WIM
binbin239,WIM
blitzfun84,WIM
bloomingbud,WIM
blueunicorn662,WIM
bmgl95,WIM
boimod,WIM
bokerona,WIM
bonnielix,WIM
botvinnak,WIM
boudicca64,WIM
bryha,WIM
bushrashuaibi,WIM
caabongg,WIM
caissa2018,WIM
caissaqueen09,WIM
cami3,WIM
camics,WIM
camille-ds,WIM
capacitykat,WIM
carolinamazariegos4488,WIM
carolinamuso,WIM
carolinasilvia,WIM
catmilk,WIM
cecile-haussernot,WIM
chandreyeehajra,WIM
charlizevz,WIM
chelsiemonica,WIM
chess4life87,WIM
chessangel5,WIM
chessbia,WIM
chessdoll90,WIM
chessdreamer2001,WIM
chessive94,WIM
chessmachine14,WIM
chessminator100,WIM
chesswitch23,WIM
chessydotcom,WIM
chess_pandemonium,WIM
chesther68,WIM
chezzgirl04,WIM
childrenandchess,WIM
chinkuchess,WIM
chocolateroses,WIM
chourahbil,WIM
clevervoyage,WIM
coachtatiana,WIM
coconutik757,WIM
contrerasfiorella,WIM
cream_cookies,WIM
crtsea,WIM
crzgirl,WIM
cxrjs,WIM
daleenw91,WIM
daniela_movileanu,WIM
dhyanchess,WIM
diamonds13,WIM
dimsasha,WIM
dkmirl,WIM
dolgova7,WIM
dorinademeter,WIM
doudou1988,WIM
dragonslayer2001,WIM
dreamer_01,WIM
drobjed,WIM
drqueenie,WIM
dr_tatiana,WIM
duong57,WIM
ebret,WIM
effefe,WIM
efm13,WIM
ekka83,WIM
elitsar,WIM
ellennilssen,WIM
elmiraa,WIM
elnaz_kaliakhmet,WIM
elsemenova,WIM
elusivecat,WIM
elvidirris,WIM
energia,WIM
enguyen2002,WIM
esp21caxita,WIM
estelar25,WIM
ethylalcohol,WIM
evgenia89,WIM
evi2703,WIM
excitingtrap,WIM
falcon28dz,WIM
fariza2018,WIM
feketebarika,WIM
fiona,WIM
froggy64,WIM
gabkos,WIM
galaxy_rat,WIM
gettingmymojoback,WIM
ggjohnson,WIM
ggx0x0,WIM
ghaydaa991,WIM
ghost_pepper,WIM
gloria94,WIM
goldenpuppy,WIM
guadabesso,WIM
gugutkica,WIM
guldona_07,WIM
guldona_2007,WIM
gulenayaydin,WIM
gululu,WIM
gvanna,WIM
gzucaritas,WIM
happyowls,WIM
harkerchess,WIM
harshhashu,WIM
hedgehogtheking,WIM
heimmc,WIM
hieronymus00,WIM
hjz03,WIM
hrlyqnn1,WIM
iagrest,WIM
iamanoush,WIM
icebelka,WIM
ideika,WIM
ineymig2004,WIM
irinadrogovoz,WIM
irinaostry7,WIM
irina_baraeva,WIM
irina_utiatskaja,WIM
itscheckm8mate,WIM
iuckyducky,WIM
ivana_999,WIM
jenni64,WIM
jessefebruary,WIM
jinelarodriguez,WIM
joksijoksi,WIM
joyromany15,WIM
juditova,WIM
juliaefremova,WIM
julia_karpova,WIM
justmss,WIM
jyliu,WIM
kalliste28,WIM
kanana26,WIM
karenzadita,WIM
karenzc,WIM
katemur87,WIM
kathi92,WIM
katik87,WIM
keysjo,WIM
kgali,WIM
kinghunter183,WIM
kircsaj,WIM
kite1993,WIM
kithara1986,WIM
klibrelato,WIM
knarik83,WIM
koknoi,WIM
komiagina_maria,WIM
korbacik,WIM
kostina_nadezhda,WIM
kris2804,WIM
kyh717,WIM
kylnmd,WIM
kyuotbi,WIM
lagushonok,WIM
larisakalinina,WIM
larissayuki,WIM
latinachess,WIM
latinapower,WIM
latreche-sabrina,WIM
lavalitahumana,WIM
legendadada,WIM
lennitaz,WIM
lenwis,WIM
le_poisson,WIM
lidiyato,WIM
lilylg,WIM
lioness23,WIM
lislla,WIM
liss_ca,WIM
littlechinni,WIM
livestrong23,WIM
liza2016,WIM
look-within,WIM
lu1860,WIM
luchess2,WIM
luchesss2,WIM
luciana,WIM
luizamarin,WIM
lunalumiere,WIM
lynghonig,WIM
m-mar04,WIM
macha23,WIM
machteldvf,WIM
madeliesje,WIM
maftuna2303,WIM
makalexa,WIM
malenacr,WIM
malginati,WIM
malikova777,WIM
mamanchess123,WIM
mandaloriana19,WIM
mapebo94,WIM
marchlo,WIM
mariaesthergranados,WIM
maria_mencos_gua,WIM
maria_severina,WIM
marielchessy,WIM
marijastojanovic,WIM
marina_chess_rus,WIM
marinkay,WIM
mariya_zubova,WIM
martsynovskaya,WIM
martynkovaelena,WIM
mary_cool,WIM
mashulakiss,WIM
matols,WIM
maxioma,WIM
mdchess1734,WIM
meeraa77,WIM
melian_9230,WIM
melicg25,WIM
melissa_guez,WIM
mengjane,WIM
meotintin,WIM
meowcoach,WIM
michaelson_11,WIM
michall9,WIM
mikheeva86,WIM
mili_brizzi,WIM
miruna_daria28,WIM
missgrace2015,WIM
miss_jj20,WIM
mitraasz,WIM
mitzycaballero,WIM
mk0812,WIM
mkrtchyanmariam,WIM
mmc_08,WIM
mockingbird998,WIM
mselina,WIM
mthr89,WIM
mueganita,WIM
munkhzul_davaakhuu,WIM
mynameisbuba22,WIM
nadezhdaaza,WIM
nadiss,WIM
natalymonroy,WIM
natasharegan,WIM
nature_blonde,WIM
naty139,WIM
nchess96,WIM
nekoo04,WIM
nellichka,WIM
nelunika,WIM
newyeargirl,WIM
new_eagle,WIM
nguyenmyhanhan,WIM
nibalal,WIM
nimmy-a-george,WIM
ninjagirl-0,WIM
nmorales21,WIM
nona_d,WIM
n_0704,WIM
oiam03,WIM
olaala,WIM
olalila,WIM
olgavasiliev,WIM
olga_lelekova,WIM
olga_zhuravleva,WIM
ortizanahi2001,WIM
outpostqueen,WIM
p0ubelle,WIM
parmigiano,WIM
parnali1611,WIM
patty43,WIM
paulaepb,WIM
pearljemchug,WIM
petroniy_arbitr,WIM
pinoe,WIM
poeticpetals,WIM
pokahontass,WIM
poli133,WIM
pomeraniandog,WIM
ponchthemeister,WIM
poppy73,WIM
potapovam,WIM
priya387,WIM
pumpkin_in_moonlight,WIM
qnmeng,WIM
quantumwizard137,WIM
queenbach,WIM
queenlilo,WIM
queen_iryna,WIM
rainhav,WIM
raluca_sgircea,WIM
ranihamid18,WIM
regolita,WIM
rehsinupd,WIM
reynaajedrez,WIM
rih,WIM
rociovasquez83,WIM
rogarcia1,WIM
roos96,WIM
rosemoon90,WIM
ruchess27,WIM
ruzhka,WIM
sachiniranasinghe,WIM
sainasalonika,WIM
sakshi_chess1,WIM
saloni1204,WIM
saloni1299,WIM
sandrawim,WIM
saspassky,WIM
savagelittlemole,WIM
schevannes,WIM
secretsuperstar7,WIM
serena-maria,WIM
sevarabaymuratova,WIM
sewlins,WIM
sharanya2006,WIM
sharingo07,WIM
shelley_xu,WIM
shimmerbishop,WIM
shiron20,WIM
shivagami,WIM
shushik,WIM
sicalyra,WIM
sildgutten,WIM
silver_shadow98,WIM
simonachess,WIM
siraanush,WIM
slayingbishop,WIM
smarandap,WIM
smashbrain64,WIM
sofiia_hryzlova,WIM
sona_999,WIM
sonnnenblume,WIM
sonnyzc,WIM
sophienikoladze,WIM
sopo-tereladze,WIM
sparklechess,WIM
spring199,WIM
sri5996,WIM
srisshhhtea,WIM
suemaroroa,WIM
sultanasharminshirin,WIM
sumoborka,WIM
sunedutoit6,WIM
superyoa,WIM
susik_gaboyan,WIM
svet99,WIM
sveta10,WIM
svetlayordanova,WIM
tairurovira,WIM
tan275,WIM
tb352345324234234lknwreg2,WIM
tea99,WIM
teju0607,WIM
terbezs,WIM
teresin05,WIM
theater64,WIM
tmr88,WIM
tramontanaaa,WIM
treopolsa,WIM
truelily,WIM
tslapana,WIM
tsveta_galunova,WIM
tu_pikachu_favorito,WIM
tynano,WIM
uf_10,WIM
ultrasonic_dpm,WIM
valepaza,WIM
vercinka,WIM
vesalhamedinia,WIM
vfeliciano,WIM
vichess08,WIM
viktoriani,WIM
viktoriyatarasova,WIM
viralvictory,WIM
vitachess79,WIM
vroni-pfefferoni,WIM
whitebishop097642,WIM
whiteoak,WIM
widixyy,WIM
wiktoriapol,WIM
wild_cat99,WIM
wimannarudolph,WIM
wimdorota,WIM
womanpower,WIM
yosraalaa,WIM
yudania,WIM
yujiarun18,WIM
zala02,WIM
zarinur,WIM
zcorrales,WIM
01roman,FM
03revilo,FM
05-828-ei,FM
0708gang,FM
0815original,FM
100percentdirty,FM
103point7,FM
11aresss,FM
11fc,FM
13miracle,FM
14sokol88,FM
16ing,FM
16wise,FM
1800_strength,FM
1g60-1,FM
1mbl4,FM
1moodyman1,FM
1nf3_fan,FM
2008king,FM
21catch22,FM
2400fm,FM
26andrej26,FM
2900tactinhos,FM
2coaches1profile,FM
2killer2,FM
3sp15-2,FM
46tumtrah,FM
4e4ako,FM
4rs,FM
500pss,FM
50tugrik,FM
6262i,FM
64dreamschess,FM
667788999king,FM
6ixandahalf,FM
7-the_dragon-7,FM
7madman,FM
99simooon,FM
a-druckenthaner,FM
a4rooka3,FM
aa95,FM
aanshnerurkar,FM
aaronbazanromero,FM
aaronjzr,FM
aaruaaka,FM
aash20,FM
ab-lsv,FM
abbas99kh,FM
abdalagathos,FM
abdelazeez-m,FM
abdualbadani1973,FM
abelbaumann,FM
abeljusto,FM
abetaneli,FM
abu-alhussein,FM
abubakrtagelsir,FM
ac130-ghostrider,FM
aca_in_dubai,FM
acceleratingwreckingball,FM
acebonaventura,FM
acer316,FM
ach19,FM
achalachess,FM
achilleheel,FM
achtungpanzer1211,FM
acordeonist,FM
acsintematei,FM
acva-alenok,FM
adalberti,FM
adarsh12370,FM
adekrisna123,FM
adel1991,FM
adel991,FM
adic2020,FM
adidchess,FM
adjorno,FM
adl-feridun-oney,FM
admirale,FM
adnan_nadimifar,FM
adnan_nn,FM
adodove,FM
adreyd,FM
adrivillu,FM
advanceguard4,FM
adwilhans,FM
aegean_eagle,FM
aevengho,FM
aexmi,FM
affleckkgb,FM
afrimfejzullahu,FM
afshar-110,FM
afterhaps,FM
afurozamurai,FM
agapov771,FM
agartha01,FM
agde2024,FM
agentxya,FM
agilpirverdiyev777,FM
agnes66678,FM
aguiar94,FM
agustinv04,FM
agus_kkk,FM
ag_pro007,FM
ahkashefi2800,FM
ahmadalrahely9999,FM
ahmadnajjarchess,FM
ahmedabdulsattar,FM
ahmedkandiliii,FM
airopito7,FM
aisen1011,FM
aistrel,FM
aizrawjath,FM
ajeale2,FM
ajedrezdesilicio,FM
ajedrezmf2022,FM
ajedrezsinlimites,FM
ajedrez_con_german,FM
ajeossi94,FM
ajkom197,FM
ajsc02,FM
ak47_sat,FM
akarsalih,FM
akashcheck,FM
akhandbharatkijay,FM
akhayan,FM
akibarubi,FM
akirafm,FM
aknok,FM
akretchetov,FM
aksuliini1,FM
alainbruxelles,FM
alamzhi21,FM
alanchamp,FM
albano87,FM
albayo,FM
albert-castillo,FM
albertu,FM
albras,FM
albussevrespotter,FM
alcarazor,FM
alchesschampion,FM
alconjohndatu,FM
alea_iac-ta_est,FM
aleccable,FM
alechin28,FM
alefur,FM
alejandro841221,FM
alejandroarias,FM
alejogarcia1999,FM
aleking03,FM
aleksander_krainski,FM
aleksandrovichd,FM
aleksandr_kholin,FM
aleksandr_kozak,FM
aleksey1203borisovi4,FM
aleks_ivlev,FM
alemr16,FM
alen_chessmate,FM
alephzero,FM
alertakobra,FM
alex1531,FM
alexanderking,FM
alexandr_kholin,FM
alexei_gubajdullin,FM
alexey_krupko,FM
alexey_spirin,FM
alexey_ustinov,FM
alexgo05,FM
alexhaoningchu,FM
alexieh,FM
alexioancon11,FM
alexkous2000,FM
alexlongson,FM
alexmoscow2011,FM
alexsandro_bl,FM
alexsergeyev,FM
alexsuper1987,FM
alexsuv,FM
alextorngren,FM
alexwinter25,FM
alex_terzi,FM
alfinov1959,FM
alfrechess24,FM
alfredoaguilera3000,FM
alhassadiyousefa4,FM
alifaghirnavaz,FM
alik,FM
alimpic,FM
alin100,FM
aliniknaddaf,FM
alisa_melekhina,FM
ali_rastbod,FM
aljchess,FM
alkaser1962,FM
alkhoori90,FM
allcer7,FM
alligatorsnappingturtle,FM
allion2017,FM
alliswell998,FM
alogo24,FM
alopekos,FM
alpacaaas,FM
alperefeataman,FM
alphalphazero,FM
alphatango79,FM
alpha_deucalion,FM
alpope,FM
alsdesdentao,FM
alu40pink,FM
alvarov79,FM
alwaysplayforawin44,FM
always_confused,FM
alzhur,FM
al_shima,FM
amaidel,FM
amatatanav,FM
amateurchess20,FM
amazingatlas,FM
ambaixador,FM
ambartsumiantyhran2012,FM
amb_chess,FM
amer_aminikiasari,FM
amethystical,FM
amione,FM
amir_gh_86,FM
ammaralsedrani,FM
amois,FM
amor2023,FM
amosbrugger,FM
amurath,FM
anaartjieza,FM
anantone,FM
anar_aliakbarov,FM
anasta10,FM
anatolyvolodya,FM
ancisar,FM
andaglas,FM
andante,FM
andnar,FM
andreaschatz,FM
andregvh,FM
andreiitrifan,FM
andrej2004,FM
andrejljepic,FM
andresdelgado77,FM
andresgv36,FM
andrew-blr,FM
andrewisasian31,FM
andrewperedun,FM
andrewsamuelson,FM
andrewtnb,FM
andrey2406,FM
andreychumachenko,FM
andreyneves,FM
andrey_dmitrienko,FM
andrey_klymchuk,FM
andriipalchuk,FM
andriitop,FM
andrii_prydun,FM
andro2,FM
andrycos,FM
andryusha,FM
anemih,FM
angelos_zonarios,FM
angryhorse9,FM
anirudhha33,FM
ankitgajwa,FM
anlex1963,FM
anon102030,FM
anon132639,FM
anonymous13280204,FM
anonymous4910,FM
anonymusdonkey,FM
anotherwho,FM
another_win_for_you,FM
antek_radzimski,FM
anthonydrayton,FM
antifish7,FM
antigeroiy,FM
antoni_radzimski,FM
anton_zhukov04,FM
antosha_chekhonte,FM
antoszu,FM
ant_chess_2019,FM
anubisinmortal03,FM
anurugc,FM
anvikr,FM
aolcum,FM
aot317,FM
apachesvd,FM
apg77,FM
apl2001,FM
apollonzerotv,FM
aps,FM
apuwins,FM
aquivarubinstein,FM
ar4uha,FM
aram7adam,FM
aranibos,FM
ararat-74,FM
archbishop1575,FM
archibaldcerveza29,FM
arctic_fox3000,FM
arek_pacitan,FM
arenal72,FM
argente,FM
argentum049,FM
argodeajedrez,FM
argthx,FM
aribel98,FM
arigu07,FM
arimakat,FM
aristocle,FM
arjwezhrtdrz,FM
arkady_gitelson,FM
ark_in,FM
arlancabe,FM
arlil,FM
arm-sam,FM
armenianchessplayer9,FM
armingerdegil,FM
arminmusovic,FM
arna,FM
arna-inactive,FM
arnacman,FM
arnaking20,FM
arnoldpetra,FM
arnosack,FM
aromondo,FM
arpeggione,FM
arrestingpieces,FM
arsenedu,FM
arteler,FM
artemdyachuk,FM
artem_0degov,FM
artem_koval,FM
arthurmotivator,FM
artichaud,FM
artin10862,FM
artooooo,FM
arturgaifullin,FM
arturocaceres,FM
arturoelcrack,FM
artur_hoghmrtsyan,FM
arun-kataria,FM
arvinboy,FM
arvinrasti,FM
aryan_gutla,FM
aryan_tamadon,FM
asabrihussien,FM
asahoffmann,FM
asawate,FM
ash15k,FM
ashchess,FM
ashedu66,FM
ashtrainer,FM
ashwanitiwari,FM
ashwin-2302,FM
asianmaster2501,FM
aska538,FM
aslanov_umid,FM
aspaclaria,FM
aspiazumarlon2001,FM
assasin14,FM
assumpcaos,FM
astaneeen,FM
asterphoenix,FM
asvz,FM
atanejhad,FM
ateasaad,FM
atigator,FM
atom596,FM
atomicmate123,FM
attacker88,FM
attacker_2006,FM
attackingalligator,FM
attacksparrow,FM
attractivemustard,FM
aucaymauro,FM
audaciouspatzer,FM
auggiewren,FM
aungtz,FM
aunqa,FM
ausbildung,FM
aussie_pinoy,FM
austinjacobliteratus_pcap,FM
ava1411,FM
aval7an,FM
avancada,FM
averagefm,FM
average_guy25,FM
average_trans,FM
ave_mariia,FM
avoid2020,FM
avoogd,FM
avto24,FM
awb2001,FM
awestorm,FM
axelfalke,FM
ayakunov,FM
ayina29,FM
aymiteck,FM
ayze1968,FM
azalea95,FM
azatic,FM
azatnew,FM
azertytototgetot,FM
azn2002,FM
azulgrana1970,FM
a_dorrance,FM
a_morgunov,FM
a_off,FM
a_satan_sees_natasa,FM
b33forever,FM
baag4life,FM
babageldi,FM
babageldiannaberdiyev,FM
babarsik1977,FM
babas,FM
babbilator,FM
babero_gordo,FM
babyanton,FM
babyking1205,FM
baby_leo,FM
backhomeinmexico,FM
backreg,FM
bacus2000,FM
bacus79,FM
bafmas,FM
bahamapapa,FM
bahmamamu,FM
bahne07,FM
bait_or_mate,FM
bajecny,FM
bajna,FM
bakary1982,FM
balachess2006,FM
bambomatto,FM
banane_verte,FM
bangchess21,FM
bank2010,FM
bapttoche,FM
barbar10,FM
barboval,FM
barbus89,FM
barcon16,FM
bardartem,FM
bardur_orn,FM
baronjm,FM
barretofkm,FM
barritox,FM
barskenstam,FM
bartek_turski,FM
bascheyaro,FM
bashirovkemal,FM
basi1isk6,FM
bassu1,FM
bastiandash,FM
batek_ha_tpaktope,FM
batko_2010,FM
battlefield_royal,FM
batumifm,FM
bauxi435,FM
bayernbk,FM
bazanji_fan,FM
bbartekk,FM
beakman13,FM
beanscreen,FM
bear856,FM
beaumes,FM
beautifullmindchess,FM
beawuids,FM
bebebonito2022,FM
becemix,FM
begmuratovkh2010,FM
begusdrasko,FM
beirutchessacademy,FM
bekaeasycool,FM
beletko,FM
belgrade,FM
beligerantepr,FM
beltsychess,FM
benchgm,FM
benecyrill,FM
benediktjonasson,FM
bengal_tiger07,FM
benjafalcon18,FM
benkenobi1,FM
benkoclub,FM
beno_chess,FM
benthat,FM
berant,FM
bercel,FM
bereal24,FM
bereolos,FM
berevg,FM
bere_acqua,FM
bertalan1126,FM
better-than-you32,FM
beybarys_chess,FM
beyondmadness,FM
bgabor91,FM
bhagwanbirsamunda,FM
bhulseatx,FM
bibsburg,FM
bienvenue77,FM
bierblitz1a,FM
biesiadnik,FM
bigababy12,FM
bigmaster24,FM
bijombom,FM
bikuzhin_maxim,FM
bilan_danila,FM
bilicvladimir,FM
billys2010,FM
bimaniv,FM
binhminh2000,FM
binobike64,FM
biostatistician,FM
bipe137,FM
biscuitsnatcher,FM
bishop20d,FM
bishoporbanana,FM
bishoppairmasterr,FM
bitzkommer,FM
bivark,FM
biveklama,FM
bizhigitov_zhangir,FM
bl00nder,FM
blackboarder,FM
blackdahlia99,FM
blackmind96,FM
blacknoisestar,FM
blacksquarefabster,FM
blackswan13,FM
black_wyzard,FM
bladel,FM
bladel55,FM
blaky_griffin,FM
blank0923,FM
blankface04,FM
blitzchampion78,FM
blitzking642,FM
blitzmaster,FM
blitzmaster1995,FM
blitzrider0,FM
blitz_lover1,FM
blitz_monster2910,FM
blixlt,FM
blubbiblubb,FM
bluejay1897,FM
bluepict,FM
blue_ratatoeskr,FM
blundermaster2335,FM
blunderstormm,FM
bmt011,FM
bob1263,FM
bobbybunny,FM
bobbyfm,FM
bobrik31,FM
bobthebodybuilder64,FM
bob_2004,FM
bocah_gila,FM
bodor1,FM
bogcsab,FM
bogdanelus,FM
bojanr1,FM
bolavey_kotnik,FM
boldpilot22622,FM
bolence16,FM
bolivargonzalez,FM
bolu-2022,FM
bolwin,FM
bongcloudtransvestit,FM
boostedtree,FM
boracilek,FM
borekb,FM
borisovskydmitry,FM
borisss85,FM
born2beyours,FM
borutofan,FM
bosboy92,FM
botelu,FM
boydgary,FM
bpm_90,FM
bra1n_r0t,FM
brahmashira2010,FM
brainbuzz08,FM
brainspeedzero,FM
brajicmiloje,FM
bravecapy,FM
bravesubject,FM
breamish1,FM
bredreimagined,FM
bresk,FM
brett-t,FM
brianmsk,FM
brian_dew,FM
bridgepppcc,FM
briesmas,FM
brilliantmind2011,FM
britttas,FM
brokenfritz,FM
bronndelanera,FM
brother-bear,FM
brouetoscope,FM
brown_mamba24,FM
brunoalejandrop,FM
brunoo2003,FM
bruno_parma,FM
brute_force123,FM
brutoman,FM
bryanl106,FM
bryantman2014,FM
bubachess1608,FM
bubar,FM
bubblyblunderer,FM
bubeliang,FM
bucefal_m,FM
bugcrusher,FM
buhomurciano,FM
buitronghao,FM
bulajans,FM
buldockin,FM
burgersarebetter,FM
burgsvik,FM
burritus,FM
burundianattack,FM
buryshin_vasyl,FM
butcherrinho,FM
butterslstotch,FM
bvb009,FM
bykov_egor,FM
b_griffin,FM
b_nn_t,FM
c3_sizi,FM
caballodeacero,FM
cabila,FM
cacaseca13,FM
cacranb,FM
cadmartin,FM
cailinchetty,FM
caissaekv,FM
calculatedrhysks_youtube,FM
caleuche,FM
calingheorghiu,FM
calin_dragomirescu,FM
calmdowncalabreso,FM
calul_royal,FM
calypso_chess,FM
cambek64,FM
camels1981,FM
camilocorredor,FM
camperone73,FM
cancrushyou,FM
candela2013,FM
canonkasparov,FM
cantoria58,FM
capacity123,FM
capatoday,FM
capitan-a,FM
capkrnch,FM
captain-george,FM
captaintamas,FM
captainthett,FM
caracal3000,FM
caradhrast,FM
carlitus2004,FM
carlocapau,FM
carlofiat01,FM
carlosbarreto2018,FM
carloseduar100,FM
carlosibarra09,FM
carlospaul1990,FM
carlsencamacho,FM
carmontti,FM
carnuel6804,FM
carokann,FM
carokhan9,FM
carol-medeiros,FM
carrotcann,FM
carrotsandpizza,FM
carumamed,FM
casper,FM
castigador2,FM
castleqweenside7447,FM
castlew1zard,FM
catalanconquistador,FM
catalin009,FM
catalunya66,FM
catlivesmatter,FM
cats4sale,FM
cavoglav3,FM
caza-reyes,FM
cd3m,FM
cdi61,FM
cdoespiao,FM
cedricchassard,FM
ceejay271,FM
cfn_good_evening,FM
ch3ssbot2021,FM
chachere,FM
chakrounwael,FM
chaldon,FM
champ1000,FM
chansen64,FM
chaos_magic,FM
charlie101,FM
charlyaz,FM
chartreusesubmarine,FM
chasing_checkmate,FM
chateaulefish,FM
chebupelka52,FM
checkamunky,FM
checkhound,FM
checkpulse,FM
checksumme,FM
check_85,FM
chefshouse_junior_2009,FM
chemana,FM
chemim21,FM
chempionbg,FM
chera_chola_pandya_in2024,FM
chernov_alexander_a,FM
chernov_mikhail,FM
chernyavsky_a,FM
chescont,FM
chesper99,FM
chess123456s,FM
chess2024rk,FM
chess2whiz,FM
chess77420,FM
chessacademia,FM
chessalow,FM
chessarchitect64,FM
chessbaerchen,FM
chessbard1972,FM
chessboart,FM
chessburger_tv,FM
chessclassroom64,FM
chesscoach64,FM
chesscraze2702,FM
chessczar11,FM
chessdidou,FM
chessdragon7161,FM
chessdreamer2020,FM
chessfighter7,FM
chessfinity27,FM
chessflav,FM
chessforme17,FM
chessfunmaker,FM
chessharborbutcher,FM
chessicallyinclined,FM
chesskalmar,FM
chessking2151,FM
chessklubhodkonem,FM
chessknight02,FM
chesslee0420,FM
chessmanp,FM
chessmaster2011_2,FM
chessmatenokk17,FM
chessmatic_weapon,FM
chessmatist53,FM
chessmatus,FM
chessmmamaster,FM
chessniper2000,FM
chessplayer9919,FM
chessprodigy201,FM
chesss1r,FM
chesssg1,FM
chessswole,FM
chesstankman,FM
chessteacherpalms,FM
chesstrainerit,FM
chessvegaacademy,FM
chesszeror,FM
chess_286,FM
chess_blitz00,FM
chess_brilliant,FM
chess_coach_2024,FM
chess_cryptoworld,FM
chess_diligent,FM
chess_forever01,FM
chess_mad35,FM
chess_master1982,FM
chess_master_8820,FM
chess_maverick18,FM
chess_peak,FM
chess_player_29,FM
chess_rsm,FM
chess_sas123,FM
chess_tunes,FM
chezburger6996,FM
chiari1,FM
chichin_chao,FM
chickencrossroad,FM
chickenpox1337,FM
chidori_boruto,FM
chillchess11,FM
chillinx,FM
chill_out112,FM
chini1990,FM
chococrispis,FM
chocolate_cookie02,FM
chomrider95,FM
chorejason,FM
chrisbussi,FM
chrispalo21,FM
christianj2023fm,FM
christophermunoz,FM
christ_is_alive,FM
chriswallis,FM
chrizzdiano-goonaldo,FM
chsalas,FM
chuddog,FM
chupitroko32,FM
cieguito07,FM
cipherc0dex,FM
ciricpx,FM
cirky,FM
ciutadella,FM
cixper1968,FM
ckjy2796,FM
clapton,FM
clarkie60,FM
claudio-negrini-115,FM
claudio2006,FM
claudiuprunescu,FM
clockworkkubrick,FM
cmmauricio,FM
cmorales2001,FM
cmpassgall,FM
coachdean78,FM
coachfmbgabor,FM
coachlorente,FM
coachvadim,FM
coach_istvanovszki,FM
coach_jonas,FM
cocaino74,FM
cocolino31,FM
coffeehouse_04,FM
coffeelover1,FM
colemman,FM
colincreeveydennic,FM
colinfederer,FM
colonelcassad,FM
colorstrilogy,FM
compactsmg,FM
completely_alien,FM
confer77,FM
connienanna,FM
converchess,FM
coolthing,FM
copaamericano,FM
copernicium112,FM
coremind,FM
corvachesky,FM
cosi43,FM
cosmosx,FM
costarenan,FM
counsel2014,FM
countofmontecristo,FM
cpor3,FM
cptn2,FM
crasmus,FM
crasyhealer,FM
crazy1chess6,FM
crazy64s,FM
crazyhorse244,FM
crazymushroomt,FM
crazy_but_lazy,FM
crazy_eight,FM
creatino90,FM
crimefightingspider07,FM
cristhianportalr,FM
cristiancamilosoto,FM
cristians27,FM
cristianserban1,FM
cristi_coca,FM
criticalmoment,FM
crni_ns,FM
crocodiledand,FM
croissantneuf,FM
crtn88,FM
crushingkings,FM
cruzwilliam,FM
cryptoguru02,FM
csati17,FM
csativero,FM
cschess,FM
csipi,FM
csovi_csovi_jasper,FM
cthutq,FM
ctrlaltdelprtsc,FM
cubanknight67,FM
cuterook,FM
cyberdelchess,FM
cyberneticlion,FM
cybersurfer12,FM
cyndad,FM
cys9772,FM
czasnaszachy,FM
czentoviclifir,FM
c_minusminus,FM
d0br0v01skiy,FM
d1sintegrator,FM
d6stronk,FM
daaksboy,FM
dabee,FM
dacean99,FM
dachessmandan,FM
daddy-cool,FM
dadice10,FM
daesdo,FM
dafnu83,FM
damagedoers,FM
danco79,FM
dangerousclicker,FM
dangerouskhiladiakki,FM
dangerousplayer1st,FM
danielarias00,FM
danielarias1234,FM
danielsaiz01,FM
daniel_m02,FM
daniel_recker07,FM
daniel_salinas,FM
danigarridofe,FM
danikprazak,FM
danilnajdin,FM
danirod,FM
danito1954,FM
danitzapr1,FM
danmaersk,FM
danmem,FM
dannyings83972,FM
dannyyi,FM
daqzen,FM
darimary,FM
dariomione,FM
darius321,FM
darkdefense16,FM
darkhorse_001,FM
darkis30,FM
darko-dimitrijevic,FM
darktemplarchess,FM
dark_chess_smg,FM
darthkiller2020,FM
dashzapper,FM
davdavtyan21,FM
davekoenig,FM
dave_chessmate,FM
david060104,FM
davidlana1987,FM
davidojeda,FM
davidstevanic,FM
david_george21,FM
david_gomez,FM
davorramesa,FM
davsur,FM
davydbg,FM
dawid498,FM
dawtonlms,FM
dayan64,FM
db-banana,FM
dbestsmiles,FM
dcacheiro,FM
ddobravcan,FM
ddtru,FM
deadly_fighter_07,FM
deballer,FM
debussycilienne,FM
dedushkakolya,FM
deep_forest_dude,FM
defencewinschampionships,FM
defend1r,FM
defiantchair,FM
dejavu-69,FM
delaossa05,FM
delpi2003,FM
delqate,FM
demadirk,FM
dendirk,FM
denghao,FM
denielsafarov,FM
denis-radocaj,FM
denishevm,FM
denispopov,FM
denis_palkovich,FM
denksportacademie,FM
dennisodessa,FM
denozaver,FM
depredadorjwd,FM
dereito,FM
derekcclasby,FM
derevnin_mikhail,FM
derreelle,FM
dersteinadler1ch,FM
der_balak_3halak,FM
der_maulwurf,FM
descartest,FM
desi_anand,FM
desni93,FM
destroyer305,FM
destruyeabuelitas,FM
deuterio010,FM
devildarkrai,FM
devil_from_elysium,FM
devil_of_chess777,FM
devil_sun,FM
deyankostov,FM
dfeco,FM
dhaessel,FM
dhanushbharadwaj,FM
dhaydon19,FM
diandimov,FM
diaschess88,FM
dicuvich,FM
didi67,FM
diegomoreno2007,FM
diegopretto,FM
dieterputh,FM
diezeit-jfischer,FM
digitopolis,FM
digorgonzola,FM
dimailuka,FM
dimitrisl,FM
dimke2802,FM
dimonbanan,FM
dimwitchess,FM
dinamicosking,FM
dinamo3,FM
dinarabelguzin,FM
dindiamond,FM
dinevmk,FM
dinhnhokiet,FM
dinosaurio_1975,FM
dino_ballecer,FM
diogenessinopeus,FM
diplodonte,FM
dirk_da_player,FM
dirtykabab,FM
dishal2010,FM
disturbed01,FM
ditmansolo,FM
divudis17,FM
djamir,FM
djano,FM
djengisvan,FM
djgolko,FM
djogrodek1,FM
djordjeradoja,FM
djw60,FM
dkimmich6,FM
dksystem2,FM
dlp300,FM
dlr7,FM
dmac9999,FM
dmitrijiim,FM
dmitry2656,FM
dmitry_konenkin,FM
dmitry_m1,FM
dmser,FM
dnxcc64,FM
dobrosmys,FM
doctorcheckyll,FM
dollar98,FM
dolon2015,FM
dolphin_2010,FM
domalchukjonasson,FM
domingosjunior,FM
dominikderboss,FM
domweg,FM
donjuanegenaro,FM
donmichelecorleone,FM
donmikki77,FM
donrodrigue,FM
donsandalio,FM
donseng,FM
donskov_an,FM
donsuos,FM
dontflagme_pls,FM
dontmesswithme_2,FM
dontmesswiththefish,FM
don_cuoco,FM
doons21,FM
dopolian,FM
doraemon7,FM
doritos57,FM
dortmundcity,FM
doublekk14,FM
dougeckert,FM
dougie47,FM
doukis,FM
doyen17,FM
dpopadic,FM
dracotitillandus,FM
dragnaros,FM
dragon1249,FM
dragonzprem,FM
dragon_2022,FM
dragon_dmitry,FM
dragzor,FM
drahacik,FM
drakepizza011,FM
dralan,FM
drawd3clined,FM
drawyah,FM
drchessc,FM
drdaro,FM
drdog123,FM
drdrebeats,FM
drd_davi,FM
dreamerdeceiver1,FM
drherbst,FM
drillovsky,FM
drinbet,FM
drkozerov,FM
drmabuse,FM
drmikko,FM
drm_champ3,FM
droppenheimerr,FM
drpreobrazhensky99,FM
drriebert,FM
drsmrt,FM
drstephenstrange,FM
drzee3,FM
drzeiss,FM
dr_munker,FM
dr_nezard,FM
dr_pepper18,FM
dr_rad87,FM
dtchess,FM
dtocchioni,FM
dubiousm0ves532,FM
dubs123,FM
duchamp64,FM
ducke13,FM
dukicz123,FM
dumbchess95,FM
dundiescott,FM
duone,FM
duratia,FM
durvara,FM
dutustmirleid,FM
dvacetsekund,FM
dvahrasta,FM
dvaplusdva,FM
dvglk,FM
dynamita,FM
eagleinsky,FM
ebmc2,FM
ebncew,FM
ebrimabah,FM
ebuhurejra,FM
ec316,FM
echecmat,FM
echsoterik,FM
econpower,FM
eddiemarsalla,FM
edendzung06,FM
edenhazard8,FM
edgarandreasyan2008,FM
edgarhay012,FM
edgarrodrigues,FM
edgeexplorer,FM
edjo32,FM
eduardoperalta,FM
eepysnorlax,FM
efremov_vlad,FM
efrenramos1,FM
ega2006,FM
egehany09,FM
egetuna10,FM
egilstoft1992,FM
egk_06,FM
egolav,FM
egor_kuzmin,FM
eilyisum,FM
ejalmedina,FM
ejam94,FM
ekpen,FM
el-ajedrecista,FM
el-reptiliano,FM
elamier,FM
elarbiabobker,FM
elbek_jumanov,FM
elchess27,FM
elespartanooo,FM
eleyah,FM
elgranlucho86,FM
elhalconazul,FM
eline_roebers,FM
elisak43,FM
eliuver,FM
eliwood44,FM
elkamousa,FM
ellipsoul,FM
elllipsoul,FM
elmosho7u7r,FM
eloist,FM
elorta_david,FM
elpayasodios,FM
elpera,FM
elprofessor21,FM
elshicloso,FM
eltarolo,FM
elvital,FM
elyon2000,FM
el_sporco,FM
emanjdj,FM
emeli_chess,FM
emeraidddd,FM
emeraldddd,FM
emheyturq,FM
emirgulbeyaz,FM
emirhantarlabasi,FM
emon005,FM
emop200,FM
emp3rador,FM
emrededebas,FM
emtinik,FM
enazratha,FM
ena_cvitan,FM
endgamegenius,FM
endgamegrinder,FM
endgame_learning,FM
eneasz,FM
enfanterrible,FM
englishman_18,FM
english_player_89,FM
enkhnarenkhbaatar,FM
enmanueljesus777,FM
entilza,FM
envigadocity,FM
enzy63,FM
epiclord678,FM
epicswindler2010,FM
epicwarrior2015,FM
epjdcdu86,FM
ercoleiaccone,FM
erdni1993,FM
ergali_suleimen,FM
erik1971,FM
erikronka,FM
ermenichess,FM
ernestoguevaralynch,FM
erugee,FM
erwich,FM
erwin-ivar-tyrion,FM
er_is_geen_hoop_meer,FM
esapunov,FM
escacsvich,FM
eskivelito,FM
esmeraldasanderson03,FM
espinosolano,FM
esquivia,FM
essequamvideris,FM
esskeettit,FM
estacio99,FM
estrategia_vs_tactica,FM
estudiaajedrez,FM
estudiando_ajedrez,FM
ethanli-ny,FM
etopak1,FM
et_050673g,FM
eugenedelacroix,FM
eugeniuszkrol123,FM
eulero78,FM
eusebius,FM
evan_attaker,FM
evargalopuch,FM
evgenyburmakin,FM
excalibur885,FM
extremelearner,FM
eyhowzitbru,FM
ezarix,FM
ezkybel,FM
e_r_t_w_2,FM
f-side-schaap,FM
f7m_08,FM
fabianogiuseppe64,FM
fadingmustard,FM
fafqulec,FM
faiconus,FM
fajnafokaofficial,FM
fallenstar78,FM
falschgeld,FM
fancyknightmaneuvers,FM
fandimazen,FM
fandorin779,FM
fannyduartenapoles,FM
fannysyeraunt,FM
fantastic_power,FM
fan_of_chess1908,FM
faraone99,FM
faridov2010,FM
faridzeynalov86,FM
farsgris,FM
farzadbfd,FM
fatal_justice,FM
fatgiri,FM
fawolizzo,FM
fbentancor,FM
fclitras,FM
fearless_fighter_2800,FM
fedamaster,FM
feegus,FM
feigelag,FM
felipe_barreto,FM
felixkuznetsov,FM
fen_fire,FM
ferch1ni,FM
ferreret64,FM
feryultra,FM
fettucinii,FM
feuervogel1000000,FM
ffbp3q,FM
fgm1ke,FM
fialovydrak,FM
fianchettoed-tower,FM
fibrinogen,FM
fiddle99,FM
fideestonianplayer,FM
fidezivkovic,FM
fighter031,FM
fightos17,FM
figo13,FM
figuroto,FM
fikus-13,FM
filipets,FM
filipluczak05,FM
filthyanimal,FM
fiorangelmario,FM
fireonboard2002,FM
fish7728,FM
fishermansfisher,FM
fishthatroared,FM
fitnesstraining,FM
fitod,FM
fki0265,FM
fks_stal_mielec,FM
flameboard08,FM
flamingphoenix123,FM
flamingsword79,FM
flamps8,FM
flashboy2222,FM
flashingdragon,FM
flavettes,FM
flavicol64,FM
flawl3ss_machin3,FM
fleetw00dmac,FM
fleminga,FM
flood_ire,FM
flopezin,FM
floplover,FM
florian_ott,FM
flowagner,FM
fluffey,FM
fluke180,FM
flukeynz,FM
flysoohigh,FM
fly_21,FM
fm-louis-sanchez,FM
fm24601,FM
fm9714,FM
fmaguilar1,FM
fmalexhdez,FM
fmantonio,FM
fmbraunmarton,FM
fmbutnoim,FM
fmcabralis,FM
fmcaste,FM
fmchesstrainer,FM
fmdanielochs,FM
fmdaveledger,FM
fmjchristie,FM
fmjirapak,FM
fmjoseherrera,FM
fmlornetwitch,FM
fmlzikon,FM
fmnotanim,FM
fmpatzer01,FM
fmpowerwolf,FM
fmpr,FM
fmprasa,FM
fmramakrishna,FM
fmribac,FM
fmrini,FM
fmrruss,FM
fmsoumya1984,FM
fmstan15,FM
fmtricky,FM
fmursus,FM
fmvolodymyrsakun,FM
fmzoranzlatanovic,FM
fm_crow_fgm,FM
fm_deuteronomio32,FM
fm_eric_schiller,FM
fm_igortarasov,FM
fm_kappeler,FM
fm_magua,FM
fm_vs99,FM
fm_vs_noob2008,FM
foggymorning,FM
foldesmarci2009,FM
fomkin_dmitry,FM
foolnotion,FM
forantes,FM
forestberg777,FM
fore_man,FM
forge13,FM
forking_u,FM
formentopaolo,FM
fortizio,FM
foxontherun97,FM
fq-system,FM
fraler15,FM
framboisedeprintemps,FM
francescols,FM
francesco_bernoulli,FM
francisbegbie,FM
francogreek,FM
frankdischinger,FM
frankie_badacsonyi,FM
franklinapalomo,FM
frankshar,FM
franmu14,FM
frappeboy,FM
fravatel,FM
fraxerdose,FM
fredddiecroderg,FM
frederickthemate,FM
frederick_l,FM
fredericus_fertigus,FM
fredim007,FM
fredymatsuura,FM
fred_lindsay,FM
frellador,FM
frenchandslav,FM
frenchpin,FM
freyamor,FM
fridaywins,FM
friederichgazel,FM
frogmist,FM
froylanajedrez,FM
fruehstuecks_ei,FM
ftownlt,FM
fu24,FM
fuerza777,FM
fugadelafuga,FM
funbettor,FM
funki_123,FM
funny_man1234,FM
furius_baco,FM
furyunleashed777,FM
fussy_kitten,FM
fuzesabonyilaci,FM
fviana,FM
fywong2,FM
g10de_arrascaeta,FM
gaasten,FM
gabcur,FM
gabduschew,FM
gabosalazar2001,FM
gabriel-castellet-giralt,FM
gabriel-ledezma,FM
gabrielurbani,FM
gaby_przz,FM
gachatur09,FM
gagic233,FM
gahan-mg,FM
gaidym72,FM
galiev_azat,FM
galvanpalaciego,FM
gambitgiesbergen,FM
gameking51,FM
gameon16,FM
gandeevdhari,FM
ganec4,FM
gangster-accountant01,FM
gangsterrito,FM
ganihamiti,FM
garanin,FM
garciaisaac,FM
gardenbliss,FM
garicradomir,FM
garradetigregrande,FM
garryel-ogro,FM
garymcnamara,FM
gastonnmartin,FM
gaswerd2,FM
gatocorbis,FM
gatorojo150,FM
gattass,FM
gau248,FM
gauranga,FM
gausal,FM
gau_npukyputb,FM
gau_truc_lon,FM
ga_r,FM
gbg10,FM
gcal9999,FM
gcamachomartinez,FM
gcgeek,FM
gedizov,FM
geloball98,FM
gendysel,FM
generalas,FM
genghiskhent,FM
gennady_kozlov,FM
gentle_emperor,FM
geoffsaw,FM
george1977,FM
georgeten,FM
georgetherealmvp,FM
georgevlassis5,FM
gepardkuba,FM
geraldhb,FM
gerardap,FM
gerasimenyuk_miha,FM
german_bazeev,FM
geroinia,FM
gerry0406,FM
gertsog,FM
gevo1990,FM
gfabian,FM
ggyoulost2,FM
gh6999,FM
ghostqiuyu,FM
giannatos,FM
gilbertovalderrama,FM
gimagibi,FM
ginzburg_yakov,FM
giorno,FM
giulianodragon,FM
gkaspreteduaauat,FM
glavkonvvs,FM
glebus008,FM
glenntipton,FM
glidzhian_gor,FM
gliga,FM
glingler,FM
gloria2024,FM
glufs,FM
gm-2023,FM
gm-3400,FM
gm-mamapenny,FM
gmboorchess,FM
gmcanty,FM
gmcarbone,FM
gmedina2000,FM
gmforgacs,FM
gmfyhr1,FM
gmsiddharth_jagadeesh,FM
gmskorpion,FM
gmthekingindian,FM
gm_chesstosterone,FM
gm_naw,FM
gm_orange,FM
gm_path,FM
goa,FM
goatdictator,FM
gochatoria98,FM
godlento,FM
godzillachessyoutube,FM
godzillator,FM
god_speedmove,FM
goffredo_fofi,FM
gogolis,FM
goi_manne,FM
gold94,FM
goldaxe,FM
goldenbuzzer,FM
goldeneymar,FM
goldenshare,FM
gold_ocean,FM
golfbeforechess,FM
goltsevdmitry2000,FM
golubovsky,FM
gomatan,FM
goodnigth,FM
googlegoom,FM
goran_galiot,FM
goran_vajic,FM
gorcsi_gg,FM
gorum96,FM
gorvachov,FM
gospodarsaha07,FM
gougoune25,FM
gp9isback23,FM
gpapa17,FM
gpt5-1,FM
graflermontov,FM
grammnik,FM
grandadampatrik,FM
grandglacier,FM
grandmasterbomo,FM
grandmasterdraw,FM
granjeroverde,FM
gransiurell,FM
grantelgibbs,FM
granzner,FM
gravity_chess,FM
greatplay2,FM
greekplayer1,FM
greenranger87,FM
greenviper2025,FM
green_chesss,FM
gregoryacholonu,FM
grenkrenstein,FM
greyshark670102,FM
grifo2003,FM
grigordilanyan,FM
grigoriym2001,FM
grinding_guy,FM
grinpavl,FM
grischgambit,FM
grobdeg,FM
groetzi,FM
grootneus,FM
grossboss19,FM
grugo64,FM
grumblebruno,FM
gtnamfrq,FM
guapology,FM
guardian_ofthegalaxy,FM
gubajdullin,FM
gueraumasague,FM
gufeld156,FM
gugeul90,FM
guglash,FM
guillaumeg63,FM
guillead1,FM
guilty93,FM
guinero68,FM
gui_borba,FM
gulamalirises,FM
gulbirra9,FM
gumimis,FM
gumisglhf,FM
gummigisla,FM
guna1976,FM
gundcito,FM
gunner214,FM
gunslinger222,FM
gunterdeleyn,FM
gurvich_vitaly,FM
gustavocelis,FM
gustavodlacruz,FM
gustavojuarezf,FM
gvala,FM
gvalch,FM
gyalog75,FM
h-aryanejad,FM
habab9995,FM
habitus,FM
hachi_fm,FM
hackwithblack,FM
hadza_3,FM
hajiyevkanan,FM
hakan_erdogan,FM
hakimazzz,FM
hakobyan970,FM
halldorgretar,FM
halvard,FM
hamar1983,FM
hamidrezatahmasebii,FM
hamishbassig,FM
hamurrapi,FM
hananmo,FM
handsoffhans,FM
hangar-18,FM
hanging_pointer,FM
hannesewert,FM
hanqi,FM
haobuitrong,FM
haraldetuna,FM
harald_schmidt,FM
hard_utilizator,FM
hariputter,FM
harperchesstt,FM
harrisonchess21,FM
harunov,FM
harvardrocks,FM
hatilay,FM
hatsak7,FM
hattori-hanzo78,FM
hcmotorcb,FM
headtothewin,FM
heineccius,FM
heliotropador,FM
hellborgfm,FM
helllborg,FM
henril,FM
henrygra,FM
henryhoinhei,FM
henryk_s,FM
hepyeke,FM
hercog,FM
hereticus,FM
herewecomes1,FM
herostring,FM
herzog2012,FM
heytbeteacher,FM
hhtor89,FM
highlama,FM
hijorojo19,FM
hikaruchija,FM
hilary46,FM
hiperion131,FM
hippotaner,FM
hirna2005,FM
hittingrookbottom,FM
hmag76,FM
hoangcanhhuan,FM
hocalarinhocasi,FM
holden-caulfield,FM
holep,FM
homelesssteven,FM
homosacer97,FM
honestjoe1,FM
honiex,FM
hope_6,FM
hornsounder,FM
hotelero,FM
houdinione,FM
hounddog2006,FM
housedayne,FM
hovmoellerhest,FM
howto2draw,FM
hpschrocker,FM
hrixenz,FM
hrvatskimaher007,FM
hryhorii555,FM
hsskoo,FM
htopia,FM
hudriwudi,FM
hugomunozsotomayor,FM
hugo_amsterdam,FM
humorharbinger,FM
huragan007,FM
hurburt1,FM
hurghada,FM
hypeman111,FM
hypercar,FM
iaing,FM
iammetiniko,FM
iamsimpleguy1,FM
iamzero0,FM
iam_abrilyoj,FM
iandt,FM
iball95,FM
ibraev_vasilj,FM
ibraheem0,FM
ibutterurbread,FM
icedalot,FM
iceix,FM
iceshtorm,FM
iceworks,FM
ichbinberliner2012,FM
idiioteque,FM
idvidal,FM
if_name_main_a,FM
igor0073,FM
igorbarbashin,FM
igorcadilhac,FM
igorknyazev,FM
igorm2008,FM
igornikus,FM
igorvershinin2009,FM
ihatenajdorf,FM
iilliijjaa,FM
ikpeti,FM
ilgiux,FM
iliaguevnisim,FM
ilmiron,FM
ilovedd,FM
ilqar_74,FM
ilushka,FM
iluusions,FM
ilvip11x02,FM
ilyadudukin,FM
im313,FM
imagine_drag0n,FM
imartallo,FM
imbefore2024,FM
imbrianfellows,FM
imdtop,FM
immortal-fighter,FM
immortal-killer,FM
immortaltechnique,FM
immortal_legend710,FM
impossibleforu,FM
improatchess,FM
imsosorryforyou,FM
inagrev,FM
indian_tactician,FM
inepton_fermion,FM
ineverlikedyou,FM
inevity,FM
ingocordts,FM
initiativeoverdose,FM
inlovewithf,FM
inmarcesible7,FM
interestingprofile,FM
inzlf,FM
iouki25,FM
ip-man6254,FM
ipachess,FM
ipman64,FM
iranchesstrainer,FM
irishmonkey,FM
iri_cheetah,FM
irushh,FM
isajevsky_anton,FM
isaks,FM
isfsam,FM
isla88,FM
ismael-khadour,FM
ismaelamadorgarcia,FM
ismayilseferov,FM
ispanec,FM
istvanovszkimartin,FM
istvansinka,FM
isurualahakoon,FM
italymaster,FM
itheonlyme,FM
itscryptoknight,FM
itzky,FM
iusegine,FM
iustin106,FM
ivanandresglez,FM
ivandrade10,FM
ivanka65,FM
ivano12,FM
ivanooob,FM
ivanradivojevic,FM
ivanuraev,FM
ivanvolodin7,FM
ivan_gerasimov,FM
iwkooo,FM
ixcii,FM
iyanastur7,FM
i_am_sankalp,FM
jaac2002,FM
jacek_gesicki,FM
jachymcarostrelec4,FM
jackieli425,FM
jackleterrible,FM
jacknoahjack,FM
jackrodgers,FM
jacksterthepro,FM
jackvino,FM
jack_puccini,FM
jacques_gyllenhaal,FM
jactorres,FM
jacutina22,FM
jaddiejiet,FM
jafartheparrot,FM
jagllan,FM
jagrr,FM
jaisankars,FM
jajuraj,FM
jakecarlosbanawa,FM
jam1stfm,FM
jamengrand,FM
jamert,FM
jamesbond,FM
jamondejabugo1234,FM
jan080760,FM
jan939519,FM
janaschach,FM
jano,FM
jans174,FM
janusz5603,FM
jaramsdal,FM
jarda1955,FM
jardy79,FM
jarming,FM
jaroslavsobek,FM
jashariardian,FM
jasonbolivar,FM
jason_born291,FM
jasperbeukema,FM
jatorres60,FM
javierfreilemartin,FM
javirec,FM
javylavilla,FM
jawharbf,FM
jawsviejo,FM
jaxyz64,FM
jayden5345,FM
jbgd,FM
jbj,FM
jcm960,FM
jcreyes69,FM
jcvandamme10,FM
jd001,FM
jdjwjsikdkfjxj,FM
jdoss,FM
jean-claude_vandal,FM
jecdii,FM
jeep80,FM
jeetjain,FM
jeffinho023,FM
jeffpk,FM
jeffscrabbleman,FM
jeloma,FM
jensrahnfeld,FM
jeppesen08,FM
jeremdev,FM
jeremgiap,FM
jermorgurgeh,FM
jero888,FM
jerom555888,FM
jeroma71,FM
jeronimozapata02,FM
jerry_77,FM
jesse_james1989,FM
jethrovv,FM
jfcampos,FM
jg-17,FM
jg1me,FM
jharkhandchessacademy,FM
jhedigm,FM
jh_donner,FM
jij2018,FM
jimis98,FM
jimmymac77,FM
jindrichkuba,FM
jiriadamek,FM
jkolly,FM
jlandaw,FM
jlcastaneda,FM
jlg2413,FM
jlkinglion,FM
jll2006,FM
jlmanzanares,FM
jmatias,FM
jm_gutierrez,FM
joachimmouhamad,FM
joaco_mc,FM
joanchess,FM
joattack,FM
jocmil,FM
joeclown,FM
joehoe76,FM
joejan,FM
joel1285,FM
joelkoda,FM
jofisch10,FM
johangunawan,FM
johnlit,FM
johnmez,FM
johnnashjr1,FM
jojozp,FM
jokers20184061,FM
joker_gumble,FM
jokksi99,FM
joliyroger,FM
jomarego,FM
jonady1,FM
jonaseilenberg,FM
jonasgallasch,FM
jonashilwerda,FM
jonlangton64,FM
jony79,FM
jonychabla,FM
joophoutman,FM
jorgeluis86,FM
jorge_renteria,FM
jorquerino,FM
josechess1994,FM
josechessgg,FM
joselito22,FM
josemoramoron,FM
josephrov,FM
josephryan,FM
josephtolima,FM
josephymwale33,FM
joseremolar,FM
josesande,FM
josey_wales2020,FM
josgar05,FM
joshuagk27,FM
joshukid,FM
josip_buje,FM
josiur,FM
josoha,FM
josuexp,FM
journal,FM
jovensuave,FM
jovidon91,FM
jowke,FM
jps520,FM
jpstearmanfan,FM
js2606,FM
jsjht,FM
jsmastropiero,FM
ju2pasteques,FM
juancruzarias,FM
juandiego7804,FM
juanlloretramis,FM
juanman96,FM
jueies,FM
juicy_fork,FM
julian2024,FM
julianos82,FM
julinha97,FM
juliusceres,FM
julsz08,FM
juniormvl,FM
junjicol,FM
jup1978,FM
juraj_oruzinsky,FM
justdazzled,FM
justinjosh,FM
justinz,FM
justkid,FM
just_bahodirovv,FM
just_lucky_1,FM
j_coca,FM
k1ttygang,FM
k2jw,FM
kaanozcan006,FM
kaasboeropwielen,FM
kacperkacprzak,FM
kacperpolok,FM
kacprekt,FM
kadatskiy_alexander,FM
kadirsoria,FM
kaffeeschluerfer,FM
kafkaesqueknight,FM
kaizen_chess_academy,FM
kakaroto_28,FM
kakashi34,FM
kakorrhaphiophobie,FM
kalani88,FM
kali03,FM
kalogridakos,FM
kamikazeheinz,FM
kamikazeheinz2,FM
kamilgrycel,FM
kamilianin235,FM
kamina03,FM
kampak,FM
kanseimigatte,FM
kap5,FM
kapitan_bayan,FM
kappa71,FM
karatebaby,FM
karateloru,FM
karatelrw,FM
karavaev50,FM
karmada123,FM
karmadared,FM
karolkacprzak,FM
karstenhansch,FM
karstenschulz,FM
kash12345,FM
kasparicy,FM
katheksis,FM
katpah,FM
katspanov,FM
katuducha,FM
kaua18,FM
kavyev_ruslan,FM
kawhilockdown,FM
kawhi_leonard2,FM
kazancev_valerij_m,FM
kazmin_dmitrij,FM
kazmin_semyon,FM
kbachler,FM
kbengchess,FM
kbzasdavid16,FM
kd64,FM
keeper0416,FM
keikinkg,FM
kemelgallo,FM
ken7u7,FM
kenjikichiro,FM
kenreoo,FM
kenst,FM
kenzo-xarod2500,FM
keosidi,FM
kethrochess,FM
kettai,FM
keturisunys,FM
ket_cha,FM
kev4444444444,FM
kevin_o-connell_fst,FM
kf2-and-smile,FM
khaledjeldah,FM
khamzinolzhas,FM
khandakeraminul,FM
khazarbabazada,FM
khnykin_nikolay,FM
khromkin,FM
kicaps,FM
kidagent,FM
kidstandingattheboard,FM
kielinkei,FM
kiesari,FM
killabeezonatak,FM
killer64sk,FM
killertoy,FM
kimpi64,FM
kimster98,FM
kindnessonboardfoundation,FM
kingcharles-1,FM
kingcrush64,FM
kingcrusher275,FM
kingcyber19,FM
kingdray,FM
kingfisher246,FM
kingof2soap,FM
kingofattack555,FM
kingofkolkata,FM
kingpanda13,FM
kingrossi,FM
kingstar70,FM
kingterminator123,FM
kingtsay88,FM
kinguncrowned24,FM
king_deded4d5,FM
king_koduri,FM
kinkaiser,FM
kirillannenkov70,FM
kirill_2008gm,FM
kirill_kopenkin,FM
kirill_zaitsev,FM
kislov_oleg,FM
kjjl,FM
kjzsdu,FM
kl31,FM
kladenskyamater,FM
klauser63,FM
klichev_mikhail,FM
klifus,FM
kmd_dragon,FM
kncp_719,FM
knetterbernd69,FM
knight-boas,FM
knightduta,FM
knightmaree35,FM
knightmareprodigy,FM
knightrider701,FM
knjazj,FM
kobykalavannan,FM
kochichess,FM
kochudini,FM
kogotbobra17,FM
kokosikkaka,FM
kolle05,FM
kombinator01,FM
komissarov_alex,FM
kommfrankfurtjunge,FM
komodo_dragaon,FM
konek-gorbunok,FM
koningkobe,FM
kononenkod,FM
konradrutkowski,FM
konstantinb_1983,FM
konstantine_25,FM
konstantinvshivkov,FM
konstantin_yayloyan,FM
kopfverletzung,FM
kopi_siew_dai,FM
kopytkin,FM
kosche007,FM
kostas83,FM
kostya0705,FM
kot60,FM
kotlyar_k,FM
kotofeyca,FM
kou88,FM
koukourou,FM
kovalchuk94,FM
kovalyov_eduard,FM
koziororo,FM
kozlov_roman,FM
kozok,FM
kpera,FM
kqchessacademy,FM
krakenbeast,FM
kralevskialeksandar,FM
kran900,FM
kranchis,FM
krasavchik2002,FM
kreonx,FM
kresojevicvasa,FM
kretinovich,FM
kretov_evgenij,FM
krigon,FM
kriscacco,FM
krishnamurti3,FM
krishna_2800,FM
kristof_08,FM
kroonts13,FM
kroppar,FM
krovavyoryel,FM
krow_2327,FM
krucki03,FM
krupko_alexey,FM
krzysztofszczurek,FM
kshetrapala_of_chess,FM
kuanysh1981,FM
kuba2006,FM
kubal123,FM
kubarabatin,FM
kuhlmann,FM
kumaranbalaji98,FM
kunalm64,FM
kurai,FM
kuruhuru,FM
kushbhagat2009,FM
kw33ngambit,FM
kwisatz_haderachsn,FM
kyawlayhtaik8,FM
kyawmyataung2005,FM
kyky1232,FM
kyrie-eleven,FM
kz_champ_gm,FM
k_a_i_s_s_a,FM
l4ncer,FM
labdalla,FM
laboratorio25,FM
lacplesis27,FM
lagedema,FM
lagravesamuell,FM
lagunanivaria,FM
lagunov1961,FM
laico,FM
laimis61,FM
laitveik,FM
lajul,FM
lambosian,FM
lameduckwarrior,FM
lamedude,FM
lamon2000,FM
landman,FM
langesnasenhaar,FM
langua_chess,FM
laplatinum,FM
lapleutrerie,FM
laraschulze21,FM
larrylarsen,FM
lasallechess,FM
lather42,FM
latixxa,FM
launcher97,FM
lavpajcin123,FM
lazaro25,FM
lazaruschess92,FM
ldearco,FM
leandro-slagboom,FM
leandrojimenez,FM
learn2chesstd,FM
lebel7,FM
lebron1111111,FM
leclash,FM
lector118,FM
ledakovalexandr,FM
leebit02,FM
leepday,FM
lefonghua,FM
legomaster77,FM
lehel-vrnc,FM
lekopoulos,FM
lemayvega,FM
leocarlos,FM
leoloia,FM
leolv10,FM
leonardoalbert,FM
leonidsh29,FM
leonid_starozhilov,FM
leosumant,FM
leotobares,FM
leowin2012,FM
leo_efim77,FM
lepongebob,FM
leschebaza,FM
lester_freamon,FM
letans,FM
letdalvincook,FM
letinac,FM
letsgoband,FM
levallem,FM
lexisvar,FM
leykunmesfin,FM
lgabi,FM
lgsalazar94,FM
lhavas,FM
lhuron,FM
liamlennart,FM
libordanek,FM
liborzvolanek,FM
licancabur,FM
lictorhectares,FM
lider34,FM
liderchessacademy,FM
lidiodelgado,FM
life-of-fire,FM
lifeek,FM
lifeissofun,FM
lighteningbird9,FM
lightsinthenorth,FM
lightx3d,FM
likeablewolf,FM
likvidator228,FM
lildoggo2007,FM
liljon_chess,FM
limeinthecoconut,FM
limelight2727,FM
limkyaw,FM
linesman39,FM
linlin1812,FM
lion-993,FM
lion-al-messi,FM
lionchessclub,FM
lionking2009,FM
lion_dl,FM
lior_m,FM
lipa02,FM
litti,FM
little-gnome,FM
littlelionman,FM
littlepinkyboy,FM
liumar,FM
livajam,FM
livegamesense,FM
liverpool174,FM
liyoliyo,FM
ljariussneed88,FM
ljuks68,FM
ll-laurusnobilis,FM
llarimarc,FM
llrchess,FM
lluiss,FM
lobachevyury,FM
loggiafelixdamaria,FM
logisam,FM
loiacono_antonio,FM
loko-motivet,FM
lokomotiv777,FM
lolsirs,FM
loonsdekoeben,FM
lopem,FM
lordanboy,FM
lordiron,FM
lordplayer64,FM
lord_of_the_vision,FM
lorenz0_8,FM
lorisinoc,FM
loruf,FM
losersgame,FM
lostwanderer1,FM
louis-paulsen-fan,FM
louis198,FM
louis64,FM
louizor,FM
lovetov,FM
loveumore,FM
lovinski,FM
lrestevez,FM
lstefl,FM
luar1609,FM
lubricate9,FM
luc5,FM
luca020707,FM
lucabrasi1968,FM
lucachess49,FM
lucasran,FM
lucas_tomiello,FM
lucian_gl,FM
lucidination,FM
luckymajky,FM
luckyswitchback,FM
lucky_puncher,FM
lucomighty,FM
lucumpe04,FM
ludogoretz,FM
luisangel11,FM
luisfsiles,FM
luiso1961,FM
luizzy,FM
luka95,FM
luke_glanton77,FM
luksona14,FM
lumechess07,FM
lwluk,FM
ly4o,FM
lyschko,FM
l_lorenzo,FM
m-w23,FM
maalle,FM
maantisss,FM
maazzetti,FM
macakgarfield,FM
mach1el,FM
machidon,FM
machinegunphilipp,FM
macko06,FM
macp1988,FM
madderrose,FM
madheshkumar,FM
maect19,FM
maestrocheck,FM
maestroyodita,FM
maestro_demidovv,FM
maevskiynikolay,FM
magdygeorg,FM
magek0,FM
maghrebiner,FM
magic-nelwyn,FM
magicalbishop123,FM
magila31,FM
magnifico08,FM
magnoskrauken,FM
magnusenlle,FM
magnusgiri,FM
magpie1984,FM
magste2007,FM
magzypotato,FM
mahan_83,FM
maheswaran26,FM
maicolbenavides,FM
mainemanfm,FM
majkelopulos,FM
majstorstvooo,FM
makoveevi,FM
makswolf200817,FM
malachi1971,FM
malek_koniahli,FM
malexc05,FM
malhar9,FM
malibubj,FM
malkawi_fadi,FM
mamagyi,FM
mamalaylay,FM
mambalelo,FM
mandelinkabramborova,FM
mandetowitch,FM
mangoboba,FM
manguscalrissian,FM
manmish2,FM
mannydk,FM
manudavid2910,FM
manuellarrea,FM
manumunoz01,FM
marasmus01,FM
marat_gilfanov,FM
marcell_losonczi,FM
marceloibardib,FM
marcelwildi,FM
marchogdewr,FM
marchutin77,FM
marclonoff,FM
marcocorvi,FM
marcoriehle,FM
marcsan95,FM
marcul0,FM
marc_ghannoum,FM
marekpolska,FM
marelealb,FM
mariaforever,FM
marianoloiterstein,FM
marijakuznecova,FM
marik_spb,FM
mark2120,FM
markkuh,FM
marljivi,FM
maroon5_nm,FM
marquezangel1990,FM
marreta84,FM
martinbaekgaard,FM
martinbezuch_youtube,FM
martinez_95,FM
martinfrolik,FM
martinhollan,FM
martinjogstad99,FM
martinmatthiesen,FM
martinmena,FM
martinoksendal,FM
martins-br,FM
marvinguevara,FM
maryankyrychenko,FM
masahirobaba,FM
masalladelajedrez,FM
mascotte44,FM
maskbass,FM
master1465,FM
masterbeaterr,FM
masterblaster1,FM
masterbotchokoy,FM
masteringchesss,FM
masterkroket,FM
masterleif,FM
masterofpuppets2,FM
masterr_yi,FM
masteryolo29,FM
masteryoungk,FM
masterzhan,FM
mastronuzzo,FM
matapatos,FM
match_fighter,FM
matej2221,FM
mateoreyes,FM
mateusviageiro,FM
mateusz_bronowicki,FM
mateusz_dubinski,FM
mathapples,FM
matheusmdr2005,FM
mathiascasalaspro,FM
mathieumuc,FM
matic_nareks,FM
matijaolimpiakosivic,FM
matilizanoq,FM
matinghaffarifar,FM
matiss90,FM
matoewi113,FM
matsanovic,FM
matsar,FM
matt-murdock69,FM
matthew_clarke,FM
matthieupqt,FM
mattidiot,FM
mattorca,FM
mattovich,FM
mattydperrine,FM
matveev_vladimir,FM
maugreyfoloeil,FM
maung-mg-kzh,FM
maurice93,FM
maurinm,FM
maurovargas01,FM
maurusprimo,FM
mavifirtina,FM
max64747,FM
maxfan2008,FM
maxiamueller,FM
maximych26,FM
maxleto,FM
maxsergej,FM
maxximum_ww,FM
mazanchenko_dmitry,FM
mazarini41,FM
mazetofonias,FM
maziarbagheri,FM
mba_chess_2021,FM
mbneu,FM
mc-chess06,FM
mccarthystone,FM
mcdonalds6piecemcnuggets,FM
mcqueen444,FM
mdsharifhossain,FM
md_javed,FM
meandmybirdie,FM
medinacocalik,FM
medzhyk,FM
meeehssi,FM
meekmammoth2,FM
meesvanosch,FM
meganlee-sea,FM
mehdihosseinipour,FM
mehdi_hasanparag,FM
mehow_badereg,FM
mehraaab,FM
meisterjabo,FM
mejta-julianki,FM
melova,FM
memer5334,FM
mendel84,FM
mepetmepe,FM
merei7,FM
mergenkakabaev,FM
meridaandres,FM
merinasian,FM
mertfelin,FM
messikingdom,FM
metadast,FM
mf1966idrisov,FM
mfatigue,FM
mfberna,FM
mfcarlos,FM
mfcyryd,FM
mfguimaraes,FM
mfjohnnyortiz,FM
mfschulz,FM
mfwagnerpeixoto,FM
mf_fraco,FM
mf_malo,FM
mf_sergio_gomez_caq,FM
miaou33,FM
miarpa,FM
michaelbaron,FM
michaelshahade,FM
michael_c_forster,FM
michalczak,FM
michal_fiedorek,FM
michechess89,FM
michelangelo111,FM
michellopez159,FM
michiel245,FM
michiganeagle,FM
michkoo,FM
michobr,FM
micke12a,FM
micwhite,FM
middlewave,FM
midedu,FM
midefaster,FM
midgardsormur,FM
midnightfox,FM
migcha,FM
mightysmasher,FM
mihail_gorozhanin,FM
mihnea2017,FM
mihsakk,FM
mikado81,FM
mikasinski,FM
mike1842000,FM
mikeehrmantraut2020,FM
mikef-austx,FM
mikeklein,FM
mikekorovin,FM
mikeperelshteyn,FM
mikhailblr,FM
mikhailtobak,FM
mikhail_biryukov,FM
mikki_cat,FM
mikkokivistoe,FM
milanjeremic,FM
milky_way_to_mate,FM
millerkallpa,FM
millyneuf,FM
milop27,FM
miltony1410,FM
mimihh,FM
mimizah,FM
mindgrowing,FM
mindhunter08,FM
mindloo,FM
mindmlnes,FM
mindofkind,FM
minhquang_chesscoach,FM
miodrag-jevtic,FM
mirciulica14,FM
miredenizdogan,FM
mireq85,FM
miroslavsavic,FM
mirror80,FM
mirzaad786,FM
miserableplayer4,FM
misha_chessone,FM
misha_melnichuk,FM
misszachowy,FM
mister_64,FM
mistrzemi,FM
miuko7,FM
miyazaki64,FM
miyoloko,FM
mizant,FM
mjbacojo,FM
mkarp,FM
mkllnd1517,FM
mklose11,FM
mladen-strbac,FM
mlanger,FM
mlkkel,FM
mmahdi2013,FM
mmdarko,FM
mmilasin,FM
mmukka,FM
mobydick111,FM
moeinzai_khoshhal,FM
mohmoh75,FM
mohsengabr2002,FM
moisesanto,FM
moistketchup,FM
mokele_mbembe,FM
mokerslag,FM
moltini,FM
momentoca,FM
momia77,FM
monarchsf,FM
monkins,FM
monster-ratata,FM
monty82,FM
montyotto,FM
moodynorway76,FM
moonknight_288,FM
moonoo19,FM
moon_stone123,FM
morozcoma,FM
moroze,FM
morphinho22,FM
morphy1984,FM
morphyrecargado,FM
morscas,FM
mortngabriel,FM
moshefriedland,FM
mougzybougzy,FM
mourinho_jose,FM
mouseslips_are_the_best,FM
moventog,FM
mozayr,FM
mphofmann,FM
mr-uteligger,FM
mr65,FM
mrataque,FM
mravecuk,FM
mrbadbeat,FM
mrbigtimer,FM
mrbrightside1315,FM
mrbrown6424,FM
mrclean011,FM
mrhenriksson,FM
mrkgg1,FM
mrkooshachess_twitch,FM
mrkyousuke,FM
mrms05nnb,FM
mrnobody99,FM
mrpurplechess,FM
mrrooke6,FM
mrsdg,FM
mrsharik,FM
mr_asgharzadeh,FM
mr_bobby97,FM
mr_carabali,FM
mr_crow_ua,FM
mr_dismal,FM
mr_nimzo,FM
mr_november18,FM
mr_ruthless,FM
mr_sinigami,FM
msadilek,FM
msbff,FM
mshuaau0,FM
mtbakerchess,FM
mtchess0207,FM
mtyron,FM
muazaz,FM
mucongoma,FM
mudinoss,FM
mugiwara2b,FM
muhammad-waqar,FM
muifel,FM
mukaschess,FM
mukasyt,FM
mumlookatmenow,FM
munduyungi,FM
munichmouse,FM
muracle,FM
muradnuri,FM
murafa1,FM
muran29,FM
murayamaaa_san,FM
murayamasann,FM
murtazin_ruslan,FM
musclemonster12,FM
musiccitymaster,FM
muslim_player_05,FM
mustafayevfarid2004,FM
mu_the_trash,FM
mwpchess,FM
my-life-my-love-is-mj,FM
myairplane_999,FM
myburger,FM
mynameisjeanvaljean,FM
myohtutaung18,FM
myominaung360,FM
myshakov_fedor,FM
mysterio47,FM
mystery2007,FM
my_last_life,FM
m_bozorov,FM
m_erno,FM
m_hassen,FM
m_musaev,FM
m_onee,FM
n18player,FM
nachsueb,FM
nadeev_sergey,FM
nadirsm,FM
nafania1,FM
nagimov_artiom,FM
najdorfplayerc5,FM
nakajo,FM
nakedorange,FM
nakmansong,FM
nakorn,FM
nalatac,FM
name-505,FM
nandish_08,FM
nangm,FM
naocarezasunce,FM
napierattack,FM
naruto-k,FM
narutosmith,FM
nasirakylbekov,FM
nassimzrikem,FM
natesolon,FM
natura_naturans,FM
nau64,FM
nayemhaque22,FM
nazar-nazar,FM
ncdaddy,FM
ncdogan,FM
ncofre98,FM
nechepurenkorv,FM
nechitaylo_nikita,FM
necromon,FM
needforglory2,FM
negrosas,FM
neipa,FM
nelsito1452,FM
nelsonlinda,FM
nemanjavukcevic,FM
nemesios,FM
nemo_nobody,FM
nemsourek08,FM
nemtsevigor,FM
nenad2911,FM
nenadlamza,FM
nenadrobulj,FM
nenad_coach,FM
nestorvive,FM
neuguenzburg,FM
nevenjakupovic,FM
nevermind242,FM
nevigaming,FM
newcuenta,FM
newplayerorishe,FM
newyorkmouse,FM
nezhmetdinosaur,FM
nfchess13,FM
nfds,FM
nfork,FM
nfrost00,FM
nibbets,FM
nicaragua_chess,FM
niceblunderlol,FM
nice_2_m8te_u,FM
nicholas_ilic,FM
nichyne,FM
nick1996pa,FM
nicki2013,FM
nickmatta,FM
nicoderboss24,FM
nicolai1950,FM
nicolaimaxime,FM
nicolasbatista3,FM
nicolas_chess10,FM
nicolochessit,FM
niels_willems,FM
nightmarescore,FM
nightofzero_on_fire,FM
night_rider3491,FM
nigirisushies,FM
nihalswarna,FM
niilo1,FM
nikhileshk,FM
nikitaka16,FM
nikitashandrygin,FM
nikita_klepikov,FM
nikita_urusov,FM
nikithebest,FM
nikolagry,FM
nikolaiskousen,FM
nikolaj_katishonok,FM
nikolay_tregubenko,FM
nikoloztsomaia,FM
nimmzoo,FM
nimzochesser,FM
nimzorocks,FM
nin0b,FM
ninodg,FM
niranjannavalgund,FM
nitpicker,FM
nivanderbrunchwitz,FM
nmjeevank,FM
nmluissilva,FM
nm_diasattack,FM
no-regret,FM
noahritzerveld,FM
noam_vitenberg,FM
nobodyjeroen,FM
nodrawbeforemove64,FM
nogoalokente,FM
noguru,FM
nomadknights,FM
nomoneyhoney,FM
nonsopolo1,FM
noranup,FM
northpigeon,FM
nostradamus123,FM
notthebishopsacrifice,FM
not_2dayy,FM
nouali_mohamed,FM
nousecomp,FM
novabbeseiungenio,FM
novoselovroman,FM
novozhilovsemen,FM
no_one_actually,FM
npaipal,FM
nrbi44,FM
nss13,FM
number9,FM
nunezravelo,FM
nurmitv,FM
nxrby,FM
nylvor,FM
nzt72,FM
o123c,FM
oachesspro,FM
oandabear,FM
obito24,FM
oblomoffnet,FM
ochsenfroschgambit,FM
ochukov,FM
ocmoen,FM
octopus_assassin,FM
odchessworld,FM
odreamchess,FM
oganromchess,FM
oggy1984,FM
oggy_the_great,FM
oglazaoskar2005,FM
ogpin,FM
oh-nahhh,FM
oh_no_my_queen9,FM
oibaf1975,FM
oiiuuko,FM
ojaskulkarni99,FM
okkebeest,FM
okkotsuyuta03,FM
olakenn,FM
olawsson,FM
olderson,FM
oldfreezeham,FM
oldguy2,FM
oldmanwaynec,FM
old_but_slow,FM
oleg_papayan,FM
olfer,FM
oliver98,FM
oliveratomchess,FM
oliver_cromvel,FM
oliver_wartiovaara,FM
olkarchess,FM
olli75,FM
olliear,FM
omeletking,FM
omerkhanfm,FM
omk124,FM
omulcafea,FM
ondoko,FM
ondozim,FM
oneeyedguest,FM
onegust,FM
onelastbreath,FM
oneshot007,FM
onetrickpony_82,FM
onewany,FM
ong_bak,FM
only_10_min,FM
only_strong_moves,FM
onnoelgersma,FM
oogee,FM
oogwaygetsgirls127,FM
oopsiedaisy1,FM
opening_prep,FM
opqrc,FM
optimus_prime120,FM
orangepelt,FM
orassahh,FM
orestn,FM
orest_vovk,FM
organdzievhren,FM
oritaichman,FM
orkhan_eminov,FM
orphanator2009,FM
orujov2008,FM
oscar-i,FM
osh1ro,FM
osielchesslover2011,FM
ostrykaktus,FM
otrovnipacov2405,FM
otsz,FM
ottorubingh,FM
ourdudeness,FM
outlucked,FM
overschat,FM
ovsiannikov_maxim,FM
oxygen64,FM
ozates,FM
p-rech,FM
p4ad,FM
paalbatroemel,FM
pabloid62,FM
pabmar70,FM
pachonpower,FM
pai-mei,FM
paingmoe,FM
pakarma,FM
pakmaster,FM
paladin_ll,FM
palmateo,FM
palombie,FM
palosteden,FM
pankajfm,FM
panmichel1996,FM
panter1307,FM
paolochess15,FM
papakwnnov,FM
papapizza_old,FM
paparama_1917,FM
papasmurfwithglasses,FM
paperotto610,FM
parallax_mastermind,FM
paranoyak,FM
parintele_chess,FM
parmen_gelazonia,FM
parmupill123,FM
partiallysquared,FM
partykings,FM
partytime1180,FM
paruchi,FM
pashinskiy_mikhail,FM
pasmendjambvirgulptipon98,FM
passportplease,FM
passy234,FM
pasteta13,FM
pastore1978,FM
patbensch,FM
pathoma,FM
patmat123456,FM
patricius007,FM
patt-trick,FM
patzer1ndisguise,FM
patzerfromeagan,FM
paulaner88,FM
pauliukevicius,FM
paulkoris,FM
paulmacklin,FM
paulrusan,FM
pavan_putra_maruthi,FM
pavelalexandru07,FM
pavelchernomordik,FM
pavelchessyoutube,FM
pavelmartynov,FM
pavelvavric,FM
pavelyurkov777,FM
pavel_chernyshov,FM
pavel_mir,FM
pavlovdanila,FM
pawndissection,FM
pawnexpert,FM
pawnsoverpieces02,FM
pawn_chainer,FM
payyappat,FM
paz477,FM
pazwa,FM
pbatch,FM
pbkasparov,FM
pechen_yeltsina,FM
pecuricam,FM
pedram1975,FM
pedrogil25,FM
pedroholly22,FM
peixe64,FM
pelingorki,FM
pelmerch,FM
pelusiansky,FM
pemered,FM
pentlife,FM
peodoblat,FM
peonrojo150,FM
perimir,FM
perodjetlic,FM
persanyibarnabas,FM
perunbarglowski,FM
pesandu_liyanage_1,FM
peshkach,FM
peshkanavalnogo12,FM
petarsdjuric,FM
pete1988,FM
petearrpan,FM
peter-pelts,FM
peterconstantinou,FM
peterpantz,FM
peteseeger,FM
petincash,FM
petr577,FM
petrolulsah,FM
petronov,FM
petrostein,FM
petrovic_aleksa,FM
petrpalachev,FM
petrsoucek,FM
petruha123,FM
petr_natacheev,FM
petr_valerievich,FM
petukhov_dmitry,FM
pezyr,FM
pg6player,FM
pgradalski,FM
phililont,FM
philippelinster,FM
philipplerch,FM
phillips_roy,FM
philofive,FM
philosopherrr,FM
philos_85,FM
phonysallly,FM
phrasalverb,FM
phuzer,FM
picturesquecheck,FM
pierrotface,FM
pietromola75,FM
pig-filth,FM
pilgrim23,FM
pille85,FM
piluso1984,FM
pinata04,FM
pinedaboris,FM
pinelone,FM
pingah9,FM
pinkito,FM
pinpinall,FM
pintacara,FM
pirc88,FM
piriflillo,FM
pirlo1,FM
pirulillo,FM
pisher,FM
pitopisback,FM
pixelaress,FM
pjatoba,FM
pjotrr,FM
pkgrgantov,FM
plain_tofu,FM
planetaajedrez,FM
playatchesscom,FM
play_late_no_sleep,FM
plotnikovpavel,FM
pluusje,FM
pnwcc-speng,FM
po6don,FM
pochti_trezv,FM
pocketpivot,FM
poetepe,FM
poghosyan_suren,FM
pogosian_manvel,FM
poiuytrewqa,FM
pojamed12,FM
pokeypuppy,FM
pol1993tava,FM
polandhussars,FM
polemistis,FM
politeplayer,FM
politov_pavel,FM
polloisra,FM
polstastisch,FM
popmilan95,FM
popopuiyt,FM
popovbm,FM
poptonespil,FM
popzoka,FM
porrokolo,FM
portugalskaya-raketa,FM
positionalgenius,FM
positionalpanther,FM
positionaltactician43,FM
pospisku,FM
postalex,FM
poxerstar,FM
pr1105,FM
prasenjitdutta1980,FM
praslov,FM
prause,FM
predo63,FM
preempted,FM
prerijskikojot,FM
presidentloek,FM
prianshdas000,FM
prime-morty,FM
princecharming92,FM
princemurad09,FM
problematique_99,FM
prochesscoach,FM
prochn,FM
profava,FM
profcalculus,FM
profesore123,FM
profesorsrdjan,FM
professionalwinner_2025,FM
professorsrule,FM
professor_fm,FM
profi64,FM
profsimao,FM
progresso2016,FM
prohorov2010,FM
protectivecarrot,FM
proteuo,FM
prugno,FM
pryhodko_olexander,FM
przemekpiotrowski,FM
pseudoss,FM
psychokiller48,FM
ptsdzzq,FM
pup_chief,FM
purepower12,FM
puricfm,FM
purton,FM
purush64,FM
purvakuilis,FM
pushyourpawns0,FM
putra48,FM
puz2010,FM
puzzle34,FM
pwbxy,FM
pzcs,FM
qaswara1977,FM
qglen,FM
qingaunlee,FM
qscrgn24,FM
quaide7,FM
quazimodon,FM
queensandpawns,FM
queentrapmcc,FM
quesfr,FM
questto22,FM
quietoutplay,FM
quincasborb,FM
quitforever,FM
qvalda,FM
qwaserpl,FM
qwerty_cool_123,FM
rabeekongo,FM
racingchesslive,FM
radioactivewalrus65,FM
radojeiriz,FM
radosc,FM
radoslavkaranovic,FM
raekwon_w,FM
raem25,FM
rafaelfiggo,FM
rafaelsharon,FM
rafael_ventura,FM
raffaello123,FM
ragco,FM
ragedusk,FM
raheemglaves,FM
rahmanadel,FM
rainforestt,FM
rainlofichess,FM
raisingspartans,FM
rajesh1464,FM
rakhimzhan_alen,FM
rakitic2010,FM
ralfaya,FM
ralfi1chess,FM
ralfwin,FM
ramboob,FM
ramosha,FM
ramu_k_fm_ft,FM
randomnoob04,FM
randomo,FM
randomoracle,FM
randompatzer123,FM
randy296,FM
rapidman01,FM
rapt1958,FM
rap_woyska,FM
rase,FM
rashad_zeynalli,FM
raskolnikov6,FM
rasmus_thogersen,FM
rassanti,FM
raswi,FM
rat20005,FM
ratami,FM
ratkovicpetar,FM
raudra_dhari,FM
raugintabulba,FM
raulov51,FM
raulperezguerra,FM
rautz,FM
ray_yang,FM
rbkaissa,FM
rdarruda,FM
rdmguy01,FM
readyskate,FM
realblindmuddy,FM
realcyberbird,FM
realjerusalem,FM
realsteel2008,FM
redfirepanda,FM
redzishchess,FM
regenda,FM
region_07,FM
reigningmvp,FM
rekcefhaon,FM
rekosheten,FM
removedusername932580259,FM
renanreis,FM
renatoforf,FM
renehp,FM
renzogm,FM
respectful_dave,FM
ressidentevil,FM
ressidentevil1,FM
ressuraction25,FM
rest007,FM
retropwr,FM
reversgagnant,FM
revivingheart,FM
rexomnibusfaex,FM
reyesbraulio,FM
reylockeado,FM
reyluffyd,FM
reynold9402,FM
reyson01,FM
rezacz,FM
rhythm9,FM
riankapriaga,FM
ricaurtelopezj1955,FM
richard-scheftlein,FM
richardmaster,FM
richard_black,FM
richomi,FM
richy_94,FM
rickod1,FM
rickstereo,FM
ricsi1012,FM
rikchessmx,FM
riku-gan,FM
ril1997,FM
rile-man,FM
rimbaudarthur,FM
rinas_oleg,FM
rinoplastia,FM
riospm,FM
risewithomegapth,FM
rishpal27,FM
ristingho,FM
ristovic,FM
ritual2003,FM
ritvik1901,FM
rmichiels,FM
roadto25hundred,FM
robbertpolgar,FM
robertdowneyjr111,FM
robertjfischer71,FM
roberto-salgado,FM
robertoalejandro10,FM
robert_e2009,FM
robert_oros,FM
roberz12,FM
robin-side,FM
robnaldo,FM
robperesian,FM
rochaaaaaaaaaa,FM
rochan_to_danke,FM
rochefort_10,FM
rocket10jan,FM
rodchenkov_vitalij,FM
rodrigodbf,FM
roisbel_99,FM
rojonr,FM
roka7,FM
roland_inho,FM
rolyku,FM
romn69,FM
ronaldbrizuela,FM
ronartest77,FM
ronbuckmire,FM
rondo_capriccioso,FM
ron_weasley_chess,FM
rookandroll1606,FM
rookdatascience,FM
rooke6,FM
rook_punisher,FM
rook_solid2002,FM
root_21,FM
roseatwell,FM
rosh1610,FM
rossinantes_old,FM
roven1234,FM
rowan-atkinson,FM
royalcollegechess,FM
rozhkov_v,FM
rrainlessbobot,FM
rrmaster,FM
rryiq,FM
rs-9,FM
rsv83,FM
rtchess367,FM
rtfrancisco,FM
rtutic,FM
rubencasafus,FM
rubenscezila,FM
rubinsteinsmonster,FM
rubinstein_akiba,FM
ruccianne,FM
rudolfjun2005,FM
rudyst06,FM
rud_2008,FM
ruitertje,FM
rumo75,FM
runno,FM
rupebear,FM
rupereza,FM
rupeshjswl7,FM
rupeshreddyy,FM
ruprecht_der_knecht,FM
rururkowiec,FM
ruslansezdbekov,FM
ruspakhom,FM
russiandollar,FM
russiantenor,FM
rustumpalov,FM
ruud96,FM
ryanmito,FM
ryan_zhong,FM
rychessmaster1,FM
rydlj,FM
ryukchess81,FM
s-e-w,FM
s-fazulyanov,FM
s-lots,FM
sabrina_ballerina,FM
sacrifice_kzn,FM
sadykov_ramil,FM
saguriguerra,FM
sahs66,FM
saidov_b,FM
saihanthiha,FM
saili_22,FM
saint_666,FM
saitama_c,FM
saitama_hero,FM
sajith_peiris,FM
sajkochess,FM
sakkikuska,FM
salahdinasaad,FM
salahyousry,FM
saliheke,FM
salimalamri2020,FM
salke014,FM
salliven,FM
saltyrook-7,FM
salva-dali,FM
salzikis,FM
samandar004,FM
samatsa,FM
samdanov,FM
samehsadek,FM
samidescalona2002,FM
samirliberec,FM
samssky,FM
sandro970,FM
sandro_mikanovic,FM
sandstad,FM
sandwichosaumon,FM
sanqui14,FM
sanroto99,FM
sansanathalia,FM
sanslimite,FM
santig8,FM
santirayo2009,FM
santolanboys61,FM
saqochess_coach,FM
saradin78,FM
sarbalia,FM
sargelssrdc,FM
sargismv,FM
sargissyansargis,FM
sargis_06,FM
sasko1234,FM
satrancokulu,FM
satscho,FM
sau6on,FM
saveljevvladislav,FM
savke_capitano,FM
savva09022009,FM
scale007,FM
scarpachess,FM
schachkatze2000,FM
schachmatttv_tobi,FM
schachsensei_yt,FM
schack-hugo,FM
schaken1976,FM
schatje06,FM
schattman,FM
schemato,FM
schieberspieler,FM
schlechter1874,FM
schmetterlingd,FM
schondeln,FM
schubakov,FM
schuivernl,FM
scientificmouse,FM
scofieldmichael01,FM
sconko,FM
scriabin,FM
sdvkam,FM
sdv_013,FM
sea-needle,FM
sean1223,FM
sebastianmarinp,FM
sebastian_almagro,FM
sebsep,FM
secretworker2027,FM
secret_guy,FM
sekar24,FM
sekstro,FM
selectbench,FM
selfishshellfish,FM
sem1901,FM
semangelaf,FM
semion03032009,FM
senecacrane,FM
senn71,FM
sensei555,FM
sephan,FM
seramoral,FM
sere99,FM
serefra99,FM
sergeantpluck,FM
sergeikim,FM
sergei_krivenko,FM
sergei_silivanov,FM
sergejs_klimakovs,FM
sergeybabenko-uk,FM
sergeygostev1984,FM
sergeyshtyka,FM
sergiogarciafuentes,FM
sergiomoralesg,FM
sergiopatagonia,FM
sergiotrigo,FM
sergisanch,FM
sergivila,FM
sergo055,FM
serhanberat_ozdemir,FM
seriosha,FM
serlanselot,FM
serrer,FM
sertalzin,FM
serverbusy,FM
serverbusyc,FM
sewin16,FM
sfaradit,FM
shaaksiv,FM
shadowking71,FM
shadowvoyager,FM
shadyh9,FM
shahdad2007,FM
shaheus,FM
shahzodbek_2010,FM
shakkivainaa,FM
shalfhide,FM
shamatava_nick,FM
shambleschess06,FM
shamehrd,FM
sharpcube,FM
shaunpress,FM
shaya01,FM
shazilthegoat2006,FM
shazuli9878,FM
shcufnairolf,FM
shemka2006,FM
sheralipattnaik,FM
sherlock00007,FM
shevtsjenko,FM
shieldingoff,FM
shiki_chess,FM
shimloi,FM
shiningstar-07,FM
shinobi-1987,FM
shivacalypso,FM
shivakaka,FM
shivananda1964,FM
shnitez,FM
shokuedi,FM
showtp,FM
shrek4life02,FM
shubh_ze_great,FM
shukran0131,FM
shurikman,FM
shuvatkin_vladimir,FM
sicilianpanzer,FM
sicilian_maestro789,FM
siddhant,FM
sidebyrnes,FM
sidneymankind,FM
siemba,FM
sifisoncube01,FM
sigurdurdadi,FM
siirk3,FM
silent-killer100,FM
silentdeath42,FM
silent_killer63,FM
silent_smasher18,FM
silverback96,FM
silverswords13,FM
sim06,FM
simantoff,FM
simaopdias,FM
simon2049,FM
simonb4a,FM
simon_1986,FM
simplechess,FM
simplerxiao,FM
simpson-car,FM
singenoirrr,FM
siniauski,FM
sinisterknight8,FM
sinquefield,FM
sinurat,FM
siri20,FM
sirlancelott33,FM
sirstrateg,FM
sir_frankie_crisp,FM
sisis82,FM
sjevtic,FM
sjoerd893,FM
skakackonj,FM
skat2704,FM
skatchkov_v,FM
skibiditoiletlover94,FM
skiidiivv,FM
skiiier,FM
skinerd6,FM
skybloues,FM
skygreatness,FM
slave-trajkoski,FM
slavenok,FM
slavkoazaric,FM
sleeping_in_the_fire,FM
slidingknight2775,FM
slmctk,FM
slorovel,FM
slovak_fighter2000,FM
slowdgehammer,FM
smarksbay,FM
smile2005,FM
smilefrombrunei,FM
smirnovalexandra,FM
smirnovtimofey2000,FM
smol_val,FM
smoothbaron,FM
smotherhubbard,FM
smshk35,FM
smurfblayd,FM
smyslovsfan,FM
sneakygm124,FM
snegokhod,FM
snekkerandersen,FM
sniper_boy,FM
snoopfm,FM
snow-deer01,FM
snowlord,FM
sodoocc,FM
sofaceindisguise,FM
sohan_belkaid,FM
soilsurf,FM
sokolov_a_m,FM
soldierofgod1,FM
soldierontheboard2134,FM
solidpositions,FM
soloctavian,FM
soloderisas,FM
solofon,FM
solovaleaganar,FM
sommerseller,FM
son-of-caissa,FM
sondremelaa,FM
sonofholygod,FM
sonson28291,FM
sorito,FM
sorryiris,FM
sotochess,FM
sous007,FM
soyuztm4,FM
spartacusdm,FM
spaski2004,FM
speed-19,FM
speeddemon001,FM
spicyprime,FM
spiderkraken,FM
spitsyn-aleksei,FM
spizella,FM
spjacobi,FM
sportbilly13,FM
sportskidirektor,FM
spotbet,FM
sprinc1,FM
springer_fighter2,FM
sprite66,FM
spriteball,FM
sprn04,FM
sqmorr,FM
squashmaestro,FM
srecica,FM
sriansh_das,FM
srob2003,FM
ssandersseverino,FM
ssdasari,FM
sstojic,FM
sstrb,FM
stanbad1,FM
stankovicivan,FM
starbrightstarlight101,FM
starkast,FM
stasor4ik,FM
stassb,FM
statham,FM
statist-2022,FM
staudenhocker43,FM
stavroyany_sergey,FM
stayflow,FM
staz_staz,FM
stebbit,FM
stefanodinn,FM
stefanoskazantzoglou,FM
stefan_95,FM
stefan_christensen,FM
steinsupergm,FM
steliostheocharous,FM
step007,FM
step2011,FM
stepakyedael,FM
stephenzinho,FM
sterpfi,FM
sterred,FM
stevanjovic,FM
steve-stoyko,FM
stevensky96,FM
stewie_89,FM
stillfm,FM
sting2010,FM
stoleriu,FM
stoofbuzze,FM
storeysniper,FM
strackedaktonamee,FM
straviranus,FM
strawhatpirat3,FM
strength_and_hon0r,FM
strongaid,FM
stronger1799,FM
strongfold,FM
strongtold,FM
strong_prodigy,FM
stuartpng,FM
suarez928,FM
subrotabiswas,FM
suchmisfortune,FM
sudanesethug,FM
sudtirolese06,FM
suduvasachmatai,FM
suleymanontwitch,FM
suleyman_chess06,FM
sultanarabica,FM
sunflowergw2,FM
sungho,FM
sung_jin-woo_6,FM
sunil,FM
sunloong,FM
sunnychess20209,FM
sunofadawn,FM
supercampeon64,FM
supercheese,FM
superchess2015,FM
superchthonic,FM
supereagles1201,FM
superfelix,FM
supertanito,FM
super_sharky1,FM
supreme-supplements,FM
surena_akbari_gelvardi,FM
surrenderpls,FM
suspiciumchess,FM
suvradeepta_das,FM
svesamess,FM
svilson23,FM
svn2110,FM
svnedigor,FM
svv65,FM
swankygoat247,FM
swarajan,FM
swiezen,FM
swisshazy,FM
switchontwitch,FM
switzerlamb,FM
swordoftinabi,FM
szabadaba,FM
szachmistrz2500,FM
szambo87,FM
szapatacharles,FM
szczor,FM
szeprozse,FM
szmm19,FM
s_kalvaitis,FM
tabata_john,FM
tachion,FM
tacticalsam94,FM
tactican_228,FM
tacticator29,FM
tactichunter08,FM
tacticswizards,FM
tactictic,FM
tactrics64,FM
tad17ik,FM
tagliata,FM
taimanov_20,FM
takefreestuff,FM
takemypieces97,FM
taktychenko,FM
talaris,FM
talento10,FM
talismantate777,FM
talking_rabbit,FM
talman67,FM
talyakid07,FM
talyali,FM
tamamm,FM
tamben,FM
tandaleo,FM
tanga_16,FM
tanilx,FM
tao7,FM
tarantul1,FM
tartinedenutella,FM
tastytablet,FM
tav_2009,FM
taxticsw2,FM
tayson_7,FM
tboreal,FM
tc58,FM
tc_onyoutube,FM
tdatar2,FM
teamcmc,FM
teamempire,FM
teba49,FM
techpachach,FM
tedw7,FM
tehuelchess,FM
teillier,FM
tejas_rama,FM
tejimagic,FM
teletubisiek,FM
temirlan_baltabaev,FM
temus_galaktionov,FM
tendepa,FM
tenguundalaiganbat,FM
tenthplanet,FM
teo2000,FM
teotsorb,FM
tepcovua2007,FM
terao90,FM
terrortoast,FM
testtheline,FM
tgroyalchess,FM
th3chessviking,FM
th3_hound,FM
thabarwa,FM
thatovic,FM
the-gambler,FM
the-marauders-map,FM
the-misterious-player,FM
thealienparty,FM
thebalernobull,FM
thebestomelet,FM
thebigbadchessdad,FM
thebiggb21,FM
theblitzchamp,FM
thebulldog1,FM
thechesslion64,FM
thechessmind,FM
thechosenone009,FM
thecourseoisildur,FM
thedeviladvisor,FM
thedisposer,FM
thedjoker98,FM
thedrunkmonkey7,FM
theduck,FM
theduck-inactive2,FM
thee-chessboy,FM
theefemert,FM
theequalizer,FM
theeshelbyy,FM
thefidetrainer,FM
thefinal_move,FM
thegoatplayingchess10,FM
thegreatdentist,FM
thehaze,FM
theinfinity011,FM
thekarm,FM
thekingdoctor,FM
theknightofbosnia,FM
thelazyanalyst,FM
thelionking1970,FM
themagician,FM
themagnet,FM
themandalorian37,FM
thenewfiredragon,FM
thenrich,FM
theoneandonlydaaevik,FM
theorydoesnotmatter,FM
theox07,FM
thepatrick27,FM
thepawnsmasher,FM
therabbit19,FM
thesodabread,FM
thetnaung291,FM
theturtlemoves,FM
theunknownonex,FM
the_baby_b055,FM
the_evil_ducklings,FM
the_knyght,FM
the_player6,FM
the_sherman_variation,FM
the_straightforward_rook,FM
the_wildoctopus,FM
thijs,FM
thinkdifferent,FM
thomastherkildsen,FM
thossk,FM
thounder,FM
thundersword,FM
thunder_penguin,FM
thuringianfighter,FM
tiburon_asesino,FM
ticoluis,FM
ticondriul,FM
tiger-85,FM
tiggerdog,FM
tigranhh,FM
tigranishkhanov,FM
tigranmukhutdinov,FM
tigranpatagonian,FM
tigro22,FM
tikasultan,FM
tikhon_popov,FM
timator,FM
timerkhanov,FM
timeschange,FM
timkett,FM
timmaz,FM
timonrostov,FM
timotheedessyn,FM
timo_kueppers,FM
timpeterwall,FM
timurist,FM
timur_nurzhanov,FM
tinnakrit,FM
tiqr777,FM
titanchess666,FM
titled_monday,FM
tjktiger,FM
tjktiger19,FM
tjk_player,FM
tk22h,FM
tkbecrux,FM
tlerus,FM
toavinaraza,FM
toddandrews,FM
tofe7aa1,FM
toivonen_alexander,FM
tojevtip,FM
tokchess,FM
tolgademirel1,FM
tolimachess,FM
tol_tol,FM
tomasdanada,FM
tomaskapitanchuk,FM
tomek45,FM
tomekas1,FM
tomkachu1,FM
tommywx,FM
tomo71hr,FM
tomozupan,FM
tomsishere,FM
tomteeast,FM
tonilator,FM
toniv1,FM
tonricher,FM
tonysoprano8,FM
tooclassictooslow,FM
tooweak2slow03,FM
too_stupid_to_play,FM
topencik,FM
topin8,FM
topmoi,FM
top_bu_tz,FM
toratosa,FM
tornikidze,FM
torr79,FM
torrentec,FM
torrespain,FM
tortolla,FM
tosicsrecko,FM
toufoulatour,FM
toxic_knight17,FM
training_day,FM
tranatrinity,FM
transnet,FM
traveee7,FM
trickertiger,FM
trickyfortem,FM
trimitziosp7,FM
tripledes,FM
trivial-time,FM
troisi,FM
trojan-knight,FM
trompeterimether,FM
trostskyi,FM
trsumonchess,FM
trucjesman,FM
truequitos,FM
truki,FM
tryharder0,FM
tssunami,FM
tst2014,FM
tsukasa06,FM
tteshan,FM
tufaaann,FM
tugaychess,FM
tunahan_makaraci,FM
tunveermdgillani051,FM
turboplombir,FM
tusplingher,FM
tuti2500,FM
tv27,FM
tvedas,FM
tveth0,FM
twilight_sparkle5,FM
twitchtrinicupid,FM
twofoxniel,FM
ty3ob,FM
tyczka123,FM
tyierdurden,FM
tymekchess,FM
tymonkolasinski08,FM
tzakolakk,FM
tzizuki,FM
tzoumpasanastasis,FM
ubdip,FM
ubochess,FM
uchenic,FM
ufuktuncer,FM
ughuzovravan,FM
uhlmannfan,FM
ukrop2019,FM
uk_23,FM
ulf55,FM
umumba_fm,FM
unchartedchessplayer,FM
uncreativename123,FM
undead-boy,FM
underthebridge1999,FM
ungeferarri,FM
unknowntheoretician,FM
unknownxarmy,FM
unkownspy,FM
unkreativ3,FM
unlaw69,FM
unmerciful_life,FM
unstoppable_legend,FM
unstuckfrommud,FM
ununinspiriert,FM
un_poisson_chess,FM
upsylon,FM
urumirtsepmet1,FM
us30chess,FM
user234564,FM
username239759821,FM
username748,FM
username983527891,FM
ushalnotpass,FM
ust_b,FM
usurpov,FM
ut8dhf6e,FM
utessimdzhanov,FM
uzep2023,FM
vacheh009,FM
vaibhavraut99,FM
vakukl,FM
valdesuti,FM
valen562,FM
valentindd1010,FM
valentunhulka,FM
valerian91,FM
valeriocarnicelli,FM
valio_m1948,FM
valiyev_shahin,FM
valk4,FM
vallechess1,FM
vallek86,FM
vamostodorecto,FM
vancilla,FM
vandros57,FM
vanek_runets,FM
vanfmi,FM
vanhoolandt,FM
vankyo02,FM
vanrommel28,FM
vanyakuba,FM
varnabeast,FM
vasiesiuvictor,FM
vasilovartur,FM
vasily85,FM
vasskas,FM
vataros,FM
vazabanga,FM
vdovindmitry,FM
vd_coach,FM
vedantgoswami,FM
veganator13,FM
veganforfuture,FM
vegas_j,FM
veiso,FM
velandiasaurio,FM
veleamater,FM
veltrix01,FM
vendango,FM
venemycin,FM
vengodelfuturo,FM
vent-solaire,FM
venturov,FM
verdest,FM
veritolinda,FM
verybadlybald,FM
vespasian23,FM
vfernandezb,FM
viacheslav92,FM
vicedean,FM
vicoy007,FM
vidalnovich,FM
vidargrahn,FM
vidavi,FM
viennarocket,FM
vierski,FM
vikber19611,FM
viktoker,FM
viktorgen2021,FM
viktorhnielsen,FM
viktorko131,FM
viktors2003,FM
vilchess1966,FM
vilimekv,FM
vincefm,FM
vincentblom,FM
vinclat,FM
viniciusrego,FM
vinijr1207,FM
vinzentspitzl,FM
viresh06,FM
vishwa_vijeta,FM
vision666,FM
vitlopare,FM
vkmatta,FM
vkorennoy,FM
vlad1drakula,FM
vladan87,FM
vladimirdamjanovic,FM
vladislav_chizhikov,FM
vladmikhel,FM
vladpff,FM
vladyc,FM
vlad_sid,FM
vlajkovics,FM
vm2027,FM
vmulay,FM
vojtap,FM
vojtariha,FM
volcanator,FM
volcanoexplorer,FM
volodinalexandr,FM
volovier,FM
vomdingjetzther,FM
vorech,FM
vorobei1978,FM
voronbs,FM
vovasev,FM
vpa,FM
vplotkin,FM
vpsetter,FM
vraghav2010,FM
vrashank_chouhan,FM
vsevolod_ovchinnikov,FM
vstrugatsky,FM
vuka65,FM
vuks91,FM
vulcanochess,FM
vups3n,FM
vversipellis,FM
vvg2,FM
vyprd,FM
waggx,FM
waldowhereami,FM
walinder,FM
wallstreetpete,FM
waltereador,FM
walter_white777,FM
walter_white_poland,FM
wanyaland,FM
warblingyarbles,FM
waremblem,FM
warmachine77,FM
warmoatmeal,FM
warre,FM
warrenelliott,FM
washburn06,FM
wb-nl,FM
wcares,FM
wclasker,FM
wdch,FM
weaintsurepal,FM
weegbree,FM
weetik,FM
weifd,FM
welshtiger,FM
wenx95,FM
wesleywang1,FM
wgraif,FM
whatisgoingoninmybrain,FM
white31,FM
whiteangel2001,FM
whitebishop99,FM
whiteking2009,FM
whitemirrorninja,FM
whiterhino,FM
white_ghost,FM
white_phoenix,FM
whyme85,FM
whyudothat2012,FM
wiktorgolis,FM
wild3000,FM
wildtricks,FM
wilhelm_steinitz86,FM
willc-h99,FM
willcab71,FM
willhaven3,FM
williamalfarocaracas,FM
williamschill,FM
williamvanr,FM
williestew,FM
willi_skibbe,FM
will_graham,FM
will_grigs_on_fire,FM
wilver92,FM
wimhk,FM
win0rlose123,FM
windwhistler11,FM
winneroleg,FM
winner_7777,FM
wintun1979,FM
wisdomin,FM
wiseking_08,FM
wise_guyyy,FM
wiskey2,FM
wissewas,FM
witcher8,FM
witik,FM
witold_lechowski,FM
wizardattack,FM
wizarddesert,FM
wizard_97,FM
wjeun,FM
wlrs,FM
wolfbaobaolang,FM
wolfje95,FM
wolkzy01,FM
wolphaartsdijk93,FM
wonderfullfander,FM
wonderknight64,FM
woodhy,FM
woody050,FM
workhard91,FM
worldchampionbulletchess,FM
wpwpwp-2015,FM
wqws,FM
wrapbattle,FM
wtfai,FM
wuinaterjr,FM
wulverine02,FM
wunderkind2011,FM
wwwww13,FM
wyneinteressierts,FM
wzawzdb-afca1900,FM
xadrezvalle,FM
xakevicius91,FM
xaola,FM
xavier_mompel,FM
xberli,FM
xereslt,FM
xeslu,FM
xhembulla,FM
xiaoxuan2012,FM
ximpervious,FM
xiximinski,FM
xjohntitorx,FM
xrtvilak,FM
xscotlandx,FM
xswayzxc,FM
xtremeungar,FM
xtrx5,FM
xuspiii,FM
xychessfm,FM
xyvora,FM
y3b4,FM
yahav_emanuel,FM
yamp2016,FM
yankitaspinar,FM
yan_dyomin2010,FM
yaremenko_roman,FM
yartarget,FM
yaryi_sergey,FM
yasa,FM
yashasdevappa,FM
yasinemrah,FM
yasinka2016,FM
yavrukurt40,FM
yawaleriy,FM
ya_coco_jamboo,FM
ybruned,FM
yegoryoch,FM
yeiko2017,FM
yellowdragoon,FM
yeritsyaan,FM
yeritsyan_aram,FM
yerkinio,FM
yerlan-ra,FM
yessssssdooooothat,FM
yevhen_demydiukov,FM
yifan2010,FM
yifeihu2012,FM
yildirim2018,FM
yimamabera2440,FM
yjjga,FM
yoelpolanco,FM
yokozuno,FM
yoolund,FM
yosha_iglesias,FM
yoshkinkot,FM
youaremate,FM
youbenchmorethanme,FM
youngdinousaur,FM
youngmarcus03,FM
youngmegamind,FM
youngtal123,FM
younus64,FM
youshallnotpass001,FM
ypografos,FM
ypradafah,FM
yrtimd,FM
yscavok,FM
yudinetz,FM
yujiahao,FM
yuki_chess123,FM
yurasovmat-2012,FM
yurovskykh_oleksandr,FM
z3itnot30,FM
zacachess,FM
zackyyd,FM
zadar321,FM
zaguer,FM
zakinilay2306,FM
zambranojean2002,FM
zappbrannigan007,FM
zappi1969,FM
zaro1309,FM
zashibeatles,FM
zatonskihvitaly,FM
zawwan27,FM
zayneelzein2011,FM
zazuliak,FM
zdavid12,FM
ze-pequeno,FM
zeberro,FM
zeebraa,FM
zeeuwke,FM
zeev35,FM
zelenkacourt,FM
zelfmat76,FM
zenonofcitium,FM
zenzo,FM
zeynal195,FM
zgorl,FM
zhangxiaopeng,FM
zherom71,FM
zhuban,FM
zig_zag_zug_zwang,FM
zimmer-bal,FM
zipa5,FM
zitelo,FM
zivicd,FM
zizageantpawn,FM
zlatfm2,FM
zmof,FM
zocpoc71,FM
zoffy13,FM
zolidernas,FM
zoltanchef,FM
zoombii,FM
zoqte,FM
zorbos,FM
zozik,FM
zsizsi99,FM
zsoltinyo,FM
zsoltkorpics,FM
zuchbolt,FM
zuko_2004,FM
zumpili,FM
zuramik,FM
zycie_to_gra,FM
zyxon,FM
zzzazzzz,FM
z_chess6,FM
z_legendisback,FM
011jee,WFM
13queen31,WFM
140mariam,WFM
1spongebob,WFM
200orbustqueen,WFM
4_erg_sakenova,WFM
7next,WFM
aadhya98,WFM
aamuktha-guntaka,WFM
aanna12,WFM
aayaisyah,WFM
abcdefghiandu,WFM
ac0412,WFM
acaiberryy,WFM
accce4ka,WFM
ace01,WFM
adhararr5,WFM
aekaki18,WFM
aesthetically_roo,WFM
africanqueeeeen,WFM
agrawalkiran,WFM
aguwtmcgiem,WFM
ahlamee,WFM
aiaru-01,WFM
aidannoo,WFM
ailirpemas,WFM
ajames1987,WFM
ajmo333,WFM
ak212v,WFM
akareen11,WFM
alannab01,WFM
aleksanchess,WFM
aleksandraaleksandrova,WFM
alenaku,WFM
alena_skvortsova,WFM
alenzer,WFM
alesa2,WFM
alessiasanteramo,WFM
alexandrabotez,WFM
alexandramtz,WFM
alexandrasamaganova,WFM
alexia_iordache,WFM
alicewinns,WFM
alievasasha,WFM
alina_gumerovna,WFM
alla_mkr,WFM
alsu1865,WFM
alyaska,WFM
amandarm,WFM
amateurwithouttalent,WFM
amazonkam,WFM
amelia91,WFM
amen_milady,WFM
aminaguenadez,WFM
ammazapha,WFM
anabelgt,WFM
anachess2182,WFM
anakuchava,WFM
anasasii_ki,WFM
anastasiaprotopopova,WFM
anastasia_nesytova,WFM
ana_shamatava,WFM
angieflynn,WFM
angrydracula,WFM
ani_mari,WFM
anjum004,WFM
anna20240,WFM
annachesschic,WFM
annacramling,WFM
annagozel,WFM
anna_ko_rnd,WFM
antonovanadezhda,WFM
anuprita19,WFM
anushanlv,WFM
any040,WFM
anyushki,WFM
apokalipsa13,WFM
appl3cider,WFM
ariisw06,WFM
arlettiii,WFM
arnash_bauyrzhan,WFM
arrover,WFM
asalimova,WFM
asianchess2020,WFM
asiorex,WFM
asmafant06,WFM
asortafairytale,WFM
aufeve,WFM
avpr,WFM
awesomechess111111,WFM
awesomemango,WFM
azizanaa,WFM
aztuna,WFM
badamo0,WFM
bada_norovsambuu,WFM
badogidon,WFM
badouuu,WFM
balakannamma96,WFM
bananaalm,WFM
barbara25,WFM
basiakielbasia,WFM
begimayzairbekova,WFM
benignaaa,WFM
berriies,WFM
besigebytjie,WFM
bestestbp,WFM
biacoca,WFM
bigsis01,WFM
blackwhite017,WFM
blackwidow515,WFM
black_pawn_16,WFM
blazingbanana,WFM
blecourtowitch,WFM
bobbithebuilder11,WFM
bodhanas,WFM
bodogneszomorilla,WFM
brainnet,WFM
brilliant_queen01,WFM
bubblyoyster,WFM
buiichess,WFM
bukiiletaa,WFM
bylavochka,WFM
c-joy,WFM
caissacubana,WFM
caissameza,WFM
calipzzo,WFM
camilaavelino,WFM
canadianoctopoid,WFM
canaryqueen,WFM
carmelissa,WFM
carolsantosalmonte,WFM
castlelove2020,WFM
cas_sversion,WFM
cats-woman,WFM
ccccvhhhj,WFM
ccm2,WFM
cdabosco,WFM
ceciguillo,WFM
champion0403,WFM
charne,WFM
chartreuxx,WFM
cheekyshrimp,WFM
chempiblinka,WFM
cherkasovamarina,WFM
cherysi,WFM
chess151004,WFM
chess4always,WFM
chessbliss09,WFM
chessculator16,WFM
chessdadleague,WFM
chessgm3000_bw,WFM
chessgoddess,WFM
chessislife110,WFM
chesska16,WFM
chessland2004,WFM
chesslani123,WFM
chessma48,WFM
chessmaugli,WFM
chessmisskiss,WFM
chesspaider,WFM
chessparakeet,WFM
chesspingvin1995,WFM
chesspionage64,WFM
chessplayer_357,WFM
chessprincesa1,WFM
chessqueen2200,WFM
chessqueen64,WFM
chessqueenlq,WFM
chessyanchik,WFM
chess_09l,WFM
chess_biscuit,WFM
chess_blondinka,WFM
chichi192,WFM
chickneggz,WFM
chicquitita,WFM
chimbiri,WFM
chiquitita23,WFM
chitogvritooo,WFM
chxss_khxsbu,WFM
claudiasof,WFM
clumsy2022,WFM
cms13,WFM
coachchouchan,WFM
codobrego,WFM
conmbatha,WFM
conscientiousconscious,WFM
corals,WFM
crazycheesecake,WFM
crazy_m_attack,WFM
cycygogne,WFM
czechbul17,WFM
dahamdi_sanudula,WFM
dalichess,WFM
damayito,WFM
danak2007,WFM
danet1994,WFM
danishcrown,WFM
dark_horse05,WFM
darya_anatolyevna,WFM
darzay,WFM
deadly_calibration,WFM
deekayy,WFM
defencer2006,WFM
deletham,WFM
delfin000,WFM
denikina,WFM
deutschekaros,WFM
devinestars,WFM
dezz-takhtef,WFM
dharichess,WFM
dhyanapatel,WFM
dianamirza,WFM
dii210,WFM
dilhara_ishini,WFM
dinushkipremanath,WFM
dkh_old,WFM
dobby_the_elf,WFM
dohtem16,WFM
dominikaf,WFM
donnamurray,WFM
dontcatchmeifyoucant,WFM
dragonmeleys,WFM
drevo7,WFM
dtrecg_0,WFM
eatsumoschinken,WFM
eceozzzzz,WFM
ecrinella,WFM
ednasiajunior,WFM
efembe,WFM
eguindy,WFM
elaisaz,WFM
elektra_01,WFM
elenapershina,WFM
elenek99,WFM
elis06,WFM
elizabetelimanovska,WFM
elizabethspiegel,WFM
ellsyum,WFM
elmishigami,WFM
elodosia,WFM
eloquentenigma,WFM
emesebalogh,WFM
emma0110,WFM
enrica007,WFM
equeen7,WFM
erahatom,WFM
ernestina08chess,WFM
ersekitamara,WFM
esa_2009,WFM
esdo577,WFM
estudiar_001,WFM
eterik,WFM
etlouis,WFM
euge_chess,WFM
evangelia2012,WFM
e_fik,WFM
e_s_v,WFM
fabsylla,WFM
farah_rhm,WFM
faux-account,WFM
fla2021,WFM
flameoak4464,WFM
fleursbouquet,WFM
flomaster111,WFM
flucie,WFM
fluffy-cactus-verified,WFM
fortunategirl,WFM
foryfo,WFM
foxmanoban,WFM
frenchfries07,WFM
frenchplayer2203,WFM
frostflower,WFM
fshora,WFM
gamblersdeltablero,WFM
gato_patinegro,WFM
gazasoul,WFM
gazpacho210,WFM
gelipioana,WFM
gemdzq,WFM
genialdama,WFM
geychess,WFM
giacinta_k,WFM
gibzzz,WFM
girlmaster9,WFM
gisela_roque,WFM
glowlxy,WFM
gobbles19,WFM
goofypenguin96,WFM
gpsji27,WFM
gracielah,WFM
gredondo,WFM
gretercr006,WFM
grineva_marianna,WFM
grozdanovic_a,WFM
halla_123,WFM
hammahamma,WFM
hannahlor,WFM
hapinka,WFM
happypawn17,WFM
happyushindi,WFM
harlene0712,WFM
haski_2014,WFM
hawes33,WFM
heavenlyheartxd,WFM
helenajoanalichen8,WFM
hilmiparveen,WFM
hjlc2009,WFM
hoangdang2023,WFM
holdbarhet,WFM
homino,WFM
homyakova_elena,WFM
hongnhung1234,WFM
honorataa,WFM
housewife07,WFM
huachiminga,WFM
huntress_m,WFM
iamchesschess,WFM
iana_shirova,WFM
ieie2007,WFM
ifunstoppable,WFM
ighanna,WFM
ilovetravel22,WFM
inadac,WFM
inessilva09,WFM
infinit1y,WFM
ingaluxemburg,WFM
invisible_s0ul,WFM
in_shambles,WFM
irena10,WFM
irina_barchuk,WFM
itsdsyr,WFM
iudina-veronika,WFM
ivy-2009,WFM
ivyamoko,WFM
j164,WFM
jackechess,WFM
jala111,WFM
jannat65,WFM
jannat_65,WFM
jennifermochess,WFM
jennyqi13,WFM
jen_am,WFM
jerglermeister,WFM
jessicahs,WFM
jessy-molina,WFM
jevgenijaleveikina,WFM
jezozwierzejedzawieze,WFM
jjedrikjg,WFM
jlesya,WFM
joelynli,WFM
jojo_1608,WFM
jojo_898,WFM
jovana51796,WFM
judit041024,WFM
juko7812,WFM
juleona,WFM
juli2512,WFM
juliana_figueira,WFM
julia_ushakova,WFM
julipy,WFM
julix,WFM
julkano,WFM
jumping_parrot,WFM
just-na,WFM
kaissa10,WFM
kaitlyninc,WFM
kamb2r,WFM
kamilahryshchenko,WFM
kanwalb,WFM
karina_ivanova,WFM
kasandra124,WFM
kaskrik11,WFM
katarinaostojic,WFM
katchesskat,WFM
kate1606,WFM
katerinamiroshnik,WFM
kavithaje,WFM
kbt123411,WFM
keopki,WFM
kgutierrez95,WFM
khaliunaa01,WFM
khazieva_elza,WFM
khuslen2008,WFM
kick-start-the-rhythm,WFM
kiddoo55,WFM
kikalaurincova,WFM
kilpkonn,WFM
kingapolak,WFM
king_19772009,WFM
kittycat35,WFM
klean_shuqja,WFM
klercaku,WFM
klokan64,WFM
klonik,WFM
knightfall_24,WFM
knight_attacker10,WFM
koalat84,WFM
kornilovaeg,WFM
koterv1610,WFM
krauchenia_nastassia,WFM
krokodilo17,WFM
krompirchek,WFM
ksenia_legenko,WFM
ksenijan,WFM
kurkusha,WFM
kusiia,WFM
kutyapofa,WFM
kuzol,WFM
kvackopela,WFM
kvissv,WFM
k_alena13,WFM
lachaturanga,WFM
lady_berry,WFM
lady_nika,WFM
lamachampetre,WFM
laracroft_07,WFM
larciano,WFM
larina_maria,WFM
larina_marija,WFM
larisa004,WFM
laurasum,WFM
laura_smith,WFM
lcmorningstar12209,WFM
lelya96,WFM
lenedekock,WFM
leonelagutierrez,WFM
leslymontufar,WFM
letigamb,WFM
liashkevich,WFM
lia_maria,WFM
lifeisallaboutchess23,WFM
lightspeedflyer,WFM
lilcrab00,WFM
lilekoridze,WFM
lilovence,WFM
littlechessfan,WFM
littlemymoomin,WFM
littlepawnfriends,WFM
livingthechesslife,WFM
livvy2020,WFM
lm13wnh,WFM
lokshade,WFM
loreleicornelisse,WFM
lubovmarkelova,WFM
lubov_gordyk,WFM
luca_s14,WFM
lucena125,WFM
lucieryb,WFM
luckyscarecrow8,WFM
lucypas,WFM
luibov_an,WFM
lullabyvisca,WFM
luluc,WFM
luminaryhunter,WFM
luzia16pires,WFM
lysiak_poltorak,WFM
l_thno,WFM
m4rlbo,WFM
m5mnooo,WFM
maaikee,WFM
madmax011,WFM
madoge,WFM
madre_jedi,WFM
magdaza,WFM
mahima_r,WFM
makogon_natalya,WFM
malinaaa02,WFM
maltaqueen,WFM
manarkhalilxxxx,WFM
mane_moran8,WFM
mangofish594,WFM
manuela004,WFM
maplet,WFM
mar3elamrilaila,WFM
marcia2911,WFM
marepant,WFM
margarita2907,WFM
margarita_2703,WFM
mariaa2,WFM
mariaannastefanidi,WFM
mariaeizaguerri,WFM
mariamijaniashvili,WFM
marianacadilhac,WFM
marianikolaieva,WFM
marichola,WFM
mariia89,WFM
marika_japaridze,WFM
maroro07,WFM
marrrrrrry,WFM
marryp05,WFM
marsik123456789,WFM
marsofsilva,WFM
marusyakholyavko,WFM
marvialvarado,WFM
mary-sanna,WFM
marylolygonzalez,WFM
maryna1p,WFM
mary_bru,WFM
mashafromrussia,WFM
masteramy,WFM
mata_ratas,WFM
mathilde0611,WFM
matmaskinen,WFM
maudsjakkerdeg,WFM
mbdida,WFM
mchoisy,WFM
melindavarga,WFM
merryram,WFM
merybliya,WFM
me_ch_an,WFM
miau_2024,WFM
michellekatkov00,WFM
michelle_yaon,WFM
mightypawnschess,WFM
mildalaub,WFM
milenapn,WFM
minhpham13,WFM
minizazaqueen,WFM
minty_bubbles,WFM
miryamcalle,WFM
missigirl,WFM
missmariposa,WFM
missponyo10,WFM
miss_katniss_everdeen,WFM
mkforever,WFM
mmaks007,WFM
moldytofu,WFM
momojunkai,WFM
mona_mahini,WFM
mong2069,WFM
monika84,WFM
monikarozman,WFM
monikastojkovska,WFM
moorea02,WFM
mordovsky_dog,WFM
morechessjulia,WFM
motolko,WFM
mrp2702,WFM
mrsmarple1968,WFM
mrsmegaminx,WFM
mr_graffin,WFM
msachintha,WFM
msalazarg,WFM
mslemongirl,WFM
msspock73,WFM
ms_queen_of_chess,WFM
mufasaa00,WFM
murraysp,WFM
mw86,WFM
nadezdapentala,WFM
nagsark,WFM
namagandachristine,WFM
namerley,WFM
nanguyen,WFM
nanmkkhinehlyan,WFM
nansubugag,WFM
narminsoyunlu,WFM
naruneco,WFM
nasrin_babayeva,WFM
nastasia28,WFM
nastassjamatus,WFM
nastyahn,WFM
nata_jibuti,WFM
natelleka,WFM
natrost2000,WFM
nazranakhan074,WFM
ncatt,WFM
neevklid2001,WFM
neriida,WFM
neri_gaite,WFM
newrules09,WFM
nhn_08,WFM
nicecream18,WFM
nicky_mf,WFM
nicollem13,WFM
night_player,WFM
nikolama2000,WFM
nikolinakol,WFM
nimven,WFM
ninaguilar,WFM
ningyzhou,WFM
ninocanina,WFM
nisemayumayu,WFM
nishyuu,WFM
niviattack,WFM
noela1512,WFM
noncrediblefrenchdefense,WFM
nuharilwan,WFM
nunezfanny2001,WFM
nuscha3,WFM
oanachessmalta,WFM
olga-belka,WFM
olga_ustinova,WFM
olya_oblachko,WFM
olya_penkrat,WFM
olympedg,WFM
onter8,WFM
opening-expert876,WFM
ori99,WFM
oriiqueen,WFM
osensei,WFM
otiliabaciu,WFM
palipali,WFM
pal_mar,WFM
pantda,WFM
paparovgr,WFM
parthenope,WFM
pattycastillo,WFM
paulachess,WFM
paularossi99,WFM
pauloba,WFM
pawn0209,WFM
pe0312,WFM
pearl1988,WFM
pepita111,WFM
perpz,WFM
pestilentpigeon,WFM
petrakejzar96,WFM
petrova_elizaveta,WFM
petrova_yulia,WFM
photochess,WFM
picturewindow1,WFM
pihu_123gupta,WFM
pikku_myy73,WFM
pineapplepawn555,WFM
pineapplepenn,WFM
ploddingpawn,WFM
pmr135,WFM
polaroidsmiles,WFM
polinakarelina,WFM
polinayanch,WFM
poluprovodnik01,WFM
porosen,WFM
powermove,WFM
prachiti01,WFM
preobrazhenska_d2011,WFM
prestizh94,WFM
priyadarshini_m,WFM
prlpl,WFM
promotedpawn101,WFM
promotingknight,WFM
prxcess_brownie,WFM
psyducky,WFM
pumukli,WFM
purple_passion,WFM
pushingsomepieces,WFM
pusnas,WFM
quattroporte300,WFM
queenelnara,WFM
queenkriz,WFM
queensonboard,WFM
queenuhh,WFM
qunbynaaaaa,WFM
raana75,WFM
rachess976,WFM
rackermanz4,WFM
rackris,WFM
rainfall17,WFM
rajasurya89,WFM
raloloit,WFM
ramakalapati,WFM
ramyrescoelho,WFM
rasand,WFM
razan_sh,WFM
rebecajimnz,WFM
rebeccajs,WFM
red_riding-hoood,WFM
renathy,WFM
reniite,WFM
reprunnadezda,WFM
resnullus,WFM
rinky12,WFM
riya_savant,WFM
rmsiva,WFM
rockdollfanfan,WFM
rola92,WFM
rollercoaster29,WFM
ronitlevitan,WFM
rookpower2004,WFM
rosangela,WFM
roxannyzoldyck,WFM
rozabaku,WFM
rozabakutwitch,WFM
rozana_gjergji,WFM
roza_idrisova,WFM
rr190,WFM
rrbv,WFM
rubyjane_63,WFM
rusalka1022,WFM
ryada,WFM
saara_sunea,WFM
sabidago,WFM
safabensaid,WFM
sakura123,WFM
sallyabbas18,WFM
samigullina,WFM
sampaguita08,WFM
samrevita,WFM
sana1027,WFM
sanachess1027,WFM
sanatan9999,WFM
saparyag,WFM
saranyadevinarahari,WFM
saraswathii,WFM
sasha2109,WFM
savastoisavljevic,WFM
scandi11,WFM
schachbrettchen66,WFM
schachlana,WFM
schach_bruna,WFM
schackelina,WFM
scorpio199999,WFM
scratch24,WFM
season_change,WFM
seastar,WFM
secretroses,WFM
serafima,WFM
serly25,WFM
sgq,WFM
shadowmate2012,WFM
shaina-sif,WFM
shamshank,WFM
shanyrak,WFM
sharon1407,WFM
sha_moo,WFM
sherlockvn,WFM
shiningfire,WFM
shivi_002,WFM
shohrehbayat,WFM
sigappi30,WFM
sillypiggy2024,WFM
sillysarah1988,WFM
silviascarpa,WFM
simplydevina,WFM
sirichess_2012,WFM
sitorasmart,WFM
skandachampion,WFM
small_dragon,WFM
smilesandmiles4,WFM
sndp24onz,WFM
snehahalder2009,WFM
snehu2009,WFM
sofia_blokhin,WFM
sofrevskal,WFM
somethingawesome7,WFM
sonaliruttu,WFM
sonenanguyen,WFM
soniahris,WFM
sonic-2025,WFM
soylatte17,WFM
speedofsound7,WFM
spela91,WFM
springring,WFM
spytihneva,WFM
sriprae,WFM
srqt2023,WFM
ssunu,WFM
stefanamilutinovic,WFM
stefy02,WFM
stela28,WFM
stelasfw,WFM
sth3r,WFM
stosk,WFM
stre_sebt,WFM
sudehereklioglu,WFM
sujanalohani,WFM
sunny_star,WFM
supergiuly,WFM
surefinewhatever,WFM
susan64,WFM
sveger1312,WFM
swenga,WFM
szefru,WFM
szkolaedytaszromba,WFM
tanima007,WFM
tantaan,WFM
tapson67,WFM
tcincinato,WFM
teacher4chess,WFM
televisionishere,WFM
tf24,WFM
thandaaw,WFM
thaugremista,WFM
theblackpoodle,WFM
thecatdoglady,WFM
thefirstchess,WFM
thegrimpoteuthis,WFM
themarauders,WFM
thesmallergreek,WFM
thesoundoftheocean,WFM
theunstoppablequeen,WFM
the_namelessss,WFM
the_princess_moon,WFM
thomine,WFM
tihanaivekovic223,WFM
tipibeka,WFM
today_good_day,WFM
todimensionelle,WFM
tolia123,WFM
toshali,WFM
toxic_haste21,WFM
trickyninjaqueen,WFM
trovita84,WFM
trriinu,WFM
tuongminhcute,WFM
turtlepawn20,WFM
tutifrutty,WFM
tylityli,WFM
ub_thequeen,WFM
ulia_escha,WFM
unbreakable7,WFM
undomiel13,WFM
untucopalatimba,WFM
uthoang,WFM
uthra18,WFM
uwasejose,WFM
valy02chess,WFM
varvara_poliakova,WFM
veravujovic,WFM
vesapesa,WFM
vesnas73,WFM
vicmary2005,WFM
vignesh2809,WFM
vinacoffe,WFM
viskop09,WFM
vivjs,WFM
vladasviridova,WFM
volanchikchess,WFM
voltos67,WFM
vrush_1310,WFM
vse_po_kaify,WFM
vtdulmh,WFM
wa172039,WFM
wabuti,WFM
wallowss,WFM
wannabeblondie,WFM
wave333,WFM
weasy6,WFM
weirdaje,WFM
wendytheting,WFM
wen_wrn,WFM
wfanasta,WFM
wfmlauramartin,WFM
wfmloritamwango,WFM
wfm_sara_adel,WFM
whitekiwi,WFM
wildcactus,WFM
wildontwitch,WFM
wilsy19,WFM
winniethepooh04,WFM
woodpecker108,WFM
xhlc,WFM
xoaixanh,WFM
xozr,WFM
xsenon054,WFM
xuetianhao,WFM
yaleikachung,WFM
yarmmierule,WFM
ybaozi,WFM
ychess6,WFM
yek94,WFM
yellow_orangee,WFM
yuliagok,WFM
yumibear,WFM
yunker_alisa,WFM
yurasova_daria,WFM
yushko_olga,WFM
yvettens,WFM
zainullina_nataliya,WFM
zakiasultana,WFM
zarinashafigullina,WFM
zedskyx,WFM
zmeeed63,WFM
zuzanak,WFM
1234abcdjohnny,CM
19andi73,CM
1c4_1-0,CM
1gelm9ister,CM
1lost6memory,CM
2026henryhe,CM
20ofjuly,CM
21jamal,CM
21osakat,CM
274tt99,CM
2sks,CM
2typicalchessplayer,CM
55reszeltalma,CM
5sight,CM
a3aki,CM
aachess2006,CM
aandi123,CM
aaponter,CM
abbesali,CM
abc_xyz4744,CM
abd-2025,CM
abeautifulmasterpiece,CM
abigailcabezas,CM
abinesh12345,CM
ableabel1974,CM
ablunderman,CM
abrab_64,CM
absolutecinema420,CM
abuhanan,CM
ac-008,CM
acasualchessplayer24,CM
ace-from-space,CM
acertijo08,CM
acollins05,CM
actuary44,CM
adam4757,CM
adanap_04,CM
adchek,CM
adekb2005,CM
adham_hossam2011,CM
adnan_habib,CM
adrian-thorsen,CM
adrianito15,CM
adrianmiranda2008,CM
adrianonunesfx,CM
adrian_g19,CM
advancedrook,CM
advicecabinet,CM
advik1b,CM
afkbiki,CM
agapecrush,CM
aguscm2018,CM
agustin_meza,CM
ahmedotaleb,CM
ahmet_future2700,CM
ahmet_rd_1337,CM
ajedrez-facil,CM
ajedrez1101,CM
ajedrezinteligente,CM
akanga001,CM
akatsukiloghorizon,CM
akhairat,CM
akhalkalakets_11,CM
akhilesh_nagare,CM
akiba182,CM
akinov-akinseye,CM
aklan10n,CM
albaricoque2,CM
albertopierce,CM
albert_kloc,CM
alblooshi_hamad,CM
alcohol,CM
aldobaral56,CM
alebrahim,CM
alejanchess73,CM
alejandrobalde,CM
alejandrocapanegra,CM
alejandropacheco29,CM
alekhine_warrior,CM
aleksandar-topalov,CM
aleoda,CM
alexandercs432,CM
alexandermikli,CM
alexandrechecs,CM
alexandrehouhou,CM
alexboy14,CM
alexjr20,CM
alexppixe,CM
alex_jose_iraeta,CM
alex_yang,CM
alfiefischer77,CM
algatar2020,CM
alielier,CM
alik_h228,CM
alisuma,CM
allespatzer,CM
almaguerjm,CM
aln276,CM
alohamora11,CM
alphagm1729,CM
alvarorodriguezavila,CM
al_sa_co,CM
amadeus17,CM
amadeus2006,CM
amanjazu,CM
amardeepb,CM
amazingalbany,CM
amberplayer,CM
amierzuhrix,CM
aminazinas,CM
amithpal,CM
amithpal64,CM
ammarzooqi,CM
amr05mj,CM
anadar,CM
ancient-of-days,CM
ancient_wrath,CM
andrei_sator,CM
andrei_skvortsov,CM
andrew-fb00,CM
andrewdgreen,CM
andrey-ivanov2011,CM
andrzej,CM
animationdomination1,CM
anirban_73,CM
anish_gandhi,CM
anononano,CM
anonyman001,CM
anonymous-12341234,CM
anonymouschessenjoyer,CM
anskam,CM
ansko1999,CM
ansukam,CM
answer03,CM
antardhana,CM
antonusss,CM
antonw55,CM
anton_vasi1enok,CM
anuar_tureshbayev,CM
aplommb,CM
apotatointhekitchen,CM
aquilate,CM
aragon,CM
arf2025,CM
arimin1329,CM
arjasak,CM
arlan_mirzhanov,CM
arlo2024,CM
armanghevondyanchess,CM
arniechipmunk,CM
arnofascio,CM
arrueba,CM
artemiki,CM
artisticonline,CM
artistic_attacker,CM
arvids_andrejevs,CM
asatryangor,CM
aseel_odeh,CM
ashleykrushc,CM
ashrafi1988,CM
asimali1977,CM
asmp,CM
asmund_hammerstad,CM
assdour,CM
astana202420,CM
asterix99,CM
asymptotics,CM
atlanta99,CM
atm622,CM
atomicaxis,CM
atomicchessbomb2200,CM
atropellamonos3000,CM
attacks_hurricane,CM
austinthomas12345,CM
austin_chen,CM
avenakhenjoyer,CM
aviksarkershubha,CM
avileyshon7,CM
avorton,CM
awayceiling,CM
axlbvrr,CM
aydusha,CM
ayellowlemon7,CM
ayodub,CM
azde,CM
azoulas1,CM
a_ccelerator,CM
b777w,CM
babadexiaobao,CM
babaloka,CM
babujj,CM
back1nbusiness,CM
backtothebeginning,CM
bad4life,CM
badi50,CM
badiudifora,CM
bad_al_bad,CM
bagge89,CM
bahamaswadeh,CM
balack95,CM
baldy,CM
ballottiluca,CM
bananadates,CM
banthony197,CM
baptisteyannick,CM
barath1308,CM
baratheont,CM
barbosean,CM
barca_hamilcar,CM
barsoi85,CM
bartsimpson24,CM
basicbishop,CM
batsford,CM
battery_chess,CM
battlestargalactica04,CM
bauernstuben_warrior,CM
baxyq,CM
bearandwolf,CM
beast_20_20,CM
behzsa,CM
bendybear,CM
benedekisti,CM
benkoni_kid,CM
bergenchessacademy,CM
berislav222,CM
berlin_wa11,CM
berndwolfram,CM
bernt42,CM
bestbytest246,CM
beto-betun,CM
bev-wow,CM
bewilder_titan,CM
bicicleta,CM
bidilluxih,CM
bigbites1996,CM
bigproblemsolving,CM
big_texan,CM
bikbon,CM
billforster,CM
billy_thekid30,CM
bilosuvenosu06,CM
bjarne_v,CM
bjorgestrand,CM
bjorn_holm,CM
bkmzzzzz,CM
bl4d3runn3r,CM
blackgreatking,CM
blacksirius,CM
black_swan1502,CM
bladlusen,CM
blagorod,CM
blazd,CM
blg125,CM
blindmancrying,CM
blitzblast1,CM
blitzbrains,CM
blitzlegendz,CM
blizzard222,CM
bluebluecow,CM
bluejaybro,CM
blunderingpanda01,CM
bmagnum2002,CM
bn1462,CM
boat2009,CM
bob16847,CM
bobbyfischer1508,CM
bobbyfisher_1943,CM
bobbymastermind,CM
bobdakow,CM
bobertosr,CM
bobster64,CM
boby_chess_2010,CM
bodhiknight,CM
bogdan363,CM
boguszp,CM
bojosi,CM
bombabombaclat,CM
bonantagulo,CM
bonchbrybonch,CM
borasavran35,CM
boriscx,CM
boris_plotnikov,CM
borocotoajua,CM
bossche-cm,CM
boutikaki,CM
bouzidian,CM
bracciolento,CM
brainboxchess,CM
brainoverbrute,CM
brandonjiang123456,CM
brapa,CM
braveasaclown,CM
bravecooba,CM
bravepenguin23,CM
breathechessalways,CM
brendan174,CM
brilliant_move_11,CM
bringanita,CM
brizuelareivis,CM
brombeerstern,CM
brother_lawrence1614,CM
brrrrrutal,CM
bruno314159,CM
brunomorado,CM
brunosten96,CM
bteillet,CM
buenamor1972,CM
buffypizza,CM
bugancal,CM
bugbug01052018,CM
buggy_el_pallasso,CM
bugledxn,CM
buihuyphuoc,CM
bulgakdamir,CM
bulletplayer2024,CM
bullhouse14,CM
burningggice,CM
burninggice,CM
bursabbsatranc,CM
butylkapiva,CM
bwert2602,CM
byb1112345,CM
c-87,CM
c64c64,CM
cacriefils1984,CM
cakeuvdort,CM
calmberserk,CM
calsamuel,CM
campingdirk,CM
campochess,CM
campomania3,CM
candidate_master,CM
cannolicchi,CM
capatilla,CM
captainplanet,CM
cardamomking,CM
carlnosen,CM
carlos-godoy,CM
carlosehc,CM
carlosgomezv,CM
carlosmoscoso,CM
cascarapapa,CM
casparov00000,CM
catalan-dragon,CM
catalinnc10,CM
caterpiller35,CM
catloverpl,CM
cchipanga1,CM
ceaselesstrom,CM
ceylonismcw,CM
ce_lion,CM
cfjohansson,CM
chain0,CM
chaitanya1932,CM
chalowey97,CM
champarden,CM
champblair,CM
chanchakman,CM
chariots_off_fire,CM
charlescandycampbell,CM
charly871,CM
charodej1,CM
cheburashka2013,CM
checkmatealot,CM
checkmatechampion01,CM
checkmatereaper,CM
cheer_down,CM
chellyart,CM
chenitha201583,CM
cheonsh420,CM
cherepov_alexej,CM
chess1student,CM
chess64surfer,CM
chessablanca,CM
chessamical,CM
chessbananas4,CM
chessbossgm,CM
chesschronicles123,CM
chesscoach2025,CM
chesscoach4u,CM
chesscoachrachel,CM
chesscoachtaipei,CM
chesscular_the_goat,CM
chessdemon2019,CM
chessfairplay2354,CM
chessfannm,CM
chessfiction,CM
chessfrois,CM
chessgamingpro,CM
chesshercules1,CM
chesshermar,CM
chesshorizon28,CM
chessisshocking,CM
chessjazda,CM
chessjester21,CM
chesskhan11,CM
chesskingcasa,CM
chesslh93,CM
chessloveyou,CM
chessmaster67890123,CM
chessmatic242,CM
chessmause,CM
chessmayhem1,CM
chessmilktea,CM
chessmotives,CM
chessnycm,CM
chesspapabear,CM
chesspattern_on_instagram,CM
chessplayer522009,CM
chesspupil777,CM
chesstar,CM
chessterminator67,CM
chesstiger64,CM
chessunicorn777777,CM
chessuriel,CM
chesswalebhau,CM
chesswarrior3,CM
chesswarrior3006,CM
chesswithakeem,CM
chesswizard1905,CM
chesswizard393939,CM
chessworks24,CM
chessy222222,CM
chess_boricua,CM
chess_detector,CM
chess_is_peace_2009,CM
chess_patient64,CM
chess_pur,CM
chezz_masterr,CM
chfsbr,CM
chhatturangam,CM
chigorin28,CM
chika-lily,CM
chinni2250,CM
chiuster,CM
chocolate_pieces,CM
cholmogorov,CM
chomiczek786,CM
chosenpr,CM
christianallen359,CM
christian_jordan,CM
christopher800,CM
chuchofrio1,CM
chuckphil,CM
chushoudelu,CM
cienfuegos07,CM
cisterciense,CM
ciucas1892,CM
clayk1ng,CM
clown-master_64,CM
cluepon,CM
cluke86,CM
cm-jorgetobar,CM
cm-oujda,CM
cmbutgood,CM
cmbutzone,CM
cmdi,CM
cmfernandez,CM
cmjkao,CM
cmrolchess,CM
cmunda,CM
cm_fm_im_gm,CM
cm_perligero,CM
cm_rui,CM
coach73,CM
coach_iserlohn,CM
coach_jacob,CM
cochess777,CM
cocoguette23,CM
cocomieee,CM
cocosiukas,CM
cocovitsch007,CM
cocovitschl77,CM
codapbg94,CM
codenaut404,CM
collonut,CM
colombattismo,CM
colorchangingpawn,CM
completepatzer54,CM
conejoviejo67,CM
conformalfunction,CM
connected_pawns1901,CM
cool64chess,CM
copanchess,CM
corfuinchess,CM
cornelison,CM
corpescador,CM
corvosfighter,CM
countmatroid,CM
crazybeasts,CM
crazykillingattack,CM
crazy_player5,CM
creativity,CM
cristiansampaoli,CM
crobliterator,CM
cronos96,CM
cronos97,CM
cross91,CM
cryptic_warrior,CM
csabba80,CM
cthake,CM
cthulhuuu,CM
cuchulin,CM
cugimura97,CM
cunning_horse01,CM
cuprichanin,CM
curacao2,CM
currutaco59,CM
cyb3rfight3r,CM
cyber-alekhine2,CM
cyrano-lossi,CM
czar101101101,CM
c_k_g,CM
d4ismine,CM
dacf2905,CM
dacresdon,CM
dadn02,CM
damai87,CM
danath74,CM
dangerousboy228,CM
dangerouscm,CM
danheisman,CM
dani097,CM
daniel-2003,CM
danielstarschess,CM
danieltitichoca,CM
daniilshnurov,CM
danilaalexandrov,CM
danioo,CM
dannylondon,CM
danshev16,CM
dantesa,CM
danylabagrov,CM
dao-sheng,CM
darian1102,CM
dark7421,CM
darkdefense15,CM
darkstorm64,CM
darkwhiteknight96,CM
dark_lukoje,CM
dark_monster123,CM
dark_night180,CM
darwizzyd,CM
dasatcu,CM
dasatcu90,CM
dashi10,CM
data_pillars,CM
davidalhesa2007,CM
davidhdzsts,CM
davidreti,CM
david_alex,CM
david_atm,CM
davigator,CM
davitsantryan02,CM
davserr65,CM
dbanak,CM
ddterziev04,CM
dealshark,CM
deathcounter,CM
deathlan,CM
debooshzilla,CM
declan-smith,CM
deenzerz,CM
deeper44,CM
degenwaifu,CM
deibittowers,CM
delusional_knight,CM
demon_lord11,CM
denisenko_denis,CM
denizdirikolu09,CM
denniskk,CM
depressed_frog69420,CM
dergelbfarbefanatiker,CM
derknipser,CM
desi_tal,CM
destroyerjohny,CM
dev_shah2007,CM
dewarfd,CM
dhammiko,CM
diablanni,CM
didenkosergey,CM
diegoddios,CM
diegosuarez53,CM
dilan_hernandez_hue1,CM
dimoni64,CM
dinujayakodithuwakku,CM
dinul,CM
disciplinedbrat,CM
disto,CM
diyaarada,CM
dkfdkqhrlglaemfwl,CM
dlbdlbdl,CM
dmitriizakurdaev,CM
dmotos,CM
dobrivojpopovic,CM
doctor_luber,CM
dodoucb,CM
dolynachess,CM
dominator811,CM
dominov,CM
donciao,CM
dond1997,CM
donpreuss,CM
donwhitenoise,CM
dorpato,CM
doudou2015,CM
doutorkennedy,CM
dracomaniac,CM
dragon2300,CM
dragonwizard02,CM
drcanchess,CM
drdyar,CM
dries02,CM
drimpractical1,CM
drisdan13,CM
drmegalord,CM
drn00binator,CM
drragnar1,CM
drrumbovsky,CM
drsteiniz,CM
drstrange2015,CM
drsutek,CM
drunkenstiener,CM
drwonderkid,CM
drzz_17,CM
dr_drunkensteinzz,CM
dr_morbiusbat,CM
dr_thomas_quilter,CM
duloi,CM
dumbunnyfish,CM
duongvuanh,CM
dvella,CM
dwaynejohnson19,CM
dynamicus,CM
dynamike123,CM
dynkshell,CM
dyrizone,CM
dzilleruelo,CM
dzithschess,CM
dziththaulydcc,CM
dzuffin,CM
e4d50-1,CM
e4evr,CM
e4lion,CM
e4vs,CM
earlybird2012,CM
easy-draw,CM
ebilski0106,CM
echecsetmath64,CM
ecksdeeeeeeee,CM
ecstacychess,CM
ecztery,CM
edgalbraith,CM
edgar_karagyozyan,CM
eduardarbereshi,CM
egeozz2020,CM
eggcomesbeforechicken,CM
egorov_pavel,CM
egoryakovlev,CM
einherjar521,CM
eithanruiz12,CM
eivissa,CM
ejw06,CM
ekgamekhelum,CM
ekorn21,CM
el-pansas,CM
elbebiber,CM
elcala,CM
elchechereche,CM
electrosaw,CM
elengajger,CM
eleo02,CM
elessar16,CM
elgoat010,CM
elgranepalma7,CM
eliclax,CM
elikemattah,CM
elimchesskg,CM
elite_trainer,CM
elizabethcastaneda,CM
elmaestro9fy,CM
elmismoxd,CM
elpatodice,CM
elreydelajedrez33,CM
eltenedor,CM
elvistecso,CM
el_ultimo_pablo,CM
emil-zander,CM
endgamedestroyer,CM
endgamemaster51,CM
endr_ball,CM
engineerspock,CM
enginity,CM
engleska,CM
english_help,CM
eniolw,CM
enjoychess_youtube,CM
enjoyyourchess,CM
enriquefarfanortiz,CM
enyonam-fumey,CM
enzofavara,CM
eprudentegcf,CM
eptsiberia,CM
ericli3,CM
escher,CM
escudito,CM
eseveisi,CM
esferocito,CM
esilegalrd,CM
esooq,CM
estebanniram,CM
estrategiasilenciosa,CM
estudiandoajedrezrd,CM
estupendastico,CM
ethereal_life,CM
etmasterl,CM
eugend,CM
eurander,CM
everydaychess2023,CM
evfachess,CM
exchangeab,CM
exitus_zenonis,CM
ezanatan,CM
e_and_a,CM
f-freire,CM
fabuloso_es,CM
fahmiaac,CM
failshot12,CM
familijatop71,CM
fandebobbyfischer,CM
fang3416,CM
fanl71,CM
fariasov,CM
fastknightz,CM
fastrocket2007,CM
fatih4167,CM
fatpawneater,CM
fatzl,CM
fdpo95,CM
fearlessking64,CM
fearlesss11,CM
fearless_warrior04,CM
federicovalverdefan,CM
federrocco,CM
feinspitz,CM
felix-rose,CM
felixto2010,CM
fernandoarauzalonso,CM
fernando_offermann,CM
ferrufino64,CM
fgawkfiv,CM
fif_08,CM
fightingmachine2025,CM
filipklim,CM
fillipos12,CM
fimaxnitzborn,CM
finally_i_won,CM
finejupiter,CM
firstchoice001,CM
fischerbobbyjames,CM
fischerkasparow,CM
fish_club,CM
fiskaren-1,CM
fitbison2,CM
fivestar242,CM
fjal,CM
flashpawnj,CM
flash_bj,CM
flawian2008,CM
flintrook,CM
flo65,CM
flomarechot,CM
florian-piringer,CM
flutaga,CM
flyingmapleleaf,CM
fm-davidsonr,CM
fondasmakris,CM
forastelo,CM
forbiddendesire,CM
fortitudinous,CM
frazzi,CM
fred_jardim,CM
freecs56,CM
freeeeeeeeeeeeeeeeee,CM
friteegg,CM
fritz1k,CM
fruisthebest,CM
ftzf1,CM
fuenfgegenwilly,CM
futurechamp1907,CM
futurerise,CM
g2_g3,CM
gaborhorvath,CM
gabriel-m-k,CM
gadhavi_veerbhadrasinh,CM
gakov06,CM
gamboajp,CM
gameoverbro,CM
ganiev_artur11,CM
garfield000,CM
garfieldiscrazy,CM
garfield_pg,CM
garicardi,CM
garmendiarov,CM
garnikn,CM
garthianowen,CM
garth_vader,CM
gatitodog,CM
gatodeayala,CM
gatorusojo,CM
gauravthegm,CM
gazaman_empire,CM
gbk1w1,CM
gdandedafa,CM
gemarin,CM
genivantruthfulprince,CM
geordie_derraugh,CM
georgpapi,CM
gerardts,CM
germanovs_georgijs,CM
germansanch,CM
germily,CM
ggmiszczu,CM
ghdeer2016,CM
giannos_barbagiannos,CM
giglivillar,CM
gilbertohernandezamura,CM
ginestot,CM
giomar27,CM
gixfantastix,CM
gkaru,CM
glenelco,CM
gleruste,CM
glgm_dave,CM
glucolisis04,CM
gluestix,CM
gm-2024-gm,CM
gm2050pn,CM
gmatingo,CM
gmdj77,CM
gmelviro,CM
gmgunsal,CM
gmpencilcase,CM
gmshoti,CM
gm_schlaechter,CM
gm_waskiri,CM
go-gobear,CM
goamaster,CM
goatvalenciagolvalencia,CM
goforcrush,CM
goingtobenumber1,CM
golaiet123,CM
goldawn,CM
goldenstein277,CM
golden_kn1ght,CM
goldorak1968,CM
golem2007,CM
gonzalezmer,CM
google0109,CM
gora2812,CM
gordonzyxu,CM
goty09,CM
goughfather,CM
granatomet552,CM
grandmasteroftime,CM
granguerrerov,CM
gray_3024,CM
great_fischer,CM
greccolover,CM
greglebarbare,CM
gregory_the_illuminator,CM
grind2glory,CM
grl77,CM
grnic1,CM
grobesk,CM
grossenbananensaften,CM
grotbchess,CM
grounded_goblin,CM
grouvilleknight,CM
grubapanda,CM
gryffindorac8,CM
guanchess,CM
gudrae,CM
guernsey1,CM
guesswhoiam25,CM
gui-weezy,CM
guicar16,CM
guillan,CM
guillejr,CM
guliev_gasan,CM
gullinburste,CM
gul_makai,CM
gumgumstorm,CM
gusmaster2262,CM
guubol,CM
guytaf,CM
guzeppicm,CM
guzman70,CM
gvinyatin,CM
gwr2024,CM
gyurjinyanvalter,CM
g_halldorsson,CM
h7s,CM
hai_rapidgiulesti,CM
hajialiyev_islam2008,CM
hakantoogood,CM
hakiki_satranc,CM
hakona_mateta,CM
hamood-albusaidi,CM
handknit,CM
hanschut,CM
haotang007,CM
harald_blatand,CM
harddrive54,CM
haridaskesavan,CM
hariharan_v,CM
harrycun,CM
harryhexblade,CM
harveyzhang1,CM
hashtag_chess,CM
hassuji,CM
hatsuzukimeiso,CM
hauptsache_gambit,CM
haverage,CM
hayderserfa,CM
hc2011,CM
heandujsen,CM
hehu,CM
heinichesspy,CM
heinza9,CM
heisenber_g,CM
heldiglykkecm,CM
heligan,CM
heliosis11,CM
hellenikos,CM
helverthernandez,CM
heritiana_andria,CM
hermanho,CM
hernancatelli,CM
herowilczek,CM
hiddenmachinations,CM
highlawview,CM
hikeman2017,CM
hilleltoledo,CM
himallama,CM
hipsterchess22,CM
hitechpanama,CM
hmolvig,CM
holimax,CM
hollst,CM
homealone20,CM
hooded_old_man,CM
hoplex,CM
horus31,CM
hotcoffeecupcake,CM
hotfry,CM
houdini1213,CM
houdinus,CM
houseofdurin,CM
howtomoveaknight,CM
hprmdrnst,CM
hrawk007,CM
hristos03,CM
hrvojezagreb,CM
hs03935,CM
hsd2016,CM
hsmile,CM
ht1010,CM
hugo-berthier,CM
hugoboss7266,CM
hugo_bd,CM
hummingbird2009,CM
hyp3puzzl3s,CM
hyperpylon,CM
hypnopsycho,CM
iammaster712,CM
iamnotim,CM
iamnotyourpuppet,CM
iancastillo1202,CM
iaspet,CM
ibon17,CM
ibonmartinabadino,CM
icetea20082008,CM
icewizard1,CM
icg-paja,CM
icy,CM
iecs12,CM
ifanrj,CM
iko,CM
ilostmyaccount3,CM
ilovechess-1602,CM
ilovejokes555,CM
ilusionismo,CM
imaksim2010,CM
imbushchess,CM
inarithehusky,CM
incognizance,CM
incredible64,CM
indomiemaster123,CM
indsltchessplayer,CM
inertw,CM
infiniteflo,CM
ingdiegomrchess,CM
ingoscarardila,CM
insanetraining,CM
insatiable27,CM
instructorpj,CM
intoxicatedolphin,CM
ionutdd123,CM
iraniancheetah,CM
ironnmanmrbean118,CM
ironsharkno1,CM
iron_punch,CM
ishowmoves57,CM
isikalp01,CM
islamhajaliyevyoutube,CM
islamovqaasim,CM
italo-zapata,CM
itskyell,CM
iulian22,CM
iunusovnuriddin,CM
ivanhoeleo,CM
ivanquiroga,CM
ivn_2001,CM
iyael,CM
iztub,CM
izuzquiza,CM
i_amnotnikhil,CM
i_am_a_miracle,CM
i_like_kasparov,CM
i_ll_be_back_soon,CM
j-isaac,CM
jaackcamel,CM
jaap-amesz,CM
jacek_ilczuk,CM
jacob_chesslollipop,CM
jadeit90,CM
jah_skido,CM
jaivvardhanraj,CM
jakob_mnguni,CM
jakuboss22005,CM
jamal-jamal-jamal,CM
jamaladam12200620,CM
jamalm2,CM
jamescoleman,CM
jan2404,CM
jancy7,CM
janhelmer03,CM
janjestem,CM
janmur7,CM
janukshan,CM
janumber1,CM
jan_clifford_labog,CM
jaquetriple,CM
jarshh95,CM
jasf2510,CM
jaskol95,CM
jasonhuila,CM
jasonliu02,CM
javadovvv,CM
javichuela2789,CM
javierruizvazquez,CM
jaymemiranda,CM
jchernandez84,CM
jcmesafischer,CM
jcurbaneja,CM
jddg,CM
jeandredr,CM
jeanrus,CM
jeigoth,CM
jem,CM
jesper_kjaergaard-jensen,CM
jesseinkman,CM
jesusesmifuerza,CM
jetleochess,CM
jgauci,CM
jhonnyuribe,CM
jiihart,CM
jimonios,CM
jinrie,CM
jinxy2009,CM
jjbolanos,CM
jjdarek,CM
jjlai1111,CM
jk2w,CM
jkc75,CM
jlauri,CM
jlf287,CM
jmcadavid1998,CM
jmpion,CM
joaco21,CM
joarprodhan,CM
jobito,CM
joeassaad,CM
joejoe243,CM
joejreusa,CM
jofe242,CM
johajedrezz,CM
johhnnyyii11,CM
johndoe698,CM
johnjohnsonklaas,CM
johnnyanto,CM
johnwhite1952,CM
johnwick1389,CM
jomelke,CM
jonasrath,CM
jonathanchuah,CM
jonkristianh,CM
jopebouzy,CM
jordiqc,CM
jorgeferreira,CM
jorlazchess,CM
joseacorrea,CM
joserobinson,CM
josesoza,CM
josjimal,CM
journeycmj,CM
jovencata,CM
joyspaceman,CM
jo_black1990,CM
jr1193,CM
jraosam,CM
jterminator,CM
jtoth,CM
jtrave7,CM
juan-jose-taylor-rodrigue,CM
juancinho,CM
juandiv_chessmood,CM
juaneschess_twitch,CM
juanjosecapablanco,CM
juanovic,CM
judomaster3,CM
juic5r,CM
julioramirezosio,CM
junhaopro,CM
juniorjumper,CM
juniortay,CM
jupiter1444,CM
justin_navarro-ariza1,CM
justusjbargsten,CM
juzekarbuzek,CM
jwd11,CM
k-nygren,CM
kabegody,CM
kacperkarwowski,CM
kaer_morhen,CM
kaiovcfr,CM
kaisermafra,CM
kale36,CM
kamaldaoudi,CM
kamduki,CM
kami30,CM
kanalszachowy,CM
kangaroo-rules,CM
karaivosa,CM
karlemilelmer,CM
karpovs_butler,CM
kasabian,CM
kashkoosh,CM
kasparove2025,CM
kasparovhiddenson,CM
kasun_bole,CM
katakuridono,CM
kayamarley,CM
ka_acc,CM
kcfpatzer,CM
keithonsky,CM
kejjaj,CM
kekic76,CM
kennethalex,CM
keremilgaz,CM
kerrystead,CM
kesarev,CM
ketrabluwos,CM
khalakhanov,CM
khalid_chess,CM
khalifa_alhefeiti,CM
khazhatulyalikhan,CM
khazhatuly_alikhan,CM
khoramee09,CM
kiaanagrawal,CM
kian_msh,CM
kibitzingpatzer,CM
kibromnnn,CM
kidzchessacademy,CM
kien05,CM
kimmich_mindset,CM
kimmini05,CM
king2121212,CM
kinga2008,CM
kingbwil,CM
kinghomelander,CM
kingofnovosibirsk,CM
kingrazor33,CM
kingschessacademytrainer,CM
kingscrusher,CM
kingside_rook,CM
kingslayer061cm,CM
kingswhite2008,CM
kingtrap_35,CM
king_kinto,CM
king_of_the_wing,CM
kirill-2008,CM
kirillgenius,CM
kivas,CM
kiyotakaayanokouji2008,CM
klaas1996,CM
klendi,CM
kmpk,CM
kngopal,CM
knightly_king1,CM
knightmaretouch,CM
knightmate64,CM
knightoutpostop,CM
knightpromotor,CM
knightshift92,CM
knightslasher2020,CM
knighttraps,CM
kobemagic,CM
kodandamirai,CM
kolento93,CM
komogro,CM
koncheto,CM
konzip22,CM
koorosh_92,CM
kops_tudor,CM
korkmaz16,CM
korosh2011342,CM
korsolainen,CM
korstinto,CM
kosalasandeepa2007,CM
koshkamatrioshka,CM
kowalski0608,CM
krlence,CM
krokerguy,CM
krokofant,CM
krsilva,CM
ksuforever,CM
kualoap467,CM
kuandan,CM
kudo8366,CM
kuenkuen1989,CM
kumareshayyachamy,CM
kumi29,CM
kuruguru,CM
kushal_1326,CM
kuwaitchess,CM
kvaidan,CM
kwsclt7,CM
kyiv-volvo,CM
k_iron_man,CM
laguayabaalbizuista,CM
lakepowell,CM
lakewhale,CM
lalitsahu,CM
lamamilan77,CM
lancelot120376,CM
laporfia,CM
larbiben,CM
larissa789,CM
larissasteenbekkers,CM
larsmandreassen,CM
lastman106,CM
latigre,CM
laurent2003,CM
laurents2000,CM
laurin_2009,CM
laurynaszaveckis,CM
lazarskiwojownik,CM
la_muralla123,CM
leavethecannoli,CM
leavethepool,CM
lechateaufort,CM
leiwang680,CM
lemmingsplayer,CM
lemonlimesorbet,CM
leolinx,CM
lepatronn,CM
leplusfaible,CM
lesachtal,CM
letswin2,CM
lewanatol,CM
lexyac,CM
lhundrupmdorji,CM
lhunguane,CM
liambaruchza,CM
liebestraumen,CM
lievanochess,CM
life_actuary,CM
lightladdergoodmatter,CM
lightningdragon8,CM
lightningkid2_3,CM
likelychess13,CM
limarr,CM
linhaocheng,CM
lionchamp,CM
liondinamic,CM
lionking2367890,CM
litemale,CM
litsman,CM
ljm509,CM
lkb001,CM
ll220284ll,CM
loco_magister25,CM
lodewiek,CM
lollinope,CM
londonkid,CM
london_is_red2,CM
lonestarpawn,CM
longstom,CM
lookwow,CM
lord4hire,CM
lordchessh,CM
lordsacalot,CM
lorneracosta,CM
lose_pawn_lose_game,CM
lost_monkey,CM
louadasme,CM
lovelifebro,CM
loyalfighter,CM
lphoangquan,CM
lprostoy,CM
lsf,CM
lucaprotopopescu,CM
lucasgl2013,CM
luckypanda2007,CM
lucsd,CM
luiscez,CM
luismiguelov,CM
lukar07,CM
lumas123456,CM
lupi32,CM
lutuimaamaro8889,CM
luukmaestro,CM
m1sho007,CM
m3alam,CM
madankayastha1991,CM
magionator,CM
magnum1900,CM
mahanif,CM
mahmoud-s-haddad-m,CM
mainsequence,CM
majarimx,CM
majorcoast,CM
makdyr,CM
maksimys18,CM
makumbanight,CM
malaric2011,CM
malkalmardgh,CM
malko-08,CM
malti,CM
mananchor,CM
mandakkadukka,CM
mangobanana6842,CM
manikkutty,CM
manoj_mishra123,CM
manolitocerdito,CM
manuelermachenko,CM
manukyan_artyom,CM
manuvidu,CM
manu_chessexcelsior,CM
marcmymove,CM
marco-antonio-taylor-rodr,CM
marekfizer,CM
mariusbieliauskas,CM
marreuh,CM
mars520,CM
marshallgomez,CM
marsmol,CM
marsqi,CM
marty112,CM
marvelavengers4,CM
marvinguev,CM
masenik,CM
masrahi,CM
massakru,CM
masterblaster_1111,CM
masterdoobs,CM
masterisback04,CM
mastermk73,CM
matalows,CM
matapatos593,CM
math3m6thic,CM
math54321,CM
mati2211,CM
matihalac,CM
matkens0123,CM
matthewchess268,CM
matthew_simmons,CM
matvamatva,CM
matvii_b,CM
mauricegulatz,CM
maurijs,CM
maxidag30,CM
maxiw2006,CM
mbchess97,CM
mcfc_gaga,CM
mcgimgerchess,CM
mclean12,CM
meeresgrund,CM
megachessplayer2,CM
mehran_azamikia,CM
melonkholia,CM
menchess9,CM
mendozadavid2000,CM
mengmeng2020,CM
merci_anna,CM
meredolna,CM
mertcan-sevig,CM
mertceyhan35,CM
messerwoland,CM
mestre_soares,CM
meszarosgyorgy,CM
metallchessbullet,CM
mfreemannz,CM
mhy2025,CM
michael51106,CM
miep2,CM
migeira,CM
mightymike_009,CM
miguel-la,CM
miguelbestard1981,CM
migueleduardogb,CM
miguelitro69,CM
mijuanreyesrosa,CM
mik0_ch4n,CM
mikhailooooo,CM
mikhailpanin,CM
miki_gb,CM
mikromurks,CM
milignus,CM
milkteatones,CM
milovichalex,CM
miluis,CM
mim06,CM
mindprogress732,CM
mindsetdestroyer,CM
miocardiocito,CM
miracmelihtopuz7,CM
mirko_mk,CM
misiek1509,CM
misitu,CM
mismaly,CM
mistakyle,CM
misterchess_07,CM
misterjozi,CM
misteryesno,CM
mistheoretical,CM
misutodn,CM
mitul,CM
mjelcic,CM
mlamba,CM
mnatsakanyan-aren2012,CM
mnhbhuiyan77,CM
mnyuyu,CM
mohamed-almado,CM
mohamed-damaj,CM
mohamedd_salah_11,CM
mohammednx111,CM
mohssenbinaddi,CM
mongersuk,CM
monkeycmonkey,CM
monluis,CM
monsterenergy2022,CM
montanez,CM
morethanamedic,CM
morocewich64,CM
morphyues,CM
morralover,CM
mostafasakha,CM
mostii,CM
mouse-sleep,CM
mouseroom44,CM
mozartus88,CM
mrbye07,CM
mrdemir,CM
mrescacs,CM
mrhasanstien,CM
mrlammy,CM
mrlion3000,CM
mrmastermak,CM
mrniceplay,CM
mroziiu,CM
mrpedegru25,CM
mr_lion22,CM
mt1487,CM
muhittinbuker,CM
mukhriez1676,CM
muntherbh,CM
muryo-kusho,CM
musatwesky,CM
mvm2008,CM
mvtuge,CM
mwhdi3000,CM
my2010,CM
myelination,CM
myleoclub,CM
myriadmiracles,CM
myrooksfly,CM
mys-evs,CM
myusernameis-taken,CM
mzeelaa,CM
naaats888,CM
nacirizouhair,CM
naisortep,CM
najdorfontop,CM
nakimurastur,CM
namir131313,CM
narek_ghimoyan,CM
narigoncompadre,CM
nastyking37,CM
natovi77,CM
navak2009,CM
naveen_2009,CM
navi_nazarpro,CM
nay-lin-tun,CM
na_binci,CM
nbanob,CM
ndahura,CM
ndrvici,CM
neathanp,CM
necromanterhn,CM
neldus123,CM
nelsoncopa,CM
nemonescio,CM
neonninja73,CM
nerzgul,CM
newchess1213,CM
newchesscorner64,CM
new_otherland,CM
nexoknight11,CM
neymardasilvasantos_11,CM
nezh2,CM
nfogaras,CM
nguyenhlb,CM
nguyenquanganh3112,CM
nicegg,CM
nicky1405,CM
nicolassrc,CM
nightendings,CM
nightowlcalculator,CM
nikavolkov,CM
nikfil2013,CM
nikhiil_m,CM
nikitadovbnya2008,CM
nikitarychagov,CM
ninjatrick,CM
niraj619,CM
niteshch,CM
niu9988,CM
nivra4300971,CM
nj123456,CM
nmd0402,CM
nobodyknowsme123yes,CM
noeladricula,CM
nomel07,CM
noobnumber3434,CM
nooneknowsbetter,CM
norwaytoadog,CM
notfmjoshyet,CM
nottodaysir,CM
not_built_different,CM
novakratko,CM
novocane,CM
nowinchess,CM
nrjd2008,CM
ns2025ns,CM
nuathena,CM
nurali3012,CM
nutflush,CM
nutsontheboard,CM
nwchess2016,CM
nyameba,CM
nz_trains,CM
obidjonovcm13,CM
obispus,CM
obiwinkkenobi,CM
octoberbreeze,CM
odeggard,CM
ofgameron,CM
ogreberbere,CM
og_62,CM
ohajek96,CM
ojevwe,CM
ojingeogeim,CM
ojo_al_tejo,CM
oldnewapproach,CM
oldterminator,CM
olgoi-khorkhoi,CM
oneiros0201,CM
onetowin,CM
onlyflagnoskill,CM
onthequiet,CM
onurcinarengin7,CM
onwgs,CM
ooglee88,CM
optimusprimebr,CM
orishuas,CM
orujov_2008,CM
os55555,CM
osazey1,CM
oshanamozart,CM
osoriofernando,CM
otrov-11,CM
overman1,CM
ozen_metehan,CM
ozimov13,CM
p10neer,CM
pablo1067,CM
paintrain08,CM
pancontomate12,CM
pandaguy4000,CM
pandaneedswifi,CM
pantata007,CM
panterov,CM
paolopiove66,CM
papascaccorum,CM
papas_con_nuggets,CM
paradise10,CM
parajuli_rajendra,CM
parawanda,CM
pariasortega,CM
parkas,CM
partyinth3usa,CM
patagonico2020,CM
patently_parochial_panda,CM
patient_chess_master,CM
patliy,CM
patrisiii123,CM
patrykb8,CM
paulbishop7,CM
paulewski,CM
paulofanha,CM
pavanmagician,CM
pawnpusher1245,CM
pawnpusherschessaccademy,CM
pchelkinvk,CM
peace_power,CM
pebblespeanutcashew,CM
pedrosuarez,CM
pegaso529,CM
penguinisanoob,CM
peonasesino_hdz,CM
pepechess12,CM
perdomov,CM
pertinhez76,CM
pesaruba,CM
peter-ch-sey,CM
peternsw,CM
pgrj,CM
ph1ller,CM
phankhiem2007,CM
philekhoob,CM
phiwe_d,CM
phriex,CM
phurba13,CM
physisian_chess,CM
ph_academy,CM
piccadilly123,CM
pichr_27,CM
pinasoprano,CM
piotreek2010,CM
piotrold,CM
pirosballon5,CM
piscatorox,CM
pitopitocuatro,CM
pizavolio,CM
pizzalover2502,CM
playforwinalways,CM
play_everybody,CM
plymouthargyle,CM
pma83,CM
poisonpawn64,CM
pokochajszachy,CM
polishforce3000,CM
pollitochicken,CM
pomberito2,CM
pomeziachess,CM
pomp523,CM
positionalqueensacrefice,CM
powerofchess09,CM
ppupkin,CM
practical-play,CM
practicemakesperfect90,CM
practice_tailung,CM
prakharbajaj21,CM
precisepatzer,CM
primegiroud,CM
probablybad04,CM
profedechess93,CM
prof_karga61,CM
proktofantasmist,CM
promise-itstheory,CM
promising_talent,CM
psychonerd5,CM
pudgeimba228,CM
pudor,CM
pullakuski,CM
puru33x,CM
purusottamchaulagain,CM
pushdapawn,CM
pusteblumme,CM
puzzlebot_1294,CM
puzzletactician,CM
pyrics,CM
p_discipline,CM
qdlatyzg,CM
qingdom,CM
qowcrazy,CM
qsd101,CM
quantumknight15,CM
queenzlander60,CM
queladri,CM
qwe69,CM
qwerasdf8008,CM
qwertz618,CM
r1ck-gr1mes,CM
r1ck-grimes2320,CM
rachidhuilda,CM
racquetball1,CM
rafaelcorado,CM
rafajumps,CM
rafalkazmierczak,CM
rainer59k,CM
rajeshbb,CM
raleuzirb,CM
ralnsy,CM
rambo1stblood,CM
randomguy_plays_chess,CM
random_mango,CM
raneshratnesan,CM
rantomopening,CM
ranu540,CM
ranveerrjn,CM
rapidoylancero,CM
rasool78,CM
rau4ever,CM
raud100,CM
rayquazaxx,CM
rboss82,CM
rcone,CM
rdlc37,CM
realburq,CM
realmenambitious,CM
real_sp00f,CM
rebeljohnny,CM
redgrob,CM
redrosey1,CM
reggaeknight,CM
reinaldor,CM
rekin87,CM
relocoelro,CM
remcospr,CM
remuloaguiarfreitas,CM
renansoares1972,CM
renedube,CM
resourchess,CM
resurgence25,CM
reuberkoenig,CM
revroli,CM
rgachess77,CM
rgoltsman,CM
rhesh29,CM
rhinos1,CM
rhl_b,CM
rhrt,CM
richard_zweifel,CM
richied2601,CM
ridnani1,CM
rigbychess,CM
rionelg,CM
rizabregu,CM
rjra94,CM
rkracht,CM
rks4g,CM
rloriogcf,CM
road_to_3000_training,CM
roaring_lion23,CM
robertorochamao,CM
robertosuardi,CM
robertprieb2007,CM
robertskytte,CM
robert_sava,CM
robin_ahmedmahatab,CM
robin_mahatab,CM
roedor,CM
rogeliooscarsanchezb,CM
rokatgorkem,CM
roland_garros_2024,CM
roldieyi,CM
romanherrmann,CM
roman_0202,CM
romster06,CM
rosraev,CM
rotesmoor,CM
royalhogs,CM
rubenulaneo,CM
ruedi-basel,CM
rufus2000,CM
rugbyclub,CM
ruleoftwo,CM
runsearch,CM
ruslann88,CM
ruslan_0807,CM
russian_berezka,CM
russlo,CM
ruthless_conquerer,CM
ruzigura,CM
rvmalg,CM
s4p0ud,CM
sa-skia,CM
sacdaruck,CM
sachwa,CM
sacormate18,CM
sacrifice,CM
sacrificesavant07,CM
sadochess,CM
safin_safar,CM
safyahmadkanz,CM
sahist07,CM
saif_malek04,CM
saisidhu2009,CM
sakksok_k,CM
salgadolo,CM
saltkettle,CM
salzburg1756,CM
samheymann,CM
sammysquires,CM
samuelgo16,CM
samuraisofchess,CM
samvel_khachatryan,CM
sanbruh,CM
sandkorn108,CM
sanyukina,CM
sapereaude0201,CM
sarajkov,CM
sashakuzhilniy,CM
sasha_solovev_777,CM
sassy_strawberry,CM
sasviduweera,CM
satoshi95,CM
satr51pr,CM
savelli60,CM
savinspm,CM
sawkitoo,CM
sayonaraboy96,CM
sbellinc,CM
sboshaon21,CM
sbouchet,CM
scarymonster99,CM
schachmalanders,CM
schachmatttv_daniel,CM
schachpanda_youtube,CM
schachvogel,CM
schmelzberg,CM
schoenbrunn,CM
schracke,CM
schroodinger-cat,CM
schwindelaar,CM
scrambled_36421,CM
scylla_138,CM
seal_island_puffin,CM
seanyearwood,CM
seanyearwood18,CM
seasidesunset,CM
sebaspector,CM
sebastianschnell,CM
sebazzano,CM
secrethawk,CM
seductiveprincess,CM
segonbermuda,CM
seiya_the_king,CM
selapegoacualquiera,CM
selflearningadventurer,CM
seoulserenity,CM
serbia_belgrade,CM
sergeant_james,CM
sergioangel74,CM
sernini,CM
sertas,CM
sertoespj,CM
seyidoff_2010,CM
sh1l1ysh41m0n,CM
shadhur_chess,CM
shahmatkanal,CM
shailendrabajpai,CM
shanemelaughcm,CM
sharankovg,CM
sharkaholic,CM
sharkblueking9879,CM
shavkatov02,CM
sheeephippo2025,CM
shiner22,CM
shiningrockstar,CM
shirovin,CM
shishimaru31,CM
shivaaadi_94,CM
shootnik64,CM
shreyansshah123,CM
shuvalov,CM
shyamchess,CM
shymek,CM
sibearwood,CM
siberian_husky_chess,CM
sichess100,CM
sicilianenjoyer24,CM
sid253,CM
siegbert64,CM
sigmalonewolf6,CM
sigmaturtle2011,CM
sigmawolf56,CM
sigvah,CM
silencerbaba,CM
silentcrusher43,CM
silentknight1410,CM
silentscript,CM
silversik,CM
simon-haarh,CM
simoncelli15,CM
sindarovjr,CM
sinsyubgon,CM
sirheltaskelta,CM
sirinbaba33,CM
sizdemiantalyaya,CM
sjakkerntobi,CM
sjtsjogoljev,CM
skendroni34,CM
skhanyisopersivaal,CM
skibidisigmamale11,CM
skillcam,CM
skilledassassin4,CM
skills94,CM
skippinglaptop,CM
skslaviaorlova,CM
sky-net,CM
slawomir_kurpiewski,CM
slimshady,CM
slovafn,CM
slovenskizmaj,CM
smallcui,CM
smashknight,CM
smealow,CM
smexov,CM
smiechu,CM
smittenlava,CM
smpynsvs,CM
sm_sharon,CM
sn2022s,CM
snake2400,CM
snape,CM
sodastream007,CM
solidj,CM
soltan49,CM
solverzs,CM
someone41210,CM
someopening-sicilian,CM
soul_mortall,CM
spellingchecker,CM
spicychurros,CM
spicy_spassky,CM
spocksy,CM
spok_tudor,CM
squash_1,CM
squishey,CM
srchesschilango,CM
sslayne,CM
ssvk3105,CM
st0ck_f1sh_1,CM
stackstorm,CM
stalyansky,CM
stargazer2003,CM
starkynz,CM
starr_92,CM
statsmasternz,CM
stegariuvlad,CM
steinerpro12,CM
stepanosinovsky,CM
stephan97,CM
stephenajwhatley,CM
stephenfan,CM
stewartgranger1,CM
stier_master,CM
stingyman,CM
stollenmonster,CM
stormgiant58,CM
stormstrategist,CM
strange3333,CM
stratacticos,CM
strawbe77y,CM
strongestgolden,CM
strongestrookie1,CM
stupeas,CM
subbi64,CM
succenna,CM
suleiman777,CM
sultaic,CM
sumadrecucho,CM
supe4chess,CM
superboemer,CM
superfer98,CM
superitalo13,CM
supermagnum,CM
supermanaa,CM
supermaxell,CM
supzuroke,CM
surprisewithsacrifice,CM
sutovsky666,CM
suundalaisumberuul,CM
svetlio_petlio,CM
sydi,CM
sydneycarton97,CM
szachulec75,CM
szazados1,CM
sztgabor,CM
tabarex,CM
tacticalnas,CM
tacticalspeedman,CM
taglit,CM
taildeitali,CM
talatyildiz,CM
talitofelix,CM
tallman53,CM
talsian,CM
talyamania,CM
tander95,CM
taran2004,CM
tardnof17,CM
tartinettez,CM
tasicv,CM
tassimo777,CM
tastyfrenchfries,CM
tatianamcrae,CM
tavanincu,CM
tavi001,CM
taylornunc4pierd0,CM
taylorprime,CM
teamsmolo,CM
teillery95,CM
televizorr01,CM
templovillamarin,CM
tenchess28,CM
tenorespinto,CM
teran05,CM
teratera13,CM
terex11,CM
terminator5901,CM
tgpgoat,CM
thaboelias8,CM
thanhnghia,CM
thaur,CM
thaytoancovua,CM
the-do0on,CM
the-holographic-universe,CM
the1catalan,CM
thebear214,CM
thebeast2900,CM
thecastlehunter,CM
thechampion_18,CM
thechessnoob12345,CM
thechesswarrior19,CM
thegreatauk,CM
thegrobmaniac,CM
thehungrytacocat,CM
thelondon_don,CM
thelyingdutchmen,CM
themachine123lamaqui,CM
themightybishops,CM
thenightmare_2903,CM
thenile,CM
theonetrapman,CM
thepeasant98,CM
theproguy88,CM
thesacredhorse,CM
theschlumpf,CM
theshreggisback,CM
theslowhandspecial,CM
thestoicstoic,CM
thezendo,CM
the_gavriely_variation,CM
the_glorious_chesscular,CM
the_great_kratos,CM
the_legendarysniper,CM
the_lone_warrior1,CM
the_sneaky_weasel,CM
the_wise_raven,CM
thisjuan,CM
thisunaa,CM
thiswebsitesucks1312,CM
thmester,CM
thomaslegend,CM
thork,CM
threemind,CM
thucanh,CM
tianzel,CM
tiborio,CM
tigrito_1,CM
tiktakov,CM
tilahun-abel-mathewos,CM
tim1234321,CM
timurdushatov,CM
timurdzhaan,CM
tinkytoodles,CM
tiradini007,CM
tiranosauriorexxxx,CM
titandjebel,CM
titanium_15,CM
titarovvasiliyoutube,CM
tizpa96,CM
tkchess_2008,CM
tmac-35,CM
tntanggg,CM
tobikxz,CM
todoesmente,CM
tolyanius,CM
tomassachy789cz,CM
tomesao,CM
tomkdaskrtz,CM
tommygear1,CM
tomobeast,CM
tonycapuozzo,CM
tonydavis123,CM
toogoodatspellchess,CM
toomanychessdlc,CM
toooldtooslow4chess,CM
topce,CM
tormikull06,CM
torosyan_chess,CM
torpedoknight,CM
torsten64,CM
tot-pro,CM
totsukablade,CM
toxicmybrother,CM
trainer1957,CM
training_camp2024,CM
tralipton,CM
trananpe,CM
tranthanhtu,CM
travelingwchess,CM
trevorxp,CM
trickster_fam,CM
tricky_voldemort,CM
trobaria,CM
trollpig,CM
troloboy1234,CM
truecagnusmarlsen,CM
tuatara,CM
tuditz_uu,CM
tuditz_uuu,CM
tulinius_jensen,CM
tunartank,CM
tungnguyenlam,CM
tunisian-aigle,CM
turbopicklec24,CM
turbosteen,CM
turbulency,CM
turkishwunderkind,CM
turquoise_2701,CM
tutanero97,CM
twangbio,CM
twixirookendings,CM
twx4,CM
tygra8,CM
u2ro,CM
u335394862,CM
ubertyce,CM
udithj22,CM
uggm_manuel,CM
unbreakablepawn35,CM
uncrowned_king18,CM
undefeater_anu,CM
underdog_005,CM
undisputed29,CM
unhappydefender,CM
unikman,CM
univio,CM
unknownmagician,CM
unovex,CM
unstoppable_dragon,CM
un_tal_mihail,CM
usbista,CM
utopist_legend,CM
vaathi_raid,CM
vagliosagan,CM
vagoff,CM
vahan,CM
vakaspa,CM
valparaiso37,CM
vanderbruggen,CM
vanvurel,CM
vaporwaffle94,CM
varinius,CM
varron07,CM
vasilisfragkos,CM
vazland,CM
ved1703,CM
vedantvarasada,CM
vehe,CM
ventdelest,CM
vertex_player,CM
vi11603,CM
viciousseal,CM
victor-ryder,CM
victorfcqnk,CM
victoryches1407,CM
victor_0liveira,CM
victurillu,CM
vihaandumir596,CM
vinnkratos,CM
vinodbhagwat1976,CM
vinodchess1981,CM
vinuka_wijerathna,CM
virre_firre,CM
viruschidai,CM
visa,CM
viscaino-jhonny2003,CM
vishbutnotanand,CM
vispassana1,CM
vjecspec,CM
vladshere,CM
vmalhotra14,CM
vodkajunior4,CM
voltice,CM
volvo-ex90,CM
vonechess,CM
vovachesss,CM
vozlo,CM
vqquyencft,CM
vtb-81,CM
vylagos,CM
w1lly_wonka,CM
wagnerbi,CM
wannabescientist,CM
warning_shots,CM
warotkananub,CM
waspofborneo,CM
waterfall055,CM
watermelonattackk,CM
water_in_glass,CM
weakandslowchess,CM
weebwithme,CM
weezhun93,CM
welwitchia5,CM
werkagabi,CM
wesalmoshtael,CM
weshallwin,CM
whimsicaljam,CM
whitechocolate04,CM
whotellyoustop,CM
wiciu492k,CM
widowmaker122,CM
wiily_wonka,CM
wildjoker2016,CM
williembarreto,CM
willsidney,CM
wintervault,CM
wittyali,CM
witty_alien,CM
wmirbv,CM
wohen2,CM
wonderful_switzerland,CM
wongyc,CM
wookash888,CM
worldclass80,CM
wotgenie,CM
wundersweiner,CM
x-ray_98,CM
xadrezparaense,CM
xalfonsod,CM
xalmatovyakubjon,CM
xantarespeek_1,CM
xd15,CM
xforuu,CM
xh4823,CM
xiaokangzhong,CM
xiaqiabc1,CM
xpeterrly,CM
xtfchess,CM
xxpetroffsxx,CM
xyloxia,CM
yaboimars,CM
yahisalem,CM
yakokiller,CM
yarikov_artem,CM
yaristan92,CM
yas1365,CM
yashcore,CM
yasminmaximogen,CM
yawnpawn,CM
yeahbuddy143,CM
yefry_hidalgo,CM
yesilikeorangejuice,CM
yetzggs,CM
yitongjianghu,CM
ymbi,CM
yohankrokov,CM
yolosz,CM
yonaltimur,CM
yooeenhoorn,CM
you1188888251,CM
younix2022,CM
youpod,CM
your-mentor,CM
yourpawnswithcoffee,CM
your_worst_nightmare_24-7,CM
youwouldntguess,CM
yoyolol34,CM
ystp_09,CM
yudai0515,CM
yuligmpro,CM
yurygarifulin,CM
yyt_chess,CM
zallio,CM
zano2023,CM
zapheiros,CM
zaqnation,CM
zarnovsky,CM
zdorovegor2011,CM
zeck_ch,CM
zeitnot593,CM
zenbull,CM
zenekritikus04,CM
zenithhikaru,CM
zhouyuxu2010,CM
ziga87,CM
ziyamammadov,CM
zlatan_ibrahimovic2007,CM
zorro1977,CM
zughydra,CM
zugzwang1201,CM
zurabnikolishvili,CM
zverr1,CM
zwilling0,CM
1ncogn1to,WCM
23lq,WCM
aadyagowda27wc,WCM
aaradhya_das-03,WCM
aartikd,WCM
abdodi,WCM
aditi_s6390,WCM
adrianapalao,WCM
afchess_au,WCM
ageladogato,WCM
aglo_2012,WCM
aiakos2,WCM
ailime26,WCM
aishachess227,WCM
aisha_zakirova,WCM
ajedrezconyolys,WCM
alanna-cl,WCM
albadelomass,WCM
albita10,WCM
alekhinegirl,WCM
aliki2005,WCM
aljehin2009,WCM
almaj98,WCM
alphawomana,WCM
amec24,WCM
amnaawadi,WCM
anahishah,WCM
ananya2898,WCM
ananya_245,WCM
anastacialopez,WCM
andbluesky,WCM
andjela_djidjika,WCM
andraiax,WCM
andyhousesmx,WCM
angelrth,WCM
angelwarrior8,WCM
angel_lys_66,WCM
anonima145,WCM
anspiracje,WCM
antosey,WCM
anu-triz,WCM
apbt-13,WCM
apfernans,WCM
appa-avatar,WCM
appalm,WCM
aprilzhong,WCM
araya_p,WCM
ariadna_atreides,WCM
arinay,WCM
arvizu,WCM
arya1009,WCM
aseelfaqeeh1,WCM
aslu,WCM
asor44,WCM
assellesbekova,WCM
attacker1112,WCM
aural1011,WCM
avenatalia,WCM
avenatulek,WCM
azumi_214,WCM
bashirlisaadat,WCM
baummaaus,WCM
bayasgalankh_2007,WCM
beccrajoy,WCM
bequeen,WCM
berahernandez,WCM
best_master11,WCM
biaf13,WCM
bii128,WCM
bin777,WCM
birdyschnitzel,WCM
bitiam,WCM
bitter-cikolata,WCM
blampman,WCM
blankaejs,WCM
bleuestbeau,WCM
blitzingmaria,WCM
blossom6,WCM
bluefishoil,WCM
bngm,WCM
bookwormpawn,WCM
bornofthestorm,WCM
bpt22a,WCM
brightpanda22,WCM
bright_panda23,WCM
budag-leyla,WCM
buffer12,WCM
bumblebee123499999,WCM
bushonica,WCM
bwalya3,WCM
ca8chess,WCM
caissa20188,WCM
calamitijane,WCM
camilita-becerra,WCM
canary2016,WCM
caorsaa,WCM
carminaramas,WCM
carnivorousfurball,WCM
caruanagirl,WCM
cathateme,WCM
cathycristal,WCM
ccfizz7,WCM
ceraadagaria,WCM
chahraa,WCM
champjiguur,WCM
charism1,WCM
charlottemillard17,WCM
chasingdreams2882,WCM
checkmatechamp_08,WCM
cheilaandre,WCM
chels_1203,WCM
chenyining99,WCM
chessdevotee26,WCM
chessgirl_leyla,WCM
chessmarge,WCM
chessmon527,WCM
chessnut2018,WCM
chessscoutgirl,WCM
chess_caramel,WCM
chess_princessa,WCM
chess_vibes1479,WCM
chiwii,WCM
choyeonhee,WCM
cigocavernoso11,WCM
claretiano2018,WCM
coachrachelle,WCM
colnzhe,WCM
confused_3,WCM
coraa29,WCM
cutecrimsonrose,WCM
czernikowsqa,WCM
d-barbarac,WCM
daia93,WCM
daijahdjohnson,WCM
dameohnename,WCM
deepfear,WCM
deisepereira,WCM
delfina20jo,WCM
denguvi,WCM
destroyermassive,WCM
des_04,WCM
detectiveorange,WCM
diaghdsfawde,WCM
diana_omurbekova,WCM
digilik,WCM
dimbi_harentsoa,WCM
dinarahuseynova,WCM
dmschess2024,WCM
doghateme,WCM
dorsa_gh2014,WCM
du0ling0_add1ct,WCM
dudkinau2010,WCM
dumbernugget,WCM
dynamic_genius,WCM
echoingquake,WCM
econ210,WCM
edaishyb,WCM
elainaqiang,WCM
elisewu,WCM
eliteplayer3,WCM
elynn2h,WCM
emah6,WCM
emily_dawn,WCM
emka9335,WCM
emylkash,WCM
enen0315,WCM
eolo2020,WCM
epica11,WCM
etcoco,WCM
evachess1215,WCM
evachess2006,WCM
ezhurb,WCM
fabinanag,WCM
fascimate,WCM
fatimasaif2006,WCM
fevita,WCM
fidechessing,WCM
fidichess,WCM
flora,WCM
fluffyninja,WCM
fm-brilliant,WCM
fourminutewarning,WCM
francesbj,WCM
freegirll,WCM
freepawntoyou,WCM
fxntxsticfrog,WCM
gagtemp,WCM
gambitbyliana,WCM
gamma42016,WCM
geminithegreat,WCM
gerlee15,WCM
ghanabenson,WCM
giibi,WCM
gloriayepez,WCM
gmt4114,WCM
goldenhens123,WCM
goldn_a,WCM
greengrass100,WCM
greenrose2,WCM
grig1508,WCM
gvgvrgrg,WCM
hannahsaycestreams,WCM
happyhapppy,WCM
hashtagchess,WCM
hekasawari,WCM
hello190775,WCM
hienng1301,WCM
highhopes2030,WCM
highkey8,WCM
hiharuka,WCM
hobbit_01,WCM
horseychess,WCM
hotzenplotz007,WCM
hwangrara,WCM
hypnotichibiscus,WCM
hypothalamus009,WCM
ibtihal24,WCM
icecold_champion,WCM
idk26282,WCM
idunnhelgad,WCM
ikbiedremiseaan,WCM
infuriatedcroc,WCM
instantpuding,WCM
irian-jaya,WCM
iris77,WCM
irisqueen,WCM
irmaak,WCM
isabelle_524_m,WCM
istoleurfood,WCM
itsajellyhead,WCM
itsniki97,WCM
j2806,WCM
jamiecole,WCM
jasminxaa,WCM
javier39848593,WCM
jazminxd181219,WCM
jedigirl14,WCM
jodymiddleton,WCM
joeyjojo_09,WCM
joyli1234,WCM
jtchua,WCM
julifg,WCM
kaja_rzadkowska2012,WCM
kapibara_warri0r,WCM
kaponerde,WCM
karlydx,WCM
kashthuri3,WCM
kashthurichess,WCM
kasztan_10,WCM
katharinareinecke,WCM
katrinakat,WCM
kenia64,WCM
keyshlavega,WCM
khgirl2015,WCM
kholoudal-khelaifi,WCM
kh_bayasgalan,WCM
ki2010,WCM
kiana_arab,WCM
killerpawn2025,WCM
kingslayy7yer,WCM
kira_raa,WCM
knightinshiningarmour16,WCM
kojinatsu,WCM
kosmys,WCM
kristi2013,WCM
kristina_kim,WCM
kritipatel,WCM
kritni,WCM
ksenijaa29,WCM
kukola,WCM
kuku33riya,WCM
kuwaitigm,WCM
ladychessnv,WCM
lalalisa_mano,WCM
lali-rustavi,WCM
laraine12,WCM
larazov,WCM
laugomezg,WCM
laura145vian,WCM
lavandum24,WCM
lavenderchess02,WCM
lcv4022,WCM
le-thai-hoang-anh,WCM
lelouch_brittainia,WCM
lenka_10,WCM
levanaha,WCM
lh84,WCM
lieke-95,WCM
liellev,WCM
lightning_pig,WCM
lila_rz,WCM
lilyofthefield,WCM
lilyrishu,WCM
lilyzhou2002,WCM
lily_schirmbeck,WCM
lindsay790,WCM
littlemooo,WCM
lmfchess,WCM
looktan123,WCM
losageless,WCM
lubaba-fire11,WCM
lubovzolotova,WCM
luciamalanramos,WCM
lularobs,WCM
luminous9888,WCM
lunathetuna2013,WCM
lvc7912,WCM
lxxshen,WCM
lychee_boba,WCM
maboloko_oa_lesotho,WCM
machupikchu11,WCM
macszczur,WCM
magnetive_waves,WCM
mahishah0108,WCM
maimkulu,WCM
make_it_shine060,WCM
malek48,WCM
malekchihi,WCM
malena_10,WCM
maltense,WCM
mamonika,WCM
margoe,WCM
mariangie523,WCM
marianta2013,WCM
mariapradi,WCM
marie135,WCM
marmotnumber1,WCM
mayttj,WCM
mchrista04,WCM
mdlarrea81,WCM
mehakchess,WCM
memaassif,WCM
meme0105,WCM
merylmahjoob,WCM
mexxicano,WCM
miasahely,WCM
michou228,WCM
miiichann,WCM
milena1423,WCM
milenak_09,WCM
milkteataste,WCM
mirchi_26,WCM
mirjams21,WCM
mirzano31,WCM
missmoomin,WCM
miss_miami,WCM
mkkuhner,WCM
mmjules,WCM
molletgcf,WCM
mumtozbegim,WCM
murugapotri,WCM
musiclover288,WCM
mytzy,WCM
n1nja-j,WCM
nadiafawaz,WCM
nagwa12201464,WCM
nakanyikem,WCM
namasiku,WCM
nanadaime77,WCM
nancy11111,WCM
nanditha_chess,WCM
nannn9,WCM
naransolongozorigoo,WCM
naruna_chan,WCM
ndriqonasaraci,WCM
neelava99,WCM
nelissatt,WCM
neusaaridas11,WCM
newdent,WCM
newromantic1989,WCM
new_player_0010,WCM
nicoleqin,WCM
nicolevalladar,WCM
nidas87,WCM
night-bird0,WCM
nihayea,WCM
niki_2003,WCM
ninetowine,WCM
ningningwang,WCM
ninokalayci,WCM
niusha,WCM
njpanda,WCM
nm2019,WCM
nobody267,WCM
not_najdorfs_player,WCM
nuestro64,WCM
nurelina12,WCM
nusratalo,WCM
nuzelazacarias,WCM
nykb,WCM
odaskramstad,WCM
oldbutgold22,WCM
onedar,WCM
orlovachess,WCM
outblitzed,WCM
oykuince,WCM
painlessfrench,WCM
parnian_gh,WCM
patatablava123,WCM
pawnstar6870,WCM
peace_b_ird2015,WCM
pelonacongarapata,WCM
penafiel-josselyne02,WCM
perfectioninallmaster11,WCM
pervincaperiwinkle,WCM
petrakon,WCM
pianoskater,WCM
pikachu742,WCM
pinkapplechess,WCM
pipin-1115,WCM
pizzabiteabite,WCM
polarkoalabear,WCM
ponyqueen07,WCM
pournami_s,WCM
pradeepthi,WCM
purpleunicorn2853,WCM
queenant89,WCM
queenazo,WCM
queencrusher_10,WCM
queens001,WCM
queen_2007,WCM
quynhduong2208,WCM
qvuong25,WCM
racinggoals123,WCM
radioname,WCM
rahaf-faqeeh-2001,WCM
random_person9876,WCM
rbkkings,WCM
rebequeen08,WCM
redrainbowrubys,WCM
remyalasmar,WCM
renaesaashabunnycat,WCM
reyna_fr,WCM
riddhi_07,WCM
rinesasaraci,WCM
rinisal8833,WCM
rise_18,WCM
ritanovikova,WCM
ritatorres,WCM
rngm29,WCM
rose107,WCM
rumori20,WCM
rushing_mane,WCM
ruthlessslayer0607,WCM
ruti29,WCM
rv0-nsr,WCM
safarichesser,WCM
sakuraharuno2009,WCM
saltywater07,WCM
sandykay2016,WCM
sarahahaa10,WCM
sarahsun11,WCM
sara_masood,WCM
sasha1011,WCM
savagemedusa,WCM
savethach,WCM
savvyshark,WCM
schachspielerin2012,WCM
sc_selenesky,WCM
seafood_chowder,WCM
secretagentmonk,WCM
sele123,WCM
seydirsm,WCM
shadowandwaves,WCM
shay241202,WCM
shellymilly,WCM
shemilah80,WCM
sherry_ali,WCM
sheru25,WCM
shiningdiamond,WCM
shootingstar9287,WCM
short_exact_sequence,WCM
shriyanasmallya,WCM
silvercat1992,WCM
sissophie,WCM
skyethestar,WCM
skyscraper111,WCM
slayyy_200,WCM
slng1234,WCM
smaug914,WCM
sneakyplayer123,WCM
sofia27-14,WCM
sofialunamon,WCM
sofie1010,WCM
sofirop,WCM
solar_ao,WCM
solderingflux,WCM
solumon,WCM
spacegirl987,WCM
sparkl3_luna,WCM
sparkleflame,WCM
spongebob_03,WCM
squeakingsquirrel,WCM
squishyminions,WCM
ssgm49,WCM
stroppystitcher,WCM
strukovaksenia,WCM
subtlemoves,WCM
sukhugloria,WCM
summer-storm,WCM
sunnilee,WCM
sunrises006,WCM
sunshine050,WCM
sun_chan_lee,WCM
superpower2700,WCM
surgele23,WCM
svepr,WCM
sweety2888,WCM
s_stefi,WCM
tae_gyeong_kim,WCM
tamiat,WCM
taqesyahmarcos,WCM
tarno17,WCM
telekinesis_thor,WCM
telez66,WCM
the-magician-of-usa,WCM
thealphalion86,WCM
theanoint,WCM
thefasterpanda,WCM
thornbird2020,WCM
thox_xo,WCM
tidyclam,WCM
tiger_elaina,WCM
tikoberidzee,WCM
tomnia7807,WCM
toobi,WCM
tortorchess,WCM
trituekinhbac,WCM
troublemaker-09,WCM
trudynini,WCM
tswaggerlolzz,WCM
unurzuldavaakhuu,WCM
user1908523,WCM
usualsuspectt,WCM
v4l3_dds06,WCM
valerieruchinskaya,WCM
vanessagazola,WCM
venetiasiva,WCM
vesnatesting64,WCM
veueza9808,WCM
victoria_kaslan,WCM
violetflower04,WCM
vishenka_na_torte,WCM
vision_64,WCM
viswa_shaji,WCM
viviheinrichs89,WCM
vulcan_o,WCM
walijah27,WCM
wcm-mexicana,WCM
wcmariel,WCM
wcmdominictoretto,WCM
wcmelw1,WCM
wcmsayunigihansa,WCM
werta08,WCM
winw1n14,WCM
wonderchampion,WCM
wuyunfuyue,WCM
xclaraax,WCM
xizahk,WCM
yamoca,WCM
yarafaqeeh,WCM
yashami,WCM
yavotchetchemarie,WCM
yluzzz,WCM
yodapesha,WCM
yoriiiis,WCM
yuhsin0828,WCM
zainabma,WCM
zaineb218,WCM
zankyou-2024,WCM
zauraabdulla,WCM
zeyduru2012,WCM
zhansayachampion,WCM
zhihanchen,WCM
zuzannaklara,WCM
0ne_m0ve,NM
0zyxyz0,NM
1000suleyman,NM
107degrees,NM
10secondsdemon,NM
123456789010chess,NM
123iambob123,NM
12teen,NM
14narb,NM
190l,NM
1982lf,NM
1d4_1-0,NM
1d51-0,NM
1e41-o,NM
1g41-0,NM
1lec,NM
1_corinthians_15-57,NM
2012vachamp,NM
2025clo2025,NM
2346pl,NM
24pablo209,NM
2good4u734,NM
2slow2old,NM
2tilted,NM
3ke31-0,NM
3ptdka,NM
64life,NM
67stingray,NM
6foot7foot,NM
777chessnok777,NM
84yormphaplau18,NM
8timeseight,NM
911master,NM
94hawkeye,NM
a-shu,NM
a4ra3-bestopening,NM
aaronmaster123,NM
abarsticant,NM
abc13524,NM
abcedarian,NM
abdchess25,NM
aborigen_came,NM
abund,NM
academia3,NM
acechess37,NM
ace_mar,NM
acidshazz,NM
ac_20,NM
ad0406,NM
adaar,NM
adalex821,NM
adamweissbarth,NM
adarrey,NM
adarshisme,NM
adnair,NM
adrianconde,NM
adrianmartelli,NM
aemulus20,NM
agent-jl,NM
agentla,NM
agent_jl,NM
aggressus,NM
aglipay8oberio,NM
agrubix18,NM
agus2007,NM
aguss_ok5,NM
aicrossover,NM
ailopatricaliy,NM
airtones,NM
ajechess64,NM
ajgreen,NM
ajian,NM
ajschess1,NM
akdog3,NM
akshatj101,NM
alamage,NM
alanzhang,NM
albertiny1,NM
albertliang01,NM
albertoarnedo,NM
albtb,NM
alekhinesbeef,NM
alepiex,NM
aleskeroff,NM
alexanderjasinski,NM
alexandermatlak,NM
alexandrern33,NM
alexcn1,NM
alexm42100,NM
alexnovitz,NM
alexthechess,NM
alex_c31,NM
alex_zapata,NM
algarvechess,NM
alikfish,NM
alikhan_irgaliyev,NM
aliksis7,NM
alivehula8,NM
aljado,NM
alkaline1,NM
allderdice,NM
allejam,NM
allenbecker,NM
allvim,NM
allysson_muniz_2809,NM
almeida1974,NM
almirdzhumaev,NM
alphabroker,NM
alphaperseii,NM
alphazero_stockfish,NM
alpltl,NM
alpsank,NM
alquadir,NM
alrs-sps,NM
als2005,NM
alturas_pacificas,NM
alucard2020,NM
amanmuhammethommadov,NM
amazingoid,NM
amazing_pawns,NM
amhalm,NM
amurdercastle,NM
anaiy,NM
anderson2361,NM
andong36,NM
andrefidalgo5,NM
andrejkin,NM
andresalama,NM
andretta,NM
andrewjsacks,NM
andrewmcstone,NM
andy07670,NM
angelaberbach,NM
angeldelasoledad,NM
angelescarenor,NM
angelrenatomatos,NM
angryweasel,NM
anhao,NM
annaberdiyevserdar,NM
annalytical,NM
ano89273,NM
anonymousant06,NM
anonymousbread,NM
anonymouschess2005,NM
anonymouscupiddust,NM
anotni,NM
antalsakk,NM
antelacus,NM
anthonylevin,NM
antipositionalgenius,NM
antoniocalvo,NM
antoniod96,NM
antunesperoza,NM
apechi,NM
apngalkusuma1,NM
apoiogia,NM
apx_rn,NM
aqib-20,NM
aqmarkin,NM
aqrana,NM
aquaticpineapples,NM
aquiles88,NM
aragorn_ii_twitch,NM
arbrespourpres,NM
ares30012,NM
argentino1,NM
arifarsky,NM
arman-subaste,NM
artannd,NM
artemykhan,NM
arthasxx29,NM
arthuuur,NM
artistocataki,NM
artofdeception,NM
ashina22,NM
ashishvaja,NM
ashookk,NM
asinnott1,NM
asprellicristian,NM
assassino-noturno,NM
atastyle,NM
athanasiuslefebvre,NM
athlblue,NM
atomicacorn,NM
atrophiedcrazyhouse,NM
at_chess26,NM
august-heart,NM
austinjiang,NM
avielme,NM
avocadosheena,NM
awareidea,NM
awesomeidiot,NM
axelmuller,NM
axf7,NM
axle2017,NM
aycaaksoy,NM
ayrtontwigg,NM
azcactus,NM
azchessgurus,NM
azcryr,NM
azusa-hamaoka,NM
azzbrn,NM
a_black7,NM
b00ulletmercena00ry,NM
bab3s,NM
babyboss31,NM
babydragonking,NM
babyemu,NM
babyfacedassasin,NM
badlyplayed,NM
bado-de-alcor,NM
bala-afiada,NM
bambi2006,NM
bamonson,NM
baranovski12,NM
baraominas,NM
barbarian_chess30,NM
barronizback,NM
barrypatzer,NM
barrypopik,NM
basyak97,NM
batcu,NM
batsai,NM
battlecry216,NM
baws_jaws,NM
baylavchess,NM
bayramov_serdar,NM
beastfromweast,NM
beatnoguera,NM
bedpan2300,NM
bekkedahl,NM
belakis,NM
believethebest,NM
belligham2023,NM
benek77,NM
bennybear,NM
bennyficial,NM
berlindrawer,NM
berlinragnar,NM
bestbytestbro,NM
bestofthelast,NM
bestromano,NM
betman-killer,NM
betmaster81,NM
betolini,NM
better_chess_faster,NM
bgoldchess,NM
bhima2,NM
bianchialbino,NM
bigc08,NM
bigfatduck1,NM
bigjmn,NM
bigmanevan,NM
bigpiano,NM
big_finky,NM
big_pirate,NM
bikingbrian,NM
billcoe,NM
bilunov,NM
biotsavart650,NM
birdsopening,NM
bishops83,NM
blackbearcsw,NM
blackberryangel,NM
blackbirda7,NM
blackknight2278,NM
blacquiao,NM
blakeybchess,NM
blindlogoczar,NM
blitz,NM
blitzcopter,NM
blitzstream,NM
blitzstreamtwitch,NM
blueryder,NM
bluesapphirechess,NM
bmcc333,NM
bm_on_icc,NM
bobbysgrills,NM
bobbysteen89,NM
bobohead,NM
bobo_panda,NM
bobsacit,NM
bobthebuilderpviaowr,NM
bogdan_bodnar,NM
boilingfrog,NM
boliviar,NM
bom-dia,NM
bonesy1116,NM
bonitayrenzo,NM
bonk28,NM
bootstar,NM
borchischess,NM
boredoldman,NM
borowichiok,NM
bossgoodness,NM
bostrom,NM
botezsistersfan77,NM
bowersock,NM
bpovo1394,NM
bracuarta,NM
bramblyspam,NM
brandaolee,NM
bravehorse,NM
briandesousa,NM
brianwall,NM
brilliancy-13,NM
brjad0530,NM
brm72,NM
broderickbauml,NM
bronceysueno,NM
browncow28,NM
brown_bear_mgl,NM
brucepandolfini,NM
brutahl,NM
brutalis,NM
bryanthebutcher,NM
buckbuck42,NM
buckeye22,NM
budda,NM
buhdough,NM
buknoy8,NM
bulletcloud,NM
bulletmercenary,NM
bullycloud,NM
busygin,NM
buyboxbandit,NM
bvsn,NM
b_6,NM
c17h23no3,NM
c5-knightmare,NM
cabezauro,NM
cacatai,NM
caemellis,NM
calemcc,NM
callwithacehigh,NM
campelov,NM
canairez,NM
canal_showdrez,NM
cangaceirochess,NM
cansun,NM
cantinflitas,NM
capachessmaster,NM
capaping,NM
capiberibe,NM
capivarabondoso,NM
captainchrush,NM
captain_charizma,NM
cararay,NM
carlmagnuson,NM
carlos-axarlian,NM
carlosfgrillo,NM
caroinferno,NM
carokantor,NM
carolina-moon,NM
caruana2017chess,NM
casablanca,NM
casestudy25,NM
castleoasischess,NM
catkeson,NM
catzapto,NM
cavallo_bianco123,NM
cavalogrande,NM
cavschess2,NM
ccdk,NM
ccesar64,NM
ccgoodknightrookie,NM
cchow64,NM
cchoww,NM
cdb13,NM
cedrhask,NM
cephalopod11,NM
certai,NM
cfalcons8,NM
chadbiryani,NM
chainsawwarrior3000,NM
chaka_laka,NM
chakmatd,NM
chakraborty-arz,NM
challengerii,NM
chalomoro,NM
chamal_gedgafov,NM
championnn-9,NM
champstan,NM
chananok,NM
chandradi,NM
chara,NM
charizard1011,NM
chawitap,NM
checkm8r,NM
cheerfuldragon100,NM
chenmaster,NM
chenrip,NM
chesmc,NM
chesmon,NM
chess09chess09,NM
chess13524678,NM
chess2smart,NM
chess4life23,NM
chess4thekingforever,NM
chess50years,NM
chessadiction1990,NM
chessadvanceusa,NM
chessbitl,NM
chessbook314,NM
chesscenterofficial,NM
chesscoach_uk,NM
chesscoadch,NM
chesscompressions,NM
chessdeep2017,NM
chessdokmus,NM
chessdryad,NM
chessdude1987,NM
chesselephant,NM
chessevolve1,NM
chessfighter1975,NM
chessforthesun,NM
chessgiantyoutube,NM
chessgpt2114,NM
chessguy_789,NM
chesshoudini,NM
chessifizer,NM
chesslebanesesalah,NM
chessmadara,NM
chessmagia,NM
chessmast123,NM
chessmaster0108,NM
chessmasterjblack,NM
chessmastermarty,NM
chessmateto,NM
chessmavenyeti,NM
chessmoo,NM
chessnetwork,NM
chessninja48,NM
chesspanda,NM
chesspilot01,NM
chessplant300,NM
chessrevelation,NM
chessrook_e,NM
chesssavvy,NM
chessshop,NM
chesssteakjimmmy,NM
chesstatour,NM
chessteacher1973,NM
chesstrail,NM
chessvedant09,NM
chessvr,NM
chesswarrior8688,NM
chessweb101,NM
chesswooog,NM
chessworks64,NM
chessyinstinct,NM
chess_caio2007,NM
chess_foreveryone,NM
chess_gainz,NM
chess_international,NM
chess_lynx,NM
chess_maylovsky,NM
chess_rehab,NM
chess_star1234,NM
cheszology,NM
chezhoosier,NM
chicco1971,NM
chicomaster,NM
chiiibeanpotatoes,NM
chillingblunder,NM
chinashenshiyan,NM
chinocordobes,NM
chmaster15,NM
chop-that-wood,NM
chopotin,NM
chrissuleman,NM
christatix,NM
christoferpeterson,NM
christool2,NM
chronoknight,NM
chuessco,NM
ciaociao666,NM
cirqulr,NM
cjxchess17,NM
claudioa,NM
cldng,NM
coach-bill,NM
coachalexispt,NM
coachhakia,NM
coachjkane,NM
coachkevinvelazquez,NM
coachlior,NM
coachneil,NM
coachric,NM
coachrjm,NM
coachsuhaas,NM
coach_fearless_king2,NM
coalescenet,NM
coastaljourney,NM
cobysters,NM
cockroach_motel,NM
coco_crc,NM
codygakp0,NM
cogitoetludo,NM
columbiachessclub,NM
comsac,NM
conhecimentocaca775,NM
coocloo,NM
cookiesandicecream,NM
coolinglass,NM
coolpache,NM
coquitovich,NM
corjaa7,NM
cornwallite,NM
cory_evans,NM
costing,NM
cottage_cheese,NM
couche_tardchess,NM
coyneollary,NM
cperni,NM
craigle12,NM
crapov,NM
crayonrouge,NM
crazymartian,NM
cristiano78,NM
cristina2011,NM
crosky,NM
crptone,NM
crush,NM
cuervito,NM
cukin84,NM
curradogianfigliazzi,NM
custodioxxi,NM
cutestowl,NM
cwbim,NM
cyrilfelrodtelesforo,NM
cz28,NM
czarniecka_a,NM
czechmviii,NM
czech_mate00,NM
c_busta,NM
d0cbr0wn,NM
d0tn3t,NM
dailyroutines,NM
dale,NM
damianschualle,NM
dampfalcon,NM
dancesar,NM
dandel2i3fernandez,NM
danemattson,NM
dangerzone214,NM
danhh2,NM
danielaus,NM
danielisamazing,NM
danifv,NM
danigol71,NM
dankalpacas,NM
danlowinger,NM
dannywanny8,NM
dare-dare,NM
darhild,NM
darkbluelord,NM
darkingreatness,NM
darkknight123456,NM
darkunorthodox88,NM
datasteeler24,NM
davidfarsen,NM
davidforthoffer,NM
davidlibano,NM
davidloupan,NM
davikh,NM
daviv52,NM
davoz94,NM
dawnrule,NM
dcremisi,NM
ddt94,NM
deathincoolingmoonlight,NM
debilementhol,NM
deepyamandatta,NM
defenstrator,NM
defibaugh,NM
deloewre,NM
demondom,NM
demyan7777,NM
denizg123,NM
denizseyhanoglu1,NM
denmark2015,NM
derossi2800,NM
desxmchna,NM
deviousman123,NM
dfedunov,NM
dgango66,NM
dgrant116,NM
dgwizard,NM
diamondcrusher22,NM
dianosky,NM
diegopdiaz,NM
diffiehellyeah,NM
dilshad92,NM
dinosaurioyogurt,NM
disgustingsasquatch,NM
ditkin25,NM
divljasvinja14,NM
dj-shake,NM
djjohnnywoo,NM
dmarcolino,NM
dmitriyobukhov,NM
dmjjmd,NM
dnextepisode,NM
dobuchak,NM
doctorheart,NM
doctormove,NM
dodorox,NM
doggiebones3000,NM
dogrem5,NM
dogsarethebestanimals,NM
dojochessmasters,NM
donbroca,NM
doncotten,NM
donfidodido,NM
donkinig,NM
doomking,NM
doublefinger,NM
doublesik,NM
doubletactic,NM
doudou321,NM
dp15,NM
dpnorman,NM
dragon-sword,NM
dragon3567,NM
dragondeintenso,NM
dragonfly2758,NM
dragonkiller15,NM
dragonnimzo,NM
dragonplane,NM
drankpuwn,NM
drdrunkensteining,NM
dreadlordpawn3,NM
dres1,NM
dr_strange_knight,NM
dsanchez1973,NM
dscc,NM
dschwarz,NM
dsjoergg,NM
duke,NM
dukenebur,NM
duns_scotus1308,NM
dvayntrub,NM
dvglko,NM
dwb222222,NM
dwyde,NM
dzisboss,NM
d_prawira,NM
e4najdorf,NM
eamonmont,NM
ebalck,NM
ec45nf36,NM
edamatta,NM
eddieurquhart,NM
edgardsuzuki,NM
edilson8923,NM
edmundplayer,NM
eel1957,NM
egnfanclub,NM
ehesfarkas,NM
eigentourist,NM
eightbyeightchess,NM
eii_macho,NM
einstein_fan09,NM
ejarov,NM
ekurtz,NM
elaurens,NM
elbertzeng,NM
elcoachrene,NM
eldidi20,NM
elefantenegro,NM
elephantchessgenius,NM
elfangm2,NM
elfranco,NM
elgrona,NM
elijahlogozarstudent,NM
elle-al-harab,NM
elliotaldersontwitch,NM
elmini,NM
elmuthalleth,NM
elpeordelosmejores,NM
elprimo0o0,NM
elrope,NM
eltiopacifico,NM
eltrain1971,NM
elyceum,NM
el_matador12,NM
el_p0rtugues,NM
emiliochess,NM
emre_demirbas,NM
en-quosantt,NM
endrick9,NM
energetichay,NM
engr_arellano,NM
engr_robert_arellano,NM
enismetin34,NM
enki1010,NM
enpaussante,NM
enriquack,NM
enzoferrara,NM
enzovsky,NM
epccmelech,NM
ephraimrosenstockofficial,NM
epiksheep,NM
ericeira,NM
ericthered78,NM
erinlafox,NM
er_paskk,NM
escanorthelion7,NM
esrosenberg,NM
estudio2025,NM
ethannorris2006,NM
eugenio_anigstein,NM
eugeniusjr,NM
euromust,NM
evanrsammons,NM
evertongambit,NM
everyfishknows,NM
evhen_taranenko,NM
evilmorty23,NM
exchange_sacrificer,NM
exiledsaint,NM
expii,NM
ezwin4all,NM
f1chess1,NM
fabianocarlsen,NM
fackotall,NM
falkentyne,NM
falzehope0,NM
fandejinx,NM
farseer25,NM
fastfaun,NM
fcm002,NM
fda-2010,NM
fearnoevil12,NM
federicosellitti,NM
feelsliketoday,NM
fegatelo78,NM
fekirsito10,NM
felipelobo,NM
fengwi,NM
ferdipy,NM
fernando1279,NM
fernandoacevedo21,NM
fernandovidalolmos,NM
fever_code,NM
fianchesstovietnam,NM
fianchettoer,NM
fickenfaith,NM
fierydragon87,NM
fightingchess,NM
filhodecaissa,NM
fin,NM
financieru,NM
finec2,NM
fingolfinwarrior,NM
firespitter,NM
firewoods,NM
firmtrain16,NM
fischerev7,NM
fischerfish2,NM
fischwitsch,NM
fisher-phi,NM
fishface2,NM
fitchess25,NM
fizzyband,NM
fl00red,NM
flabrezu,NM
flaccidmoves,NM
flagged-again,NM
flamingdonkey,NM
flapjackpalmdale,NM
flaretactics,NM
flaviorcb,NM
flchessplayer,NM
flicflac,NM
flightsoffancy,NM
florendinovera,NM
flubs,NM
flyinduck,NM
flyinduck01,NM
fmlarry,NM
followrivers,NM
forestferrari12,NM
formidable_1207,NM
fortitudine,NM
fourqueens13,NM
fpawn,NM
fractingale,NM
francesatop,NM
francisco_ferrari,NM
frank0288,NM
frankggomez,NM
frankiejay,NM
frederickrhine,NM
frequentblunders,NM
freshmozz,NM
friedgambit_08,NM
friend_of_horse,NM
frolik67,NM
fstp2,NM
fullsend,NM
fumitoks,NM
fytnob,NM
g-kamilo,NM
g-nell,NM
g4c6,NM
gabber2011,NM
gabrielcarckeno,NM
gabrielschoenfeld55,NM
gabriel_pereyra,NM
galileo22,NM
galyamov_vildan,NM
gamayevoleg,NM
gambito_se,NM
gambits4fun,NM
gametelerna,NM
gameygame6,NM
ganardespacito,NM
ganzy,NM
gao,NM
garfio2017,NM
gargleblaster,NM
gasparasprelliok,NM
gatorcity,NM
gawk,NM
gbidari,NM
gelowkey95,NM
genarovsky,NM
geniovich,NM
gensunasumus,NM
georgegrasser,NM
gerundininumber1,NM
ggfrances,NM
gheghe11,NM
giantgoogachess,NM
giftedcreation,NM
giftedhandz31,NM
gilliganslaststand,NM
ginger64,NM
giotto4now,NM
giovannibrandao7,NM
giraffe1912,NM
giraffe_chess,NM
girthyhuell,NM
giskardchess,NM
glaciergambit,NM
glezcanow,NM
gloti,NM
gm4life,NM
gm5050,NM
gm64keys,NM
gmarsenalaritro,NM
gmbmw,NM
gmchessgus,NM
gmemmancarter,NM
gmr7525,NM
gmsuperglue,NM
gms_nightmare-4-ever,NM
gmzinnai,NM
gnechko_ruslan,NM
goala,NM
goddanielm,NM
godelchess,NM
gogogogogogogogo5,NM
goingin33,NM
golden3agle,NM
goldenspine,NM
goldn1,NM
gomeschess02,NM
goodoldbell,NM
good_knight_kiss,NM
grande_strategia,NM
grandmasta23,NM
grandmasterforester,NM
grant06,NM
grapefruitshapehead,NM
greatdamnedredspot,NM
greatunknown,NM
grebeniuk-s,NM
greenarrow02,NM
greenchessangel,NM
greenlaser,NM
greggstanley,NM
greguer,NM
grellmann,NM
gremioprudente,NM
grem_lin,NM
griffinmac,NM
grillojuancruz,NM
gross-aleks,NM
gross77777,NM
grumpyguru,NM
guerraperez,NM
guilhermedeola,NM
guineapig25,NM
guineo59,NM
gupta688,NM
gurudub,NM
gustavoaoliveira,NM
gustifirmansyah99,NM
guyford,NM
gwkayser,NM
gw_pabst,NM
gxbg2000,NM
gympod,NM
gyoung11,NM
h3nriquetv,NM
habadra,NM
halfclosed,NM
hamzandar123,NM
hangemhigh,NM
hankmd,NM
hanksalamanca10,NM
hanoirocks,NM
haragas,NM
harkow,NM
harshu27,NM
harykane,NM
hawkcallen,NM
hazy13,NM
headshotromantest,NM
healthybrick2,NM
hell_team_captain,NM
henriksk,NM
heretoflag,NM
heyerik,NM
hieii,NM
hightide,NM
himmybuckets21,NM
hinata_shoyo11,NM
historicodeatleta,NM
hkburwell,NM
hluis7,NM
hollywood_chess,NM
homeless_patzer,NM
honzaceka,NM
horaciomedeiros,NM
horakio,NM
horofson7,NM
horokoskii,NM
horpereyra17,NM
horselover123,NM
horsesgalore,NM
hoshiboshi,NM
hoshka,NM
hoshor,NM
hosta_mahogey,NM
hotchilidogg,NM
hot_chess,NM
hubertknott,NM
hue_chess,NM
hunterbrr,NM
hurricane_morphy,NM
husainnakara,NM
hushedboy,NM
huzhdarganag,NM
hyp3rl1nk,NM
hypernova99,NM
hzmc92,NM
i-have-no-rizz,NM
i-mesquita,NM
iamschrodingerscat,NM
iamvoltu,NM
ibemadhappy,NM
ibove,NM
ic3s2,NM
icedkings,NM
iceioger,NM
iceman_br,NM
ice_storm,NM
ichiban-misaka-simp,NM
icy_denial,NM
idontwannarecognized,NM
ifrancisco,NM
ignaciocavadini,NM
igordubrovich,NM
igotjinxed,NM
ihatethesteelers,NM
ihavecometodefeatyou,NM
ijustmightsac,NM
ike_miller,NM
ilanpi,NM
ilanvardi,NM
iliachess2007,NM
ilimchess2,NM
illustradochess,NM
ilovetheamazon,NM
ilsottocapo,NM
ilusha,NM
il_cavallo_matto,NM
imbetterthandre,NM
imdarealist,NM
imhotep_0,NM
imlkl10,NM
impractical,NM
inde-finitely,NM
indiobrasileiro,NM
indiomiguel,NM
inefavel-indizivel,NM
infantaria08,NM
infiniteadaption,NM
infinitegiantkiller,NM
infinitypoint,NM
init0x7a,NM
initiatingasc,NM
intowns23,NM
iostnala,NM
iqsports_chess_coach,NM
irazyne,NM
ironiasudby,NM
iron_fistt,NM
isaacwiebe,NM
isaiahkim12,NM
isainz,NM
isaquegoncalvessanto,NM
israelfillip,NM
israeliking,NM
italianmachine,NM
itay121,NM
itshere,NM
itsmyknights,NM
itz_faz_55,NM
iversonas,NM
iwannabetheguy,NM
iwant2lose,NM
jabh84,NM
jackhearts,NM
jacksonchen,NM
jacobsfrog,NM
jahonas,NM
jamatemate,NM
jamesaltucher,NM
jamesblack_ii,NM
jamesbond0200007,NM
janespet,NM
janh4,NM
jasongaragara,NM
jasrom,NM
jat0123,NM
jatait47,NM
jawschess1955,NM
jbd735,NM
jbmvaz,NM
jcpoza1971,NM
jdpachess,NM
jdpino,NM
jdwchess64,NM
jd_chess_academy,NM
jeaston1,NM
jek59,NM
jerryle,NM
jessejames88tx,NM
jessicahyatt,NM
jeziel_vale,NM
jgroffct,NM
jheiserman,NM
jiangofett,NM
jiejio,NM
jimmmyzhang,NM
jimwest,NM
jkidd123,NM
jkidjr22,NM
jligotti23,NM
jlrhei,NM
jnitz,NM
jo2437,NM
joao_dianda,NM
jobavajr,NM
jocachesss,NM
jodmar,NM
joegoldberg13,NM
jogadormedio,NM
johnchess7,NM
johngraves1,NM
johnnycagemk2,NM
jonathanchess15,NM
jonathanhilton,NM
jonathanhilton1,NM
jonesmurphy,NM
jonfrankle,NM
jonmeista,NM
jordi-wayne,NM
jordy,NM
joseph_truelson,NM
joshb91,NM
joshuacao,NM
joshuaguo,NM
joshweinstein,NM
josorio78,NM
jptica,NM
jpuczai,NM
jquiroga18,NM
jrenatomaranhao,NM
jrwright,NM
jsinanan,NM
jucaxx,NM
judgeholden13,NM
juice_wr1d,NM
julianlinchess,NM
julianproleiko,NM
jumpingjac2,NM
jumpman1998,NM
juniorz98,NM
just2passtime,NM
justinburgess,NM
just_biz,NM
j_lisbon,NM
ka1ser64,NM
kaan_akbas67,NM
kaka,NM
kalashnnikov,NM
kaleandmushrooms,NM
kalinchick,NM
kallerotmg,NM
kalxandria,NM
kanielc,NM
kanthecarowin,NM
kapishp1,NM
kaponov,NM
karjanr,NM
karpovian123,NM
karthikramachandran,NM
kaspablanca99,NM
kbep1,NM
kchor05,NM
keepitcoming,NM
keepitcool9499,NM
keisyzrk,NM
kelocky,NM
kensei26,NM
kereswasbest,NM
kettsui,NM
keures,NM
kevinhappyface,NM
kevin_gibson,NM
kgambitman,NM
kgli1m,NM
khansnephew,NM
kharposh,NM
khungthep,NM
kidgambit,NM
killerrook,NM
killer_london,NM
kimitoapelao,NM
kimkahre,NM
kimkibo,NM
kinetix,NM
kingbaiano,NM
kingbuilder001,NM
kingd356,NM
kingdestroyer3000,NM
kingmontecristo,NM
kingplot65,NM
kingvittorio_real,NM
kingwalk456,NM
king_of_victoria,NM
kino,NM
kirillovo,NM
kismet6,NM
kiwibobo,NM
kkpanu9,NM
kleong12,NM
kleopl,NM
kleyton_lima,NM
kli19002,NM
kmackinnon,NM
knight8700,NM
knighthunter2024,NM
knightleap,NM
knightoclock,NM
knightseesix,NM
kolosovas,NM
komaromy31,NM
komikaoxid,NM
konovalova_vera,NM
konstantin_dmitrievich,NM
koo_chess,NM
koroldimitriy75,NM
kostukov_alex,NM
kostya26,NM
kotchy,NM
koukku,NM
kowarenai,NM
kranga,NM
kranthikumar1993,NM
kripri,NM
krivonosovfan,NM
krolpawel92ontwitch,NM
kroshkakami,NM
ksho99,NM
kulik2007,NM
kunj_1,NM
kunoichi_69,NM
kurtschneider,NM
kvothekilla,NM
kweather11,NM
kxmo13,NM
kxt100,NM
kyiekorver,NM
kyiv-1,NM
kylelancman,NM
kylemorrison64,NM
kyros-iv,NM
kz28am,NM
l1475,NM
lacafi,NM
lacolumnadelajedrecista,NM
laiditmang05_ducminh,NM
lailailaiking,NM
lakdawalprotege,NM
lalu,NM
lamarr168,NM
lamboliu,NM
lasker_fiverr,NM
lautydemar12,NM
lavogadinni,NM
lawliet64,NM
lazarusicarus,NM
lcmil,NM
ldm05,NM
leboshnitzel,NM
lee_yeon_sung,NM
legbreaker,NM
legenya1998,NM
lenadil,NM
leoalonso,NM
leobispo83,NM
leonardol2005,NM
leopato,NM
lessler-sea,NM
levitating_bishop34,NM
lewiseisen,NM
le_vrai_roi_07,NM
liadcuba,NM
liamneves,NM
lidongw,NM
liduino,NM
limingyi,NM
literally_i_drive,NM
litmus,NM
littlekoala08,NM
little_skib,NM
liusia,NM
liwadas82,NM
llamalord42,NM
llavanesr,NM
lmastershadowl,NM
lmhometeam,NM
lofigrind,NM
logoczar,NM
loneppawn,NM
lord_neezy,NM
lore97,NM
loscecco,NM
losratonesenjoyer,NM
lotusblooms2,NM
louiekov2022,NM
loverboy33,NM
loyacomondu,NM
loyalclone,NM
loy_konstantin,NM
lrbp,NM
lredwolf,NM
lschess,NM
lshaped,NM
lucasportolelis,NM
lucas_calcada,NM
luca_va99,NM
luckychanco38,NM
ludin-esteban-jaimes-gonz,NM
lufc99,NM
luis-garcia,NM
luiztfelizola,NM
luiz_carlos_arrais,NM
lukazz029,NM
m0usesiip,NM
m3dr4d0,NM
maakasu,NM
macdaddymac,NM
maciejbrzeski128,NM
mackus,NM
mactep-i,NM
mactrazz,NM
madalin18,NM
madapprentice,NM
maddie,NM
madiyar-amerkeshev,NM
madmagister,NM
magical_octopus,NM
magiclydonkey,NM
magnetus_chess,NM
magnusmystery,NM
magodelcaohs,NM
maksimelf,NM
malakhovkirill,NM
malandragem,NM
maluco_do_natal_00,NM
mamitobeibe,NM
mammothcricket,NM
mangyou,NM
maniaconthedanceflo,NM
manochessbrasil,NM
manoklover,NM
manuelsobrinho,NM
manukyan_artak,NM
manu_na,NM
maple-kev,NM
mapleaff,NM
maplecheck,NM
marabu44,NM
marciojor,NM
marco1952,NM
marcocordeiro2013,NM
marcocortesrodriguez,NM
marcostrelew,NM
marcusaurelius424,NM
marc_jocs,NM
margim26,NM
mario_correia,NM
marius01,NM
marjose1957,NM
markope,NM
marks1420,NM
marshknight,NM
marsovic,NM
martiniirichard,NM
marvelanddcforlife,NM
mashenka97,NM
massarioli,NM
masterofmasters2006,NM
mastervince2244,NM
mastervlad8,NM
master_kairos,NM
master_lilov,NM
master_of_math,NM
matamnsms,NM
matein28,NM
matemagico8,NM
matematicoanonimo,NM
matenitian,NM
mateschmate,NM
matetricks,NM
matilandi84,NM
matmoersch,NM
matt2master,NM
mattcolins2025,NM
mattheii,NM
matthew-fishbein,NM
matthewuiuc,NM
matviy2009,NM
matycarcamo91,NM
matzo,NM
maulo09,NM
maurito96,NM
max50001,NM
maxim_e2e4,NM
maxz1996,NM
mayofuentebella,NM
mayo_neighs,NM
mbappefuturegoat10,NM
mbmaster,NM
mc4chess,NM
mcbaddie,NM
mcguima49,NM
mclarenf1lm,NM
mcorallo,NM
meaniebub,NM
medvezhlo,NM
meekinskris,NM
meeper011,NM
mefletcher,NM
megachargerex,NM
megaman80,NM
megamanmusic,NM
megamarble,NM
meishijian,NM
melihkaancan,NM
mesmerini,NM
mestrefeitosa19,NM
metalratel,NM
meth,NM
mezzominuto,NM
mfcampeao,NM
mgapr,NM
mgssantos,NM
miamishark,NM
michaelbjordanlover,NM
michaelpat000,NM
michaelskie11,NM
michaeltilt,NM
michailovm,NM
michelangelooo,NM
michelsan,NM
micktory02,NM
microbear,NM
mightygmpretender,NM
miguelabnernevesgomes,NM
mihajlovskij,NM
mikayel99,NM
mike24147,NM
mikesailer,NM
mikewier,NM
mikewizard,NM
mikhailsher,NM
mikhal867,NM
miller-bos,NM
mimstefanova,NM
mimstefanova-inactive,NM
minichess,NM
minnesotachessmaster,NM
minoporco,NM
mirceamateica,NM
mise2020,NM
miserablemagical,NM
misidentified1,NM
mitfit64,NM
mithrandirjunior,NM
mixmasterchess,NM
mlchen,NM
mlchiang,NM
mlyagl,NM
mmichaelides,NM
mnuwan,NM
mnvf,NM
mn_malvadeza,NM
mochamp,NM
mochibear88,NM
mojarritadinamita,NM
moleculeichimonji,NM
momotaro77,NM
monktheodosius,NM
monstertube,NM
mortalbovine,NM
morte-negra,NM
mostokay,NM
mouraobio,NM
mouravc,NM
mousepusher64,NM
mozzy1995,NM
mr-leahy,NM
mrannihilation,NM
mrcorbat,NM
mrdvoretski,NM
mrludus,NM
mrmatt2011,NM
mrmusicwriter,NM
mr_penings,NM
mr_trindade,NM
mthaler,NM
muncettin,NM
mustafay,NM
mvpag,NM
mystere22,NM
mysteriousrook1,NM
mythril_h3ml0ck,NM
mywarrior500,NM
nacisan,NM
nagobe,NM
nakperahupetaniaura,NM
namelesspro,NM
nanchu71,NM
naneferkaptah,NM
nanjibear,NM
naoki,NM
nargalz1us,NM
nastypanda,NM
nathanhoover,NM
navnp04,NM
navyblue1,NM
nbi1,NM
ncchamp,NM
nechemia_kasimov,NM
nefariousnebula,NM
nefas,NM
nefelv,NM
neilbhav,NM
neil_doknjas,NM
neistoviupryam,NM
neithor1984,NM
nelsi,NM
nepitibiribas,NM
nevergiveuppp,NM
newlight1,NM
ngc772n11,NM
ngheanquetoi,NM
nhdoug,NM
nicholastakano,NM
nick0p,NM
nick12772,NM
nick_nisperos,NM
nicolasulaneobelassi,NM
nicolas_delacolina,NM
nicotira2,NM
nigeldwarf,NM
nightlord1,NM
nihilistiq,NM
nikachu,NM
nikolastheiss,NM
nitalucian,NM
niyozmetov,NM
nmbraveheart0820,NM
nmchessadhd,NM
nmchesstoimpress,NM
nmchesstoimpress_stream,NM
nmchesswizard,NM
nmcraigheirigs,NM
nmjonathantan,NM
nmluo,NM
nmmustang6000,NM
nmofpuppets,NM
nmpdk,NM
nmshanmeruga,NM
nmwannabe101,NM
nmxv,NM
nmzanette,NM
nm_antelacus,NM
nm_koval,NM
nm_vanessa,NM
noahontwitch,NM
noamapplesauce,NM
noblerone,NM
nocheatingkid,NM
nochewycandy,NM
nogallonoparty,NM
nohethto,NM
noki102,NM
nomercy_ukr,NM
noname372k,NM
nonmaster99,NM
noobsiaya,NM
noomerccyy,NM
nopawnintended,NM
noraa8,NM
noret,NM
norman-who,NM
norman927,NM
northbound30,NM
northridgehawk,NM
not-a-rapper,NM
notfischer,NM
notfischerblind,NM
novaaugusta,NM
npaleveda,NM
nuadvaga,NM
nwcapa,NM
nycjack1,NM
nyqui,NM
n_i_chess,NM
n_mullodzhanov,NM
obligatepawnivore,NM
occhio-vivo,NM
oceanracer03,NM
odarne,NM
oddodddodo,NM
oksikodoni,NM
olakechu,NM
olde_donkey,NM
oldguysrule1956,NM
oldsoldiere,NM
oldturkishboy,NM
oldzed,NM
oleksandrprokhorov,NM
olgerts_indricans,NM
oligator83,NM
olintoarthur,NM
omeed_87,NM
onionriverpatzer,NM
onlyggwheniwin,NM
onslowchess,NM
oppiezippy,NM
orackbbama,NM
oratoricalgenius,NM
orby314,NM
orionkinghunter,NM
ornulfo,NM
ortizfrancisco,NM
ortznoi57,NM
orwaid,NM
orzechowski_jacek,NM
oscar-luna,NM
oscarang,NM
ossipoff,NM
othergabe,NM
outsmiter,NM
overfrost,NM
ozzie_c_cobblepot,NM
pablovik,NM
pacifique,NM
pacomitaco999,NM
pamapseba,NM
panateniense,NM
pandamaster3000,NM
papabearpdx,NM
papaiedudu,NM
papajohns,NM
paragonfighter,NM
pasqualer7,NM
passacaglia23,NM
passedpawnmustpushed,NM
patchi0423,NM
pathfinder1234,NM
patolindo,NM
patrick-angelo,NM
patzernation,NM
patzerplay,NM
paulmorphy111,NM
paulocesarcosta_sad,NM
pawn1sland,NM
pawneatingzombie,NM
pawnhopper316,NM
pawnn,NM
pawnosaurus,NM
pawnstorn,NM
pedro_nascimento85,NM
pellegrino_chess,NM
penetra06,NM
penguinpacks,NM
perez-billinghurst,NM
persian_elephant1,NM
pescadoazul,NM
petearrrpan,NM
petelael,NM
peteryehmd,NM
petthecat,NM
pfalcon1949,NM
pgelis,NM
phantom19801127,NM
phantomanton,NM
phernand09,NM
phishmaster,NM
phobos19,NM
phqbophobia,NM
piekarski64,NM
piggu,NM
piinuma,NM
pika0008,NM
pinduca1,NM
pinguino120,NM
pink-ostrich,NM
pinkdiffenbachia,NM
pinoywoodpusher,NM
piotrek1979,NM
pitzalpepe,NM
pizzetti,NM
plasm712,NM
platinumdi,NM
playablecharacter,NM
playgood28,NM
playingwhilesick,NM
pliukha_mikhail,NM
ploxoi,NM
pminear,NM
pnamarasinghe,NM
pnepaul,NM
pokemon0227,NM
poliplaza,NM
polonyfrombenoni,NM
poneis_malditos,NM
pontiac-bandit-99,NM
ponzianipower,NM
pooh2012,NM
poppingcheckmates,NM
porque123,NM
potpiedude,NM
ppa-pro,NM
practicemakesok,NM
prakash510,NM
pranazen,NM
premetfugas,NM
premierchess64,NM
pretzel2,NM
pricedaniel33,NM
priyansh_2011,NM
prochessbr,NM
prochesswicth,NM
profligate149,NM
profluiztomaz,NM
prof_osvaldo,NM
prophetofthelord,NM
prostochendir,NM
protectiago,NM
punkmonkz,NM
pupilomito,NM
purpurice,NM
pushingpawnsnyc,NM
qcorn,NM
qd-ad,NM
qiaohu_henry,NM
qib_wang,NM
qing29,NM
qkid2024,NM
qqwow,NM
quantum-error,NM
quaritch79,NM
quercusrobur22,NM
quexpega,NM
quiet_desperation,NM
quirkyquokka6969,NM
qwertpoiuy999,NM
qy8vx,NM
r-sham,NM
r12thehills,NM
r31415,NM
rabbinicalwarrior,NM
rabbit-33,NM
rachelnegs,NM
radicalradomir,NM
radislav_atanasov,NM
radislav_atanassov,NM
rafafigueroa,NM
ragingknightnc,NM
raining_taco,NM
ramonmanon0g,NM
randomkiblitzer,NM
randyhough,NM
rapidblitzz,NM
rapiddefeat,NM
raseljkee,NM
rasenkage,NM
rashidloya,NM
ratingpinata,NM
ravengelic,NM
rawnsdale,NM
raymaster2500,NM
razorbladeteddy,NM
rcc_2024,NM
rcmz,NM
rdclayton,NM
ready4abattle,NM
realavtofan,NM
realcontender,NM
realfusilli,NM
real_karma,NM
real_taiatai,NM
reb,NM
rebrab1,NM
recombinant,NM
redbandit87,NM
redbullet64,NM
redchessman,NM
redemption2022,NM
redon_07,NM
rehtori,NM
reinisuz,NM
reitsukumo,NM
relentless_rook,NM
rellikrahs19,NM
renanbrandao,NM
renatoghica,NM
renegade_hitman,NM
resignify,NM
restartingchess,NM
returnofthechessanimal,NM
returnofthelagger,NM
reygto,NM
rey_bengala,NM
rey_jacinto,NM
rezi_chkuaseli,NM
rfurdzik,NM
rh152,NM
rhpdalton,NM
rhwr,NM
ri4mi,NM
rialfie_pawn,NM
ricardinho16,NM
richardshtivelband,NM
richarzard69,NM
richbe1,NM
richkasa,NM
rickborgen,NM
rickkrewson,NM
rickywsb,NM
ridethesky89,NM
ridnani2021,NM
rikelme32,NM
rikyshi,NM
ringouz,NM
rinqed222,NM
ritterfork,NM
rk12387,NM
rkoepcke,NM
rng2200,NM
rngtmn,NM
roaccutane,NM
road2gm3000,NM
robertxbob,NM
robin_cool,NM
robking,NM
robledo0,NM
robram,NM
rock700chess,NM
rockytraining,NM
rodgy,NM
rodinmihail,NM
rodokininev,NM
rodp92,NM
roenko_artur,NM
rofflekohn,NM
rogerbuland,NM
rogeriomuller,NM
rogue_king,NM
rohan_agarwal,NM
roi_dartagnan,NM
rokomotion,NM
romadk,NM
romamo,NM
romeofantiquity,NM
romkachess,NM
rommel_ganzon,NM
romulocardoso,NM
roofless,NM
rookienookie,NM
rosedolphin,NM
roseofbattle,NM
roseychess,NM
roughage,NM
rouven1977,NM
royal-gambit,NM
rpcousins,NM
rrabbithole,NM
rrgchessmaster05,NM
rtdrtd67,NM
rubicapa,NM
rubiking,NM
ruffumup,NM
ruibae18,NM
rukdropov,NM
rumo_a_3200,NM
russell_potter,NM
ruvat,NM
ru_b9,NM
rwhaines,NM
ryan2chess,NM
ryandungca,NM
ryan_sowa,NM
ryan_young,NM
ryepez75,NM
rynos0411,NM
s-dshubin,NM
s2004k1993,NM
sabra182,NM
sacbutt,NM
saccona_silvano_m,NM
sacrifoice,NM
saevecors,NM
safikiet,NM
sailorknight,NM
saisree,NM
salbenicio,NM
salted_hash,NM
salvattidiego,NM
samcopeland,NM
sameermujumdar,NM
samiamsam_iamsamiam,NM
samirsen,NM
samuraichessman,NM
sandager,NM
sandpacer,NM
santiagocazaux,NM
sarajevski,NM
sarfk,NM
sasak,NM
sashastrong,NM
saucypizza,NM
savchess06,NM
sayan_m,NM
sbd1,NM
scabies1,NM
scenicregal,NM
schach_the_monkey,NM
schwarzschidl,NM
schwarzspringer,NM
schwindle,NM
scoopbh,NM
scott-fox21,NM
scottt,NM
searchforbobby1,NM
seccafim,NM
secretsatsuma,NM
seedtotree,NM
segatov,NM
self_service,NM
semchik90,NM
seppppppy,NM
sequillion,NM
sergi0medina,NM
sergiogmi,NM
sesleria,NM
setne007,NM
shaconage,NM
shadowjolteon,NM
shahxaibkhan,NM
shaman91,NM
shapkinanatoliy,NM
sharathrk6,NM
shark2314,NM
shatranjmaster4,NM
sheep_to_sheep,NM
shepi13,NM
shhuuvus,NM
shimogatactician,NM
shiraaaaazi,NM
shishkana,NM
shoshall,NM
shrilla,NM
siamonsays,NM
sicilianthedragon,NM
siciliantm,NM
sicksickmate,NM
sicupira,NM
sidarun,NM
silent_soldier1122,NM
silvederione,NM
silvercityindigo,NM
silviusgrotius,NM
silviustiberius,NM
simonknightrivendell,NM
simonsimanjuntak,NM
simplekill,NM
sina101,NM
sinistersnake,NM
sion2200,NM
sipahipower,NM
sissahungrychess,NM
skaternesto,NM
skeadam,NM
skeyman,NM
skinnypuppy8,NM
skipper009,NM
skychen007,NM
sl0m,NM
sl2000,NM
slava50,NM
slederes,NM
sleepless_knightmare,NM
slimnico,NM
slowpatzer,NM
slow_jamz,NM
smallbaba,NM
smallvillekent,NM
smalugu,NM
smart-dolphins,NM
smarterchess,NM
smartrocks,NM
smashdatresignbutton,NM
smilemoon,NM
smoothhoho,NM
smugzz,NM
smurf1983,NM
sn00ppawn,NM
snap_man,NM
snchin,NM
sneakiest_of_snakes,NM
snj2024,NM
snowbore,NM
snowygiulio,NM
soadvi,NM
socaljuniorchess,NM
socoloco,NM
soledadense88,NM
sophist4life,NM
sorch29,NM
sordis,NM
sotangbastos,NM
soundsfishy,NM
spaminacan,NM
sparkychesstiger,NM
spartancarl81,NM
spartantiger2025,NM
speedaddict,NM
speedrunrikelme,NM
spencenzug,NM
spirals5,NM
spiritof_stlouis,NM
splane,NM
springare,NM
squiresque,NM
srawberryfields,NM
srdr8290,NM
stamma1,NM
stan97,NM
stan_king,NM
starlightfade,NM
starsandducks,NM
steelysteam,NM
steepedgames,NM
stellarchess,NM
steven_pennock,NM
stevis5,NM
stolencandy13,NM
storchnoi,NM
stormline,NM
stormyweather4,NM
stregachess,NM
stunningarbage,NM
subham777,NM
sucof4reve,NM
sulfatoferroso,NM
sunerr,NM
supelyel,NM
superawesomesarthak,NM
superblitz,NM
superfast64,NM
supergpatzer,NM
supermousebr,NM
supremetactician,NM
suraj240704,NM
suz-arte,NM
sviridov_valery,NM
svmind,NM
swamichaturanga,NM
swiftymcbishop,NM
swordbilledhummingbird,NM
synctel,NM
syntactic_sugar,NM
szachuspl,NM
tactic,NM
tactical-attack,NM
tacticaljesus,NM
tactwiz,NM
taichungchess,NM
takate20,NM
talaicito,NM
talcapa,NM
talcrifice,NM
taleslascando,NM
talisayin,NM
talisman_zwei,NM
tall-guy,NM
talstactician,NM
tamarozi99,NM
tamnguyen2,NM
tandercat,NM
tangytacos,NM
tank209209,NM
taylotrista,NM
tbergh98,NM
tc2304,NM
tdaly123,NM
teamcanadalive,NM
tedbelanoff,NM
teemu_v,NM
teidi96,NM
telarubo96,NM
tematicon,NM
temijun_galactic,NM
tennessee07,NM
tenzingshaw,NM
teoeo,NM
terezana,NM
terios,NM
terrapin33,NM
tesla17,NM
tessierolivier,NM
tetra_wolf,NM
tetyana08,NM
texie1,NM
tfang94,NM
th3d4rkness,NM
thakanieloutis,NM
thalesbond92,NM
thanksjerryc,NM
thankspaul,NM
tha_shadow_of_lupin,NM
the,NM
thean0maly,NM
thebigsqueeze,NM
theblindman1980,NM
thechesschannel,NM
thedragonking101,NM
thedragonslayer1,NM
thefakescotch,NM
thegreendog,NM
thegreyhound,NM
thehumble_1,NM
theil-ne,NM
theindianattacker,NM
thekingoftheforest,NM
thekingwolf_1,NM
theknightbefore,NM
thelionbehind,NM
thellamalord,NM
thelonepika,NM
thelouisvuittondon45,NM
themagicmaik,NM
theoldreb,NM
theoneandonly18,NM
theoneandonlyhedgie,NM
theopera,NM
theoslade,NM
thepeacefulpanda,NM
theperplexed,NM
thespiderlion,NM
thesupera12,NM
thetruth,NM
theultimatehunter,NM
thewinninguy,NM
thewiscoindian,NM
theytookourjobs,NM
they_not_like_me-kl,NM
the_chess_coach,NM
the_drake,NM
the_filthy,NM
the_real_jerome_genzling,NM
the_rizzguy,NM
thingone11,NM
thormento16,NM
thymathgeek,NM
tiagomangialardo,NM
ticbye,NM
tiger415,NM
tigerchess2025,NM
tigertiggy,NM
tigertom4444,NM
tiggermeister,NM
tigre95,NM
tilted,NM
tiltedrizzler_5,NM
time2win777,NM
timedothwasteme,NM
timk131,NM
timothy-xie,NM
tintreach,NM
tiocridineno,NM
tiramatto,NM
titomagno_64,NM
titus369,NM
tjtabernilla_imus_12,NM
tk_z,NM
tmnunn,NM
tmtw,NM
toad,NM
tocantins_to,NM
toddbryant,NM
toddrumph,NM
todoverso2020,NM
togahcuwemmig,NM
tokapo77,NM
tomatomeatsauce,NM
tomoe_nage,NM
tompolgar,NM
toninhojit,NM
tonychess32,NM
tonynichols,NM
tonyq11,NM
tosherrr,NM
totallynotanalt,NM
tovchess,NM
tplovetiramisu,NM
tpros,NM
tractormoo,NM
trader19,NM
train_your_dragon,NM
transagenda,NM
trapper4,NM
trator_de_esteira,NM
traviscottofficial,NM
treadstone_71,NM
treasurechess777,NM
treinadorbr,NM
trickytrapchess,NM
triggerpawn,NM
trulyhumbledundergod,NM
tufferguy,NM
tulipaz,NM
tulipnoir,NM
tumbaviones,NM
tungsteno_2025,NM
turayev_shahruh17,NM
turkage,NM
turtlein,NM
twickenham2014,NM
txprogger,NM
typethreewaffles,NM
typicality,NM
ty_twadd,NM
u827883,NM
uclachess,NM
ukr_master,NM
uliseshb,NM
ultramodernist,NM
ummanmanda,NM
umutbekiragaoglu,NM
undefined,NM
underdog83,NM
universaltsunami,NM
unpolarizing,NM
uommibatto,NM
ur2l,NM
urano56,NM
urutodo,NM
usnm_joseaquinojr,NM
utensil,NM
uzkuzk,NM
vadim_galchenko,NM
valdenicio,NM
valera_b5,NM
vect0rs,NM
vegan4animals,NM
vennyice,NM
vgyogi,NM
vhtspeedrun,NM
vibhu11,NM
victormago,NM
viczilla,NM
vigg-sama,NM
vihaan07,NM
vinavr,NM
vincevincevince09,NM
vinceyoung15,NM
viper3m,NM
virtualcoach,NM
visualdennis,NM
vitnik2020,NM
vitorbronson,NM
vjbaker,NM
vlad0924,NM
vladgoncharov,NM
vladimirbugayev,NM
vladyslav_puchka,NM
vlazinq,NM
vmd306,NM
vnamb,NM
voicelessfeather,NM
volkanyirik,NM
volodymyrmolyboha,NM
volunteers1998,NM
vqbt-tpnd,NM
vrekhson,NM
vsofja,NM
vwberry,NM
waldochess,NM
walkinghobbit,NM
walkovermate,NM
wanderingpuppet,NM
wang2007,NM
wang5ter,NM
wangd,NM
wanmirrion,NM
wanvis,NM
waqas_ahmad,NM
waytoogeeked,NM
welcome-to-madness,NM
wenever28,NM
weqo,NM
weshallallbehealed,NM
whalepineapple88,NM
whatupy0dog,NM
white_bull,NM
whodee11,NM
whogeeyao,NM
wildcoyote2,NM
willixm,NM
willzeitnot,NM
windblowm,NM
winehouse83,NM
wingston,NM
winnietpooh,NM
winningboy1234,NM
winningbutnotreally,NM
winortilt,NM
winstonsilvakov,NM
wiselife66,NM
wizardof64,NM
wk_willianhille,NM
wolfblitzer48,NM
woodpusher52,NM
woodywoodpecker007,NM
wrldn1_processing,NM
wt97,NM
wwrightchess,NM
wyano,NM
xadrez_logic,NM
xeih,NM
xiaottt5164,NM
xibrianxi,NM
xilacorigami,NM
xingzhao,NM
xlittlejimmyx,NM
xrxcks,NM
xtremchess,NM
yandry1996,NM
yanidze,NM
ybothg,NM
ydinsiirto,NM
yellowmamba303,NM
yevhen_taranenko,NM
yiy1156,NM
yiyliyo,NM
yoda1992,NM
yoda2009,NM
yolec,NM
yolo419,NM
yopino,NM
yoshikrov,NM
youdropit,NM
youforgottodoyourpuzzles,NM
yoyoggii,NM
yushengxia2500,NM
yuuki-asuna,NM
yy2324,NM
yyaroslavchess2010,NM
zachamilton1973,NM
zachhkl,NM
zaidejaschegis,NM
zampronha1971,NM
zanbato17,NM
zane33,NM
zapateado,NM
zaphenathpaneah,NM
zbbesque,NM
zbigas,NM
zecapi,NM
zedololo,NM
zeitnotakrobat,NM
zenitushka,NM
zenosparadox,NM
zezacarias,NM
zheenbekov86,NM
zigwurst,NM
zigzag2002,NM
zkman,NM
zmarian,NM
zmeusor,NM
zombieblitz,NM
zophop,NM
zoraveid,NM
zukertortsghost,NM
zulfikarsali_pcap,NM
zurzan,NM
zutragg,NM
zwishi,NM
zywoo_awp,NM
zzoom,NM
zzww18,NM
