player_username,player_sex,game_id,opponent_rating,opponent_id,is_white,won,status,total_moves,acpl,eco,opening_name,timestamp
elsas,M,0Ya8QM5Z,2504.0,SchhW,False,False,draw,59,9.0,E90,"King's Indian Defense: Normal Variation, Rare Defenses",1765615410557
elsas,M,rmKbkdjY,2268.0,kars78,True,True,resign,34,68.0,E81,"King's Indian Defense: Sämisch Variation, Sämisch Gambit",1765615088978
elsas,M,KKV7CCfX,2468.0,Ryano_333,False,True,resign,32,27.0,C26,Vienna Game: Mieses Variation,1765614825466
elsas,M,CjlVg3ig,2445.0,LudovicM59,True,False,resign,21,47.0,C56,"Italian Game: Scotch Gambit, Max Lange Attack",1765553797190
elsas,M,xn3xmZNs,2368.0,Artem_Ry,True,False,resign,51,55.0,E10,Indian Defense: Anti-Nimzo-Indian,1765431325565
elsas,M,PV3Icovy,2392.0,Neftegor,False,True,resign,46,17.0,D35,"Queen's Gambit Declined: Exchange Variation, Positional Variation",1765430899359
elsas,M,piSXZ5y9,2307.0,fryingdog,True,True,resign,40,39.0,A43,Benoni Defense: Benoni-Indian Defense,1765430621273
elsas,M,67d8YVR2,2351.0,Jrnbrk,True,True,outoftime,38,58.0,E11,Bogo-Indian Defense: Wade-Smyslov Variation,1765429993816
elsas,M,1xRY1cjJ,2428.0,Slovafn,False,False,mate,69,39.0,A48,East Indian Defense,1765429591258
elsas,M,CSZH8WOG,2446.0,SabrinaCarpenter,False,False,outoftime,62,36.0,B03,Alekhine Defense,1765429148100
elsas,M,CEoLJwDN,2490.0,Prayer791,True,False,resign,9,47.0,A54,Old Indian Defense: Two Knights Variation,1765425271623
elsas,M,vGZPmCjC,2485.0,Slava50,False,False,resign,15,42.0,D11,Slav Defense: Modern Line,1765425116263
elsas,M,WUMkFd7s,2495.0,Kabeljaukrieger,True,False,resign,21,73.0,A40,English Defense,1765403383884
elsas,M,AQLvCY8H,2503.0,www68,False,False,outoftime,70,25.0,C85,"Ruy Lopez: Closed, Delayed Exchange",1765402994796
elsas,M,dNCgtj21,2513.0,MarkusMaischberger,True,True,outoftime,48,45.0,B22,"Sicilian Defense: Alapin Variation, Barmen Defense",1765402607898
elsas,M,Rxwai4vO,2619.0,blindcrocodile,False,True,outoftime,48,45.0,A15,English Opening: Anglo-Indian Defense,1765402219741
elsas,M,NtxBDBw6,2434.0,Weak_player28,True,False,draw,62,31.0,C56,"Italian Game: Scotch Gambit, Max Lange Attack",1765401827752
elsas,M,LGLoKNWW,2525.0,Avicii1995,False,False,resign,60,56.0,C48,"Four Knights Game: Spanish Variation, Classical Variation",1765376666374
elsas,M,UIK8be8p,2572.0,masimagi,True,False,resign,59,52.0,A56,Benoni Defense: Hromádka System,1765313179051
elsas,M,kLdvR8ds,2442.0,nrm18,False,False,resign,17,95.0,C56,"Italian Game: Scotch Gambit, Anderssen Attack",1765313045307
kasparovsabe,M,Rm23Bj6e,2278.0,Alex120999,False,False,mate,27,70.0,C42,Petrov's Defense: Classical Attack,1765371037121
kasparovsabe,M,gjZoq5E9,2532.0,make-a-man-miss,True,False,resign,36,48.0,A11,English Opening: Caro-Kann Defensive System,1765329986577
kasparovsabe,M,EK8Nn8jx,2355.0,Evyamat,False,False,outoftime,66,51.0,A14,"English Opening: Agincourt Defense, Neo-Catalan Declined",1765329300672
kasparovsabe,M,6wuU0lDk,2550.0,Liu_wenqin,False,False,mate,18,57.0,D35,"Queen's Gambit Declined: Exchange Variation, Positional Variation",1765248649322
kasparovsabe,M,SwXhYEfX,2386.0,Sandovalosky,True,True,resign,24,61.0,A15,"English Opening: Anglo-Indian Defense, Old Indian Formation",1765248316631
kasparovsabe,M,OtmDbXdg,2416.0,BloodShack1971,False,True,mate,49,15.0,A15,"English Opening: Anglo-Indian Defense, Queen's Indian Formation",1765245308899
kasparovsabe,M,xVmb2bde,2336.0,HiddenPeach,True,False,mate,53,33.0,A05,King's Indian Attack: Symmetrical Defense,1765243480584
kasparovsabe,M,EDZPpImK,2374.0,Allshad,True,True,outoftime,42,41.0,B01,Scandinavian Defense: Modern Variation,1765242737376
kasparovsabe,M,JSwShcNx,2409.0,Matthew-Fishbein,True,True,outoftime,42,30.0,D85,"Grünfeld Defense: Exchange Variation, Modern Exchange Variation",1765242399280
kasparovsabe,M,ZXdkmh4P,2330.0,ZEWS,False,True,resign,33,55.0,C42,Petrov's Defense,1764765150994
kasparovsabe,M,OhB6OHFu,2382.0,Sello-Mahlangu,False,False,draw,33,36.0,D35,"Queen's Gambit Declined: Exchange Variation, Positional Variation",1764764891190
kasparovsabe,M,oB0CuI7c,2278.0,Strekoz,True,True,resign,23,17.0,A40,Horwitz Defense,1764762960676
kasparovsabe,M,xnrmdGYu,2405.0,YouBlunderAnyWay,True,False,mate,36,43.0,A31,"English Opening: Symmetrical Variation, Anti-Benoni Variation",1764761697384
kasparovsabe,M,xzSkKRYq,2346.0,jrivelli1993,False,True,outoftime,72,41.0,C42,Petrov's Defense: Three Knights Game,1764761192380
kasparovsabe,M,tcBx6drc,2639.0,kakulia14,False,False,outoftime,34,44.0,C42,"Petrov's Defense: Damiano Variation, Kholmov Gambit",1764760697837
kasparovsabe,M,134c7AJU,2307.0,Pictures_of_You,True,True,outoftime,40,17.0,A45,Indian Defense,1764759873930
kasparovsabe,M,PMxPAg1I,2347.0,Muratcan_bingul7,False,False,resign,35,88.0,A40,Horwitz Defense,1764758705359
kasparovsabe,M,DNe569iB,2435.0,Rahimov_Grigoriy,True,True,resign,17,33.0,A80,Dutch Defense,1764758148915
kasparovsabe,M,rkShsikN,2356.0,dmnusiz71,True,False,resign,13,50.0,A46,Yusupov-Rubinstein System,1764758059292
kasparovsabe,M,BaWdMBak,1922.0,Andreseven2006,True,True,mate,41,8.0,C47,Four Knights Game: Glek System,1762107959655
pollocuba2019,M,pD02Wpk2,2315.0,ztl123,True,False,resign,25,77.0,A06,Nimzo-Larsen Attack: Classical Variation,1731037206089
pollocuba2019,M,3uggoy5B,2333.0,cbajedrez,True,False,outoftime,35,30.0,A06,Zukertort Opening,1724705100146
pollocuba2019,M,YACDdubA,2206.0,Kovylkino,True,True,mate,64,10.0,D02,Queen's Pawn Game: Chigorin Variation,1720739116785
pollocuba2019,M,7YyRPTSn,2333.0,najaro,False,True,mate,40,44.0,A10,English Opening,1704151463341
pollocuba2019,M,8ctIFMHp,2358.0,Barbashinigor,False,True,outoftime,51,52.0,A40,Queen's Pawn Game: Modern Defense,1702498860157
pollocuba2019,M,yLlwO5kX,2346.0,Roenko_Artur,False,False,resign,20,51.0,B22,"Sicilian Defense: Alapin Variation, Barmen Defense",1702498654786
pollocuba2019,M,RmfAIZ7k,2444.0,Toljab17,True,True,outoftime,33,57.0,A11,"Réti Opening: Anglo-Slav Variation, Gurevich System",1700439790045
pollocuba2019,M,DhDti0mi,2433.0,matvei2018,False,True,resign,45,36.0,A05,Zukertort Opening,1699363340458
pollocuba2019,M,dTQs14qp,2285.0,savel1967,False,True,outoftime,25,42.0,B20,Sicilian Defense: Keres Variation,1697362235288
pollocuba2019,M,JsV50DuX,2520.0,Zazuliak,False,False,resign,31,84.0,E38,"Nimzo-Indian Defense: Classical Variation, Berlin Variation",1697361561438
pollocuba2019,M,rrzuo9zS,2314.0,Buratino11,True,True,resign,22,29.0,B10,Caro-Kann Defense: Breyer Variation,1697193737690
pollocuba2019,M,48IM945n,2568.0,anonymous6430931,True,False,outoftime,34,60.0,B23,Sicilian Defense: Closed,1693349993659
pollocuba2019,M,kbkD4g8l,2317.0,dMachin,False,False,outoftime,45,56.0,A47,Pseudo Queen's Indian Defense,1693348526286
pollocuba2019,M,26fc6Qdf,2491.0,parciful,False,False,resign,28,74.0,B23,Sicilian Defense: Closed,1692727719865
pollocuba2019,M,MWIEmRVS,2283.0,mesaroca,True,True,resign,25,12.0,A05,Zukertort Opening: Nimzo-Larsen Variation,1692727506456
pollocuba2019,M,XbzszHHz,2409.0,Usalion,False,True,resign,41,20.0,A45,Trompowsky Attack: Classical Defense,1692727185834
pollocuba2019,M,EmtNd5SC,2534.0,Davidsch04,True,False,outoftime,38,33.0,A04,Zukertort Opening: Sicilian Invitation,1691009023489
pollocuba2019,M,wSFpN8w9,2374.0,kvertis,False,False,draw,42,29.0,A45,Indian Defense,1690557298124
pollocuba2019,M,BcFHjwee,2396.0,TheDominant177,True,True,outoftime,49,52.0,A04,Zukertort Opening: Polish Defense,1688246451491
pollocuba2019,M,BqXEMsAU,2263.0,Klovne24,False,True,resign,62,24.0,B12,Caro-Kann Defense,1688245328272
muisback,M,v4qEVbjw,2780.0,kctbststdnt,True,True,resign,63,50.0,C02,"French Defense: Advance Variation, Wade Variation",1751907419021
muisback,M,uvBa49aV,2640.0,yoseph2013,True,True,resign,33,44.0,B02,Alekhine Defense: Maróczy Variation,1751907277199
muisback,M,uC4xiIET,2768.0,toivok3,False,False,draw,49,24.0,A43,Benoni Defense: Benoni Gambit Accepted,1751907119244
muisback,M,IHBKXVGp,2671.0,INDONESIA_BTS207,False,False,draw,45,45.0,B20,"Sicilian Defense: Wing Gambit, Marshall Variation",1751906795344
muisback,M,R5zy46WO,2759.0,toivok3,True,False,resign,26,39.0,A00,Hungarian Opening,1751906688024
muisback,M,2byGVGTO,2725.0,Mamikon_Gharibyan,False,False,draw,68,26.0,B27,Sicilian Defense: Hyperaccelerated Dragon,1751906365238
muisback,M,2Db9MaoF,2758.0,toivok3,True,False,draw,13,29.0,B01,Scandinavian Defense: Gubinsky-Melts Defense,1751906295740
muisback,M,AX0bb9CG,2773.0,AngelitoRT,False,False,resign,40,36.0,B51,Sicilian Defense: Moscow Variation,1751906108441
muisback,M,Sj50rPMI,2750.0,kctbststdnt,True,False,draw,99,21.0,B40,Sicilian Defense: French Variation,1751905820441
muisback,M,UDXlamSA,2620.0,Pogos89,True,True,resign,32,21.0,C02,"French Defense: Advance Variation, Paulsen Attack",1751905470890
muisback,M,lNILnflf,2517.0,Romaa2011,False,True,resign,49,30.0,B22,Sicilian Defense: Alapin Variation,1751905223359
muisback,M,6GnAsOjg,2688.0,TheWhiteForrest,False,False,draw,34,25.0,A01,Nimzo-Larsen Attack: Indian Variation,1751905036412
muisback,M,dMN0SpQx,2727.0,tamojerry,True,True,resign,57,18.0,B50,Sicilian Defense: Modern Variations,1751904767948
muisback,M,a3dC1hca,2554.0,PoisonousPython_27,False,True,mate,39,19.0,B51,Sicilian Defense: Moscow Variation,1751904538155
muisback,M,ZgFKttRM,2504.0,dfsocial,False,True,resign,29,25.0,A49,Indian Defense: Przepiorka Variation,1751904400917
muisback,M,2REA1eXQ,2342.0,Oleg_Sh,False,True,resign,40,19.0,B20,Sicilian Defense: Mengarini Variation,1751904199584
muisback,M,s8JfLFAl,2605.0,Velikii2003,True,True,resign,32,20.0,C02,French Defense: Advance Variation,1751903981961
muisback,M,Ztuk4hll,2684.0,Arash-Tahbaz,True,False,draw,62,28.0,B06,Modern Defense: Standard Defense,1751903673984
muisback,M,7Q40jGk8,2687.0,TheWhiteForrest,False,False,resign,61,29.0,A01,Nimzo-Larsen Attack: Indian Variation,1751903416606
muisback,M,itkt5Gtk,2347.0,Oleg_Sh,False,True,resign,26,33.0,B20,Sicilian Defense: Mengarini Variation,1751903272163
Karttunen,M,ZkZiAZYz,2477.0,youwilose,False,True,outoftime,63,41.0,E11,Bogo-Indian Defense: Retreat Variation,1746625237220
Karttunen,M,hMvlFuJp,2515.0,Lonesome_lion,True,False,resign,38,37.0,B12,Caro-Kann Defense: Advance Variation,1746107003479
Karttunen,M,os5EpUk0,2501.0,Mohamed-Rezk,False,False,resign,38,38.0,B51,Sicilian Defense: Moscow Variation,1746106661081
Karttunen,M,RnqKpIrX,2504.0,Mohamed-Rezk,True,True,outoftime,51,47.0,C78,Ruy Lopez: Morphy Defense,1746106305562
Karttunen,M,SQ8sKsp0,2507.0,Mohamed-Rezk,False,True,resign,35,18.0,B03,Alekhine Defense: Exchange Variation,1746106135563
Karttunen,M,FQrcY9Uf,2655.0,Mysterious-Master,False,True,outoftime,66,39.0,E11,Bogo-Indian Defense: Retreat Variation,1746105749625
Karttunen,M,5EFuMF4A,2478.0,PAWN_OF_DUBAI,True,True,resign,58,30.0,B29,"Sicilian Defense: Nimzowitsch Variation, Advance Variation",1746105394094
Karttunen,M,iDaXujPW,2700.0,Nadigraj,True,False,resign,28,30.0,C10,"French Defense: Rubinstein Variation, Fort Knox Variation",1746008728943
Karttunen,M,wsC7EqsT,2706.0,Nadigraj,False,True,outoftime,70,40.0,B50,Sicilian Defense: Modern Variations,1746008353319
Karttunen,M,IRIuLVbd,2712.0,Nadigraj,True,True,outoftime,54,13.0,B62,Sicilian Defense: Richter-Rauzer Variation,1746007988672
Karttunen,M,FvV2k8Ah,2591.0,Horn_of_the_Abyss,False,True,outoftime,59,71.0,B90,"Sicilian Defense: Najdorf Variation, English Attack",1746007506598
Karttunen,M,8BrY7Yyb,2519.0,ManulPalace,True,True,resign,35,17.0,B01,Scandinavian Defense: Kádas Gambit,1746007191724
Karttunen,M,IDjsfuos,2828.0,Jakebr8,True,False,resign,20,33.0,C67,"Ruy Lopez: Berlin Defense, l'Hermet Variation, Berlin Wall Defense",1746006221467
Karttunen,M,XC4sBRQU,2823.0,Jakebr8,False,False,resign,57,37.0,B22,Sicilian Defense: Alapin Variation,1746005855430
Karttunen,M,9vpspRPE,2819.0,Jakebr8,True,False,resign,47,43.0,C88,"Ruy Lopez: Closed, Anti-Marshall",1746005510781
Karttunen,M,8DdGP95w,2595.0,jgeg,False,False,mate,39,47.0,D30,Queen's Gambit Declined,1746004994950
Karttunen,M,NIIPsUI1,2509.0,LEKSS-22,True,True,resign,18,18.0,B32,Sicilian Defense: Godiva Variation,1745779476669
Karttunen,M,5ejRTRPd,2781.0,Dakaissa_25,True,True,resign,38,24.0,C18,"French Defense: Winawer Variation, Advance Variation",1745583357407
Karttunen,M,AirOSae7,2783.0,Dakaissa_25,False,False,draw,64,24.0,B23,Sicilian Defense: Closed,1745583090695
Karttunen,M,xKoHhBYq,2690.0,Alea_iasta_est,True,True,resign,17,24.0,B33,Sicilian Defense: Lasker-Pelikan Variation,1745581788260
Banzeus,M,hx1mmXb8,,,False,False,outoftime,1,,,,1744377481543
Banzeus,M,J7N3sYWG,2451.0,terrorboy,False,True,outoftime,57,37.0,C00,French Defense: King's Indian Attack,1703151628302
Banzeus,M,DkLkAqQQ,1249.0,gerry1975,False,True,mate,24,66.0,B10,Caro-Kann Defense,1702919309248
Banzeus,M,zSD6Wfu1,2315.0,Run_Ran_Run,False,False,resign,37,52.0,E70,King's Indian Defense: Kramer Variation,1700599190061
Banzeus,M,CyjPm5lX,2655.0,WhiteBishop4761,True,False,outoftime,49,42.0,D01,Rapport-Jobava System,1700598721154
Banzeus,M,LX08B8uJ,2467.0,Siim84,True,True,resign,32,15.0,D01,Rapport-Jobava System,1700598447836
Banzeus,M,eNabo2jz,2387.0,RCone2,False,False,resign,30,42.0,B23,"Sicilian Defense: Closed, Traditional",1700589081841
Banzeus,M,ia49oPoF,2362.0,SatoruGojo20,False,False,outoftime,51,24.0,A45,Indian Defense,1700588603164
Banzeus,M,Z3XaMP7H,2505.0,leoloia,True,False,resign,43,53.0,A45,Indian Defense,1700587523247
Banzeus,M,pS59qUas,2396.0,nikolarasss,False,True,resign,19,15.0,B38,"Sicilian Defense: Accelerated Dragon, Maróczy Bind",1700587245189
Banzeus,M,LQhDfaGD,2350.0,stardustrevolution,False,False,draw,9,13.0,B38,"Sicilian Defense: Accelerated Dragon, Maróczy Bind",1700587194495
Banzeus,M,U2myUOAk,2489.0,kahvitauko,True,False,mate,71,61.0,D01,Rapport-Jobava System,1700586856627
Banzeus,M,exWRe02B,2510.0,Somedude83,True,True,outoftime,22,45.0,D01,Rapport-Jobava System,1700584572314
Banzeus,M,5d2F7Cjh,2443.0,Armen0508,False,True,mate,63,29.0,B27,Sicilian Defense: Hyperaccelerated Fianchetto,1700584131193
Banzeus,M,xwpVzGwn,2330.0,lookupforme,True,True,outoftime,61,54.0,D00,Queen's Pawn Game: Accelerated London System,1700583762643
Banzeus,M,5MXxkfwV,2472.0,nrm18,False,False,resign,16,29.0,B27,Sicilian Defense: Hyperaccelerated Dragon,1700583619302
Banzeus,M,G7iZGOOz,2441.0,kraken-py,False,True,resign,39,15.0,B38,"Sicilian Defense: Accelerated Dragon, Maróczy Bind",1700531297648
Banzeus,M,VoMUYh7B,2323.0,HITECH_75,True,True,mate,36,12.0,D00,Queen's Pawn Game: Accelerated London System,1700531096785
Banzeus,M,3U8Wx6JC,,,True,True,outoftime,38,105.0,A40,Queen's Pawn Game,1699484017777
Banzeus,M,J89vYNPy,2559.0,kintoho,False,False,outoftime,57,24.0,E63,"King's Indian Defense: Fianchetto Variation, Panno Variation",1699129117155
Mahan_83,M,bPZqIVf1,2292.0,babak1234,True,True,resign,19,9.0,C55,"Italian Game: Two Knights Defense, Modern Bishop's Opening",1753732639290
Mahan_83,M,FhFp8MWJ,2401.0,Sparrow-J,True,False,resign,24,97.0,B06,Modern Defense,1753732545272
Mahan_83,M,QVr6PBWT,2302.0,babak1234,False,True,resign,37,31.0,E68,"King's Indian Defense: Fianchetto Variation, Classical Variation",1753732356822
Mahan_83,M,XGt0NQr5,1895.0,madrisita84,False,True,mate,52,45.0,B98,Sicilian Defense: Najdorf Variation,1753732026411
Mahan_83,M,Iq78YoL5,2401.0,Sparrow-J,True,False,mate,21,89.0,A04,Zukertort Opening: Kingside Fianchetto,1753731900488
Mahan_83,M,Ckiq8YL8,1799.0,ART89Z,True,True,mate,28,32.0,C10,"French Defense: Rubinstein Variation, Blackburne Defense",1753731680252
Mahan_83,M,TzXhYLyC,2398.0,Sparrow-J,False,False,resign,31,53.0,A00,Hungarian Opening: Sicilian Invitation,1753731491441
Mahan_83,M,jIT12pKz,2060.0,Behnam1986,True,False,resign,63,61.0,D78,"Neo-Grünfeld Defense: Classical Variation, Original Defense",1753731160485
Mahan_83,M,tjxAn2YB,2387.0,Sparrow-J,False,False,mate,24,55.0,A00,Hungarian Opening: Sicilian Invitation,1753731034374
Mahan_83,M,wcMvc7cr,2014.0,changiz_tabar,True,True,resign,22,36.0,C05,"French Defense: Tarrasch Variation, Closed Variation",1753730908775
Mahan_83,M,sVzwfMCc,2294.0,babak1234,False,False,stalemate,51,39.0,D37,Queen's Gambit Declined: Three Knights Variation,1753730657505
Mahan_83,M,3c4IJ8rB,2092.0,AliIman2017,True,False,outoftime,66,72.0,B10,Caro-Kann Defense: Two Knights Attack,1753730301066
Mahan_83,M,w9DN1rLA,2165.0,arashniazi,False,True,mate,52,24.0,A04,Zukertort Opening: Sicilian Invitation,1753730096338
Mahan_83,M,GzTVbSzi,2105.0,emad_chabok,True,True,resign,19,10.0,B11,"Caro-Kann Defense: Two Knights Attack, Mindeno Variation, Exchange Line",1753729970586
Mahan_83,M,neVSxz25,1782.0,Gold3nstem,False,True,resign,17,12.0,B38,"Sicilian Defense: Accelerated Dragon, Maróczy Bind",1753729860334
Mahan_83,M,QQQqAkk9,2377.0,Sparrow-J,True,True,mate,33,58.0,E64,"King's Indian Defense: Fianchetto Variation, Double Fianchetto Attack",1753729671743
Mahan_83,M,ghvh4QfN,2301.0,babak1234,True,True,resign,57,50.0,B00,St. George Defense,1753729451767
Mahan_83,M,bxXEHKki,1215.0,Hastiatyabi,False,True,mate,40,20.0,C02,French Defense: Advance Variation,1753729215578
Mahan_83,M,cbKmKquB,2349.0,amirkhanlou38,False,True,resign,32,71.0,B40,"Sicilian Defense: French Variation, Open",1753729026568
Mahan_83,M,StR6dONK,2065.0,changiz_tabar,True,False,draw,49,21.0,C05,"French Defense: Tarrasch Variation, Closed Variation",1753728758830
Krestoman,M,49fB3MC8,2564.0,Burma555,True,False,resign,37,37.0,B06,Modern Defense,1765224660391
Krestoman,M,a9FbeQ4q,2627.0,ninjador,False,True,outoftime,83,48.0,B30,Sicilian Defense: Portsmouth Gambit,1765223017667
Krestoman,M,Z6QWQ47q,2609.0,ChatNoirrr,True,True,resign,38,8.0,D02,"Queen's Pawn Game: Symmetrical Variation, Pseudo-Catalan",1765030348742
Krestoman,M,9l2VYK3R,2558.0,Training_2023,False,True,mate,60,19.0,A48,"Queen's Pawn Game: Torre Attack, Grünfeld Variation, Main Line",1765029852413
Krestoman,M,nm78TQQw,2574.0,Filip88,True,True,resign,20,23.0,A46,Indian Defense: Wade-Tartakower Defense,1764962090837
Krestoman,M,XWBiRKYw,2657.0,Stoichess,False,False,resign,28,54.0,B31,"Sicilian Defense: Nyezhmetdinov-Rossolimo Attack, Fianchetto Variation",1764961809740
Krestoman,M,UeDskArh,2802.0,Alexandr_KhleBovich,True,False,resign,40,29.0,A49,Indian Defense: Przepiorka Variation,1764961537869
Krestoman,M,KCBicRIv,2562.0,IslenskirSkakmennFB,False,True,resign,28,14.0,B30,Sicilian Defense: Portsmouth Gambit,1764961220854
Krestoman,M,wxuq5KB5,2503.0,renzogm,False,True,outoftime,69,52.0,D85,"Grünfeld Defense: Exchange Variation, Modern Exchange Variation",1764960789334
Krestoman,M,lNLXlusT,2305.0,Linesman39,True,True,resign,42,32.0,E60,"King's Indian Defense: Normal Variation, King's Knight Variation",1764960491697
Krestoman,M,tqkaXlyC,2438.0,uasloboda,False,True,resign,57,21.0,D94,"Grünfeld Defense: Three Knights Variation, Burille Variation",1764960092783
Krestoman,M,Pea4dSlN,2438.0,Ertugal,True,False,draw,40,15.0,B03,Alekhine Defense: Exchange Variation,1759497601111
Krestoman,M,WiZEsAgv,1084.0,DarknessSpace,False,False,resign,0,,B00,King's Pawn Game,1754234001701
Krestoman,M,uq9p9WUf,2599.0,Lyonbeast21,True,False,outoftime,26,26.0,A45,Indian Defense,1751185443321
Krestoman,M,aiEhSZp4,1484.0,MishaKoshka,False,True,mate,51,20.0,B20,Sicilian Defense: Staunton-Cochrane Variation,1750235525474
Krestoman,M,0MBuVMXd,2314.0,Demenshin_Semen,False,False,outoftime,0,,A40,Queen's Pawn Game,1749229201020
Krestoman,M,j07p312G,2422.0,sipiwi,False,False,mate,25,56.0,B63,"Sicilian Defense: Richter-Rauzer Variation, Classical Variation",1748269623821
Krestoman,M,WnQnXzPN,2523.0,Anakonda003,False,False,resign,36,36.0,E01,Catalan Opening: Closed,1747060051290
Krestoman,M,o0gCxU6x,1996.0,Chess-Unicorn1,False,True,resign,13,11.0,B30,Sicilian Defense: Old Sicilian,1729523654429
Krestoman,M,mRJihX3Q,1996.0,Chess-Unicorn1,True,True,resign,35,30.0,A25,"English Opening: King's English Variation, Reversed Closed Sicilian",1729523138285
gravereaper,M,L0TtiNVM,2472.0,AntiberserkM,False,False,draw,50,45.0,B06,Modern Defense: Pseudo-Austrian Attack,1765571143468
gravereaper,M,NLK9ImHi,2304.0,fayzi-007,True,True,resign,52,25.0,D00,Queen's Pawn Game,1765570686820
gravereaper,M,bSq24sKW,2544.0,taylorswift_4ever,True,True,resign,45,16.0,A45,Indian Defense,1765570221919
gravereaper,M,VvmvKbZp,2544.0,MelkMaschinenMeister,False,True,resign,41,11.0,B06,Modern Defense: Two Knights Variation,1765569818723
gravereaper,M,HYb9GsvF,2460.0,Caro-Kann-Zerstoerer,True,True,resign,42,26.0,A45,Indian Defense,1765569362314
gravereaper,M,9GFGnNI1,2384.0,OMHPOZ,False,True,resign,39,15.0,B07,Modern Defense: Geller's System,1765568919191
gravereaper,M,Xrl57b2d,2525.0,Fianchettolaeufer,True,True,resign,64,30.0,D00,Queen's Pawn Game,1765568398732
gravereaper,M,AVpa0hDO,2463.0,Wanishment,False,True,outoftime,51,34.0,B11,"Caro-Kann Defense: Two Knights Attack, Mindeno Variation",1765568066510
gravereaper,M,X6aSTgal,2691.0,Schacho93,True,True,resign,35,17.0,D00,Queen's Pawn Game,1765567685349
gravereaper,M,ou4Lw3B4,2274.0,Hochdorf2020,False,True,resign,30,16.0,E73,King's Indian Defense: Semi-Averbakh System,1765567458482
gravereaper,M,htqtjCT8,2435.0,KungFuMaster8,False,True,resign,36,17.0,B12,Caro-Kann Defense: Modern Variation,1765567107600
gravereaper,M,sx2GuUAr,2091.0,DANGUS337,True,True,resign,26,23.0,E70,King's Indian Defense: Normal Variation,1765566978700
gravereaper,M,EuNjEqGR,2505.0,taylorswift_4ever,False,False,resign,25,59.0,B06,Modern Defense,1765566587628
gravereaper,M,aA8lrhcW,2154.0,FastFingers64,True,True,resign,50,25.0,D00,Queen's Pawn Game,1765566145232
gravereaper,M,za6QERPd,2505.0,taylorswift_4ever,False,True,mate,42,14.0,A04,Zukertort Opening: Kingside Fianchetto,1765565695301
gravereaper,M,LsitZrMR,2457.0,Paff_Morris_Twitch,False,True,resign,40,21.0,A04,Zukertort Opening: Slav Invitation,1765565301062
gravereaper,M,sMGfT2lI,2057.0,Dodoskai,True,True,resign,26,27.0,D90,Grünfeld Defense: Flohr Variation,1765565039736
gravereaper,M,tWMCLOmD,710.0,Lima23,False,True,resign,23,14.0,A46,Indian Defense: Knights Variation,1765564901531
gravereaper,M,YsFvOxTl,2719.0,Schacho93,False,False,stalemate,58,20.0,D79,Neo-Grünfeld Defense: Ultra-Delayed Exchange Variation,1765564456300
gravereaper,M,4KH13s30,2512.0,Wanishment,True,True,resign,50,20.0,A45,Indian Defense,1765564201057
hhcuuid,M,4AisOtfr,2557.0,thesirasmodeus24,True,False,mate,41,51.0,B14,"Caro-Kann Defense: Panov Attack, Fianchetto Defense, Fianchetto Gambit",1765602759440
hhcuuid,M,48UU6uEm,2568.0,strizibuba,False,True,outoftime,47,36.0,B32,Sicilian Defense: Franco-Sicilian Variation,1765602405567
hhcuuid,M,e43gxldE,2190.0,SinfoniadePeru,True,False,mate,39,58.0,B23,Sicilian Defense: Grand Prix Attack,1765592920500
hhcuuid,M,J85ys80M,1914.0,RM134a,True,True,resign,56,21.0,E91,King's Indian Defense: Orthodox Variation,1765592625388
hhcuuid,M,1bHHJ3c6,2052.0,ezana,False,True,resign,25,47.0,A40,Horwitz Defense,1765592455280
hhcuuid,M,uIzFwCYw,1851.0,yrradnegel,True,True,noStart,0,,A40,Queen's Pawn Game,1765592398642
hhcuuid,M,jO3TfsNl,1581.0,Kerkinus-spart,False,True,mate,23,5.0,B30,Sicilian Defense: Old Sicilian,1765592225298
hhcuuid,M,ZCSPDYuB,2546.0,Aesio2005,False,False,outoftime,76,68.0,B02,"Alekhine Defense: Two Pawns Attack, Lasker Variation",1765567397099
hhcuuid,M,Pto17oqQ,2559.0,zee-egel,False,True,resign,42,39.0,B18,Caro-Kann Defense: Classical Variation,1765566974769
hhcuuid,M,bZhEB1hr,2535.0,KAVO_LIDER,True,True,resign,19,8.0,E21,Nimzo-Indian Defense: Three Knights Variation,1765566716752
hhcuuid,M,jCFzYtHb,2541.0,Filip88,True,False,resign,26,33.0,A45,Indian Defense,1765484544679
hhcuuid,M,h48nruJS,2583.0,JoePizza,True,False,outoftime,60,60.0,E15,"Queen's Indian Defense: Fianchetto Variation, Nimzowitsch Variation",1765435737570
hhcuuid,M,xHBPT12j,2567.0,chess1332,False,False,outoftime,57,48.0,B07,Pirc Defense,1765435291442
hhcuuid,M,WXwxuGDi,2569.0,Starbox2010,True,True,resign,15,11.0,D37,Queen's Gambit Declined: Three Knights Variation,1765434693903
hhcuuid,M,LYdwDIDM,2575.0,Starbox2010,False,True,resign,28,20.0,B13,Caro-Kann Defense: Exchange Variation,1765434479759
hhcuuid,M,cegbsFjw,2571.0,PowerDrive,True,True,outoftime,46,31.0,B23,Sicilian Defense: Closed,1765346067058
hhcuuid,M,8KblzYMf,2556.0,chessiah,True,False,outoftime,86,24.0,A40,Queen's Pawn Game,1765326434547
hhcuuid,M,FdA3EUD7,2581.0,Tayip99,False,False,outoftime,34,47.0,A05,Zukertort Opening,1765326066284
hhcuuid,M,J9OYnKww,2559.0,Rustin_Cohle6,False,False,resign,26,32.0,B12,"Caro-Kann Defense: Advance Variation, Tal Variation",1765311774738
hhcuuid,M,qJUOshRU,1995.0,marik1995,True,False,outoftime,53,53.0,D45,Semi-Slav Defense: Main Line,1765259240327
juancruzariasTDF,M,Bf7l8Typ,1990.0,banashreni,False,True,resign,64,25.0,A07,King's Indian Attack: Yugoslav Variation,1764944575317
juancruzariasTDF,M,jxuBy7bl,1826.0,I-sho,False,True,mate,42,15.0,B10,Caro-Kann Defense,1764944382400
juancruzariasTDF,M,r0ViIpv0,1818.0,diducat2,True,True,resign,11,7.0,A48,East Indian Defense,1764944305726
juancruzariasTDF,M,LxAMKxeu,2165.0,lebedev2025,False,True,resign,18,13.0,A00,Van Geet Opening,1764944171152
juancruzariasTDF,M,EPbhTddR,2764.0,Epoch11,False,True,resign,46,23.0,E04,Catalan Opening: Open Defense,1764742322287
juancruzariasTDF,M,MFVfUR0v,2899.0,BautistaQuagliarelo,True,True,resign,45,15.0,A46,Indian Defense: Spielmann-Indian,1764741928255
juancruzariasTDF,M,3dyPATKF,2662.0,outoftheblu,False,True,resign,22,28.0,D02,Queen's Pawn Game: Zukertort Variation,1764741654686
juancruzariasTDF,M,PVtWTLxQ,2638.0,EasyWinBaby,True,True,resign,35,29.0,A43,Benoni Defense: Old Benoni,1764741185741
juancruzariasTDF,M,KCnXb6dY,2636.0,EasyWinBaby,False,False,draw,65,25.0,C11,"French Defense: Classical Variation, Shirov-Anand Variation",1764740811143
juancruzariasTDF,M,R6JuRukB,2640.0,EasyWinBaby,True,True,resign,51,19.0,A46,Indian Defense: Spielmann-Indian,1764740496970
juancruzariasTDF,M,ACmk0fbz,2633.0,EasyWinBaby,False,False,resign,55,51.0,B13,"Caro-Kann Defense: Panov Attack, Modern Defense",1764740176207
juancruzariasTDF,M,8QvooifA,2637.0,EasyWinBaby,True,True,resign,47,21.0,A43,Benoni Defense: Old Benoni,1764739883527
juancruzariasTDF,M,fEUHzImO,2893.0,irlz,True,False,resign,30,46.0,C20,Center Game,1764739638410
juancruzariasTDF,M,dPKzqB3C,2650.0,Wild_of_luck,False,True,mate,61,23.0,D30,Queen's Gambit Declined,1764739234134
juancruzariasTDF,M,HNAtiBcT,2712.0,roadto18thworldchamp,True,False,resign,41,30.0,A40,Queen's Pawn Game: Modern Defense,1764738926306
juancruzariasTDF,M,23lYz38w,2602.0,JelenaZ,True,True,mate,16,20.0,A48,East Indian Defense,1764628500265
juancruzariasTDF,M,rmp1sinH,2617.0,Sergg33,False,True,resign,14,20.0,D02,Queen's Pawn Game: London System,1764628281867
juancruzariasTDF,M,jJkBhspc,2560.0,SeekingCompensation,False,False,draw,40,55.0,D35,"Queen's Gambit Declined: Exchange Variation, Positional Variation",1764627884468
juancruzariasTDF,M,fODvyUAH,2624.0,Train_account,False,False,draw,59,24.0,D30,Queen's Gambit Declined,1764567534591
juancruzariasTDF,M,xaj1ZPG3,2556.0,Mohamed-Rezk,True,True,resign,30,12.0,D27,"Queen's Gambit Accepted: Classical Defense, Main Line",1764567297786
sahibsinghknight,M,fyBVqAZ8,2068.0,CheckmateGhost,True,True,mate,22,11.0,D02,Queen's Pawn Game: Symmetrical Variation,1765385361216
sahibsinghknight,M,2jmxQIb7,2426.0,MereseBerserkNhi,False,False,resign,61,43.0,C11,"French Defense: Classical Variation, Steinitz Variation",1765384960151
sahibsinghknight,M,ggAq700u,2338.0,Winner_Of_WorldCup,True,False,outoftime,57,39.0,B53,Sicilian Defense: Chekhover Variation,1765384560132
sahibsinghknight,M,QuNpMZr6,2673.0,samisahi,False,True,resign,41,29.0,B08,"Pirc Defense: Classical Variation, Quiet System",1765295398244
sahibsinghknight,M,afeo8zkC,2337.0,montestplayer,True,True,resign,45,31.0,C41,Philidor Defense: Lion Variation,1765295196276
sahibsinghknight,M,fC8pSTl6,1969.0,Dhairya_Cool_Punjabi,False,True,mate,36,11.0,B13,"Caro-Kann Defense: Exchange Variation, Rubinstein Variation",1765294869598
sahibsinghknight,M,LnXX2TsY,2256.0,aadinema,False,True,resign,29,15.0,B99,"Sicilian Defense: Najdorf Variation, Main Line",1765294667303
sahibsinghknight,M,XgRtdSKi,2055.0,MR_ruthless21,True,True,resign,31,32.0,A48,East Indian Defense,1765294449807
sahibsinghknight,M,NkoGZvoD,2493.0,Tractor19702025,True,False,resign,49,43.0,A05,King's Indian Attack: Wahls Defense,1765294185708
sahibsinghknight,M,X1yClquG,2586.0,TheSpaceChampKing,False,False,resign,47,39.0,A01,Nimzo-Larsen Attack,1765293843622
sahibsinghknight,M,HXm5rRQr,2048.0,MR_ruthless21,False,True,resign,27,19.0,B00,Nimzowitsch Defense: Williams Variation,1765293625791
sahibsinghknight,M,UwMJpKCO,2265.0,aadinema,True,True,noStart,0,,A40,Queen's Pawn Game,1765293563638
sahibsinghknight,M,zEOQZSQ5,2260.0,Naangaramkarlo,True,False,outoftime,49,59.0,A05,King's Indian Attack: Wahls Defense,1765293234718
sahibsinghknight,M,ZLZaBfWd,2319.0,RookandRookie,False,True,mate,33,53.0,A10,English Opening: Anglo-Scandinavian Defense,1765293001635
sahibsinghknight,M,EYTcMZSk,2261.0,divittcore,False,False,outoftime,62,45.0,C41,Philidor Defense: Lion Variation,1765292706629
sahibsinghknight,M,tSpGO17G,2740.0,emirislamking,True,False,mate,32,73.0,A05,Zukertort Opening: Nimzo-Larsen Variation,1765292365482
sahibsinghknight,M,Q5wlPLhz,2381.0,DarshanMandya19,False,True,resign,36,23.0,A13,English Opening: Agincourt Defense,1765292071264
sahibsinghknight,M,qCRSz5WY,2661.0,TheWhiteForrest,True,False,resign,41,39.0,A05,Zukertort Opening,1765291744540
sahibsinghknight,M,hf5OARMI,2551.0,matvamatva,True,True,resign,30,8.0,B15,Caro-Kann Defense: Tartakower Variation,1765291573458
sahibsinghknight,M,5mnzrvCx,2378.0,Doraemon2008,False,True,mate,70,32.0,B21,"Sicilian Defense: Smith-Morra Gambit Declined, Push Variation",1762275647178
Chesssplayer21,M,uHshMp21,2614.0,Haunting_Games,False,False,outoftime,81,34.0,B23,Sicilian Defense: Closed,1765297478442
Chesssplayer21,M,LMEOOfsj,2618.0,Haunting_Games,False,True,resign,18,27.0,B23,Sicilian Defense: Grand Prix Attack,1765297162613
Chesssplayer21,M,7vlrVGNx,2609.0,Starbox2010,False,True,resign,27,32.0,E40,Nimzo-Indian Defense: Rubinstein System,1765244677517
Chesssplayer21,M,IHIQdtdN,2600.0,Starbox2010,True,False,mate,58,41.0,A46,Indian Defense: London System,1765244309673
Chesssplayer21,M,UaZ3Nxgr,2604.0,Starbox2010,False,True,resign,51,13.0,C26,Vienna Game: Falkbeer Variation,1765243956651
Chesssplayer21,M,QIYgJUFj,2607.0,Starbox2010,True,True,outoftime,62,90.0,E04,Catalan Opening: Open Defense,1765243577850
Chesssplayer21,M,VAdjNp89,2610.0,Starbox2010,False,True,outoftime,61,75.0,E10,Indian Defense: Anti-Nimzo-Indian,1765243201398
Chesssplayer21,M,qsa3X82q,2613.0,Starbox2010,True,True,resign,37,17.0,C11,"French Defense: Classical Variation, Steinitz Variation",1765242916620
Chesssplayer21,M,xDU6Ojit,2617.0,Starbox2010,False,True,resign,34,16.0,B21,Sicilian Defense: Smith-Morra Gambit,1765242601008
Chesssplayer21,M,2nvyqVaP,2620.0,Starbox2010,True,True,resign,25,31.0,D37,Queen's Gambit Declined: Three Knights Variation,1765242428817
Chesssplayer21,M,H0yyhdNb,2624.0,Starbox2010,False,True,outoftime,55,23.0,B40,"Sicilian Defense: French Variation, Open",1765242052244
Chesssplayer21,M,43RzThIN,2628.0,Starbox2010,True,True,outoftime,60,45.0,B07,"Lion Defense: Anti-Philidor, Lion's Cave",1765241673572
Chesssplayer21,M,CVb2aMum,2632.0,Starbox2010,False,True,resign,21,11.0,A00,Mieses Opening,1765241515959
Chesssplayer21,M,f52DOJJi,2636.0,Starbox2010,True,True,resign,59,45.0,B45,Sicilian Defense: Taimanov Variation,1765241140704
Chesssplayer21,M,nZHmOiXO,2628.0,Starbox2010,False,False,mate,31,54.0,E60,"King's Indian Defense: Normal Variation, King's Knight Variation",1765240784410
Chesssplayer21,M,wK96TtfT,2602.0,likeyacutg,True,False,draw,63,27.0,C26,Vienna Game: Falkbeer Variation,1765240395784
Chesssplayer21,M,q5trJanO,2652.0,MassterofMayhem,True,True,resign,23,7.0,B53,Sicilian Defense: Chekhover Variation,1765013739413
Chesssplayer21,M,h6AvxvgD,2673.0,Fide_MaSk,False,True,mate,39,16.0,A25,"English Opening: King's English Variation, Reversed Closed Sicilian",1765013434578
Chesssplayer21,M,wf9NdF8k,2767.0,Midnight_Chess,False,False,resign,54,32.0,B40,Sicilian Defense: French Variation,1764967931224
Chesssplayer21,M,AbnUkqlm,2761.0,Midnight_Chess,True,False,resign,23,80.0,B82,"Sicilian Defense: Scheveningen Variation, Matanovic Attack",1764967750678
tomikapi2,M,Bz6Dq73a,1085.0,Rthoma4,False,True,resign,52,36.0,C44,Ponziani Opening: Jaenisch Counterattack,1761867036050
tomikapi2,M,LGS4QZte,2302.0,Maroczychile,False,False,resign,40,66.0,A62,Benoni Defense: Fianchetto Variation,1760210559154
tomikapi2,M,CjhI7Csu,2497.0,elchechereche,True,True,mate,28,23.0,C54,"Italian Game: Classical Variation, Center Attack",1760210366582
tomikapi2,M,j99RrrAh,2564.0,FredFertig_fuer_Arme,False,True,resign,26,26.0,A29,"English Opening: King's English Variation, Four Knights Variation, Fianchetto Line, with Nb6",1760210145243
tomikapi2,M,d3S41KAx,2669.0,petrover,True,True,mate,31,45.0,B47,"Sicilian Defense: Taimanov Variation, Bastrikov Variation, Ponomariov Gambit",1760209788817
tomikapi2,M,05GO71Ja,2823.0,Andrey11976,True,False,resign,45,31.0,C54,"Italian Game: Classical Variation, Center Attack",1760209462108
tomikapi2,M,yArkcPvk,2201.0,spiritualfruit,False,True,mate,46,51.0,A04,Zukertort Opening: Arctic Defense,1746316264333
tomikapi2,M,QL3CA6VI,1804.0,KahnShadow,False,True,outoftime,62,21.0,D01,Rapport-Jobava System,1744932402942
tomikapi2,M,JVJh9VBX,1804.0,KahnShadow,True,True,resign,16,35.0,B12,"Caro-Kann Defense: Advance Variation, Botvinnik-Carls Defense",1744931824328
tomikapi2,M,OapwLsb8,2367.0,Sarhane87,False,False,resign,33,46.0,C50,Italian Game: Anti-Fried Liver Defense,1736468392771
tomikapi2,M,0qQrnjId,2746.0,TomasSosa,False,True,resign,69,45.0,C00,French Defense: King's Indian Attack,1734299786873
tomikapi2,M,g1i8Ng75,2746.0,TomasSosa,False,False,resign,63,45.0,A45,Indian Defense,1734297723722
tomikapi2,M,u1ptA1ed,2746.0,TomasSosa,True,True,resign,29,21.0,B02,Alekhine Defense: Scandinavian Variation,1734296921548
tomikapi2,M,mAZk0nsQ,2571.0,ShellingFord92,False,True,outoftime,106,41.0,A02,Bird Opening,1733945816899
tomikapi2,M,1ajw1Oju,2490.0,Gata_Zakamskii,False,True,mate,61,51.0,B44,Sicilian Defense: Taimanov Variation,1733945135001
tomikapi2,M,UHOQvBIU,2444.0,Continental_77,True,True,resign,33,21.0,B31,"Sicilian Defense: Nyezhmetdinov-Rossolimo Attack, Fianchetto Variation",1733944806003
tomikapi2,M,aJUZkH5g,2445.0,mobinchess098,False,True,outoftime,48,45.0,B47,"Sicilian Defense: Taimanov Variation, Bastrikov Variation",1733944326117
tomikapi2,M,sgfWfkas,2492.0,ghost,True,True,mate,30,47.0,C55,"Italian Game: Two Knights Defense, Modern Bishop's Opening",1733943845587
tomikapi2,M,BvSkR2fR,2484.0,MgaPR,False,False,resign,58,29.0,B10,Caro-Kann Defense: Goldman Variation,1733943488081
tomikapi2,M,DG5Mj9oL,2419.0,Ratzefatz,True,True,resign,22,21.0,B28,"Sicilian Defense: O'Kelly Variation, Maróczy Bind, Robatsch Line",1733943201243
RakitinD,M,4oCGwFAJ,2067.0,alolihei2010,True,False,resign,39,48.0,B32,Sicilian Defense: Open,1765305412210
RakitinD,M,WO7sHEug,2203.0,tomcio1986,False,True,mate,28,34.0,C25,Vienna Game,1765305233100
RakitinD,M,8dmfvfWy,1865.0,Adil3408,True,True,mate,18,9.0,C20,King's Pawn Game: Mengarini's Opening,1765305133769
RakitinD,M,Bbjpc0PK,2259.0,SystemsEngineer,False,True,resign,43,18.0,A40,Queen's Pawn Game: Modern Defense,1765304906006
RakitinD,M,vdolvDiv,1923.0,kingofkings1987,False,True,outoftime,69,42.0,A45,Indian Defense,1765304603305
RakitinD,M,JihkZp5r,1846.0,AntonioU2,True,True,mate,15,47.0,C00,French Defense: Normal Variation,1765304502606
RakitinD,M,RomSNjV9,2408.0,VadimCernov,False,True,resign,9,45.0,C40,Latvian Gambit,1765304426326
RakitinD,M,R6cm3BU8,1817.0,territory_of_chess,True,True,mate,60,15.0,D35,Queen's Gambit Declined: Harrwitz Attack,1765304149943
RakitinD,M,AuD5clde,2405.0,checkmek,True,True,outoftime,64,21.0,B53,Sicilian Defense: Chekhover Variation,1765303822778
RakitinD,M,3VUdX5dK,1649.0,Dorgozho,False,True,mate,14,68.0,A40,Englund Gambit Declined: Reversed Krebs,1765303721335
RakitinD,M,P8QPl4em,1613.0,DryingPaint,False,True,resign,27,76.0,B00,"Nimzowitsch Defense: Kennedy Variation, Keres Attack",1765303520072
RakitinD,M,RPToNEnD,2070.0,yasinkoohpema2010IRI,True,True,mate,39,27.0,A15,English Opening: Anglo-Indian Defense,1765303318869
RakitinD,M,QqPXkGl6,2765.0,wonderland305,True,True,outoftime,71,66.0,B53,Sicilian Defense: Chekhover Variation,1765215141997
RakitinD,M,zOcwiMOE,2628.0,Felix_Kuznetsov,False,False,draw,30,25.0,C40,Latvian Gambit,1765214783189
RakitinD,M,LF8jTIzE,2590.0,Mysterious-Master,False,True,resign,30,28.0,C41,Philidor Defense: Lion Variation,1765214576012
RakitinD,M,doNUjJ8N,2765.0,wonderland305,True,False,mate,107,35.0,A30,English Opening: Symmetrical Variation,1765214090898
RakitinD,M,ClXD8SJd,2202.0,zxc_fr,False,True,resign,35,29.0,C41,Philidor Defense: Lion Variation,1764363438816
RakitinD,M,pmihliRz,2202.0,zxc_fr,True,True,resign,45,44.0,D04,"Queen's Pawn Game: Colle System, Anti-Colle",1764363114135
RakitinD,M,stGZPgMa,2202.0,zxc_fr,False,True,outoftime,43,15.0,C40,Latvian Gambit: Fraser Defense,1764362581472
RakitinD,M,qaVYA9Dk,2697.0,Sueta35,True,True,resign,16,30.0,C20,King's Pawn Game: Mengarini's Opening,1764256867424
CyrilMarcelin,M,cOpzt5Hm,2508.0,KutirovGM,False,False,draw,75,28.0,B06,Modern Defense: Standard Line,1764543538611
CyrilMarcelin,M,fT0ygFis,2507.0,Cor64,False,True,resign,25,30.0,A42,Modern Defense: Averbakh System,1764543010376
CyrilMarcelin,M,Bs4r5tmi,2521.0,Lenyas66,True,True,outoftime,34,29.0,A01,Nimzo-Larsen Attack: Modern Variation,1764542497697
CyrilMarcelin,M,LRV8lNAm,2485.0,biologia99,False,True,resign,36,16.0,B07,Modern Defense: Geller's System,1764542038238
CyrilMarcelin,M,LFJjd9Ci,2577.0,LiVaEv,True,False,draw,56,13.0,A01,Nimzo-Larsen Attack: Classical Variation,1764541422084
CyrilMarcelin,M,pbKFjmKh,2579.0,chesssink,False,True,resign,46,22.0,B06,Modern Defense: Standard Line,1759776875422
CyrilMarcelin,M,YL0jDYH5,2577.0,Somedude83,True,True,mate,34,15.0,A01,Nimzo-Larsen Attack: Classical Variation,1759776272009
CyrilMarcelin,M,4bQkTT4w,2659.0,apollothedog,True,False,resign,48,46.0,A01,Nimzo-Larsen Attack: Classical Variation,1759774735285
CyrilMarcelin,M,JMZfKi3z,2635.0,Darkmaul11,False,False,mate,35,52.0,A42,Modern Defense: Averbakh System,1759774377280
CyrilMarcelin,M,HTNpssHh,2641.0,Darkmaul11,True,True,resign,26,13.0,A01,Nimzo-Larsen Attack: Indian Variation,1759774215620
CyrilMarcelin,M,EnGblFqs,2547.0,Champion3864,False,False,draw,59,30.0,B06,Modern Defense: Standard Line,1759773789437
CyrilMarcelin,M,4zSHT2OC,2546.0,ihm29352,False,True,timeout,10,7.0,B06,Modern Defense: Standard Line,1759773625664
CyrilMarcelin,M,vSpOgYi2,2580.0,Kasparov_Aram,False,True,resign,56,39.0,B06,Modern Defense: Standard Line,1759773285238
CyrilMarcelin,M,XwhZnjtY,2607.0,pmlmail,True,True,resign,22,6.0,A01,Nimzo-Larsen Attack: Classical Variation,1759773085772
CyrilMarcelin,M,JBkWoDrz,2559.0,boyblack90,True,True,resign,38,16.0,A01,Nimzo-Larsen Attack: English Variation,1759671069403
CyrilMarcelin,M,t9TEVwtq,2564.0,boyblack90,False,True,mate,47,30.0,B06,Modern Defense,1759670697136
CyrilMarcelin,M,aIaGb8ku,2498.0,JennPederson,True,True,mate,46,17.0,A01,Nimzo-Larsen Attack,1759670386607
CyrilMarcelin,M,ySXafmuh,2581.0,wallywally,False,True,resign,48,18.0,B06,Modern Defense: Standard Line,1759670057296
CyrilMarcelin,M,rBd1u2XD,2525.0,Konkurs_prognozov,False,True,mate,53,32.0,A40,English Defense,1759669690709
CyrilMarcelin,M,q7yLDQXl,2519.0,Konkurs_prognozov,True,False,outoftime,57,22.0,A01,Nimzo-Larsen Attack: Classical Variation,1759669352986
Rybka89,M,EBghuqZa,1169.0,Belaru514s,False,True,mate,32,20.0,A00,Grob Opening,1760997460336
Rybka89,M,5RKduuTm,1194.0,AliGUNEY78,True,True,mate,32,8.0,A13,"English Opening: Agincourt Defense, Catalan Defense",1760997193764
Rybka89,M,nDnh1ccn,2500.0,Thorwald5,True,True,resign,45,29.0,E20,Nimzo-Indian Defense: Kmoch Variation,1755725909147
Rybka89,M,3pJzzkSj,2332.0,Victor_Tyutyunnik,False,False,draw,23,9.0,A36,"English Opening: Symmetrical Variation, Botvinnik System",1755725829250
Rybka89,M,f6nhVwC9,2267.0,Ozand_Killer,True,True,resign,26,13.0,E20,Nimzo-Indian Defense: Kmoch Variation,1755725698524
Rybka89,M,F00cLIbl,1862.0,AlexMarkov,False,False,resign,42,37.0,E09,"Catalan Opening: Closed Variation, Traditional Variation",1755725385500
Rybka89,M,jFTOCQv3,2315.0,chessqueen2977,True,True,resign,27,11.0,D37,Queen's Gambit Declined: Three Knights Variation,1755725228838
Rybka89,M,5xo45wVo,2210.0,Dremuella,False,True,outoftime,37,31.0,C43,"Petrov's Defense: Modern Attack, Symmetrical Variation",1755724994191
Rybka89,M,PNTiRbCC,2452.0,emandr,False,False,resign,20,73.0,C42,"Petrov's Defense: Classical Attack, Marshall Variation",1755724861753
Rybka89,M,vUBScTv7,2497.0,Khv_Chess,True,False,outoftime,47,75.0,D07,Queen's Gambit Declined: Chigorin Defense,1755724470338
Rybka89,M,8LmcNiCX,2424.0,SpartakMos,False,False,mate,45,31.0,C42,"Petrov's Defense: Classical Attack, Staunton Variation",1755724210812
Rybka89,M,EXdLtlAq,2345.0,Mbah_guru,True,True,resign,39,19.0,A43,"Benoni Defense: Benoni-Indian Defense, Kingside Move Order",1755723901393
Rybka89,M,ThMPLZkO,2523.0,dechessed,False,False,outoftime,57,17.0,C05,"French Defense: Tarrasch Variation, Closed Variation",1755723615508
Rybka89,M,1Kccfw2P,2310.0,PemburuBPJS,False,True,resign,57,13.0,D53,Queen's Gambit Declined,1755723303368
Rybka89,M,vL3Lynaz,2523.0,ruslan1541,True,True,resign,19,16.0,A49,Indian Defense: Przepiorka Variation,1755723173428
Rybka89,M,BQ50cTbe,2119.0,Fegatelo78,True,True,resign,31,7.0,A56,Benoni Defense: Hromádka System,1755723017388
Rybka89,M,bIJJCPWC,2355.0,nikolay_aleshin79,False,True,resign,33,32.0,C01,"French Defense: Exchange Variation, Monte Carlo Variation",1755722756007
Rybka89,M,zZQdznXS,2203.0,TobotAtlon,False,False,draw,45,17.0,C42,Petrov's Defense: Nimzowitsch Attack,1755722574720
Rybka89,M,hgiDlNW7,2505.0,angel4204,True,True,resign,20,11.0,D45,Semi-Slav Defense: Main Line,1755722470812
Rybka89,M,3wU6D6TH,2305.0,ariatalebi,False,False,mate,43,70.0,A48,East Indian Defense,1755722079562
parajuli1982,M,LPD6TwW8,1929.0,leitz55,True,True,outoftime,11,16.0,B06,Modern Defense,1717334465230
parajuli1982,M,u3NXHkdI,1935.0,leitz55,False,True,resign,37,19.0,A17,"English Opening: Anglo-Indian Defense, Hedgehog System",1717334012653
parajuli1982,M,TKfcRLaq,1979.0,bandi75,False,False,resign,18,23.0,B50,Sicilian Defense: Modern Variations,1714920022157
parajuli1982,M,rNB11fVl,1933.0,joro_nikiforov,True,True,resign,18,35.0,B01,Scandinavian Defense: Mieses-Kotroc Variation,1714919940284
parajuli1982,M,oSQDDkAt,1982.0,mfrias,True,False,outoftime,39,58.0,C20,King's Pawn Game: King's Head Opening,1698280522876
parajuli1982,M,W3e8CjNd,1967.0,lenya365,True,False,outoftime,31,17.0,B17,Caro-Kann Defense: Karpov Variation,1698223857729
parajuli1982,M,Nb7CpjIp,1968.0,vahid600,False,True,mate,18,47.0,B54,"Sicilian Defense: Modern Variations, Main Line",1698223633393
parajuli1982,M,h1gLlDFt,1941.0,zulkiflidjafar,True,True,mate,32,42.0,C00,French Defense: Normal Variation,1698223357144
parajuli1982,M,K3ZqZPsR,1987.0,Kellykinyama,True,False,outoftime,39,129.0,C50,"Italian Game: Giuoco Pianissimo, Normal",1696741982847
parajuli1982,M,eMkBN3hV,1964.0,matanman,False,False,resign,19,153.0,B20,"Sicilian Defense: Wing Gambit, Carlsbad Variation",1696437545231
parajuli1982,M,TEJtx1O3,2008.0,Pantelei666,False,False,outoftime,37,92.0,B90,"Sicilian Defense: Najdorf Variation, Lipnitsky Attack",1688977521029
parajuli1982,M,BO1gSJzP,1937.0,VladislavRUS,True,False,mate,51,84.0,C64,Ruy Lopez: Classical Variation,1688789585288
parajuli1982,M,FmFXjxPt,1944.0,Aladin157136,True,True,resign,28,70.0,C00,French Defense: Normal Variation,1688718821131
parajuli1982,M,vOEPvCOx,1995.0,maverickUA,False,True,timeout,39,96.0,A17,"English Opening: Anglo-Indian Defense, Hedgehog System",1688718539353
parajuli1982,M,dU07fieo,1937.0,wito_mendoza,False,False,resign,28,65.0,B90,Sicilian Defense: Najdorf Variation,1688536637191
parajuli1982,M,5EAi3c6Q,1996.0,btk_chess,True,False,outoftime,35,65.0,B01,Scandinavian Defense: Modern Variation,1688394292049
parajuli1982,M,9J4JZQpm,1954.0,Sab35,False,True,resign,26,18.0,D02,Queen's Pawn Game: London System,1688393925095
parajuli1982,M,3TgL3Mmb,1918.0,sasko20,False,False,timeout,14,19.0,B20,Sicilian Defense: Bowdler Attack,1688284136311
parajuli1982,M,5FLZaXZ4,2043.0,Rodolfo31,True,False,resign,38,36.0,C55,"Italian Game: Two Knights Defense, Modern Bishop's Opening",1688214043584
parajuli1982,M,yAEl1629,1980.0,chessp051,True,True,resign,14,42.0,C10,"French Defense: Rubinstein Variation, Blackburne Defense",1688213905610
lindenice,M,KWH9ByDc,2496.0,GrandeGila,True,False,mate,26,50.0,B01,Scandinavian Defense: Mieses-Kotroc Variation,1759825420430
lindenice,M,jK6ues8Q,2161.0,Kenzo_Tange,False,False,outoftime,56,39.0,A00,Mieses Opening,1759824801191
lindenice,M,0V2vLBmD,2263.0,orel_chess13,False,False,draw,51,44.0,E91,King's Indian Defense: Orthodox Variation,1759824234911
lindenice,M,4LwIYoAl,2199.0,victorloyaga0205,True,True,resign,12,19.0,D10,Slav Defense: Diemer Gambit,1759824144005
lindenice,M,607ERovx,2402.0,luciifer66333,True,False,resign,23,24.0,C02,French Defense: Advance Variation,1759805588459
lindenice,M,QAIpVKyF,2215.0,Banjan,True,True,resign,25,15.0,C50,Italian Game: Giuoco Piano,1759805206335
lindenice,M,waFwu4kW,2206.0,GibletGrey,False,False,resign,36,123.0,B06,Modern Defense,1759760097633
lindenice,M,6DHcIh1R,2194.0,SahistaMC,False,False,resign,11,50.0,B06,Modern Defense: Standard Defense,1759759451063
lindenice,M,bUvXpJOk,2215.0,lmmpek65,False,False,resign,18,99.0,B06,Modern Defense: Three Pawns Attack,1759759280356
lindenice,M,jBPps1ju,2204.0,Bacaj,True,True,resign,43,22.0,A42,Modern Defense: Averbakh System,1759758861205
lindenice,M,jknTovIl,2401.0,vit2014,True,True,resign,46,26.0,C02,French Defense: Advance Variation,1759758216712
lindenice,M,XDOMx1u6,2345.0,Siscu1914,False,True,outoftime,43,29.0,B06,Modern Defense,1759756927248
lindenice,M,BiYQu2Q5,2249.0,vplaptop,False,False,outoftime,51,39.0,E91,King's Indian Defense: Orthodox Variation,1759756306849
lindenice,M,dc8WaHg3,2289.0,orel_chess13,True,True,resign,46,24.0,C43,Petrov's Defense: Modern Attack,1759755512619
lindenice,M,JRR2cRzL,2293.0,teataco,True,True,resign,45,15.0,C41,Philidor Defense: Exchange Variation,1759755037358
lindenice,M,bIFnngFo,2354.0,blablabla1989,False,True,mate,55,46.0,E81,"King's Indian Defense: Sämisch Variation, Normal Defense",1759754473939
lindenice,M,WdatWJE5,2200.0,Vukiiii,True,True,mate,50,47.0,B00,Owen Defense,1759753827408
lindenice,M,VCQkuOv2,2272.0,Slahiraqi,False,True,resign,38,41.0,B06,Modern Defense,1759753354134
lindenice,M,cVU28U4R,2244.0,Kastrov2000,True,True,resign,33,23.0,C50,Italian Game: Hungarian Defense,1759674846633
lindenice,M,DPdlGSml,2381.0,Nimzoalapin,True,False,resign,31,46.0,C55,Italian Game: Two Knights Defense,1759674403808
OhanyanEminChess,M,upEYYJLM,1082.0,Gari-2017,True,True,mate,51,43.0,C20,King's Pawn Game: Wayward Queen Attack,1764862872436
OhanyanEminChess,M,v4kXzHUo,2546.0,arshiya11389,False,False,draw,35,10.0,C56,"Italian Game: Scotch Gambit, Anderssen Attack",1763675891139
OhanyanEminChess,M,SjJs18jk,2612.0,ChessKratos,True,True,outoftime,46,26.0,B01,Scandinavian Defense: Richter Variation,1763675710234
OhanyanEminChess,M,ZLl0ivCo,2585.0,Sengdorzh,False,True,mate,46,68.0,C63,Ruy Lopez: Schliemann Defense,1763675445352
OhanyanEminChess,M,pMXqTu5W,2609.0,ChessKratos,True,True,resign,45,24.0,C00,French Defense: Franco-Sicilian Defense,1763675181753
OhanyanEminChess,M,TJX8bJiV,2575.0,a-BlackFire,True,True,mate,59,17.0,B19,"Caro-Kann Defense: Classical Variation, Lobron System",1763674918006
OhanyanEminChess,M,rwyO86uB,2828.0,Maniac604,False,True,resign,29,21.0,A07,Hungarian Opening: Wiedenhagen-Beta Gambit,1763674736217
OhanyanEminChess,M,1bd4qvyF,2782.0,Hripach007,True,False,resign,48,55.0,C48,"Four Knights Game: Spanish Variation, Rubinstein Variation",1763674554003
OhanyanEminChess,M,Ff6QN1BV,2594.0,BulletKing8,False,True,mate,57,17.0,A07,Hungarian Opening: Wiedenhagen-Beta Gambit,1763674424692
OhanyanEminChess,M,XMj2SSX3,2742.0,Riquelme93,True,False,draw,43,23.0,B06,"Modern Defense: Two Knights Variation, Suttles Variation",1763674294386
OhanyanEminChess,M,noouJJUE,2540.0,arshiya11389,True,False,outoftime,95,37.0,B15,Caro-Kann Defense: Tartakower Variation,1763674082762
OhanyanEminChess,M,XY10idPm,2573.0,abdurakhmanov_02,False,True,resign,66,19.0,D00,"Queen's Pawn Game: Accelerated London System, Steinitz Countergambit",1763673901733
OhanyanEminChess,M,3x6rq2Ow,2813.0,ForkFrenzy,False,False,resign,34,49.0,A07,King's Indian Attack: Double Fianchetto,1763673717513
OhanyanEminChess,M,7exVmrDy,2671.0,Mr_Dinh,True,False,resign,35,47.0,C13,"French Defense: Alekhine-Chatard Attack, Albin-Chatard Gambit",1763673561409
OhanyanEminChess,M,ezhwv3rs,2462.0,hectorluis2019,False,True,resign,25,30.0,C63,Ruy Lopez: Schliemann Defense,1763673426063
OhanyanEminChess,M,XLdWkHuA,2775.0,Hripach007,True,False,mate,59,58.0,B21,Sicilian Defense: Smith-Morra Gambit,1763673241678
OhanyanEminChess,M,SDsOhjDq,2701.0,dfsocial,False,False,draw,77,36.0,D17,"Slav Defense: Czech Variation, Wiesbaden Variation",1763673060765
OhanyanEminChess,M,dXMW15Gy,2492.0,a-BlackFire,False,False,resign,40,38.0,D78,"Neo-Grünfeld Defense: Classical Variation, Original Defense",1763672823753
OhanyanEminChess,M,NGR4Fmlw,2802.0,fairchess03,False,False,draw,10,8.0,D10,Slav Defense,1763672772049
OhanyanEminChess,M,ur9yYJtu,2702.0,nalkwsfa,True,True,mate,59,18.0,B15,Caro-Kann Defense: Tartakower Variation,1763672590766
EricRosen,M,bKZz9nUG,2697.0,Aristarch_Kukuev,True,False,mate,70,30.0,B06,Modern Defense: Standard Line,1765456311754
EricRosen,M,gnBoejfi,2520.0,SexDrugsRnR,False,True,resign,24,14.0,C42,Petrov's Defense: Stafford Gambit,1765449757594
EricRosen,M,b4l9qJKa,2491.0,Frenki78,True,True,outoftime,78,51.0,B06,Modern Defense: Standard Defense,1765447926136
EricRosen,M,mhgbMc6E,2434.0,train707,False,True,resign,34,13.0,D00,Queen's Pawn Game: Accelerated London System,1765348447116
EricRosen,M,ENDcJIoA,2491.0,PetrovDefender,True,True,outoftime,76,52.0,D02,Queen's Pawn Game: London System,1765337066619
EricRosen,M,LxDec32B,1856.0,naumenkopavel1965,True,False,noStart,0,,,,1764752125174
EricRosen,M,BcrewceR,2198.0,nasrvip,True,False,mate,48,42.0,C41,Philidor Defense: Albin-Blackburne Gambit,1764751864031
EricRosen,M,YRTyxvR5,2044.0,Joshuaveto19,False,True,mate,43,28.0,C42,Petrov's Defense: Stafford Gambit,1764751592815
EricRosen,M,qpC1FT25,2072.0,Hingal,False,True,mate,49,24.0,D02,Queen's Pawn Game: London System,1764751290122
EricRosen,M,ZQE431Wz,2180.0,Tarif_listrik,True,True,resign,32,31.0,C40,Latvian Gambit Accepted: Main Line,1764751092984
EricRosen,M,7c7CFvaf,1857.0,Lapominka,True,True,resign,18,16.0,B00,Pirc Defense,1764750955558
EricRosen,M,6ykUt33o,1800.0,EmilyZ_2013,False,True,mate,49,28.0,A25,"English Opening: King's English Variation, Reversed Closed Sicilian",1764750519062
EricRosen,M,duxVK8be,2109.0,boekanmaster_bts207,False,True,outoftime,59,67.0,C42,Petrov's Defense: Stafford Gambit,1764750061113
EricRosen,M,Dh8cQ6l0,1947.0,TopS80,True,True,mate,19,31.0,B21,"Sicilian Defense: Smith-Morra Gambit Accepted, Scheveningen Formation",1764749911340
EricRosen,M,LSOxXBKV,1882.0,bar10,False,True,mate,23,19.0,D02,Queen's Pawn Game: Symmetrical Variation,1764749718173
EricRosen,M,8cb6uvn9,493.0,paragraph1727,False,True,mate,25,26.0,C44,"Scotch Game: Scotch Gambit, Dubois Réti Defense",1764050025120
EricRosen,M,Y3C8XQWy,1547.0,CathartiacArrest,False,True,mate,34,21.0,C42,Petrov's Defense: Italian Variation,1764052848994
EricRosen,M,1Q2IKd8U,1909.0,kaptainkoi,False,True,mate,35,48.0,C55,Italian Game: Two Knights Defense,1764050127975
EricRosen,M,ggTnf2Or,1499.0,millionnaire888,False,True,mate,20,94.0,,,1764049423441
EricRosen,M,AV49AIwz,1764.0,horseyismywaifu,True,True,mate,26,49.0,,,1764048648735
tka3,M,SnYGtNE4,2330.0,romexpo222,False,False,mate,28,70.0,C77,"Ruy Lopez: Morphy Defense, Mackenzie Variation",1765571999452
tka3,M,a2BPLZa0,2336.0,Limon2500,False,False,resign,23,39.0,C77,"Ruy Lopez: Morphy Defense, Anderssen Variation",1765571837296
tka3,M,btCnfM1c,2227.0,Wizard0112,True,False,draw,34,12.0,A37,"English Opening: Symmetrical Variation, Three Knights, Fianchetto Variation",1765571050513
tka3,M,ykSTecMW,2296.0,doobidoo,False,True,resign,37,47.0,C88,Ruy Lopez: Closed,1765570750920
tka3,M,P8QFOqJO,2175.0,BuenosS,True,True,outoftime,40,15.0,A37,"English Opening: Symmetrical Variation, Botvinnik System Reversed, with Nf3",1765570391379
tka3,M,hezxkWlO,2116.0,Reno123456,False,False,draw,49,52.0,C20,King's Pawn Game: Leonardis Variation,1765569946728
tka3,M,Zaj6KOy8,2379.0,PeterBolwerk,True,True,resign,48,31.0,E73,"King's Indian Defense: Averbakh Variation, Modern Defense",1765569622711
tka3,M,yFNPLCBs,2093.0,NoSkillGambit,True,False,resign,39,43.0,A39,"English Opening: Symmetrical Variation, Mecking Variation",1765569206416
tka3,M,g4yvYrpT,2232.0,GreedyGonzales,True,True,resign,23,34.0,A16,"English Opening: Anglo-Indian Defense, Queen's Knight Variation",1765569048068
tka3,M,ZjIdeics,2201.0,schnappischatz,False,False,resign,26,70.0,A35,"English Opening: Symmetrical Variation, Two Knights Variation",1765568852447
tka3,M,7sBn1IwE,2316.0,ChessForLifeAgain,False,False,resign,15,40.0,E60,King's Indian Defense: Fianchetto Variation,1765568692317
tka3,M,PMzbVBJq,2346.0,Kaminchen2,True,False,resign,45,25.0,D55,"Queen's Gambit Declined: Anti-Tartakower Variation, Petrosian Variation",1765568328117
tka3,M,ScLTDhmO,2324.0,Ddgganton2011,True,False,draw,53,13.0,D34,Tarrasch Defense: Classical Variation,1765568097721
tka3,M,QT8oKvUN,2175.0,Segelflieger,False,False,draw,54,14.0,C44,King's Pawn Game: Tayler Opening,1765567720712
tka3,M,TkBcxMkx,2372.0,life_li,True,True,outoftime,44,29.0,E73,"King's Indian Defense: Averbakh Variation, Flexible Defense",1765567267409
tka3,M,xK4TJO1L,2136.0,Turmendspiel34900,False,True,resign,65,42.0,C36,King's Gambit Accepted: Abbazia Defense,1765566776883
tka3,M,ubR4LqSk,2026.0,toplump,False,True,resign,32,8.0,C47,Four Knights Game: Glek System,1765566618905
tka3,M,9okrGBIr,2166.0,aleaiactaest2024,True,False,draw,35,31.0,B31,"Sicilian Defense: Nyezhmetdinov-Rossolimo Attack, Fianchetto Variation",1765566213661
tka3,M,4Gy46qKF,2013.0,Foxifuchs,True,True,resign,36,42.0,B40,Sicilian Defense: French Variation,1765565822809
tka3,M,HhdaNz7o,2444.0,Mettigel,False,False,draw,52,22.0,C55,"Italian Game: Two Knights Defense, Modern Bishop's Opening",1765565496334
Dire_Promise,M,VOzXEpFz,2390.0,Chess-For-Ai,True,True,outoftime,60,71.0,C43,"Petrov's Defense: Modern Attack, Center Variation",1709437136406
Dire_Promise,M,v4y8SwOb,,,True,False,resign,10,,,,1699154611511
Dire_Promise,M,l1UK27ko,1902.0,Alex-tcx,True,True,resign,17,24.0,C10,"French Defense: Rubinstein Variation, Blackburne Defense",1690035940973
Dire_Promise,M,D1vTdoM9,1871.0,Alex-tcx,False,True,resign,47,21.0,D38,Queen's Gambit Declined: Ragozin Defense,1686403924183
Dire_Promise,M,sJGhJ5yD,2680.0,Maxim_Shvetsov,False,True,mate,78,57.0,C02,"French Defense: Advance Variation, Main Line",1645193627259
Dire_Promise,M,RsfQOmde,2685.0,Maxim_Shvetsov,True,True,resign,42,20.0,B23,"Sicilian Defense: Closed, Traditional",1645193304948
Dire_Promise,M,fGgH967O,2532.0,Boydia-Sidi,False,True,mate,76,24.0,C07,"French Defense: Tarrasch Variation, Open System, Euwe-Keres Line",1645192897947
Dire_Promise,M,wQtezUiv,2547.0,miatzlmichl64,True,True,resign,30,63.0,B50,Sicilian Defense: Modern Variations,1645192619080
Dire_Promise,M,CWyg97Tg,2672.0,Stoichess,False,False,resign,41,55.0,D90,Grünfeld Defense: Three Knights Variation,1645192268627
Dire_Promise,M,q37ZCfRL,2642.0,Khojayan-Vardan,True,True,mate,46,37.0,B50,Sicilian Defense: Modern Variations,1644926504776
Dire_Promise,M,Bx6OSGby,2641.0,Banelevich,True,True,mate,26,41.0,B50,Sicilian Defense: Modern Variations,1644926234790
Dire_Promise,M,gyU2hp9v,2636.0,sotirakis,False,True,mate,32,28.0,C00,French Defense: Steiner Variation,1644925914493
Dire_Promise,M,6BZMYbL2,2600.0,Chessdidou,False,True,resign,31,25.0,C01,French Defense: Exchange Variation,1644924311563
Dire_Promise,M,PlWZpYcI,2547.0,planetchuky,True,False,outoftime,83,67.0,A05,Zukertort Opening,1644923881844
Dire_Promise,M,vZZNEDrt,2629.0,kacper05,True,True,mate,67,33.0,B20,Sicilian Defense: Snyder Variation,1644923496786
Dire_Promise,M,VZQMjDZ4,2838.0,Alexandr_KhleBovich,False,False,resign,38,63.0,D74,Neo-Grünfeld Defense: Delayed Exchange Variation,1644923146706
Dire_Promise,M,Gv0qmkWb,2539.0,Mihaiionescu,False,True,mate,41,43.0,A30,English Opening: Symmetrical Variation,1644922754321
Dire_Promise,M,3aAeVMBu,2637.0,skorbie,True,False,resign,26,76.0,B06,Modern Defense,1644922440903
Dire_Promise,M,8xKMagP7,2593.0,Stasan121,True,True,resign,28,59.0,B30,Sicilian Defense: Nyezhmetdinov-Rossolimo Attack,1644851080406
Dire_Promise,M,0gcvjrTS,2524.0,hasterer,False,True,outoftime,36,37.0,D74,Neo-Grünfeld Defense: Delayed Exchange Variation,1644850671803
MattyDPerrine,M,6QLRBYdO,2000.0,LeelaQueenOdds,False,False,resign,38,29.0,,,1735349215465
MattyDPerrine,M,GaaFmx6A,2446.0,theundertakerchess,True,False,resign,26,82.0,D34,"Tarrasch Defense: Classical Variation, Réti Variation",1668355202332
MattyDPerrine,M,Y24r0s4j,2378.0,fsm666fsm,False,True,resign,31,40.0,E21,Nimzo-Indian Defense: Three Knights Variation,1639330173970
MattyDPerrine,M,ohGHSNi2,1805.0,malcolmc60,True,True,outoftime,42,38.0,B30,Sicilian Defense: Nyezhmetdinov-Rossolimo Attack,1639329568105
MattyDPerrine,M,GTDXnc6Y,2033.0,schack2,False,True,resign,22,39.0,A57,Benko Gambit,1639328974642
MattyDPerrine,M,xFuQ7tpk,2588.0,aradhyagarg2000,True,False,resign,51,28.0,C55,"Italian Game: Two Knights Defense, Modern Bishop's Opening",1639327701692
MattyDPerrine,M,OHmJpeTQ,2411.0,BraveSubject,False,False,outoftime,26,36.0,D45,Semi-Slav Defense: Normal Variation,1639327123624
MattyDPerrine,M,OwQDBC5J,2302.0,uuaauu,True,False,outoftime,22,43.0,B00,Owen Defense,1639326462482
MattyDPerrine,M,a2peEfh1,2874.0,daro94,False,False,resign,46,41.0,B60,"Sicilian Defense: Richter-Rauzer Variation, Dragon Variation",1639325790081
MattyDPerrine,M,E8n3jLxk,2063.0,ConGKaIs,True,True,resign,28,24.0,B31,"Sicilian Defense: Nyezhmetdinov-Rossolimo Attack, Fianchetto Variation",1639325100750
MattyDPerrine,M,gydJHHR4,2674.0,blank37,True,False,outoftime,54,41.0,A05,Zukertort Opening,1632537994481
MattyDPerrine,M,yJfNJPk2,2682.0,blank37,False,True,mate,63,47.0,B52,"Sicilian Defense: Moscow Variation, Main Line",1632537607078
MattyDPerrine,M,GWwa7XHs,2680.0,blank37,True,False,outoftime,57,34.0,A05,Zukertort Opening,1632537255896
MattyDPerrine,M,2aoJGnRY,2677.0,blank37,False,False,outoftime,43,111.0,B40,Sicilian Defense: French Variation,1632536882150
MattyDPerrine,M,XvoibGAC,2686.0,blank37,True,True,mate,54,51.0,B52,"Sicilian Defense: Moscow Variation, Main Line",1632536504199
MattyDPerrine,M,WfKBl22g,2695.0,blank37,False,True,resign,40,34.0,A09,Réti Opening: Advance Variation,1632536166684
MattyDPerrine,M,dj5xVAJP,2693.0,blank37,True,False,outoftime,75,16.0,A05,King's Indian Attack,1632535779763
MattyDPerrine,M,YjE0eD7O,2690.0,blank37,False,False,outoftime,53,59.0,A06,Nimzo-Larsen Attack: Classical Variation,1632535403163
MattyDPerrine,M,jhgbHlDj,2688.0,blank37,True,False,outoftime,63,40.0,A05,Zukertort Opening,1632535027503
MattyDPerrine,M,43nmbbNz,2685.0,blank37,False,False,resign,38,68.0,D45,Semi-Slav Defense: Stoltz Variation,1632534666993
HakanTooGood,M,so79ptBH,2342.0,KilicNurullah56,False,False,outoftime,35,52.0,B76,"Sicilian Defense: Dragon Variation, Yugoslav Attack, Modern Line",1759082937683
HakanTooGood,M,bUbhWMSK,2168.0,RUKchess,False,False,resign,12,89.0,B71,"Sicilian Defense: Dragon Variation, Levenfish Variation",1759082836896
HakanTooGood,M,FIu74rKI,2507.0,murat2006,True,True,mate,69,24.0,B50,Sicilian Defense: Modern Variations,1759082538884
HakanTooGood,M,Zqxj0v46,2444.0,cabbar99,False,False,draw,41,46.0,C13,"French Defense: Alekhine-Chatard Attack, Breyer Variation",1759082258921
HakanTooGood,M,fMYb4V1S,2164.0,Aryan_Rahimpour_2004,False,True,resign,28,18.0,A00,Van Geet Opening: Novosibirsk Variation,1759082095663
HakanTooGood,M,k9u1abrO,2085.0,masterbullet13,True,True,resign,29,57.0,B00,Pirc Defense,1759081838839
HakanTooGood,M,KbtHPdmc,1963.0,StarChess3317,False,True,outoftime,29,13.0,B31,"Sicilian Defense: Nyezhmetdinov-Rossolimo Attack, Fianchetto Variation",1759081546304
HakanTooGood,M,q4nmDhqw,2451.0,cabbar99,True,True,resign,31,20.0,C40,Elephant Gambit: Paulsen Countergambit,1759081255989
HakanTooGood,M,2vikDWUJ,2170.0,Aryan_Rahimpour_2004,True,True,mate,23,67.0,A04,Zukertort Opening: Herrstrom Gambit,1759081092965
HakanTooGood,M,1fuQaXxZ,2309.0,galaxy42,False,True,mate,60,78.0,B54,"Sicilian Defense: Modern Variations, Main Line",1759079168286
HakanTooGood,M,dcWpBMp7,2276.0,Bqer,True,True,resign,25,29.0,B22,Sicilian Defense: Alapin Variation,1759078315066
HakanTooGood,M,GX5x41Wg,1760.0,Kalefeda,False,True,mate,39,33.0,A00,Polish Opening,1759078034937
HakanTooGood,M,gC06RxkF,2218.0,MartinBoakye17,False,True,mate,66,45.0,C48,"Four Knights Game: Spanish Variation, Classical Variation",1759077708412
HakanTooGood,M,y0pDNrTG,1767.0,kingchess_pk,True,True,resign,30,9.0,B15,Caro-Kann Defense: Tartakower Variation,1759077467854
HakanTooGood,M,RfwXjURb,2279.0,Queenjiger,True,False,resign,40,39.0,B00,Pirc Defense,1759077185774
HakanTooGood,M,sCQBtkC1,2004.0,Garbonhuk,False,True,mate,19,31.0,E20,Nimzo-Indian Defense,1759077102070
HakanTooGood,M,DbwJVlbq,2587.0,tactinhos2900,True,False,resign,31,42.0,C40,Elephant Gambit: Paulsen Countergambit,1758540893843
HakanTooGood,M,KjXSVX4v,2582.0,tactinhos2900,False,False,resign,23,91.0,B21,"Sicilian Defense: Smith-Morra Gambit Accepted, Fianchetto Defense",1758540705530
HakanTooGood,M,xk5QKy6D,2589.0,tactinhos2900,True,True,resign,32,34.0,C40,Elephant Gambit: Paulsen Countergambit,1758540561314
HakanTooGood,M,IlneI1HS,2499.0,santyaga1,False,True,outoftime,52,35.0,B06,Modern Defense,1758540176517
Velis_23,M,mBDhcu1A,2348.0,Miesov,True,False,resign,25,43.0,A40,Horwitz Defense,1752131256293
Velis_23,M,jXJbMkcI,2519.0,pbkttc,True,True,resign,26,29.0,D00,Queen's Pawn Game: Accelerated London System,1752130810440
Velis_23,M,AdvcIyqu,1481.0,Gaspeedy,True,True,resign,25,23.0,A50,Mexican Defense,1749813065049
Velis_23,M,abDrjAkL,2647.0,bmw326,False,False,outoftime,69,12.0,B13,"Caro-Kann Defense: Exchange Variation, Rubinstein Variation",1749460771715
Velis_23,M,hksnYrkE,2405.0,Magnus_misr,False,True,outoftime,39,15.0,B01,"Scandinavian Defense: Valencian Variation, Main Line",1749460420657
Velis_23,M,O5Q1JSfn,2492.0,chess_fighter2806,False,False,mate,62,67.0,A25,"English Opening: King's English Variation, Reversed Closed Sicilian",1749459803631
Velis_23,M,BD29uy8s,2343.0,buddybabu,False,True,mate,37,71.0,A50,Mexican Defense,1737617289109
Velis_23,M,XqZGltTy,2469.0,Science_37,True,True,mate,35,26.0,A45,Indian Defense,1737100322824
Velis_23,M,i9wLXGiI,2477.0,sceleon77,False,False,outoftime,59,33.0,A50,Mexican Defense,1737099951778
Velis_23,M,zJcWPgbT,2383.0,Michael_Eremenko,True,True,resign,36,18.0,A45,Indian Defense,1736412308520
Velis_23,M,Htjj9KfB,2367.0,MityshevS,False,False,resign,38,63.0,B12,Caro-Kann Defense: Advance Variation,1736407128932
Velis_23,M,nYagzMtU,2341.0,sss6567,True,True,resign,21,17.0,D00,Queen's Pawn Game: Accelerated London System,1736406940631
Velis_23,M,RQkcWzqY,2511.0,Shcherbashin_Victor,False,False,mate,20,67.0,A45,Trompowsky Attack,1736239422569
Velis_23,M,vhkxmAFo,2451.0,Tributron,False,True,outoftime,59,55.0,A45,Indian Defense,1736238783286
Velis_23,M,lQTd7Avt,2466.0,ChorcheT,True,True,resign,62,19.0,A48,London System,1736238374902
Velis_23,M,KSKKdAB1,2373.0,Ddddd123d,False,False,draw,89,26.0,D02,Queen's Pawn Game: Symmetrical Variation,1736006477435
Velis_23,M,wzHbsG70,2442.0,xythereissomething,True,True,mate,38,67.0,A45,Indian Defense,1736005874043
Velis_23,M,v3mINmHH,2462.0,Sadzin,True,False,draw,51,17.0,A48,London System,1735834801882
Velis_23,M,ZdUNukeg,2392.0,Lengox,False,True,outoftime,33,19.0,A05,King's Indian Attack,1735719185597
Velis_23,M,8wBAvyAw,2543.0,pbkttc,True,False,resign,51,44.0,D00,Queen's Pawn Game: Accelerated London System,1735237065210
bdr2002,M,lARzHWW5,1970.0,Rovshan_Baku,False,False,outoftime,0,,B00,King's Pawn Game,1619655007034
bdr2002,M,WO0qEMGP,2599.0,Puniiishment,True,False,outoftime,58,40.0,A45,Indian Defense,1619653994364
bdr2002,M,LqEo8Y6L,1917.0,Zsabri,False,True,resign,39,47.0,B10,Caro-Kann Defense,1619652962115
bdr2002,M,po0Tz45V,2582.0,littleplotkin,True,False,draw,53,22.0,D01,Rapport-Jobava System,1619652028813
bdr2002,M,2i57nmCe,1486.0,HenryPrickett,False,True,resign,32,37.0,B12,Caro-Kann Defense: Advance Variation,1619651100662
bdr2002,M,vBFIYbhL,2231.0,Hakuna_matata1,False,False,outoftime,44,42.0,D85,Grünfeld Defense: Exchange Variation,1587737833397
bdr2002,M,2QHeds1s,2142.0,Tzovanboy,False,True,resign,32,,D79,Neo-Grünfeld Defense: Ultra-Delayed Exchange Variation,1587737443681
bdr2002,M,KE0V9KDk,2282.0,Matthchess,False,False,resign,24,,D85,Grünfeld Defense: Exchange Variation,1587737061104
bdr2002,M,uclXd2oG,2069.0,tsarsi10,True,True,resign,22,,D01,Rapport-Jobava System,1587736822810
bdr2002,M,jpTBhlAi,2185.0,isufkasumi1,True,False,resign,29,,A40,Queen's Pawn Game,1587596698689
bdr2002,M,sbhItgRM,2096.0,basam66,True,True,mate,44,,D01,Rapport-Jobava System,1587596384271
bdr2002,M,oPIQhhTa,2066.0,jwheidrich,False,True,resign,19,,D06,Queen's Gambit Declined: Marshall Defense,1587596285098
bdr2002,M,1G9xQnrs,2075.0,Nietsabes100,True,True,mate,35,,A45,Indian Defense,1587596088550
bdr2002,M,dLuOOQv7,2129.0,SaintLouisChessClub,False,False,resign,55,,D85,Grünfeld Defense: Exchange Variation,1587071830148
bdr2002,M,XnwCILLC,2125.0,SaintLouisChessClub,False,False,resign,26,,E70,King's Indian Defense: Normal Variation,1587069316294
bdr2002,M,XwOViBBZ,2220.0,Kineshma1,False,False,draw,30,,D77,"Neo-Grünfeld Defense: Classical Variation, Modern Defense",1545654252875
bdr2002,M,hEyYFopZ,2102.0,Aga-Talib,True,True,resign,22,,A40,Queen's Pawn Game: Modern Defense,1545653261104
bdr2002,M,oFMGFwsf,2262.0,gajardo,True,True,outoftime,50,31.0,A40,Queen's Pawn Game: Modern Defense,1545652910516
bdr2002,M,RmbVNZYb,2088.0,Maani-841,False,True,resign,39,,B18,"Caro-Kann Defense: Classical Variation, Main Line",1545652751595
bdr2002,M,xdvBE5ld,2066.0,superkater,False,False,resign,53,,A45,Trompowsky Attack: Classical Defense,1521849601809
Rsmon54Terrible,M,DrvNL6f4,2468.0,beyondbirthday,True,False,resign,41,26.0,A31,"English Opening: Symmetrical Variation, Anti-Benoni Variation",1765555837513
Rsmon54Terrible,M,4TwaouYa,2532.0,riga2024,False,True,resign,37,16.0,C12,"French Defense: McCutcheon Variation, Chigorin Variation",1765555561261
Rsmon54Terrible,M,BditHAh6,2587.0,Crew12,False,False,resign,50,38.0,A46,Indian Defense: Knights Variation,1765555229701
Rsmon54Terrible,M,QE0sdeau,2431.0,d2s04,False,True,resign,34,15.0,A03,Bird Opening: Dutch Variation,1765552823007
Rsmon54Terrible,M,qEwOYeck,2423.0,RuyLopez94,True,True,resign,21,16.0,E10,Indian Defense: Anti-Nimzo-Indian,1765552347232
Rsmon54Terrible,M,XTINoAqB,2396.0,Schlossbauer,True,True,resign,29,25.0,A84,Dutch Defense: Classical Variation,1765552067407
Rsmon54Terrible,M,rvTRDlSH,2183.0,Tinolaurio2020,True,True,mate,43,38.0,D08,Queen's Gambit Declined: Albin Countergambit,1765485441772
Rsmon54Terrible,M,o4Os5tFq,2545.0,Superferz7,False,False,resign,15,36.0,A05,Zukertort Opening,1765485374732
Rsmon54Terrible,M,MTh7jVPw,2157.0,istil,True,True,outoftime,41,56.0,A41,Rat Defense: English Rat,1765485069232
Rsmon54Terrible,M,TvLrfKtQ,2151.0,BrenSasot,False,True,resign,62,29.0,A05,Zukertort Opening,1765484703721
Rsmon54Terrible,M,HUuHZ9gg,2013.0,reso71,True,True,resign,32,14.0,A95,Dutch Defense: Stonewall Variation,1765484505081
Rsmon54Terrible,M,RWMRtn1g,2054.0,commi,False,True,mate,51,21.0,B30,Sicilian Defense: Old Sicilian,1765484189108
Rsmon54Terrible,M,PXHckEIX,1859.0,freehumanity,True,True,outoftime,24,36.0,A53,"Old Indian Defense: Czech Variation, with Nf3",1765483929790
Rsmon54Terrible,M,YHSLV6L3,2032.0,AlexeyMovchan58nic,False,True,outoftime,40,18.0,C12,"French Defense: McCutcheon Variation, Bernstein Variation",1765483639323
Rsmon54Terrible,M,cxtlcUqD,2102.0,Shved_007,True,True,resign,34,29.0,E17,"Queen's Indian Defense: Classical Variation, Taimanov Gambit",1765483405654
Rsmon54Terrible,M,imNAPaMI,2160.0,bistravoda,False,False,resign,34,66.0,A45,Indian Defense,1765483158877
Rsmon54Terrible,M,ORxsOngQ,2377.0,gas_BTS207,False,False,resign,41,51.0,B22,"Sicilian Defense: Alapin Variation, Barmen Defense, Milner-Barry Attack",1765130136404
Rsmon54Terrible,M,YL2pjfnz,2086.0,Reyhan_KCI,True,True,resign,18,17.0,A50,Mexican Defense,1765130035906
Rsmon54Terrible,M,0zVnrmBq,2349.0,RookandRookie,True,True,noStart,0,,A40,Queen's Pawn Game,1765129983478
Rsmon54Terrible,M,wgM9C56F,2665.0,ANKARA_MESSI2022,False,False,mate,43,89.0,A05,Zukertort Opening,1765129802283
paruchi,M,aEnwy3rM,1541.0,Javlonbek2418,False,False,mate,33,59.0,B10,"Caro-Kann Defense: Accelerated Panov Attack, Modern Variation",1756146261403
paruchi,M,LQs8qJpA,2225.0,TheOlympiadGuy,True,True,outoftime,39,38.0,A00,Hungarian Opening: Indian Defense,1753200978281
paruchi,M,BbVzjedA,2350.0,Schugernaut34,True,False,outoftime,56,60.0,D02,Queen's Pawn Game: Chandler Gambit,1753200585880
paruchi,M,Yk3wH7mu,2364.0,Shivananda1964,False,False,resign,37,44.0,B12,Caro-Kann Defense,1751906978366
paruchi,M,lYfO8iAS,2314.0,XXXLM1,True,True,resign,38,,A00,Hungarian Opening: Slav Formation,1751906807365
paruchi,M,K7vY2Riy,2301.0,repka_0,True,True,resign,50,,A00,Hungarian Opening: Slav Formation,1751906487505
paruchi,M,86tHQs81,2236.0,Lymphocyte-nk,False,True,outoftime,41,,B28,"Sicilian Defense: O'Kelly Variation, Kieseritzky System",1751906150100
paruchi,M,CjNx5rTY,2336.0,newaccwhothis,False,False,mate,31,,A43,Benoni Defense: Old Benoni,1751905880286
paruchi,M,iJCRS4p2,2337.0,Walinder,True,False,outoftime,42,,A00,Hungarian Opening,1744536619175
paruchi,M,iZJOFDxV,2313.0,notcoolatall91,True,False,resign,30,,A00,Hungarian Opening,1743784482320
paruchi,M,05rvTIoY,2233.0,mohamed_sadki,False,True,resign,21,,B20,Sicilian Defense: Lasker-Dunne Attack,1743784362330
paruchi,M,PnvxW6zA,2323.0,AnisimOFF,False,False,outoftime,75,,B28,"Sicilian Defense: O'Kelly Variation, Normal System, Smith-Morra Line",1743783976821
paruchi,M,5KwJyDTb,2481.0,Caiello,False,False,resign,65,,A44,Benoni Defense: Old Benoni,1743265744063
paruchi,M,AMuH7Ow2,2258.0,Endgameorbust,False,True,resign,20,,B28,"Sicilian Defense: O'Kelly Variation, Venice System",1743265593292
paruchi,M,H6nnvCGt,2227.0,RalphHoy,True,True,outoftime,28,,A00,Hungarian Opening: Slav Formation,1743265221544
paruchi,M,5x46Cx7N,2199.0,Lakshyahirani121,True,True,resign,29,,A08,Zukertort Opening: Reversed Grünfeld,1743264934862
paruchi,M,8m8zc6vT,2211.0,KanstantsinLust,False,True,resign,28,,B23,Sicilian Defense: Closed,1743264613066
paruchi,M,jg8kuNv0,2303.0,Shuxratbek_87,True,False,timeout,32,31.0,A00,Hungarian Opening: Sicilian Invitation,1741763368698
paruchi,M,pHsN2Gr5,2425.0,Dugin_Sergey,False,False,mate,22,,B28,"Sicilian Defense: O'Kelly Variation, Normal System",1731829526627
paruchi,M,71AL3loO,2294.0,LeoParra,True,False,outoftime,47,,A74,"Benoni Defense: Classical Variation, Full Line",1728878206648
Avaada_kedavra,M,fPm2ofxG,1893.0,MathTutoring,True,True,outoftime,31,27.0,E20,Nimzo-Indian Defense: Romanishin Variation,1762192979518
Avaada_kedavra,M,SGkur37p,1893.0,MathTutoring,False,True,resign,31,24.0,B12,"Caro-Kann Defense: Advance Variation, Short Variation",1762192573224
Avaada_kedavra,M,LrL3jIlq,2698.0,Nefer-Pitou,True,True,resign,45,18.0,D01,Rapport-Jobava System,1759278775217
Avaada_kedavra,M,QPyVlLnz,2616.0,Jomajo,False,True,outoftime,61,54.0,A45,Trompowsky Attack: Classical Defense,1759278156896
Avaada_kedavra,M,jH0pNbjY,2449.0,RMchess04,False,True,resign,39,15.0,B18,Caro-Kann Defense: Classical Variation,1758399367212
Avaada_kedavra,M,FNUpyTS1,2629.0,Choc-Mint-Chip,False,True,resign,34,21.0,A61,Benoni Defense: Knight's Tour Variation,1748556466787
Avaada_kedavra,M,6rtuxLMu,2632.0,Choc-Mint-Chip,True,True,resign,6,10.0,A45,Indian Defense,1748556403496
Avaada_kedavra,M,iGe0eMMk,2635.0,Choc-Mint-Chip,False,True,outoftime,49,57.0,A61,Benoni Defense: Knight's Tour Variation,1748556020807
Avaada_kedavra,M,EMB2BcwZ,2638.0,Choc-Mint-Chip,True,True,resign,25,17.0,B06,"Pterodactyl Defense: Eastern, Benoni Pteranodon",1748555744150
Avaada_kedavra,M,oZJIGMXo,2642.0,Choc-Mint-Chip,False,True,resign,26,15.0,A61,Benoni Defense: Knight's Tour Variation,1748555459946
Avaada_kedavra,M,hW7LRfDf,2645.0,Choc-Mint-Chip,True,True,resign,21,14.0,A45,Indian Defense,1748555216714
Avaada_kedavra,M,Qzv0QAeH,2572.0,The_reverse_flash,False,True,resign,46,17.0,A62,Benoni Defense: Fianchetto Variation,1748034402865
Avaada_kedavra,M,hJbMlc4j,2503.0,shevchess,True,True,resign,12,15.0,A45,Indian Defense,1748034208399
Avaada_kedavra,M,6crUabaa,2400.0,AG1612,False,True,outoftime,47,33.0,B15,Caro-Kann Defense: Campomanes Attack,1748033812307
Avaada_kedavra,M,H9Iih4o7,2507.0,delapoutre,True,True,resign,32,16.0,D01,Rapport-Jobava System,1739826001532
Avaada_kedavra,M,oKlynzAA,2603.0,makinadekalkulo,False,True,mate,67,27.0,A31,"English Opening: Symmetrical Variation, Anti-Benoni Variation",1739824261408
Avaada_kedavra,M,zK5Y6GPq,2662.0,Justarussianguy,True,True,outoftime,55,42.0,B15,Caro-Kann Defense: Tartakower Variation,1739823714496
Avaada_kedavra,M,0ukNcTz2,2605.0,Yakimkin_Igor,False,True,resign,36,22.0,B12,"Caro-Kann Defense: Advance Variation, Short Variation",1739807606162
Avaada_kedavra,M,ONsHVZzu,2640.0,FioraTop,True,True,resign,29,14.0,B06,"Pterodactyl Defense: Eastern, Benoni",1739807344183
Avaada_kedavra,M,o3cwgeiT,2648.0,Berserk2600,False,False,outoftime,78,40.0,A05,Zukertort Opening,1721448470531
Heinza9,M,Zv7a6bn0,2141.0,jab2015,False,False,outoftime,21,32.0,A80,Dutch Defense,1739732887826
Heinza9,M,iGXsQjuu,2296.0,LaReinadelBersek_98,True,True,outoftime,40,71.0,B13,"Caro-Kann Defense: Panov Attack, Modern Defense",1739732467723
Heinza9,M,CkElCbEq,2326.0,Bierpaul,False,True,resign,34,21.0,A80,Dutch Defense: Hopton Attack,1739478814055
Heinza9,M,Lt657Fgx,2001.0,HMG57,True,True,mate,28,54.0,B06,Modern Defense: Pseudo-Austrian Attack,1739478628638
Heinza9,M,DsCQAGVc,2199.0,cro-stallione,False,False,mate,63,59.0,C29,"Vienna Game: Vienna Gambit, Main Line",1739478233061
Heinza9,M,EXd7z3NN,2415.0,Rebrov85,True,True,resign,41,21.0,C00,French Defense: Steiner Variation,1739477874804
Heinza9,M,OMa7Ndl9,2099.0,janengfeldt,False,True,resign,32,29.0,A02,Bird Opening: Schlechter Gambit,1739477563078
Heinza9,M,5njI6ZZu,2200.0,cro-stallione,True,True,resign,31,28.0,C40,Elephant Gambit,1739477253896
Heinza9,M,XNkAf94p,2016.0,HMG57,True,True,resign,20,30.0,B06,Modern Defense: Pseudo-Austrian Attack,1739477072701
Heinza9,M,zXrfoUGs,2024.0,claudiu_youtube,False,False,resign,69,80.0,C63,"Ruy Lopez: Schliemann Defense, Exchange Variation",1739476592863
Heinza9,M,IzKgNIir,2033.0,A68,False,True,resign,41,28.0,A80,Dutch Defense: Hopton Attack,1739476250588
Heinza9,M,KRoLtG3T,1862.0,Capitan-Daniel,True,True,resign,36,21.0,B06,"Modern Defense: Mongredien Defense, with Nc3",1739476006720
Heinza9,M,gL1c8p4X,2038.0,Georgica2022,False,True,resign,36,23.0,A85,Dutch Defense: Queen's Knight Variation,1739475625755
Heinza9,M,OuQYSHMm,1545.0,Marius2812,True,True,resign,24,20.0,B13,Caro-Kann Defense: Panov Attack,1739475304960
Heinza9,M,yEw75KSl,2010.0,A68,False,False,resign,57,39.0,A80,Dutch Defense: Hopton Attack,1739474830471
Heinza9,M,wUleGJdX,1547.0,Marius2812,True,True,mate,10,17.0,B10,Caro-Kann Defense: Accelerated Panov Attack,1739474729318
Heinza9,M,KrfrXuFu,1977.0,marcoivan,False,False,draw,48,69.0,C27,Vienna Game: Frankenstein-Dracula Variation,1739474163600
Heinza9,M,85sdO3vQ,1884.0,StefanVLuc,True,True,mate,53,32.0,B30,Sicilian Defense: Nyezhmetdinov-Rossolimo Attack,1739473558396
Heinza9,M,gme4xdQN,2079.0,RocK_iT,False,True,resign,48,29.0,C55,"Italian Game: Two Knights Defense, Modern Bishop's Opening",1739133175139
Heinza9,M,pSX4yvc5,2050.0,sercan-5988,True,False,mate,35,50.0,B29,"Sicilian Defense: Nimzowitsch Variation, Advance Variation",1739132661543
itore,M,Uo73KQiR,2198.0,HONEYBADGER_SYSTEM,True,True,outoftime,35,26.0,A41,Old Indian Defense,1765584329899
itore,M,dFJTloxr,2198.0,HONEYBADGER_SYSTEM,False,False,draw,40,43.0,A00,Mieses Opening,1765583942725
itore,M,97pgSKeh,2225.0,capa-jor-64,True,True,resign,12,21.0,A41,Rat Defense: English Rat,1765583828926
itore,M,a7ESaH7T,2335.0,Piyonsatranc16,False,False,draw,99,13.0,D00,Queen's Pawn Game: Accelerated London System,1765583202711
itore,M,1sa1bguS,2335.0,Piyonsatranc16,True,False,draw,47,14.0,D43,Semi-Slav Defense,1765582789542
itore,M,f9jbW4Rb,2017.0,ikamoto,False,True,resign,78,24.0,B15,Caro-Kann Defense: Rasa-Studier Gambit,1765582231995
itore,M,D1WPRGXX,2468.0,Dindindun84,True,False,outoftime,30,30.0,E75,"King's Indian Defense: Averbakh Variation, Main Line",1765581886243
itore,M,yk9IzrIP,2028.0,Jueznm,False,True,mate,26,33.0,A46,Indian Defense: Wade-Tartakower Defense,1765497174777
itore,M,HvXZLuMb,2028.0,Jueznm,True,True,outoftime,44,40.0,D31,Semi-Slav Defense: Marshall Gambit,1765496734543
itore,M,zA5yg2Ab,2306.0,justhinkarpov,False,True,mate,39,9.0,B17,Caro-Kann Defense: Karpov Variation,1765496380102
itore,M,0FSqcnod,2306.0,justhinkarpov,True,True,mate,36,38.0,D85,"Grünfeld Defense: Exchange Variation, Modern Exchange Variation",1765495992324
itore,M,2vZ83MlX,2290.0,Legend_Ramen,True,True,resign,16,5.0,D15,Slav Defense: Three Knights Variation,1765495862024
itore,M,2s5n7Q15,1919.0,CalisthenicsChesster,True,True,resign,20,14.0,A53,Old Indian Defense,1765491043821
itore,M,mwVbm3jv,1919.0,CalisthenicsChesster,False,True,resign,16,17.0,B01,Scandinavian Defense: Marshall Variation,1765490896186
itore,M,NyAzXBu3,1919.0,CalisthenicsChesster,True,True,resign,8,8.0,E73,King's Indian Defense: Averbakh Variation,1765490844445
itore,M,K0bTP0lg,1919.0,CalisthenicsChesster,False,True,resign,38,11.0,B13,Caro-Kann Defense: Panov Attack,1765490484144
itore,M,jhEBdC7M,2006.0,wic8085,True,True,mate,18,13.0,D35,"Queen's Gambit Declined: Exchange Variation, Positional Variation",1765440843185
itore,M,gDYkPuAF,2006.0,wic8085,False,True,resign,28,39.0,A46,Indian Defense: Wade-Tartakower Defense,1765440537679
itore,M,H6XQh8kR,1936.0,Chess_theory1234,True,True,resign,27,43.0,E12,"Queen's Indian Defense: Kasparov-Petrosian Variation, Marco Defense",1765440213112
itore,M,huzWOmmX,1936.0,Chess_theory1234,False,True,resign,21,18.0,B17,"Caro-Kann Defense: Karpov Variation, Smyslov Variation, Main Line",1765440012926
AGmedina,M,ExB50JfI,2686.0,nickVet,True,False,resign,32,70.0,C45,Scotch Game: Mieses Variation,1753911574511
AGmedina,M,7VhfeJ85,2371.0,chac_sparrow,True,True,resign,37,36.0,B22,"Sicilian Defense: Alapin Variation, Smith-Morra Declined",1741215569641
AGmedina,M,rD26JZ0J,2364.0,ArsMachine14,True,True,resign,76,28.0,B68,"Sicilian Defense: Richter-Rauzer Variation, Neo-Modern Variation",1730978945894
AGmedina,M,JPQRdJ6t,2416.0,akshay_mahfud,True,True,outoftime,32,19.0,B22,"Sicilian Defense: Alapin Variation, Smith-Morra Declined",1730978588227
AGmedina,M,enudB9Ys,2358.0,SunSay_HP,False,True,outoftime,32,15.0,A57,Benko Gambit Accepted: Modern Variation,1730978163222
AGmedina,M,q4178k9B,2318.0,SOI82,False,True,resign,52,29.0,B50,Sicilian Defense: Modern Variations,1730977519831
AGmedina,M,xQsUUKlh,2417.0,e4onlydude,False,True,resign,43,18.0,B16,Caro-Kann Defense: Bronstein-Larsen Variation,1729192434489
AGmedina,M,cTgGgwDK,2400.0,GaryBAr41,True,False,resign,24,51.0,C66,"Ruy Lopez: Berlin Defense, Closed Wolf Variation",1721243494214
AGmedina,M,YdrmqPPV,2279.0,SchroedingersQueen,False,False,timeout,25,27.0,B38,"Sicilian Defense: Accelerated Dragon, Maróczy Bind",1717768116407
AGmedina,M,jHylpvwn,2257.0,Espiro,True,True,resign,36,17.0,B31,"Sicilian Defense: Nyezhmetdinov-Rossolimo Attack, Fianchetto Variation",1717767870654
AGmedina,M,vssqyKK4,2476.0,Wednesday-Woe,True,False,timeout,24,41.0,B00,Pirc Defense,1717767612333
AGmedina,M,gALiZCv0,2522.0,Shinsei,False,True,resign,30,21.0,C02,"French Defense: Advance Variation, Wade Variation",1717758518893
AGmedina,M,4s6GW4pi,2468.0,justinzz,False,False,timeout,32,56.0,A01,Nimzo-Larsen Attack: Modern Variation,1714024776886
AGmedina,M,37vSb3rb,2397.0,Juggernaunt,False,True,outoftime,53,41.0,B48,"Sicilian Defense: Taimanov Variation, Bastrikov Variation, English Attack",1714024409074
AGmedina,M,jI2jcSxe,2403.0,Juggernaunt,True,True,resign,20,20.0,B53,Sicilian Defense: Chekhover Variation,1714024182709
AGmedina,M,y1VWPEtD,2364.0,Dolakitin,True,False,timeout,22,27.0,C77,"Ruy Lopez: Morphy Defense, Anderssen Variation",1713529169078
AGmedina,M,3ohrBQzM,2490.0,k808808,False,False,draw,37,42.0,A34,"English Opening: Symmetrical Variation, Rubinstein Variation",1713528890383
AGmedina,M,BGSIL8T7,2364.0,someonewhobeatsyou,False,False,outoftime,2,10.0,A40,Queen's Pawn Game,1713528683671
AGmedina,M,hyZQtDSA,2317.0,Beschuetzer,True,True,resign,28,12.0,B22,Sicilian Defense: Delayed Alapin Variation,1713528395499
AGmedina,M,mY09UvGB,2367.0,Molochnii_eg,False,False,timeout,54,44.0,A04,Zukertort Opening: Sicilian Invitation,1705823208699
NguyenDucHoa,M,NsI1VZX4,2384.0,Offtherecord,False,False,outoftime,54,39.0,A46,Indian Defense: Wade-Tartakower Defense,1754773009977
NguyenDucHoa,M,qpDh4OPH,2500.0,mikhailtal20100,True,False,resign,18,50.0,A07,King's Indian Attack,1754772900564
NguyenDucHoa,M,f2oQ5UrX,2641.0,NikolaGry,False,False,outoftime,38,30.0,A45,Trompowsky Attack,1754772532300
NguyenDucHoa,M,gJnGHwtt,2355.0,nemtsevguru,True,True,mate,34,41.0,A40,Queen's Pawn Game: Anglo-Slav Opening,1754772160310
NguyenDucHoa,M,Z85uYcFy,2644.0,NikolaGry,True,False,outoftime,63,77.0,D07,Queen's Gambit Declined: Chigorin Defense,1754771767291
NguyenDucHoa,M,D75U3xrc,2549.0,Yurovskykh_Oleksandr,False,True,resign,37,31.0,D00,Queen's Pawn Game: Accelerated London System,1754771409711
NguyenDucHoa,M,t3NrzuPp,2355.0,Dragon_Sword,True,True,resign,41,23.0,A59,Benko Gambit Accepted: Yugoslav,1754771112148
NguyenDucHoa,M,hS7svHkP,2380.0,Offtherecord,False,False,outoftime,55,41.0,D85,"Grünfeld Defense: Exchange Variation, Modern Exchange Variation",1754770805636
NguyenDucHoa,M,QF01Pool,2418.0,XilacOrigami,True,True,outoftime,54,27.0,D11,Slav Defense: Modern Line,1754770584224
NguyenDucHoa,M,HP4XhmlH,2453.0,banane_verte,True,True,mate,54,48.0,E05,"Catalan Opening: Open Defense, Classical Line",1754770195470
NguyenDucHoa,M,KgoMnqJu,2566.0,Fandorine_68,True,False,outoftime,46,24.0,D08,Queen's Gambit Declined: Albin Countergambit,1754769837707
NguyenDucHoa,M,UHNnbaMS,2439.0,Aleksandar-Topalov,False,True,resign,34,47.0,A01,Nimzo-Larsen Attack: English Variation,1754769553055
NguyenDucHoa,M,Hsvg3fee,2577.0,Sadullo_Azizov1,True,False,outoftime,71,39.0,B15,Caro-Kann Defense: Tartakower Variation,1754769133475
NguyenDucHoa,M,kpnVn58r,2525.0,crazyluzhinTh3,False,True,mate,43,22.0,B45,Sicilian Defense: Four Knights Variation,1754768821963
NguyenDucHoa,M,IchHc7PZ,2670.0,ikica77,False,True,outoftime,53,53.0,B30,Sicilian Defense: Portsmouth Gambit,1754768425143
NguyenDucHoa,M,AfCpiJiL,2741.0,chess-art-us,True,False,resign,45,40.0,B47,"Sicilian Defense: Taimanov Variation, Bastrikov Variation",1754768088358
NguyenDucHoa,M,cCPFrqyW,2668.0,Daskevich,False,True,resign,26,54.0,B40,Sicilian Defense: French Variation,1754767834566
NguyenDucHoa,M,22Rt2p35,2393.0,KerpetenAta33,True,True,resign,60,11.0,B32,Sicilian Defense: Kalashnikov Variation,1754767474817
NguyenDucHoa,M,Bwn7ctTt,2287.0,HaraldEtuna,True,True,outoftime,73,28.0,A80,Dutch Defense: Raphael Variation,1754767077978
NguyenDucHoa,M,iVpEHJBB,2322.0,Lily-lissana,False,True,resign,33,24.0,B47,"Sicilian Defense: Taimanov Variation, Bastrikov Variation",1754766747409
Souky71,M,fdRTJofh,1802.0,blauesmonster,True,False,draw,19,39.0,A29,"English Opening: King's English Variation, Four Knights Variation, Fianchetto Line, with Nb6",1765621355958
Souky71,M,bu8q41cs,1442.0,Anxcrit,False,False,draw,17,11.0,A15,English Opening: Anglo-Indian Defense,1765310939289
Souky71,M,09rwXi4A,2090.0,okolnost,False,False,resign,40,28.0,B90,"Sicilian Defense: Najdorf Variation, English Attack",1765227554381
Souky71,M,SPeHuPvF,2158.0,harisbaco,False,True,mate,55,14.0,E10,Indian Defense: Anti-Nimzo-Indian,1765208449460
Souky71,M,ZWlq7nTr,2158.0,harisbaco,True,False,outoftime,28,51.0,D20,"Queen's Gambit Accepted: Central Variation, McDonnell Defense, Somov Gambit",1765208082911
Souky71,M,YwIc8H3S,2158.0,harisbaco,False,False,mate,29,66.0,A40,Queen's Pawn Game,1765207785374
Souky71,M,CnBlGOV0,2102.0,harisbaco,False,True,mate,45,29.0,D20,Queen's Gambit Accepted: Saduleto Variation,1764791627742
Souky71,M,K4AxJ1c8,2102.0,harisbaco,True,True,resign,13,22.0,B22,Sicilian Defense: Delayed Alapin Variation,1764791566240
Souky71,M,HYDmlpty,2102.0,harisbaco,False,False,outoftime,36,47.0,E69,"King's Indian Defense: Fianchetto Variation, Classical Main Line",1764791201678
Souky71,M,v98xiiL5,2102.0,harisbaco,True,True,resign,40,44.0,A07,King's Indian Attack,1764790742415
Souky71,M,xtAb7wN9,2144.0,DomiNov7,False,False,resign,36,35.0,B51,Sicilian Defense: Moscow Variation,1764695068987
Souky71,M,qPGy68qY,2144.0,DomiNov7,True,False,draw,46,43.0,D31,Queen's Gambit Declined: Janowski Variation,1764694090208
Souky71,M,bKsm4zco,1802.0,blauesmonster,False,True,mate,37,36.0,B45,Sicilian Defense: Taimanov Variation,1764410144923
Souky71,M,aa0kLIYh,2096.0,harisbaco,False,True,mate,67,29.0,E15,"Queen's Indian Defense: Fianchetto Variation, Sämisch Variation",1764274181661
Souky71,M,WCz9W1d1,2096.0,harisbaco,True,False,draw,45,26.0,D02,Queen's Pawn Game: Zukertort Variation,1764273814534
Souky71,M,W7ZxaR5c,2096.0,harisbaco,False,True,resign,34,9.0,E15,"Queen's Indian Defense: Fianchetto Variation, Rubinstein Variation",1764273476853
Souky71,M,QnhZlSZ8,2143.0,Karl_2006,False,True,resign,36,29.0,D78,"Neo-Grünfeld Defense: Classical Variation, Original Defense",1764179804756
Souky71,M,Am1yyRAh,1802.0,blauesmonster,False,False,draw,27,18.0,B92,"Sicilian Defense: Najdorf Variation, Opocensky Variation",1763489972842
Souky71,M,kv7EE9n5,2108.0,harisbaco,True,True,mate,36,38.0,D43,Semi-Slav Defense,1763063671314
Souky71,M,sMIUFBOK,2108.0,harisbaco,False,False,draw,31,72.0,D79,Neo-Grünfeld Defense: Ultra-Delayed Exchange Variation,1763063271851
kpio91,M,ETSYJv41,2695.0,Saparmyrat,True,False,resign,28,79.0,C30,King's Gambit Declined: Queen's Knight Defense,1740866239253
kpio91,M,uUYvphMJ,2683.0,WhiteRabbit00735,False,True,resign,35,27.0,B06,Modern Defense,1740866090507
kpio91,M,iGVb5eF2,2550.0,pasteta,False,False,outoftime,71,64.0,B06,Modern Defense: Two Knights Variation,1740865824232
kpio91,M,jVLVwCtn,2653.0,Chessisnotfair,True,True,outoftime,46,65.0,B00,Pirc Defense,1740865624540
kpio91,M,OGYGCLs0,2558.0,pasteta,False,True,resign,49,18.0,B27,"Pterodactyl Defense: Sicilian, Pteranodon",1740865357091
kpio91,M,M8HCxOzN,2549.0,gmjosecubas,True,True,resign,52,36.0,A80,Dutch Defense,1740864982461
kpio91,M,mLNQc4bL,2822.0,iamstraw,False,True,mate,65,14.0,C01,French Defense: Exchange Variation,1740864597632
kpio91,M,YQLkJDpA,2876.0,FaustiOro,True,False,outoftime,72,32.0,A48,"Queen's Pawn Game: Torre Attack, Grünfeld Variation, Main Line",1740864191393
kpio91,M,NnsXNKCj,2612.0,Erebuni91,True,False,draw,38,29.0,A45,"Trompowsky Attack: Classical Defense, Big Center Variation",1740864003719
kpio91,M,xoy66TTP,2823.0,KontraJaKO,False,False,resign,56,61.0,C16,"French Defense: Winawer Variation, Advance Variation",1740863730337
kpio91,M,pPHXv1Br,2451.0,DG_001,True,True,mate,49,24.0,A45,Trompowsky Attack,1740863558252
kpio91,M,OLTa0kU7,2437.0,manitodeplomo,False,True,resign,35,42.0,A41,Robatsch Defense,1740863405142
kpio91,M,LbsbeaY7,2740.0,rasulovvugar,False,True,resign,42,57.0,A00,Van't Kruijs Opening,1740863136942
kpio91,M,2TBpUiDL,2612.0,SamTakoj,True,True,resign,16,15.0,D30,Queen's Gambit Declined,1740863021093
kpio91,M,xSMoosox,2530.0,Joker123chemp,False,True,resign,39,23.0,C03,French Defense: Tarrasch Variation,1740862673553
kpio91,M,IQK0aAiY,2657.0,Paparama,True,False,resign,37,64.0,C41,Philidor Defense: Lion Variation,1740862309415
kpio91,M,KaFG6zn3,2612.0,bolus2,False,False,resign,22,39.0,B94,Sicilian Defense: Najdorf Variation,1740862108903
kpio91,M,r7QMS2ek,2548.0,JacksterThePro,False,True,outoftime,53,45.0,B52,"Sicilian Defense: Moscow Variation, Sokolsky Variation",1740861732580
kpio91,M,dx6H2mLG,2481.0,Tunartank,True,True,resign,53,26.0,A45,"Trompowsky Attack: Classical Defense, Big Center Variation",1740861518936
kpio91,M,4M4tENjQ,2508.0,NocteSidus,True,True,mate,76,35.0,A45,Trompowsky Attack: Poisoned Pawn Variation,1740861313823
Patagonico2020,M,g49mgMYj,2187.0,chess3mmq1614,False,False,resign,47,66.0,A53,Old Indian Defense,1761353775917
Patagonico2020,M,ZPcjz0z6,2096.0,Elgranate1243,True,False,timeout,26,161.0,B10,"Caro-Kann Defense: Accelerated Panov Attack, Modern Variation",1753749480766
Patagonico2020,M,t4juSOyx,2327.0,ChessTreasureMap,False,False,timeout,49,38.0,B23,Sicilian Defense: Closed,1752686471949
Patagonico2020,M,dylES3RO,1704.0,MarGabo44,False,True,mate,51,33.0,B40,"Sicilian Defense: Delayed Alapin Variation, with e6",1751506658841
Patagonico2020,M,H14y9uZh,2305.0,ArmandoZanella16,True,False,outoftime,37,95.0,C43,Petrov's Defense: Modern Attack,1751506137136
Patagonico2020,M,M4oQnkVE,1880.0,Pachvar1,True,True,outoftime,58,25.0,C55,Italian Game: Two Knights Defense,1751505602458
Patagonico2020,M,20QDw0sA,1748.0,Belisario53,False,True,outoftime,29,63.0,B40,Sicilian Defense: Kveinis Variation,1751505244300
Patagonico2020,M,igyzZfon,2116.0,ibrahimadly,True,False,outoftime,64,59.0,B32,Sicilian Defense: Open,1751504730057
Patagonico2020,M,ODDIT4xu,2242.0,QuarantaeneSchlumpf,False,False,outoftime,74,47.0,C00,French Defense: Steiner Variation,1751132130170
Patagonico2020,M,YXt4EpkX,2176.0,analtoli,True,False,timeout,30,52.0,B14,"Caro-Kann Defense: Panov Attack, Fianchetto Defense, Fianchetto Gambit",1751131809463
Patagonico2020,M,HjciEYdD,2296.0,AlexanderKhalifman00,False,False,outoftime,46,35.0,B21,"Sicilian Defense: Smith-Morra Gambit Declined, Center Formation",1751131377865
Patagonico2020,M,Crkgy28t,2305.0,Zharkimbekov_1983,True,False,resign,22,79.0,B40,Sicilian Defense: Smith-Morra Gambit Deferred,1751131202887
Patagonico2020,M,fTrOcaLQ,1918.0,alemancio,False,True,outoftime,46,47.0,B21,"Sicilian Defense: Smith-Morra Gambit Declined, Push Variation",1749518707813
Patagonico2020,M,AlDyLId6,1953.0,villafox,True,True,mate,34,56.0,C02,"French Defense: Advance Variation, Ruisdonk Gambit",1749518318822
Patagonico2020,M,gpC0D25d,2087.0,JulioBueno2030,False,False,outoftime,55,29.0,A16,English Opening: Anglo-Grünfeld Defense,1749517915609
Patagonico2020,M,D2YFXTqG,2184.0,Daniela0212,True,True,resign,11,19.0,C44,"Scotch Game: Scotch Gambit, London Defense",1749517831262
Patagonico2020,M,z4yFDZaw,2417.0,user_silva2002,True,False,resign,53,50.0,B01,Scandinavian Defense: Mieses-Kotroc Variation,1749517557701
Patagonico2020,M,WLACXepJ,2166.0,Balooybagheera,False,True,resign,27,18.0,B40,Sicilian Defense: Kveinis Variation,1749517323354
Patagonico2020,M,crhu0aRv,2183.0,Daniela0212,False,False,resign,23,45.0,B40,Sicilian Defense: French Variation,1749517189860
Patagonico2020,M,7IIajYMj,1974.0,saimonzz1975,True,True,mate,83,34.0,C44,"Scotch Game: Scotch Gambit, London Defense",1749516751940
danshev16,M,u43mcwBa,2299.0,Logmann72,False,True,outoftime,63,59.0,B12,Caro-Kann Defense,1740866171093
danshev16,M,8TOFGbYg,2456.0,Blackmin96,True,True,resign,32,23.0,A00,Mieses Opening,1740865999345
danshev16,M,dftV7jCm,2444.0,xovan,False,True,mate,52,40.0,A40,Queen's Pawn Game,1740865624541
danshev16,M,bmx52nYv,2497.0,NocteSidus,True,False,outoftime,45,50.0,A00,Mieses Opening,1740865384065
danshev16,M,b2NMqJ4Z,2797.0,RebeccaHarris,True,False,draw,20,58.0,A00,Mieses Opening,1740865301130
danshev16,M,R6HPbJfk,2287.0,DEadpoOlShIkAmarU,False,True,resign,65,39.0,B12,Caro-Kann Defense,1740864926530
danshev16,M,wIvORA1E,2551.0,sergeikim2003,True,False,mate,62,47.0,A00,Mieses Opening,1740864545841
danshev16,M,f2nw0cfH,2396.0,SadigMammadovv_2003,False,True,resign,27,17.0,A40,Queen's Pawn Game: Anglo-Slav Opening,1740864371818
danshev16,M,1VhYwWV1,2282.0,tunacem,True,False,resign,36,45.0,A00,Mieses Opening,1740864097757
danshev16,M,fJwsBXN4,2210.0,HaraldEtuna,False,True,resign,40,37.0,B12,Caro-Kann Defense,1740863757224
danshev16,M,MlEoF1eN,2612.0,phoneman145,True,False,draw,63,18.0,A00,Mieses Opening,1740863434037
danshev16,M,1GzHSH8z,2209.0,HaraldEtuna,False,True,resign,32,40.0,B12,Caro-Kann Defense,1740863211471
danshev16,M,GXt9540v,2545.0,pasino,False,False,outoftime,52,61.0,A40,Queen's Pawn Game: Anglo-Slav Opening,1740862992138
danshev16,M,IoiI02sr,2567.0,Oleg_Papayan,True,False,outoftime,43,34.0,A00,Mieses Opening,1740862729508
danshev16,M,SYUeivLi,2769.0,suddenly_sad,False,False,outoftime,55,55.0,B12,Caro-Kann Defense,1740862513993
danshev16,M,mD9PpWQn,2551.0,sergeikim2003,True,False,outoftime,32,62.0,A00,Mieses Opening,1740862253406
danshev16,M,i9ZSDpN1,2371.0,Klimenko_Sergey_IM,False,False,outoftime,35,40.0,B12,Caro-Kann Defense,1740862017374
danshev16,M,ikPIafBi,2199.0,Wizzy-D,True,True,resign,42,32.0,A00,Mieses Opening,1740861841163
danshev16,M,YholirTj,2563.0,maciek_92,False,True,resign,22,43.0,A11,English Opening: Caro-Kann Defensive System,1740861732580
danshev16,M,5W51sxqS,2578.0,maciejos95,True,False,resign,41,47.0,A00,Mieses Opening,1740861490007
Lukianoo,M,yCMQQCN8,2929.0,ilqar_7474,False,False,resign,54,37.0,B19,"Caro-Kann Defense: Classical Variation, Lobron System",1756023579331
Lukianoo,M,JizNuCaI,2805.0,gmmoranda,False,True,resign,40,34.0,B10,Caro-Kann Defense: Endgame Offer,1756020892975
Lukianoo,M,ZfqX4iEY,2782.0,MOTAR0,True,True,resign,42,8.0,B01,Scandinavian Defense: Main Line,1754223189240
Lukianoo,M,IPVodADc,2787.0,MOTAR0,False,True,resign,94,11.0,A45,Trompowsky Attack,1754222804124
Lukianoo,M,UdwExpC6,2792.0,MOTAR0,True,True,resign,23,11.0,B12,"Caro-Kann Defense: Advance Variation, Tal Variation",1754222612829
Lukianoo,M,7fbJaIiy,2785.0,MOTAR0,False,False,resign,27,30.0,A45,"Trompowsky Attack: Classical Defense, Big Center Variation",1754222314010
Lukianoo,M,zvUiWlBh,2783.0,K-Georgiev,True,True,mate,34,18.0,C02,"French Defense: Advance Variation, Wade Variation",1753211675935
Lukianoo,M,Gaw8U67B,2729.0,Midnight_Chess,True,True,resign,17,18.0,B40,"Sicilian Defense: Delayed Alapin Variation, with e6",1753211565386
Lukianoo,M,HkvdjVjk,2725.0,Sobino106,False,True,resign,43,7.0,B12,"Caro-Kann Defense: Advance Variation, Tal Variation",1753197643955
Lukianoo,M,4Zewn2v6,2998.0,doughnut42,True,False,resign,33,66.0,C45,Scotch Game: Schmidt Variation,1752781640816
Lukianoo,M,lU2WFowe,2995.0,doughnut42,False,False,resign,46,20.0,B10,Caro-Kann Defense,1752781349191
Lukianoo,M,tIkhv4Fo,2756.0,tjychess,True,False,outoftime,57,39.0,C45,Scotch Game: Schmidt Variation,1752567838802
Lukianoo,M,PpGvg7Uc,2755.0,tjychess,False,False,draw,49,19.0,E26,Nimzo-Indian Defense: Sämisch Variation,1752567527581
Lukianoo,M,ZmU6Hg6g,2760.0,tjychess,True,True,resign,24,7.0,C45,Scotch Game: Schmidt Variation,1752567327479
Lukianoo,M,Zog8v1lw,2752.0,tjychess,False,False,resign,22,44.0,E26,Nimzo-Indian Defense: Sämisch Variation,1752567184065
Lukianoo,M,OKs44o39,2853.0,cutemouse83,True,False,resign,36,23.0,B30,Sicilian Defense: Nyezhmetdinov-Rossolimo Attack,1752348020447
Lukianoo,M,BgDfBUgm,2859.0,cutemouse83,False,True,outoftime,74,29.0,A13,English Opening: Romanishin Gambit,1752347640455
Lukianoo,M,cKWXBBVs,2694.0,filolog,True,True,resign,47,23.0,C45,Scotch Game: Potter Variation,1752089262103
Lukianoo,M,woLCQVPx,2686.0,filolog,False,False,resign,27,57.0,B12,"Caro-Kann Defense: Advance Variation, Tal Variation",1752089044806
Lukianoo,M,KEIKCxhS,2801.0,chessplayer202024,True,False,outoftime,84,37.0,B00,Ware Defense,1751913126631
pepechess1,M,ykaWj3QG,1500.0,ColombianFighter,True,True,resign,47,19.0,D38,"Queen's Gambit Declined: Ragozin Defense, Alekhine Variation",1746405399381
pepechess1,M,fs0cqwRa,2406.0,R-o-j-i-t-o,False,True,resign,54,13.0,B30,Sicilian Defense: Old Sicilian,1746404749173
pepechess1,M,IUOI7KCD,2352.0,ado_1492,True,False,mate,44,91.0,A50,Queen's Indian Accelerated,1746403164772
pepechess1,M,t3HNVCM3,2248.0,Aleking03,False,False,resign,26,37.0,B33,Sicilian Defense: Lasker-Pelikan Variation,1746402435950
pepechess1,M,seNOgO3f,2388.0,JorgeTobar01,False,True,resign,39,16.0,A01,Nimzo-Larsen Attack: Classical Variation,1746401831591
pepechess1,M,GtXhmVfW,2314.0,mateohj2011,True,False,draw,64,23.0,E11,Bogo-Indian Defense: Grünfeld Variation,1746401182150
pepechess1,M,eIG7Ro60,2321.0,MeurtrierMurilloXV,False,False,mate,53,39.0,D78,"Neo-Grünfeld Defense: Classical Variation, Original Defense",1746400390954
pepechess1,M,2FaC8nRD,1530.0,lalalalalalallall,True,False,resign,35,49.0,E17,"Queen's Indian Defense: Classical Variation, Polugaevsky Gambit",1746399600462
pepechess1,M,pwvy85NU,1500.0,samantha78,False,True,outoftime,28,196.0,B30,Sicilian Defense: Old Sicilian,1704226288167
pepechess1,M,n2gdJNxa,2362.0,chessbymilan,True,False,resign,1,,B00,Nimzowitsch Defense,1689726912076
pepechess1,M,bgc5183L,2339.0,FutureClosed,False,False,resign,43,49.0,A46,Indian Defense: Knights Variation,1671077892552
pepechess1,M,sgLUWAq1,2412.0,draaake,True,True,resign,22,63.0,E20,Nimzo-Indian Defense: Kmoch Variation,1671077661633
pepechess1,M,Z2xphMOY,2412.0,lug-59,False,True,resign,53,44.0,B23,Sicilian Defense: Grand Prix Attack,1671077227339
pepechess1,M,guUz8n5i,2385.0,cookie_monster999,False,True,outoftime,34,16.0,B33,Sicilian Defense: Lasker-Pelikan Variation,1671076925011
pepechess1,M,wW0jSBZr,2393.0,pro100still,True,True,outoftime,64,54.0,D50,Queen's Gambit Declined: Modern Variation,1671076538320
pepechess1,M,hPKslj3d,2400.0,Elshad_64,False,True,resign,35,50.0,A00,Saragossa Opening,1671075324000
pepechess1,M,lNQZYxsd,2325.0,SupersonicMoves,True,True,resign,22,28.0,E25,"Nimzo-Indian Defense: Sämisch Variation, Keres Variation",1671075074151
pepechess1,M,Mk7GWlED,2418.0,emiliofelixramirez,False,True,outoftime,40,134.0,D04,Queen's Pawn Game: Colle System,1671074709130
pepechess1,M,3Yfmipim,2372.0,yusef-eed,True,True,resign,51,59.0,E85,"King's Indian Defense: Sämisch Variation, Orthodox Variation",1671069386177
pepechess1,M,1b0mfrFG,2452.0,DerKoppy,False,True,resign,46,53.0,B23,"Sicilian Defense: Closed, Traditional",1671069100097
Darwin_Laylo01,M,y2DIC8Ri,2531.0,Superpinoy999,False,False,draw,41,8.0,D02,Queen's Pawn Game: Symmetrical Variation,1763907014583
Darwin_Laylo01,M,NwB49ct2,2152.0,Sean_riv222,True,True,resign,59,32.0,D43,Semi-Slav Defense,1763906310927
Darwin_Laylo01,M,7zqPoRe3,2702.0,PierSeite,False,False,outoftime,46,57.0,B01,"Scandinavian Defense: Portuguese Gambit, Correspondence Refutation",1763905707753
Darwin_Laylo01,M,qqmk1f8F,2283.0,RimidalvSelaznog22,False,True,mate,30,16.0,A22,"English Opening: King's English Variation, Two Knights Variation",1763904932806
Darwin_Laylo01,M,jqSNGKV8,2568.0,idelaria,True,False,draw,39,7.0,D52,Queen's Gambit Declined,1763904116623
Darwin_Laylo01,M,8kKICIVp,2232.0,Mhon04,False,True,resign,38,14.0,B01,Scandinavian Defense: Modern Variation,1763903446883
Darwin_Laylo01,M,ZvMDnrUR,2170.0,Israel_Landicho,True,True,mate,37,41.0,A19,"English Opening: Anglo-Indian Defense, Flohr-Mikenas-Carls Variation, Nei Gambit",1763902803175
Darwin_Laylo01,M,888Bs0UD,2357.0,DiMiTRiusMAXimus_23,True,False,draw,31,27.0,A25,"English Opening: King's English Variation, Closed System",1762092890969
Darwin_Laylo01,M,rgmTWSHG,2266.0,baluga05081991,False,True,mate,70,28.0,D78,"Neo-Grünfeld Defense: Classical Variation, Original Defense",1762092146069
Darwin_Laylo01,M,TfoIGPkk,2279.0,Eric_Mordido,True,True,resign,28,24.0,A36,"English Opening: Symmetrical Variation, Botvinnik System",1762091399109
Darwin_Laylo01,M,AaFz1TQ4,2215.0,Iyakbata,False,True,resign,47,18.0,D15,Slav Defense: Chebanenko Variation,1762090711841
Darwin_Laylo01,M,QUWYlvWX,2182.0,AlfredAcalingIII,True,True,resign,37,14.0,D85,Grünfeld Defense: Exchange Variation,1762089997672
Darwin_Laylo01,M,TXyPqBLQ,2226.0,ricjimenez_50,True,False,resign,49,31.0,A40,English Defense,1762089254444
Darwin_Laylo01,M,5sLzNJ21,2166.0,BrenSasot,False,True,resign,45,19.0,A07,King's Indian Attack,1762088402679
Darwin_Laylo01,M,OH75OODs,2372.0,Eyrah_Ainah_Amir,True,True,resign,54,25.0,A11,English Opening: Caro-Kann Defensive System,1761487823943
Darwin_Laylo01,M,S2u2JlyS,2211.0,Genghis_Imperial,False,True,resign,49,28.0,B20,Sicilian Defense: Staunton-Cochrane Variation,1761487104797
Darwin_Laylo01,M,feMvdd4q,2181.0,Ronald49,True,True,resign,42,27.0,A10,English Opening: Anglo-Dutch Defense,1761486412617
Darwin_Laylo01,M,F65jdq9x,2054.0,joemarievilladelgado,False,False,outoftime,37,16.0,A01,Nimzo-Larsen Attack: Modern Variation,1761485689141
Darwin_Laylo01,M,mR9RDAni,2277.0,Banongsky,True,False,outoftime,25,30.0,A16,"English Opening: Anglo-Indian Defense, Queen's Knight Variation",1761484879966
Darwin_Laylo01,M,bIjZghnA,2241.0,BossFlower,False,True,resign,33,35.0,B15,Caro-Kann Defense: Gurgenidze Counterattack,1761484205379
athemm,M,kZvQcqlt,2279.0,Rouztaj,False,True,resign,36,38.0,B03,Alekhine Defense,1765470905176
athemm,M,T34wdKVl,1560.0,andru43,True,True,outoftime,18,9.0,C45,Scotch Game: Classical Variation,1762544088447
athemm,M,ye2r0KAJ,2133.0,Assassin_Killers,True,True,outoftime,49,26.0,A00,Hungarian Opening,1760993665533
athemm,M,rDsI1Smp,2356.0,bomba777,False,False,mate,39,46.0,B01,Scandinavian Defense,1760993403201
athemm,M,PCsmBpnS,2239.0,mimimishka2507,True,True,resign,36,32.0,A00,Hungarian Opening: Indian Defense,1760993174147
athemm,M,0toWgUSU,1900.0,SBastoun,False,True,resign,4,11.0,B06,Rat Defense: Accelerated Gurgenidze,1760993134629
athemm,M,UgNNfC0F,2187.0,Robo_jet,False,False,resign,26,70.0,B12,Caro-Kann Defense,1760992948212
athemm,M,0caJFzJX,2545.0,rojitto,True,False,resign,46,44.0,A00,Lasker Simul Special,1760992649693
athemm,M,wPWEqAEA,2161.0,Bisolvon960,False,False,resign,24,70.0,B10,Caro-Kann Defense,1760992462863
athemm,M,YmSuhEtx,2691.0,OhanyanEminChess,True,False,resign,49,32.0,D79,Neo-Grünfeld Defense: Ultra-Delayed Exchange Variation,1760992200827
athemm,M,0ccaf8FQ,2152.0,davidyongvianogoey,False,True,resign,25,16.0,B14,Caro-Kann Defense: Panov Attack,1760992085630
athemm,M,NLGLrQMx,2620.0,Tractor19702025,True,False,resign,43,30.0,A00,Hungarian Opening,1760991896666
athemm,M,MFieSI7l,2775.0,Parakon1,True,True,resign,39,54.0,A00,Hungarian Opening,1760991443819
athemm,M,4VKbYWjA,2436.0,Bang_broooy,False,True,resign,27,27.0,D10,Slav Defense,1760991147354
athemm,M,LP9oc0mJ,2684.0,innocentguy,True,False,resign,23,30.0,E67,"King's Indian Defense: Fianchetto Variation, Classical Fianchetto",1760991072487
athemm,M,u9pAypUF,2279.0,Mihchess22,False,False,resign,39,60.0,B13,"Caro-Kann Defense: Exchange Variation, Rubinstein Variation",1760990812272
athemm,M,mrB6AAQU,1549.0,M7ASS9,True,True,mate,21,30.0,A00,Hungarian Opening,1760990663331
athemm,M,J6RSRDsB,1777.0,IsaMohideen,False,True,mate,29,12.0,B10,Caro-Kann Defense: Two Knights Attack,1760990549926
athemm,M,pEiQKXoP,2284.0,AlixM,True,False,resign,25,40.0,A00,Hungarian Opening: Indian Defense,1760990401141
athemm,M,eHMholp6,2037.0,Mutlos,True,False,outoftime,0,,,,1759677300220
jeppehaldfalk,M,xxHsdmee,2499.0,Dubliverjochoppet,True,False,outoftime,25,51.0,A01,Nimzo-Larsen Attack: Classical Variation,1764333793922
jeppehaldfalk,M,SYgCKLwH,2506.0,Dubliverjochoppet,False,True,resign,26,22.0,E91,King's Indian Defense: Orthodox Variation,1764333255872
jeppehaldfalk,M,sHV8npCi,2501.0,Dubliverjochoppet,True,False,resign,51,38.0,D02,Queen's Pawn Game: London System,1764332538697
jeppehaldfalk,M,lRvFAAgv,2461.0,nemanja123456,False,False,resign,36,60.0,A72,Benoni Defense: Classical Variation,1762634765673
jeppehaldfalk,M,NX5ORBd3,2342.0,Nuh-uh,True,False,outoftime,69,29.0,A48,Torre Attack: Fianchetto Defense,1762634379131
jeppehaldfalk,M,ZDwmbAvJ,2593.0,IvanMarinkovic,False,False,outoftime,43,68.0,B29,"Sicilian Defense: Nimzowitsch Variation, Advance Variation",1762633990435
jeppehaldfalk,M,wE58rCpn,2252.0,KelsF99,True,True,resign,23,23.0,A05,King's Indian Attack,1762633767588
jeppehaldfalk,M,dcdsxCjg,2533.0,elchechereche,False,True,outoftime,56,45.0,B21,Sicilian Defense: Smith-Morra Gambit,1762633468249
jeppehaldfalk,M,gx7QpWzf,2749.0,Chewbacca18,True,False,mate,81,38.0,A04,Zukertort Opening: Kingside Fianchetto,1762633189448
jeppehaldfalk,M,PhdVvgq6,2299.0,Dreed1,False,True,outoftime,44,49.0,A42,Modern Defense: Kotov Variation,1762632811599
jeppehaldfalk,M,re7k1uKb,2524.0,Metallist2020,True,False,outoftime,48,50.0,A40,English Defense,1762632346952
jeppehaldfalk,M,v3NKAah0,2483.0,Hypermolnia,False,False,mate,46,52.0,B29,"Sicilian Defense: Nimzowitsch Variation, Exchange Variation",1762632002651
jeppehaldfalk,M,7SlipcIv,2329.0,LordNicola,True,True,mate,31,24.0,A46,Indian Defense: London System,1757885854440
jeppehaldfalk,M,naAzRbrJ,2509.0,Uhyret2009,False,True,mate,44,17.0,B00,Nimzowitsch Defense,1757447019914
jeppehaldfalk,M,fuADJkiI,2518.0,Uhyret2009,True,True,mate,45,39.0,C21,Danish Gambit Accepted,1757446743136
jeppehaldfalk,M,sBYG9OSR,2526.0,Uhyret2009,False,True,resign,19,40.0,A10,English Opening,1757446563391
jeppehaldfalk,M,nqDzLC2F,2520.0,Uhyret2009,True,False,resign,19,53.0,A80,Dutch Defense: Hopton Attack,1757446378812
jeppehaldfalk,M,FChV8ggZ,2529.0,Uhyret2009,False,True,resign,27,30.0,B00,Owen Defense,1757446140540
jeppehaldfalk,M,jDPe9xz6,2523.0,Uhyret2009,True,False,resign,53,34.0,B01,Scandinavian Defense: Richter Variation,1757445930411
jeppehaldfalk,M,Bzj6oezl,2533.0,Uhyret2009,False,True,mate,50,28.0,B00,"Nimzowitsch Defense: Kennedy Variation, Riemann Defense",1757445563154
d-pawn,M,Z9ijwY1I,2389.0,Leon_Blanco,False,True,resign,44,32.0,B27,Sicilian Defense: Hyperaccelerated Fianchetto,1765599963353
d-pawn,M,k0gB8BGp,2383.0,Leon_Blanco,True,False,resign,52,89.0,D00,Queen's Pawn Game: Accelerated London System,1765599593656
d-pawn,M,trwk8fDv,2388.0,Leon_Blanco,False,True,resign,38,42.0,B72,"Sicilian Defense: Dragon Variation, Classical Variation, Grigoriev Variation",1765599350332
d-pawn,M,JJQoOzYB,2374.0,Strauss5,True,False,outoftime,31,71.0,A31,"English Opening: Symmetrical Variation, Anti-Benoni Variation",1765583226801
d-pawn,M,cPftfSf2,2452.0,Retourdeflamme2700,False,False,resign,42,56.0,C56,"Italian Game: Scotch Gambit, Max Lange Attack",1765581837772
d-pawn,M,68WDGVMo,2345.0,Darhon2,True,True,outoftime,44,43.0,E46,Nimzo-Indian Defense: Reshevsky Variation,1765545891797
d-pawn,M,Zf8xM26I,2391.0,BestChessKids34,False,False,outoftime,70,39.0,A48,East Indian Defense,1765510865346
d-pawn,M,4n368In2,2396.0,BestChessKids34,True,True,resign,16,20.0,A20,"English Opening: King's English Variation, Nimzowitsch Variation",1765510734660
d-pawn,M,UgY9t74H,2426.0,iourique,True,True,resign,24,48.0,A05,Zukertort Opening: Nimzo-Larsen Variation,1765507648188
d-pawn,M,wiocdRQu,2404.0,rabmar,True,True,resign,40,43.0,B14,"Caro-Kann Defense: Panov Attack, Fianchetto Defense",1765507249745
d-pawn,M,nZNWcxJO,2310.0,armtwister,False,True,resign,35,16.0,A45,Indian Defense,1765506844140
d-pawn,M,F1WCnJ4j,2357.0,bourbaki1729,False,False,resign,27,48.0,A00,Saragossa Opening,1765506640346
d-pawn,M,o2Jsq4Oi,2440.0,MasterOffPuppets,False,False,resign,36,37.0,D31,Queen's Gambit Declined: Janowski Variation,1765506323370
d-pawn,M,TdLmFrVa,2317.0,teataco,False,False,resign,32,59.0,C50,Italian Game: Paris Defense,1765505730830
d-pawn,M,mqYTJRSM,2307.0,gaypeople,True,False,resign,71,33.0,D11,Slav Defense: Modern Line,1765451019164
d-pawn,M,ocHO3l1r,2423.0,GloryGuy,True,True,mate,21,30.0,A05,Zukertort Opening: Nimzo-Larsen Variation,1765333998797
d-pawn,M,g9YvvPXw,2388.0,bobbyfisher0212,False,False,outoftime,50,33.0,C45,Scotch Game: Horwitz Attack,1765295562505
d-pawn,M,8Ki3Odtj,2281.0,defendersnow,True,False,mate,80,38.0,B12,"Caro-Kann Defense: Advance Variation, Botvinnik-Carls Defense",1765194370332
d-pawn,M,2Lt8jkH0,2421.0,BloodShack1971,False,False,resign,60,51.0,E60,"King's Indian Defense: Normal Variation, King's Knight Variation",1765181036905
d-pawn,M,XQLgI1Ep,2481.0,forkthegovernment,True,True,resign,25,42.0,E76,King's Indian Defense: Four Pawns Attack,1765057950440
theKittycat,M,DorUrZMv,2000.0,LeelaKnightOdds,False,False,resign,56,38.0,,,1735154733155
theKittycat,M,yj6PSihA,2000.0,LeelaKnightOdds,False,False,resign,27,68.0,,,1734881052024
theKittycat,M,1xKm7Vde,2000.0,LeelaKnightOdds,False,False,mate,65,36.0,,,1734880541198
theKittycat,M,wYCeIVj0,2000.0,LeelaKnightOdds,False,False,resign,46,34.0,,,1734880060595
theKittycat,M,RyrUqRXk,2000.0,LeelaKnightOdds,False,False,resign,115,21.0,,,1734117182723
theKittycat,M,CT8vvwLt,2000.0,LeelaKnightOdds,False,False,resign,47,53.0,,,1734116653315
theKittycat,M,75gGS6lz,2000.0,LeelaKnightOdds,False,False,outoftime,37,138.0,,,1734116151465
theKittycat,M,LSsy41lB,2000.0,LeelaKnightOdds,False,False,outoftime,31,31.0,,,1734115693688
theKittycat,M,FV8UKm7E,2000.0,LeelaKnightOdds,False,False,resign,36,50.0,,,1734110846663
theKittycat,M,hkT8ntPf,2000.0,LeelaKnightOdds,False,False,resign,18,84.0,,,1734109716972
theKittycat,M,C50AepRw,2251.0,Laprovitolla,False,True,outoftime,54,42.0,B06,Modern Defense: Two Knights Variation,1708376265589
theKittycat,M,qfxl0fvt,2285.0,YSA_kbpl,False,True,resign,47,22.0,B09,"Pirc Defense: Austrian Attack, Weiss Variation",1708375816947
theKittycat,M,ZyYmfNLr,2253.0,HaraldEtuna,True,True,resign,46,16.0,A01,Nimzo-Larsen Attack: Modern Variation,1708375288998
theKittycat,M,Vz1moQ5I,2419.0,chatlranga,False,True,resign,44,22.0,B06,Modern Defense: Two Knights Variation,1708375105109
theKittycat,M,75LUdy04,2349.0,cthulhuuu,True,True,resign,67,19.0,A05,Zukertort Opening: Double Fianchetto Attack,1708374455191
theKittycat,M,IXrhXaqz,2526.0,Bonchbrybonch_13,False,True,mate,52,37.0,A26,"English Opening: King's English Variation, Closed System, Full Symmetry",1708374018874
theKittycat,M,461TyxvS,2194.0,AshotMkrtumyan2020,True,False,resign,23,69.0,A01,Nimzo-Larsen Attack,1708373373179
theKittycat,M,f7SekWPm,2567.0,GoFar,False,True,resign,21,25.0,A04,Zukertort Opening: Kingside Fianchetto,1708373160261
theKittycat,M,7wYHMpTl,2237.0,HaraldEtuna,True,True,resign,48,16.0,A01,Nimzo-Larsen Attack: Modern Variation,1708372619219
theKittycat,M,wKfN1IX7,2308.0,cesart22,False,False,outoftime,53,44.0,A41,Queen's Pawn Game,1708372274982
Roman2001,M,gAH6jtag,2301.0,Green-Locomotor,False,False,resign,25,32.0,C50,Italian Game: Giuoco Piano,1764164062762
Roman2001,M,bVBC3d0q,2254.0,pimig,False,False,resign,43,41.0,D24,Queen's Gambit Accepted: Showalter Variation,1764093985710
Roman2001,M,mJdXiwdA,2285.0,RicoMascarinas,False,False,resign,50,45.0,C00,French Defense: Two Knights Variation,1763279240139
Roman2001,M,aUzv92J4,2201.0,Salentino88,False,False,outoftime,38,21.0,E62,"King's Indian Defense: Fianchetto Variation, Simagin Variation",1762696534588
Roman2001,M,NS2E6JFY,2222.0,Noricer,False,True,resign,23,8.0,D26,"Queen's Gambit Accepted: Classical Defense, Steinitz Variation, Development Variation",1762696122919
Roman2001,M,CHWXTmKO,2216.0,Valery_Nad,True,True,resign,40,20.0,B52,"Sicilian Defense: Moscow Variation, Main Line",1762695568177
Roman2001,M,V23hHHWC,2311.0,MKarlsen,False,False,resign,18,56.0,B42,"Sicilian Defense: Kan Variation, Swiss Cheese Variation",1762366699755
Roman2001,M,LaSacWzr,2304.0,MKarlsen,True,False,resign,40,36.0,B10,"Caro-Kann Defense: Accelerated Panov Attack, Modern Variation",1762365964168
Roman2001,M,E12JAsMd,2419.0,MaksimPanov,False,False,resign,33,33.0,C50,Italian Game: Paris Defense,1762365622325
Roman2001,M,rWhvUHHQ,2161.0,Can_Polat2014,True,False,resign,30,45.0,C47,Four Knights Game,1761154634018
Roman2001,M,W4nTlOib,2201.0,sunnychess99,True,True,resign,18,9.0,E06,Catalan Opening: Closed,1760951743428
Roman2001,M,FUj3Q5j5,2313.0,Commissaire,False,False,resign,45,42.0,A22,"English Opening: King's English Variation, Two Knights Variation, Smyslov System",1760549850695
Roman2001,M,fsa8SF3X,2266.0,DjalalianNelli,True,False,resign,49,39.0,C01,French Defense: Exchange Variation,1760549279794
Roman2001,M,h9Edqkbw,2329.0,Chess_Gambit_is_fun,False,True,outoftime,37,33.0,D00,Blackmar-Diemer Gambit Accepted: Teichmann Defense,1760548436376
Roman2001,M,dF8KhpXB,2256.0,BumBumBrumBrum,True,True,outoftime,27,36.0,B06,Modern Defense,1759945571538
Roman2001,M,QE2HG9DD,2291.0,Konrad33,False,False,resign,38,42.0,B23,Sicilian Defense: Closed,1759944868794
Roman2001,M,n5DZmWFA,2428.0,GioGogola,True,True,resign,18,26.0,A45,Indian Defense,1759653806858
Roman2001,M,IPFzRejk,2367.0,Exito76,False,True,resign,32,18.0,B07,Pirc Defense,1759653108148
Roman2001,M,WHNfdHHC,2401.0,GrandTichuu,True,True,resign,54,27.0,D35,"Queen's Gambit Declined: Exchange Variation, Positional Variation",1759418770712
Roman2001,M,d3OCnL3y,2270.0,Weak_Player_GM,False,False,outoftime,50,28.0,D26,Queen's Gambit Accepted: Classical Defense,1759235670569
MrSuccess,M,u5pY6mr3,1695.0,CredibleBear,False,True,resign,19,18.0,C42,Petrov's Defense: Nimzowitsch Attack,1765026999059
MrSuccess,M,P5OBiiFc,1696.0,CredibleBear,True,True,resign,32,62.0,B21,"Sicilian Defense: Smith-Morra Gambit Accepted, Danish Variation",1765026788249
MrSuccess,M,3DKzEx5v,1696.0,CredibleBear,False,True,resign,18,26.0,C22,Center Game: Berger Variation,1765026657349
MrSuccess,M,fZmkBAFg,2393.0,koadik,True,True,resign,14,7.0,B27,Sicilian Defense: Hyperaccelerated Fianchetto,1764925563877
MrSuccess,M,QkQP5eTE,2572.0,siete7729,True,False,draw,37,7.0,C22,Center Game: Berger Variation,1764925112146
MrSuccess,M,B2QWAoFV,2424.0,Nugragy,True,False,resign,32,44.0,B40,Sicilian Defense: Smith-Morra Gambit Deferred,1764748489523
MrSuccess,M,oAsOVPvX,2427.0,reimaginado,False,False,resign,19,36.0,D92,"Grünfeld Defense: Three Knights Variation, Hungarian Attack",1764748161375
MrSuccess,M,xceDIipF,2488.0,yesyeshikaro,True,False,resign,25,59.0,B06,Modern Defense: Norwegian Defense,1764747819256
MrSuccess,M,AOQFlZIs,2464.0,ScoobyNoob,True,True,outoftime,26,16.0,B48,"Sicilian Defense: Taimanov Variation, Bastrikov Variation, English Attack",1764747347689
MrSuccess,M,vhf16YSo,2493.0,LineOfFire6,False,False,resign,13,42.0,C47,Four Knights Game: Gunsberg Variation,1764747071237
MrSuccess,M,47TI26sr,2448.0,iyadao,False,True,mate,23,22.0,C42,Petrov's Defense: Nimzowitsch Attack,1764746654957
MrSuccess,M,SRZAkC6H,2511.0,Kopengagen2016,True,True,mate,41,46.0,B01,Scandinavian Defense: Modern Variation,1763098496417
MrSuccess,M,p4NRWlLN,2382.0,Plejku,True,True,resign,32,13.0,C42,Petrov's Defense: Nimzowitsch Attack,1763097986015
MrSuccess,M,jRQPtF4R,2512.0,Kopengagen2016,False,True,resign,45,15.0,A46,Indian Defense: Knights Variation,1763097357789
MrSuccess,M,BOJFPGAO,2446.0,european19,True,False,outoftime,57,37.0,B35,"Sicilian Defense: Accelerated Dragon, Modern Bc4 Variation",1763096138208
MrSuccess,M,7h1OgptR,2659.0,Fairacle,False,True,resign,31,32.0,A05,Zukertort Opening: Quiet System,1763095878620
MrSuccess,M,dhbOkroS,2433.0,Neefty,True,True,resign,31,49.0,B32,Sicilian Defense: Kalashnikov Variation,1763095619416
MrSuccess,M,BghJ3RoJ,2593.0,Berserkaren,True,True,resign,21,16.0,B27,Sicilian Defense: Hyperaccelerated Fianchetto,1763095484820
MrSuccess,M,n50G8RKj,2613.0,Norbertt_9,False,False,resign,23,44.0,B94,Sicilian Defense: Najdorf Variation,1760214486849
MrSuccess,M,n28kAe3l,2515.0,gedchess,True,True,resign,11,28.0,C51,Italian Game: Evans Gambit Declined,1760214204902
chessbrahs,M,Kyd5tk0e,2770.0,rasulovvugar,False,False,resign,24,95.0,C41,Philidor Defense: Lion Variation,1754776591607
chessbrahs,M,VnJ0iejY,2743.0,chess-art-us,True,True,resign,53,23.0,B03,"Alekhine Defense: Exchange Variation, Voronezh Variation",1754776418417
chessbrahs,M,WNCFlQ9p,2822.0,Amin_____tb,False,False,resign,28,34.0,A25,"English Opening: King's English Variation, Reversed Closed Sicilian",1754776311079
chessbrahs,M,W17YJmWc,2426.0,wannabe2700,True,False,resign,27,94.0,B02,Alekhine Defense: Mokele Mbembe,1754776191276
chessbrahs,M,eFHcaXiG,2812.0,junglebook1,False,False,resign,34,30.0,A04,Zukertort Opening: Pirc Invitation,1754776011903
chessbrahs,M,nQtmE5js,2585.0,xasid,False,False,resign,35,38.0,A45,Indian Defense,1754775865232
chessbrahs,M,D5AKFDSW,2836.0,RebeccaHarris,True,False,resign,54,37.0,A49,Indian Defense: Przepiorka Variation,1754775730937
chessbrahs,M,gcU0Yu4S,2646.0,evilhamburger,False,False,mate,66,37.0,B40,"Sicilian Defense: Delayed Alapin Variation, with e6",1754775503614
chessbrahs,M,pyHsbE3W,2560.0,stomatolog13,False,True,outoftime,58,18.0,B22,"Sicilian Defense: Alapin Variation, Smith-Morra Declined",1754775322142
chessbrahs,M,331JXx7C,2801.0,Shant7777777,True,False,outoftime,77,11.0,B06,"Modern Defense: Norwegian Defense, Norwegian Gambit",1754775132535
chessbrahs,M,b6lpSePJ,2765.0,rasulovvugar,False,False,draw,49,23.0,B40,Sicilian Defense: French Variation,1754774893203
chessbrahs,M,QpYxHxAc,2594.0,Tunartank,False,True,outoftime,81,39.0,A05,King's Indian Attack: Wahls Defense,1754774688010
chessbrahs,M,MdJRk0OP,2603.0,SemenPuzyrevsky,True,True,mate,19,6.0,C77,"Ruy Lopez: Morphy Defense, Anderssen Variation",1754774603346
chessbrahs,M,UBAgULNJ,2564.0,stomatolog13,True,True,outoftime,73,27.0,C13,"French Defense: Classical Variation, Tartakower Variation",1754774301340
chessbrahs,M,nkXf5dLP,2817.0,Shant7777777,False,False,outoftime,59,31.0,A48,Queen's Pawn Game: Barry Attack,1754774109237
chessbrahs,M,Pm4x7Fzr,2598.0,Gabrielian,True,True,resign,34,20.0,A56,"Grünfeld Defense: Three Knights Variation, Burille Variation, Reversed Tarrasch",1754773997473
chessbrahs,M,g5LnFfKq,2753.0,BlunderPandaZz,True,False,draw,63,23.0,B08,"Pirc Defense: Classical Variation, Schlechter Variation",1754773790866
chessbrahs,M,wMd5Jqza,2792.0,junglebook1,False,False,resign,21,31.0,D85,"Grünfeld Defense: Exchange Variation, Modern Exchange Variation, Kramnik's Line",1754773691735
chessbrahs,M,rik4Kd60,2612.0,SemenPuzyrevsky,False,True,resign,37,34.0,B00,Pirc Defense,1754773573579
chessbrahs,M,T4OhpbMT,2928.0,may6enexttime,True,False,resign,28,44.0,B90,"Sicilian Defense: Najdorf Variation, English Attack",1754773459911
Ermito,M,yBlbtvRK,2257.0,ThanatosByNight,False,True,resign,49,47.0,C17,"French Defense: Winawer Variation, Bogoljubow Variation",1762729312644
Ermito,M,MblqzsbC,2257.0,ThanatosByNight,False,True,outoftime,28,17.0,C17,"French Defense: Winawer Variation, Bogoljubow Variation",1762728250611
Ermito,M,LIwo1KGT,2257.0,ThanatosByNight,False,False,resign,35,37.0,C17,"French Defense: Winawer Variation, Bogoljubow Variation",1762727249377
Ermito,M,RKQMzyZQ,2257.0,ThanatosByNight,False,False,draw,31,25.0,C17,"French Defense: Winawer Variation, Bogoljubow Variation",1762726197313
Ermito,M,e3hIz41F,,,False,True,mate,59,,,,1757920576454
Ermito,M,rVD7GS70,1253.0,painting100,False,True,resign,36,15.0,B57,"Sicilian Defense: Classical Variation, Anti-Sozin Variation",1745533445315
Ermito,M,pHtOZTtS,1253.0,painting100,True,True,mate,34,32.0,B62,Sicilian Defense: Richter-Rauzer Variation,1744230241752
Ermito,M,hiw338qq,1253.0,painting100,True,True,outoftime,24,15.0,B67,"Sicilian Defense: Richter-Rauzer Variation, Neo-Modern Variation",1744229195014
Ermito,M,B77OzAmh,1253.0,painting100,True,True,resign,63,22.0,B89,Sicilian Defense: Velimirovic Attack,1744227916633
Ermito,M,OE9ZsGOX,1253.0,painting100,True,True,resign,30,20.0,B56,Sicilian Defense: Classical Variation,1744226772071
Ermito,M,FiBwfang,1253.0,painting100,True,True,resign,30,9.0,B69,"Sicilian Defense: Richter-Rauzer Variation, Neo-Modern Variation, Nyezhmetdinov Attack",1744226062470
Ermito,M,FAlXOKrZ,1500.0,painting100,False,True,resign,26,7.0,C64,Ruy Lopez: Classical Variation,1743624511345
Ermito,M,GgmV2fG5,1500.0,painting100,True,True,outoftime,60,20.0,C56,"Italian Game: Scotch Gambit, Max Lange Attack",1743623682576
Ermito,M,F1LEiAUO,1500.0,painting100,False,True,outoftime,59,11.0,B32,Sicilian Defense: Kalashnikov Variation,1743622912901
Ermito,M,B0ltyBqC,1500.0,painting100,True,True,resign,35,15.0,A13,"English Opening: Agincourt Defense, Catalan Defense Accepted",1743622264159
Ermito,M,pAzIearT,1500.0,painting100,False,False,resign,39,94.0,B48,"Sicilian Defense: Taimanov Variation, Bastrikov Variation, English Attack",1743621529525
Ermito,M,ZoNXrNdF,2212.0,gerard2009,True,False,draw,9,6.0,B40,Sicilian Defense: French Variation,1743621334370
Ermito,M,PnjmzbM1,1154.0,ReNeIbArRA,False,True,mate,18,112.0,,,1735609884124
Ermito,M,WUjpvSuq,,,True,False,draw,50,,,,1734038375052
Ermito,M,I3cJtCZW,,,True,False,outoftime,44,,,,1734037710862
Kacparov,M,UsJEEnhQ,2784.0,wonderland305,True,True,outoftime,80,27.0,A33,"English Opening: Symmetrical Variation, Anti-Benoni Variation, Spielmann Defense",1765318133088
Kacparov,M,iQhWLgbT,2683.0,SenecaCrane12,False,False,mate,24,56.0,B60,"Sicilian Defense: Richter-Rauzer Variation, Modern Variation",1765317906677
Kacparov,M,euu56fTQ,2797.0,kutiktau,True,True,outoftime,64,14.0,B40,"Sicilian Defense: French Variation, Westerinen Attack",1765317431186
Kacparov,M,l4PCCDQb,2796.0,kutiktau,False,False,outoftime,67,54.0,B47,"Sicilian Defense: Taimanov Variation, Bastrikov Variation",1765317049371
Kacparov,M,7gcfv9qP,2783.0,DrawDenied_Twitch,True,False,resign,48,16.0,D43,Semi-Slav Defense,1765316771925
Kacparov,M,x9OPDYMn,2717.0,Vladimir2022,False,True,resign,40,39.0,B08,Pirc Defense: Classical Variation,1763646773737
Kacparov,M,eM7xKKq2,2628.0,bob_2004,False,True,outoftime,49,30.0,D35,"Queen's Gambit Declined: Exchange Variation, Positional Variation",1762906315982
Kacparov,M,Ml6KhE80,2630.0,bob_2004,True,True,resign,37,49.0,A40,Queen's Pawn Game: Modern Defense,1762906019718
Kacparov,M,FNvcRFYW,2633.0,bob_2004,False,True,outoftime,38,54.0,A50,Indian Defense: Normal Variation,1762905668214
Kacparov,M,t69RLOFJ,2623.0,bob_2004,True,False,resign,61,28.0,B09,"Pirc Defense: Austrian Attack, Dragon Formation",1762905350785
Kacparov,M,5I7pt8Jz,2626.0,bob_2004,False,True,resign,51,13.0,D35,"Queen's Gambit Declined: Exchange Variation, Positional Variation",1762905101089
Kacparov,M,55zfFNNS,2679.0,notkevich,True,True,outoftime,72,22.0,E92,"King's Indian Defense: Orthodox Variation, Gligoric-Taimanov System",1762296886231
Kacparov,M,aayS9zPB,2706.0,eskijagged1993,True,True,resign,47,30.0,C41,Philidor Defense: Lion Variation,1762296380265
Kacparov,M,6Wg14Tyk,2709.0,eskijagged1993,False,True,outoftime,59,30.0,B30,Sicilian Defense: Nyezhmetdinov-Rossolimo Attack,1762296025076
Kacparov,M,aSAWLghs,2714.0,YoungManOnA6,True,False,draw,77,23.0,D37,"Queen's Gambit Declined: Harrwitz Attack, Main Line",1762295634763
Kacparov,M,txXiBbrO,2896.0,Kostik_Mostik,True,False,resign,59,30.0,A16,"English Opening: Anglo-Indian Defense, Queen's Knight Variation",1762295301081
Kacparov,M,H6Qf6F2E,2700.0,Little_Skib,False,False,resign,34,18.0,A46,Indian Defense: London System,1761696147306
Kacparov,M,pWnOwdSU,2664.0,eskijagged1993,False,True,resign,31,42.0,B48,"Sicilian Defense: Taimanov Variation, Bastrikov Variation, English Attack",1761693935463
Kacparov,M,WEy6Ij8K,2667.0,eskijagged1993,True,True,resign,31,15.0,C55,"Italian Game: Two Knights Defense, Modern Bishop's Opening",1761693752418
Kacparov,M,XG2kYzpH,2565.0,Burma555,False,True,outoftime,40,22.0,A01,Nimzo-Larsen Attack: Classical Variation,1761693424465
Ninely,F,UBSGe4NN,2563.0,jsprr,False,False,outoftime,59,15.0,B01,"Scandinavian Defense: Main Line, Mieses Variation",1762631018782
Ninely,F,eq3n2blA,2543.0,SAMF64,False,False,mate,54,42.0,A10,English Opening: Anglo-Dutch Defense,1762630628190
Ninely,F,BuEucAZz,2352.0,Muhiborj,True,True,resign,16,24.0,A02,Bird Opening,1762630480756
Ninely,F,KqZsMDI1,2355.0,Muhiborj,False,True,resign,44,25.0,A00,Anderssen's Opening,1762630118925
Ninely,F,T3bZQUzh,2488.0,parciful,True,False,mate,14,81.0,A40,Queen's Pawn Game,1762630054965
Ninely,F,0HvwONrC,2486.0,Ishmael67,False,False,outoftime,39,31.0,A88,"Dutch Defense: Leningrad Variation, Warsaw Variation",1762629615652
Ninely,F,jlYBIQKI,2367.0,A0815,False,True,outoftime,52,51.0,A89,"Dutch Defense: Leningrad Variation, Matulovic Variation",1762629237097
Ninely,F,KurFmnf2,2396.0,pipealiev,True,False,outoftime,63,50.0,C75,"Ruy Lopez: Morphy Defense, Modern Steinitz Defense",1762628860190
Ninely,F,4TEaNmAs,2495.0,Resisperforjcl,True,True,resign,18,29.0,C02,"French Defense: Advance Variation, Paulsen Attack",1762628746209
Ninely,F,FNYg67Sw,2376.0,Leon_Blanco,True,True,outoftime,60,23.0,B13,Caro-Kann Defense: Exchange Variation,1762628350471
Ninely,F,lh3AjPWR,2017.0,I_love_sushi,False,False,draw,31,63.0,B10,Caro-Kann Defense: Two Knights Attack,1761853792653
Ninely,F,a20bdGUN,2440.0,psc504,True,False,resign,13,70.0,D10,Slav Defense: Exchange Variation,1761657309850
Ninely,F,72VLA8DR,2364.0,Mikhailov_Vladimir,False,True,resign,29,25.0,D11,Slav Defense: Modern Line,1761657122198
Ninely,F,fUUZgon3,2651.0,mdemanuel,False,True,outoftime,56,45.0,A80,Dutch Defense: Krejcik Gambit,1755121584997
Ninely,F,Sb0ukKPU,2634.0,mdemanuel,True,False,resign,35,52.0,A42,Modern Defense: Kotov Variation,1755121381287
Ninely,F,1vXPMqcG,2424.0,Succession,False,False,resign,40,43.0,B06,Modern Defense,1753961636401
Ninely,F,T0lUHzxM,2417.0,Succession,False,False,resign,4,191.0,B01,"Scandinavian Defense: Main Line, Leonhardt Gambit",1753961588706
Ninely,F,RGam9TOw,2408.0,Succession,True,False,resign,52,38.0,C02,"French Defense: Advance Variation, Paulsen Attack",1753541497092
Ninely,F,1eHUCdUr,2411.0,Succession,False,True,resign,21,12.0,B10,Caro-Kann Defense,1753541239484
Ninely,F,zW6Kyarp,2415.0,Succession,True,True,resign,27,28.0,E21,Nimzo-Indian Defense: Three Knights Variation,1753541008205
andy_rekt,F,iD63qGIo,2150.0,ArslanMH,False,False,resign,31,64.0,C50,"Italian Game: Giuoco Pianissimo, Normal",1757896923577
andy_rekt,F,3CTvDOLI,2421.0,Fish2Bread5,True,False,resign,25,39.0,B50,Sicilian Defense: Modern Variations,1757896534707
andy_rekt,F,VZqkPoF9,1387.0,Leonkim,False,True,mate,27,53.0,C02,"French Defense: Advance Variation, Euwe Variation",1757846813838
andy_rekt,F,4ramTloN,1409.0,aaditkr,True,True,mate,30,13.0,A10,English Opening: Anglo-Dutch Defense,1757846349070
andy_rekt,F,EXS2XX8P,1335.0,OctopusKn1ght,False,True,resign,17,9.0,C50,Italian Game: Giuoco Piano,1757846162800
andy_rekt,F,zJYNxGpX,1389.0,aaditkr,True,True,mate,21,18.0,D20,Queen's Gambit Accepted: Old Variation,1757845697670
andy_rekt,F,NTIWS3Mr,1167.0,greetings_humans,True,True,mate,15,7.0,D21,Queen's Gambit Accepted: Rosenthal Variation,1757845480913
andy_rekt,F,LH7MLZP9,1572.0,chrischeng23,False,False,noStart,0,,B00,King's Pawn Game,1757845202143
andy_rekt,F,E6imeMlh,2397.0,erezkup,True,False,resign,35,56.0,B91,"Sicilian Defense: Najdorf Variation, Zagreb Variation",1757757049376
andy_rekt,F,NZifGUzY,2297.0,Bakurules,False,True,outoftime,32,22.0,D04,"Queen's Pawn Game: Colle System, Anti-Colle",1743168798283
andy_rekt,F,yFbE3BmU,2297.0,Bakurules,True,False,draw,25,25.0,D10,Slav Defense: Exchange Variation,1743168570735
andy_rekt,F,xIBv9lkG,2339.0,WinnerA2022,False,False,mate,34,57.0,D00,Queen's Pawn Game: Stonewall Attack,1743168148840
andy_rekt,F,eCMvd2K7,2364.0,ritang,False,True,resign,2,,D10,Slav Defense,1743168100165
andy_rekt,F,hS3JlEVl,2512.0,imsk,True,False,resign,29,33.0,D30,Queen's Gambit Declined,1743167794678
andy_rekt,F,9q0TRFur,2425.0,Grovelichess,False,False,resign,31,50.0,A08,King's Indian Attack: French Variation,1741643852935
andy_rekt,F,fbBxRhel,2341.0,OCEANELEVEN,True,True,resign,34,24.0,A13,English Opening: Agincourt Defense,1728474819530
andy_rekt,F,A1rIMoE3,2327.0,Essam2222,False,False,mate,41,84.0,C11,"French Defense: Classical Variation, Burn Variation, Morozevich Line",1727030236542
andy_rekt,F,i8DuBI2P,2317.0,nhb001,False,True,outoftime,41,40.0,D11,Slav Defense: Modern Line,1727029684071
andy_rekt,F,KEJB3Tv8,,,False,True,mate,18,,C20,King's Pawn Game: King's Head Opening,1722583568667
andy_rekt,F,jMdM5Pcc,2255.0,potrillosalvaje14,True,True,resign,38,33.0,A46,Yusupov-Rubinstein System,1722262516211
Tashik,F,VxwtmLJJ,2223.0,HosseinDragon,True,False,resign,50,71.0,E76,"King's Indian Defense: Four Pawns Attack, Dynamic Attack",1593971938208
Tashik,F,VHpFPl8I,2164.0,CaxaRLian,True,True,outoftime,62,,A28,"English Opening: Four Knights System, Nimzowitsch Variation",1593971727255
Tashik,F,RwtWYDtr,2164.0,kingwhite2009,False,False,resign,22,,B03,Alekhine Defense: Exchange Variation,1593971580949
Tashik,F,dchhz0wt,2033.0,tehra,False,False,resign,17,,A45,Indian Defense,1593971509133
Tashik,F,WQTIZGHC,2339.0,Jeremy_Marticio,False,False,outoftime,46,,B03,Alekhine Defense: Exchange Variation,1593971204716
Tashik,F,Vip5V5u7,2189.0,loss2win,True,True,resign,29,,A30,English Opening: Symmetrical Variation,1593971104834
Tashik,F,VceMcwiF,2244.0,Papapato,False,True,resign,6,,A05,Zukertort Opening: Lemberger Gambit,1593971085240
Tashik,F,0ask9WA9,2440.0,VladimirSakun,True,False,resign,41,,A27,"English Opening: King's English Variation, Three Knights System",1593970775625
Tashik,F,jpzSSkRw,2191.0,Davit__Gabrielyan,True,False,mate,26,,A13,English Opening: Agincourt Defense,1593970677934
Tashik,F,Z5FBM2jh,2226.0,GMferney28,True,False,resign,17,,A65,Benoni Defense: King's Pawn Line,1593970620692
Tashik,F,bEe4drZv,2330.0,ummi_fisabill,True,False,resign,32,,A28,"English Opening: Four Knights System, Nimzowitsch Variation",1593970335113
Tashik,F,8gNcbPul,2044.0,chesslord64,True,False,outoftime,59,,A18,English Opening: Mikenas-Carls Variation,1593970155676
Tashik,F,oG7IyYEP,2178.0,pesotskiymikhail,True,False,outoftime,69,,A18,English Opening: Mikenas-Carls Variation,1593969812686
Tashik,F,5kMFrGYw,2188.0,DimitrjCalculyann,True,False,outoftime,74,,D35,Queen's Gambit Declined: Normal Defense,1593969488990
Tashik,F,8ujlTb0J,2391.0,Gahan-MG,False,False,draw,49,,B02,Alekhine Defense: Scandinavian Variation,1593969175031
Tashik,F,C4oID6OY,2111.0,amjee_19,False,False,resign,29,,D55,"Queen's Gambit Declined: Neo-Orthodox Variation, Main Line",1593969056723
Tashik,F,QzNi6b0L,2375.0,KrAKeN_1,True,True,resign,21,,A19,"English Opening: Mikenas-Carls, Sicilian",1593968943054
Tashik,F,ubUXgnxd,2417.0,Ediz2,False,True,resign,37,,A05,King's Indian Attack,1593968814391
Tashik,F,PORbwIor,2216.0,Bappa1983,False,False,draw,31,,C25,Vienna Game: Paulsen Variation,1593968685743
Tashik,F,NSO0lUyI,2438.0,ThomaSsShelby,False,False,resign,60,,E06,Catalan Opening: Closed,1593968500201
Jemimapaulo2007,F,odClJtiX,2304.0,dxb007,True,False,draw,43,31.0,B45,Sicilian Defense: Four Knights Variation,1765484796048
Jemimapaulo2007,F,C7b5kxxL,2115.0,dt2110,False,False,mate,69,55.0,C00,French Defense: Pelikan Variation,1765484210493
Jemimapaulo2007,F,dXle4zrG,2188.0,JanTambour,False,True,mate,48,33.0,C02,French Defense: Advance Variation,1765483539264
Jemimapaulo2007,F,HjDo1gvt,2167.0,ascashah70,False,True,outoftime,46,56.0,A16,"English Opening: Anglo-Indian Defense, Queen's Knight Variation",1765461691520
Jemimapaulo2007,F,o4QKHj6R,2161.0,javaf,True,False,mate,25,58.0,B90,"Sicilian Defense: Najdorf Variation, English Attack",1765374599999
Jemimapaulo2007,F,G3jicgLR,2055.0,Iprivetdrug,False,False,resign,29,45.0,B40,Sicilian Defense: Marshall Counterattack,1765374102642
Jemimapaulo2007,F,TRaFbZ4n,2238.0,Newcomer68,True,False,resign,17,81.0,B33,Sicilian Defense: Open,1765373379091
Jemimapaulo2007,F,9KhYfhbo,2098.0,CitizenK9,True,True,mate,56,19.0,B45,Sicilian Defense: Taimanov Variation,1765372982805
Jemimapaulo2007,F,Kl2wl9NC,2276.0,Glorfindel17,False,False,outoftime,66,51.0,A16,"English Opening: Anglo-Indian Defense, Queen's Knight Variation",1765316176220
Jemimapaulo2007,F,a1IjqbZA,2144.0,OLI-Dhlhmr,True,True,mate,25,54.0,B30,Sicilian Defense: Old Sicilian,1765315882298
Jemimapaulo2007,F,Nn43PRFe,1861.0,reineriavila,True,True,mate,38,14.0,C48,"Four Knights Game: Spanish Variation, Classical Variation",1765297255980
Jemimapaulo2007,F,9OeZpu26,1675.0,dave43ish,False,True,resign,22,28.0,C10,French Defense: Marshall Gambit,1765297073776
Jemimapaulo2007,F,sausdt5P,2471.0,Diesel23,False,False,resign,23,83.0,A14,"English Opening: Agincourt Defense, Neo-Catalan Declined",1765296580952
Jemimapaulo2007,F,whfKfKl3,2210.0,A1A2_B1B2,True,True,mate,32,26.0,B90,"Sicilian Defense: Najdorf Variation, English Attack",1765296296912
Jemimapaulo2007,F,w04hNPmu,2271.0,raskara,False,False,resign,28,50.0,A04,Zukertort Opening: Sicilian Invitation,1765293971011
Jemimapaulo2007,F,GgAwk1DW,2050.0,dbuse,False,True,outoftime,51,65.0,B21,"Sicilian Defense: Smith-Morra Gambit Accepted, Fianchetto Defense",1765288792420
Jemimapaulo2007,F,yls7bE2T,2085.0,brain-game,True,False,draw,55,25.0,B03,Alekhine Defense: O'Sullivan Gambit,1765288338892
Jemimapaulo2007,F,tbuAkNt2,2076.0,Raphplayschess,True,True,resign,23,41.0,C02,"French Defense: Advance Variation, Euwe Variation",1765288086920
Jemimapaulo2007,F,n51bVpAE,2063.0,choudhurinaik,False,False,outoftime,104,29.0,A01,Nimzo-Larsen Attack,1765287364477
Jemimapaulo2007,F,LQUP7Hhg,2161.0,lmmpek65,False,False,resign,26,81.0,C00,French Defense: Steiner Variation,1765234307004
Magic_Chess_by,F,1pn6IixJ,2304.0,langsam1967,False,True,outoftime,53,103.0,A00,Grob Opening: Spike Attack,1746992370238
Magic_Chess_by,F,rpGpqF4J,2496.0,QuirkyNur,True,False,mate,12,120.0,D02,Queen's Pawn Game: Krause Variation,1746992252501
Magic_Chess_by,F,rGGdHT84,2492.0,Spartan_Lion,True,True,resign,32,26.0,A45,Trompowsky Attack,1746992084216
Magic_Chess_by,F,ntuhwTV1,2259.0,Byf,False,False,mate,48,32.0,C01,French Defense: Exchange Variation,1746991919672
Magic_Chess_by,F,wwnalfGJ,2548.0,Romaa2011,True,False,mate,36,54.0,A61,Benoni Defense: Knight's Tour Variation,1746991797242
Magic_Chess_by,F,2XYO1QrE,2385.0,speedrunchessgames,False,True,outoftime,32,25.0,D01,Rapport-Jobava System,1746991587797
Magic_Chess_by,F,1yrXlsHl,2502.0,Spartan_Lion,True,False,draw,66,22.0,A43,Benoni Defense: Benoni-Indian Defense,1746991246264
Magic_Chess_by,F,JO3JxvIs,2290.0,Frolov_75,False,False,resign,34,56.0,B01,Scandinavian Defense: Gubinsky-Melts Defense,1746991035773
Magic_Chess_by,F,CGrgdyNf,2001.0,Tom_and_Jerry2024,True,True,mate,65,13.0,C41,Philidor Defense,1746990858968
Magic_Chess_by,F,NJ0eFqEv,2287.0,Frolov_75,False,False,resign,34,80.0,B01,Scandinavian Defense: Gubinsky-Melts Defense,1746990600766
Magic_Chess_by,F,Wf1pDnqJ,2510.0,Spartan_Lion,True,True,resign,61,28.0,A45,Trompowsky Attack,1746990258295
Magic_Chess_by,F,OukCLn68,2353.0,Escape-from-Chess,False,False,mate,50,78.0,B01,Scandinavian Defense: Schiller-Pytel Variation,1746990033491
Magic_Chess_by,F,gpU4AN8y,2243.0,maksim20012001,True,True,outoftime,52,46.0,A43,"Benoni Defense: Old Benoni, Schmid Variation",1746989747814
Magic_Chess_by,F,KTBXKEt4,2541.0,Romaa2011,True,False,mate,58,56.0,B06,Modern Defense: Standard Defense,1746989480729
Magic_Chess_by,F,dd7IovOV,2487.0,Unicorn7Love,False,True,resign,61,43.0,A85,Dutch Defense: Queen's Knight Variation,1746989256834
Magic_Chess_by,F,54Zkl9ti,2548.0,Romaa2011,True,True,outoftime,89,35.0,E11,Bogo-Indian Defense: Vitolins Variation,1746989000783
Magic_Chess_by,F,VqQ4sPF2,2478.0,Unicorn7Love,False,False,resign,28,54.0,E00,Catalan Opening,1746988884842
Magic_Chess_by,F,NKBBCtDw,2405.0,speedrunchessgames,True,False,draw,73,32.0,C00,French Defense: Knight Variation,1746988651195
Magic_Chess_by,F,Cbcu7KP8,2074.0,sazKonikSzachowy6,False,True,resign,55,30.0,A04,Zukertort Opening: Dutch Variation,1746988498845
Magic_Chess_by,F,fVqpPpBI,2536.0,Spartan_Lion,False,True,resign,44,42.0,A09,Réti Opening: Advance Variation,1746988259545
Catherine_Kaslan,F,QpGdkLFy,2302.0,AAPA23,False,False,draw,52,29.0,A15,English Opening: Anglo-Indian Defense,1754772044359
Catherine_Kaslan,F,L5kOVzw2,2124.0,jab2015,True,False,mate,54,35.0,B30,Sicilian Defense: Old Sicilian,1754771628817
Catherine_Kaslan,F,58kg0iAS,2447.0,FredFertig_fuer_Arme,False,True,resign,34,35.0,A13,"English Opening: Agincourt Defense, Catalan Defense Accepted",1754771356053
Catherine_Kaslan,F,RWAt3Evi,2394.0,Blunderbus9,False,False,resign,20,101.0,A09,Réti Opening: Réti Accepted,1754771058413
Catherine_Kaslan,F,d33accvc,2580.0,Garayev_Kanan,True,False,resign,44,62.0,C01,French Defense: Exchange Variation,1754770834586
Catherine_Kaslan,F,U7gYm9wi,2076.0,dam1,True,False,outoftime,39,85.0,B01,Scandinavian Defense: Marshall Variation,1754687792708
Catherine_Kaslan,F,YVcEmK2w,2061.0,feliber1,False,True,resign,15,26.0,C02,French Defense: Advance Variation,1754687696494
Catherine_Kaslan,F,vBfXrlXi,2462.0,czasnaszachy,False,False,resign,29,62.0,E91,King's Indian Defense: Orthodox Variation,1749324281608
Catherine_Kaslan,F,7m3VbTlC,2345.0,El_Gran_Gonzalez,True,False,outoftime,54,24.0,A50,Indian Defense: Normal Variation,1749323840635
Catherine_Kaslan,F,VAUn3QR7,2283.0,Gorongosa,False,False,resign,37,31.0,E05,"Catalan Opening: Open Defense, Classical Line",1749323514627
Catherine_Kaslan,F,0iF5gA38,2287.0,subham777,True,True,outoftime,47,22.0,C43,Petrov's Defense: Modern Attack,1749323210892
Catherine_Kaslan,F,5c8d5tPQ,2518.0,Accjgm980523,False,False,resign,29,63.0,A40,Queen's Pawn Game: Modern Defense,1749322996413
Catherine_Kaslan,F,nNfLHReT,2032.0,Mouadhmaj,False,False,resign,20,48.0,B23,Sicilian Defense: Closed,1742957584965
Catherine_Kaslan,F,2jqG8qh2,2067.0,scallahan4,True,True,outoftime,36,28.0,C45,Scotch Game,1742957225004
Catherine_Kaslan,F,n9mENPZQ,1924.0,zakzizou,True,True,mate,67,40.0,B40,Sicilian Defense: Pin Variation,1742956842401
Catherine_Kaslan,F,iVXnma7r,2006.0,ansfed,False,True,outoftime,57,18.0,B27,Sicilian Defense,1742956447282
Catherine_Kaslan,F,D4hyCyVq,1824.0,mythhhh,True,True,mate,66,45.0,C40,Latvian Gambit Accepted,1742956120425
Catherine_Kaslan,F,v8sUh841,2029.0,HerrNilsson,True,True,outoftime,50,53.0,B50,"Sicilian Defense: Delayed Alapin Variation, with d6",1742955715928
Catherine_Kaslan,F,FNW0pLuN,1899.0,guuenx,False,False,outoftime,45,26.0,B83,"Sicilian Defense: Scheveningen Variation, Classical Variation",1742955320725
Catherine_Kaslan,F,vFQm1kPe,2141.0,ubermensch3,False,False,outoftime,37,62.0,D37,"Queen's Gambit Declined: Vienna Variation, Quiet Variation",1742954921711
laligb,F,8M5CMCLF,1976.0,Gin187,True,True,mate,10,8.0,C44,Scotch Game: Lolli Variation,1763212370861
laligb,F,e9RSqUJ2,2085.0,nightbird357,False,False,outoftime,38,66.0,E90,"King's Indian Defense: Normal Variation, Rare Defenses",1731060812794
laligb,F,p0Efg9Oz,2012.0,Hollers_ZAR,False,False,resign,20,65.0,B12,Caro-Kann Defense: Modern Variation,1731060663952
laligb,F,FpBfZxwS,1893.0,AAJ_88,False,True,resign,24,34.0,B10,Caro-Kann Defense,1730848819147
laligb,F,hmMvxjSL,1897.0,AAJ_88,True,True,outoftime,29,56.0,A22,"English Opening: King's English Variation, Two Knights Variation, Reversed Dragon",1730848531683
laligb,F,PQ6ndYJt,1902.0,AAJ_88,False,True,resign,15,57.0,B06,Modern Defense,1730848447527
laligb,F,oFEjiiU6,1980.0,Pionniers,True,False,mate,37,71.0,A36,"English Opening: Symmetrical Variation, Ultra-Symmetrical Variation",1730848107048
laligb,F,ghASkfpX,1962.0,IceLexa,False,True,outoftime,50,121.0,A45,Indian Defense,1730847707937
laligb,F,KM31x3km,1932.0,phosp,True,True,mate,24,34.0,B11,"Caro-Kann Defense: Two Knights Attack, Mindeno Variation, Exchange Line",1730756298254
laligb,F,rACZIqXT,1934.0,ralf2129,True,True,outoftime,49,66.0,A10,English Opening: Great Snake Variation,1730755927968
laligb,F,LtiT2BOz,1912.0,AGUILA_IMPERIO,False,True,outoftime,49,91.0,E81,"King's Indian Defense: Sämisch Variation, Normal Defense",1730755518498
laligb,F,0OY1rz2V,1881.0,The_Engine-105,True,True,mate,57,31.0,A11,English Opening: Caro-Kann Defensive System,1730755054359
laligb,F,YaqrM5hj,1885.0,galal123,False,False,resign,20,45.0,B06,Modern Defense,1730754958435
laligb,F,AifKcm9O,1966.0,Elchanoh,True,True,mate,32,86.0,A04,Zukertort Opening: Sicilian Invitation,1730754616372
laligb,F,a3DBEK1s,1887.0,Piramidka,False,False,draw,35,46.0,A48,London System,1730754355270
laligb,F,TZsLu4Yx,1832.0,clacha,False,False,resign,11,76.0,A45,Indian Defense,1730754296321
laligb,F,FZbCpWq9,1895.0,Quentin-111,False,True,resign,24,41.0,B10,Caro-Kann Defense,1730754127109
laligb,F,P37NzIfm,1945.0,AnaLuiza2024,True,False,outoftime,42,128.0,B01,Scandinavian Defense: Gubinsky-Melts Defense,1730753646964
laligb,F,HQdIoUWY,1988.0,ASeguel,False,False,resign,30,68.0,B06,Modern Defense: Standard Line,1730753374001
laligb,F,QZWa3j3k,2045.0,Lvinicios777,True,False,outoftime,53,27.0,A05,King's Indian Attack: Symmetrical Defense,1730752947284
ZZZaaa1,F,OSaxaxPX,2479.0,Nyezhmetdinov0,False,False,outoftime,64,41.0,B06,Modern Defense,1748102051787
ZZZaaa1,F,PFTdKRYn,2565.0,moshakvar,True,False,mate,52,39.0,A43,Benoni Defense: Old Benoni,1748101801770
ZZZaaa1,F,r0fdnXEA,2365.0,Konskaya_Doza,False,True,resign,29,18.0,B06,Modern Defense,1748101691543
ZZZaaa1,F,yhBLzvlK,2144.0,hope313,True,True,resign,41,26.0,D77,"Neo-Grünfeld Defense: Classical Variation, Modern Defense",1748101536526
ZZZaaa1,F,tv7av6Ud,2265.0,adhiraj_m,True,True,resign,46,12.0,A46,Indian Defense: Knights Variation,1748101330019
ZZZaaa1,F,rb25l8Ci,2437.0,Algorithym123,False,True,resign,41,17.0,E90,"King's Indian Defense: Normal Variation, Rare Defenses",1748101171061
ZZZaaa1,F,3lZafXi6,2470.0,BlackDeath777,True,False,outoftime,86,20.0,D78,"Neo-Grünfeld Defense: Classical Variation, Original Defense",1748100956194
ZZZaaa1,F,eWCsRcxp,2661.0,Saparmyrat,True,False,resign,40,60.0,D02,"Queen's Pawn Game: Symmetrical Variation, Pseudo-Catalan",1748100786976
ZZZaaa1,F,vXhWEjHM,2442.0,Alexr58,False,True,resign,31,32.0,B06,Modern Defense: Standard Defense,1748100590387
ZZZaaa1,F,S62VPkVu,2495.0,mrwyy1,True,True,resign,18,15.0,A46,Indian Defense: Knights Variation,1748100489285
ZZZaaa1,F,4s4DKSwE,2353.0,Chernov_M,False,False,mate,32,47.0,B06,Modern Defense: Standard Defense,1748100308033
ZZZaaa1,F,QXp70eTh,2443.0,Alexr58,False,True,mate,60,57.0,B06,Modern Defense: Standard Defense,1748100104768
ZZZaaa1,F,IlnIf4Eu,2450.0,dimzisia21,True,True,resign,44,43.0,A47,Pseudo Queen's Indian Defense,1748099851517
ZZZaaa1,F,8LCXVjH0,2447.0,ChessExplosion,True,False,resign,29,56.0,A46,Indian Defense: Spielmann-Indian,1748099744725
ZZZaaa1,F,rtsJ0250,2423.0,STAR_ARYA,False,False,draw,59,49.0,A05,King's Indian Attack: Wahls Defense,1748099545455
ZZZaaa1,F,PpBSZrS5,2175.0,king13500,True,False,outoftime,70,43.0,E62,"King's Indian Defense: Fianchetto Variation, Uhlmann-Szabo System",1748099322162
ZZZaaa1,F,oGsadG4c,2461.0,AdAAleXX,False,True,resign,25,22.0,E69,"King's Indian Defense: Fianchetto Variation, Classical Main Line",1748099226038
ZZZaaa1,F,DhD2j2vQ,2260.0,adhiraj_m,True,True,resign,30,34.0,D02,"Queen's Pawn Game: Symmetrical Variation, Pseudo-Catalan",1748099096108
ZZZaaa1,F,XQtn2BRP,2264.0,Peti0309,True,True,resign,21,17.0,A46,Indian Defense: Knights Variation,1748099020627
ZZZaaa1,F,PoTsaICi,1987.0,Juggrnaut,False,True,mate,43,30.0,A02,Bird Opening,1748098808056
FunnyBlani,F,LWpyvyHa,2731.0,CSB7,False,False,resign,43,49.0,B25,Sicilian Defense: Closed,1752350155061
FunnyBlani,F,XRTCuT5J,2036.0,kathryna,True,False,timeout,26,41.0,A04,Zukertort Opening: Slav Invitation,1752349877306
FunnyBlani,F,EJ57BClN,2164.0,HaraldEtuna,False,False,resign,22,76.0,C00,Rat Defense: Small Center Defense,1752349794130
FunnyBlani,F,RGskrs1T,2425.0,jeppehaldfalk,False,False,mate,81,30.0,B32,Sicilian Defense: Open,1752349489194
FunnyBlani,F,Oih3UiiK,2351.0,MrTarrasch,True,False,draw,59,24.0,A05,King's Indian Attack,1752349149223
FunnyBlani,F,fCVQau7R,2389.0,CorfuInChess,True,False,resign,22,60.0,A08,King's Indian Attack: Sicilian Variation,1752349066202
FunnyBlani,F,SHaAJZGx,2323.0,CranberryCheese,False,False,outoftime,91,20.0,D01,Rapport-Jobava System,1752348653730
FunnyBlani,F,wfsopI4E,2157.0,YulyaPishchal,True,False,draw,54,113.0,A04,Zukertort Opening: Kingside Fianchetto,1752348274345
FunnyBlani,F,TXgYTA4m,2574.0,srihari241105,False,False,resign,25,36.0,A13,English Opening: Agincourt Defense,1752348162417
FunnyBlani,F,NZk4lr9c,2521.0,supermanA,False,False,outoftime,77,41.0,D53,Queen's Gambit Declined,1752347830908
FunnyBlani,F,1EWty5nh,2275.0,blue_tiger98,True,False,draw,77,77.0,C02,"French Defense: Advance Variation, Extended Bishop Swap",1752347436782
FunnyBlani,F,cWRBlEWQ,2269.0,ubdip,False,True,outoftime,32,21.0,A13,English Opening: Agincourt Defense,1752347076777
FunnyBlani,F,i6xRxZcr,2015.0,kathryna,True,True,resign,39,31.0,A05,King's Indian Attack,1752346801399
FunnyBlani,F,D9rsvaqL,2201.0,sicilijanskaodbrana,True,True,mate,78,23.0,C44,"Scotch Game: Scotch Gambit, Advance Variation",1705264376037
FunnyBlani,F,pFsFi6NY,2330.0,Heinza9,False,False,mate,33,72.0,C47,"Four Knights Game: Scotch Variation, Belgrade Gambit",1705263897496
FunnyBlani,F,v5GVFGzb,2195.0,hadz1956,False,False,mate,32,,C24,Bishop's Opening: Berlin Defense,1705263580047
FunnyBlani,F,cDMUp5Xv,1593.0,Antonmcs,True,True,resign,11,,B34,"Sicilian Defense: Accelerated Dragon, Modern Variation",1705263423855
FunnyBlani,F,UpgkeYUh,1901.0,Holmscheck,False,True,resign,55,,A15,English Opening: Anglo-Indian Defense,1705262901428
FunnyBlani,F,l3Sgsbku,2194.0,lemeshchuk_uriy,True,False,mate,35,,B92,"Sicilian Defense: Najdorf Variation, Opocensky Variation, Traditional Line",1705262506014
FunnyBlani,F,DcbocRaj,1898.0,Holmscheck,True,True,resign,16,,B02,Alekhine Defense: Scandinavian Variation,1705262308401
meoluoi91,F,d2CfSkEX,2340.0,joseprizo,False,False,draw,60,22.0,C31,"King's Gambit Declined: Falkbeer Countergambit, Charousek Gambit",1731470747832
meoluoi91,F,1Fy3UvHJ,2431.0,Summon_Cerberus,True,True,resign,28,75.0,B40,"Sicilian Defense: French Variation, Normal",1731470502903
meoluoi91,F,OQKXC4AA,2478.0,Rooko64,False,True,resign,44,23.0,C26,Vienna Game: Mieses Variation,1721443757840
meoluoi91,F,0r0csu6m,2355.0,Quillotamaster,False,True,outoftime,49,53.0,D10,Slav Defense,1686675386731
meoluoi91,F,Uzl7gU1j,2179.0,lkjhgfdsa12345,True,False,mate,39,53.0,A41,Queen's Pawn Game,1686675208645
meoluoi91,F,s4TOsCcx,2379.0,Cookie2015,False,False,resign,35,81.0,B10,Caro-Kann Defense: Two Knights Attack,1686675088244
meoluoi91,F,dk0sDlyu,2607.0,Mirakel05,True,False,resign,40,42.0,A45,Indian Defense,1686674917587
meoluoi91,F,jop2K8qL,2442.0,jesselroy99,False,False,stalemate,54,46.0,B13,Caro-Kann Defense: Exchange Variation,1686674659512
meoluoi91,F,FMwg5E7Y,2241.0,drak77,False,True,resign,31,14.0,D10,Slav Defense,1686674567940
meoluoi91,F,zvIAC2i0,2171.0,Danila_07,True,True,resign,23,13.0,E05,"Catalan Opening: Open Defense, Classical Line",1686674469093
meoluoi91,F,I6pojcpv,2332.0,Agyzmal,False,True,mate,55,31.0,B12,"Caro-Kann Defense: Advance Variation, Botvinnik-Carls Defense",1686674168645
meoluoi91,F,k5Nlljzq,2324.0,Ebin__02,True,True,mate,21,21.0,A05,King's Indian Attack: Symmetrical Defense,1686674055828
meoluoi91,F,X7LAiY8R,2159.0,Chess_player58,False,True,resign,31,18.0,D11,Slav Defense: Modern Line,1686673928859
meoluoi91,F,DE75R0QO,2363.0,chess6061,True,False,mate,25,92.0,A45,Indian Defense,1686673743201
meoluoi91,F,k4d8sqbn,2394.0,Dug_Polk,False,False,outoftime,41,93.0,D17,"Slav Defense: Czech Variation, Bled Attack",1686673481016
meoluoi91,F,QC9VwENd,2489.0,Dark_Legion,True,False,resign,24,97.0,A45,Indian Defense,1686673350384
meoluoi91,F,g493JZLx,2545.0,mashamedved2,False,False,resign,22,83.0,D15,Slav Defense: Schlechter Variation,1686673230152
meoluoi91,F,PIpJa9Vi,2200.0,zenenmaria,True,True,mate,46,33.0,A45,Indian Defense,1686672999289
meoluoi91,F,1OHv97JQ,2038.0,chesshouseboat,False,True,resign,41,22.0,D78,"Neo-Grünfeld Defense: Classical Variation, Original Defense",1686672740595
meoluoi91,F,iWBj8HvA,2234.0,Ahmed-ana,False,True,mate,41,29.0,B13,Caro-Kann Defense: Exchange Variation,1686672579892
Mezioud-Amina88,F,GuEzuPcw,1587.0,Cleberson,False,True,mate,30,74.0,B44,Sicilian Defense: Taimanov Variation,1695321279049
Mezioud-Amina88,F,yjXTEbL3,1656.0,Bses,True,False,outoftime,24,47.0,D79,Neo-Grünfeld Defense: Ultra-Delayed Exchange Variation,1695320736928
Mezioud-Amina88,F,GaArlvzJ,1507.0,DHRUBA1234,False,True,mate,43,49.0,B40,"Sicilian Defense: French Variation, Normal",1695240342419
Mezioud-Amina88,F,qdyKXzBe,1489.0,karthikreddy666,True,False,resign,34,133.0,D00,Queen's Pawn Game,1695212559283
Mezioud-Amina88,F,TCWLbDw6,1618.0,preto00,True,True,mate,63,97.0,D10,Slav Defense,1695143783734
Mezioud-Amina88,F,ug9flPjn,1558.0,ffazzaa,False,True,resign,21,24.0,B22,Sicilian Defense: Alapin Variation,1695143670939
Mezioud-Amina88,F,5BR6namb,1632.0,pankajpatel,True,True,outoftime,25,29.0,D02,"Queen's Pawn Game: Symmetrical Variation, Pseudo-Catalan",1695143189769
Mezioud-Amina88,F,xrgJEZXv,1530.0,mad1978,False,True,resign,17,79.0,A05,Zukertort Opening: Lemberger Gambit,1695143057795
Mezioud-Amina88,F,Wea02zVW,1591.0,dante281,False,False,mate,12,119.0,B45,Sicilian Defense: Taimanov Variation,1695142864634
Mezioud-Amina88,F,5da6C5qA,1609.0,Fredo33,True,True,resign,22,55.0,E10,Indian Defense: Anti-Nimzo-Indian,1695112867785
Mezioud-Amina88,F,PT2X8wac,1616.0,sevencostanza,True,True,resign,34,19.0,C42,Petrov's Defense: French Attack,1695112241371
Mezioud-Amina88,F,rEbqYZuJ,1644.0,atef7Ibrahim,False,True,mate,25,37.0,A01,Nimzo-Larsen Attack: Classical Variation,1694989624194
Mezioud-Amina88,F,c4RZ6mWC,1564.0,Joao196,True,False,resign,30,52.0,D00,Queen's Pawn Game,1694987004319
Mezioud-Amina88,F,fLCbWG97,1570.0,Bulmaro84,False,True,mate,31,26.0,B40,Sicilian Defense: French Variation,1694986760073
Mezioud-Amina88,F,wwBWsiOz,1606.0,TURRUBIATESV,True,False,timeout,24,81.0,C60,Ruy Lopez: Cozio Defense,1694916982894
Mezioud-Amina88,F,ASEBCXUx,1554.0,ZeroXAddress,True,True,resign,26,23.0,E06,Catalan Opening: Closed,1694916800832
Mezioud-Amina88,F,O9Nei5XR,1633.0,Jesusleon1953,False,False,resign,28,62.0,B32,Sicilian Defense: Löwenthal Variation,1694916462814
Mezioud-Amina88,F,OqOL2yVX,1519.0,rodrigobernal,False,False,outoftime,25,69.0,B27,Sicilian Defense: Hyperaccelerated Dragon,1694913724024
Mezioud-Amina88,F,mjCcnc9q,1577.0,rodrigoqchess,True,True,resign,37,24.0,A06,Zukertort Opening: Old Indian Attack,1694909460208
Mezioud-Amina88,F,24Ujhfv0,1592.0,GatoComunEuropeo,False,False,outoftime,47,45.0,D02,Queen's Pawn Game: Zukertort Variation,1694808712051
champion64,F,nuCmmbgu,2317.0,Ivan_Doychev,False,False,outoftime,26,43.0,C11,"French Defense: Classical Variation, Steinitz Variation",1765133197914
champion64,F,HUc1Sw7M,2422.0,jacosta-777,False,True,resign,84,19.0,B32,Sicilian Defense: Kalashnikov Variation,1764966960997
champion64,F,A0AlvWcA,2369.0,tioemo2,False,False,draw,81,15.0,C41,Philidor Defense: Lion Variation,1764966265323
champion64,F,JgTDuQv0,2319.0,SergeyKuznetsovKusa,True,False,resign,18,39.0,B40,"Sicilian Defense: Delayed Alapin Variation, with e6",1764965952319
champion64,F,0i5PsktS,2292.0,Bljaze,False,True,resign,22,11.0,A41,Rat Defense: English Rat,1764965672799
champion64,F,DDpMo13D,2250.0,IlyaFetisov,True,False,resign,43,34.0,B10,Caro-Kann Defense,1764965156061
champion64,F,mGdgGX6B,2261.0,ESCORPION1470,True,True,mate,43,30.0,B06,Modern Defense,1764623269572
champion64,F,ziBeu0Zq,2263.0,avocado_s_kostochkoy,False,True,resign,20,52.0,A43,Benoni Defense: Old Benoni,1764623098304
champion64,F,XqLGrFpf,2314.0,calis228,False,True,resign,38,51.0,A59,Benko Gambit Accepted: King Walk Variation,1763894019465
champion64,F,eS01Lc0q,2187.0,Evlampii,True,True,outoftime,46,20.0,B50,"Sicilian Defense: Delayed Alapin Variation, with d6",1763801569755
champion64,F,0Nsybcbp,2466.0,crazyguy5439,False,False,resign,30,28.0,A43,Benoni Defense: Benoni-Indian Defense,1763800980640
champion64,F,eQFAOPmr,2215.0,lastepisode,False,False,resign,33,32.0,B32,Sicilian Defense: Löwenthal Variation,1763800383046
champion64,F,To9KNbm5,2354.0,magho,True,True,resign,33,40.0,B00,Pirc Defense,1763288474886
champion64,F,QXC4nJzt,2358.0,thekinglear,True,False,outoftime,44,41.0,B40,"Sicilian Defense: Delayed Alapin Variation, with e6",1763217391233
champion64,F,lyvVTMxc,2423.0,fufuru,False,True,resign,35,37.0,A04,Zukertort Opening: Sicilian Invitation,1762718150509
champion64,F,lxAfUBaA,2475.0,sergiul,True,False,outoftime,45,38.0,B10,Caro-Kann Defense,1762717611235
champion64,F,njfjoqTD,2396.0,ScoobyNoob,False,False,resign,38,40.0,B32,Sicilian Defense: Kalashnikov Variation,1762717265748
champion64,F,QZilEwZX,2328.0,Mcanriv,False,False,outoftime,42,57.0,B28,"Sicilian Defense: O'Kelly Variation, Yerevan System",1762716926153
champion64,F,38DvMFEg,2348.0,Samy1975,True,True,outoftime,28,23.0,C68,"Ruy Lopez: Exchange Variation, Romanovsky Variation",1762202801981
champion64,F,0tGabDTU,2332.0,ConvitePraVida,False,True,resign,41,18.0,A30,English Opening: Symmetrical Variation,1761927286765
zabivol_mc,F,aFDTyOF9,2348.0,sparrow1985,False,True,resign,42,15.0,A40,English Defense,1760385955021
zabivol_mc,F,iWYZRa1y,2351.0,sparrow1985,True,True,resign,25,18.0,B01,Scandinavian Defense: Classical Variation,1760385606122
zabivol_mc,F,fCvwEu9r,2354.0,sparrow1985,False,True,mate,34,26.0,A48,East Indian Defense,1760385105440
zabivol_mc,F,nCvptRdO,2357.0,sparrow1985,True,True,outoftime,38,19.0,B40,Sicilian Defense: French Variation,1760384585150
zabivol_mc,F,JVAbzSmq,2130.0,goodnewsman,False,True,resign,12,10.0,,,1751104534430
zabivol_mc,F,xPNBpnun,2130.0,goodnewsman,False,True,resign,7,22.0,,,1751103960944
zabivol_mc,F,o3aSSCcb,2130.0,goodnewsman,False,False,resign,41,58.0,,,1751102513254
zabivol_mc,F,miDkJbua,2130.0,goodnewsman,False,False,draw,33,43.0,,,1751101395404
zabivol_mc,F,Y7fQsEhw,2130.0,goodnewsman,False,False,draw,15,18.0,,,1751100510855
zabivol_mc,F,EqITwhOB,2125.0,goodnewsman,False,False,draw,40,51.0,,,1751044409306
zabivol_mc,F,gWtXo7es,2125.0,goodnewsman,False,True,resign,36,29.0,,,1751043285468
zabivol_mc,F,OdlWf7Dw,2202.0,goodnewsman,True,True,resign,29,32.0,E24,Nimzo-Indian Defense: Sämisch Variation,1741021101878
zabivol_mc,F,J9LPeOn7,2202.0,goodnewsman,True,True,resign,33,60.0,E26,"Nimzo-Indian Defense: Sämisch Variation, O'Kelly Variation",1741020495567
zabivol_mc,F,eCssVyoc,2202.0,goodnewsman,True,True,mate,34,85.0,E26,Nimzo-Indian Defense: Sämisch Variation,1741019915843
zabivol_mc,F,cCX1Vspd,2202.0,goodnewsman,True,True,resign,28,47.0,E24,Nimzo-Indian Defense: Sämisch Variation,1741019329677
zabivol_mc,F,u63TnEA6,2202.0,goodnewsman,True,True,resign,31,20.0,E24,Nimzo-Indian Defense: Sämisch Variation,1741018747665
zabivol_mc,F,LejA2Lrm,2202.0,goodnewsman,True,False,resign,33,29.0,E24,Nimzo-Indian Defense: Sämisch Variation,1741018238236
zabivol_mc,F,suxbhivA,2202.0,goodnewsman,True,True,resign,19,39.0,E24,Nimzo-Indian Defense: Sämisch Variation,1741017752662
zabivol_mc,F,UFmbDwpL,2202.0,goodnewsman,True,True,resign,27,17.0,E24,Nimzo-Indian Defense: Sämisch Variation,1741017212042
zabivol_mc,F,nyJ2xUVJ,2177.0,goodnewsman,False,False,resign,27,21.0,B15,Caro-Kann Defense: Tartakower Variation,1738255156546
haski_2014,F,c8ICkVG4,2723.0,JoeAssaad,False,False,resign,17,19.0,B10,"Caro-Kann Defense: Hillbilly Attack, Schaeffer Gambit",1765218846553
haski_2014,F,77TyiQbt,2615.0,BishopAndSons,False,False,draw,15,19.0,A11,"Réti Opening: Anglo-Slav Variation, Gurevich System",1765218765662
haski_2014,F,IuyllUqX,2750.0,wonderland305,True,False,mate,105,19.0,D53,Queen's Gambit Declined,1765218340158
haski_2014,F,pIq0Ra3v,2722.0,JoeAssaad,True,True,outoftime,64,62.0,A10,English Opening: Anglo-Dutch Defense,1765217672244
haski_2014,F,9y17RCqk,2622.0,likeyacutg,False,False,mate,50,64.0,D17,"Slav Defense: Czech Variation, Krause Attack",1765217356266
haski_2014,F,iKDPYuCX,2611.0,BishopAndSons,True,True,resign,38,27.0,A22,"English Opening: King's English Variation, Adhiban Gambit",1764851338426
haski_2014,F,SewGFtfq,2617.0,BishopAndSons,False,True,resign,56,23.0,B12,"Caro-Kann Defense: Advance Variation, Tal Variation",1764850996964
haski_2014,F,ZNG0WtSG,2624.0,BishopAndSons,True,True,resign,35,34.0,A22,"English Opening: King's English Variation, Adhiban Gambit",1764850716823
haski_2014,F,Ina7zsgC,2619.0,BishopAndSons,False,False,resign,18,35.0,D00,"Queen's Pawn Game: Accelerated London System, Steinitz Countergambit",1764850650066
haski_2014,F,YRNeQBRW,2620.0,BishopAndSons,True,False,draw,54,25.0,A22,"English Opening: King's English Variation, Adhiban Gambit",1764850348981
haski_2014,F,08QgIQwg,2682.0,petrover,False,False,resign,45,34.0,A00,Saragossa Opening,1764850046953
haski_2014,F,7sK1UMj3,2644.0,BishopAndSons,True,True,resign,50,15.0,A22,"English Opening: King's English Variation, Adhiban Gambit",1764846154941
haski_2014,F,OU8CKLZZ,2652.0,BishopAndSons,False,True,mate,57,45.0,A11,"Réti Opening: Anglo-Slav Variation, Gurevich System",1764845802985
haski_2014,F,wzTpzb1m,2138.0,Freechess52prow,False,False,mate,59,62.0,A40,Queen's Pawn Game,1764772517512
haski_2014,F,begUT4kX,2280.0,SVYATOMIRRR,False,True,outoftime,41,37.0,D02,Queen's Pawn Game: Krause Variation,1764583208481
haski_2014,F,F8uxfeKX,2810.0,ILikeBlitz,False,False,resign,21,31.0,D10,Slav Defense,1763036818892
haski_2014,F,AYfHGFFL,2807.0,ILikeBlitz,True,False,resign,42,36.0,A28,"English Opening: Four Knights System, Nimzowitsch Variation",1763036550631
haski_2014,F,5OT5e9Lv,2805.0,ILikeBlitz,False,False,resign,32,58.0,A11,English Opening: Caro-Kann Defensive System,1763036252985
haski_2014,F,GjSzetgm,2809.0,ILikeBlitz,True,False,draw,38,27.0,A21,"English Opening: King's English Variation, Kramnik-Shirov Counterattack",1763035981236
haski_2014,F,klYszF4c,2739.0,Andrey11976,False,True,outoftime,90,43.0,D10,Slav Defense: Exchange Variation,1763035330883
Rachel2070,F,2FhJFcms,2265.0,FearlessKing64,True,False,resign,29,69.0,B23,"Sicilian Defense: Closed, Traditional",1746914129660
Rachel2070,F,whr7oA9e,2399.0,gmroedor,False,False,noStart,0,,A04,Zukertort Opening,1746913941620
Rachel2070,F,LKEmWWVs,2369.0,Vladimir_Aridov,True,False,resign,43,35.0,B07,Pirc Defense,1746913656279
Rachel2070,F,1dvbwivL,1999.0,ajam73,False,False,resign,43,57.0,A58,Benko Gambit Accepted: Fully Accepted Variation,1746913368866
Rachel2070,F,Hs3TunOW,2370.0,Olga_Zhuravleva,False,True,outoftime,47,26.0,C54,"Italian Game: Classical Variation, Giuoco Pianissimo",1746912994764
Rachel2070,F,D23xDRW2,2265.0,speshu,True,False,resign,0,,,,1746912394915
Rachel2070,F,ro6KfpQ6,2216.0,tunacem,False,False,outoftime,35,39.0,A46,Indian Defense: Spielmann-Indian,1746912046857
Rachel2070,F,TWkC54a4,2526.0,EXCELADDIKT,True,False,resign,21,40.0,B23,"Sicilian Defense: Closed, Traditional",1746911851990
Rachel2070,F,xneGyBcU,2308.0,FernandoAcevedo,True,True,resign,21,27.0,B06,Modern Defense: Standard Defense,1746911632366
Rachel2070,F,mp56ng6H,2221.0,tunacem,False,False,outoftime,35,42.0,C24,Bishop's Opening: Berlin Defense,1746911201273
Rachel2070,F,rUBaeIZM,2430.0,SanthoshAyyappan,True,False,resign,25,10.0,C54,"Italian Game: Classical Variation, Giuoco Pianissimo",1746910181938
Rachel2070,F,gyRKQSvH,2046.0,Veloci_raptor,True,False,resign,1,,B20,Sicilian Defense,1712462818674
Rachel2070,F,evkWXgUE,2303.0,chess-papi,True,True,mate,25,26.0,B23,"Sicilian Defense: Closed, Traditional",1705092328292
Rachel2070,F,eI4ORDpu,2004.0,D_Everything_Yes_You,False,False,outoftime,39,31.0,A39,"English Opening: Symmetrical Variation, Mecking Variation",1705091402292
Rachel2070,F,bgVCMNZh,1500.0,EliY23,False,True,outoftime,27,24.0,C50,Italian Game: Giuoco Piano,1701221061832
Rachel2070,F,cWLJ8X18,2071.0,SDubois,False,False,resign,44,49.0,A01,Nimzo-Larsen Attack: Modern Variation,1667592532552
Rachel2070,F,3Dz93RVq,2077.0,chessasta,True,False,resign,59,88.0,B41,Sicilian Defense: Kan Variation,1667591777036
Rachel2070,F,3Q9P0oIV,2045.0,ekimovskihdarya,True,True,resign,17,51.0,B23,"Sicilian Defense: Closed, Traditional",1649363771612
Rachel2070,F,H8clmDbS,2093.0,Adil_Tatico,True,False,outoftime,65,47.0,B23,Sicilian Defense: Closed,1637638036278
Rachel2070,F,ho8usuBe,2088.0,Nuriddin_970,False,False,mate,22,81.0,C44,"Scotch Game: Scotch Gambit, Sarratt Variation",1637637785477
Tenamu,F,kk28YA3F,2622.0,MahammadMuradli2003,False,False,resign,32,77.0,A61,Benoni Defense,1628365805812
Tenamu,F,iK0sgjBY,2571.0,iniyak_baisut,True,True,resign,39,77.0,B01,"Scandinavian Defense: Main Line, Mieses Variation",1628365497374
Tenamu,F,t2xR3hwP,2561.0,lanchester1,True,True,resign,36,23.0,D01,Rapport-Jobava System,1628365196189
Tenamu,F,N9g92WS7,2816.0,msb2,False,False,resign,30,70.0,A61,Benoni Defense: Uhlmann Variation,1628365080091
Tenamu,F,OeIbI92O,2807.0,Arka50,False,False,resign,63,52.0,C11,"French Defense: Classical Variation, Shirov-Anand Variation",1628364873924
Tenamu,F,sH1u8MKj,2441.0,rueoxy001,True,False,outoftime,56,115.0,B00,Owen Defense,1628364666137
Tenamu,F,e6PpTuq2,2855.0,Vladimirovich9000,False,False,outoftime,60,13.0,A46,Torre Attack: Classical Defense,1628364456180
Tenamu,F,10151MiS,3115.0,DrNykterstein,False,False,resign,35,57.0,A07,King's Indian Attack: Yugoslav Variation,1628364141242
Tenamu,F,t7Amy7lJ,2548.0,DenishevM,True,True,resign,10,17.0,B04,"Alekhine Defense: Modern Variation, Larsen Variation",1628364084052
Tenamu,F,CzrNWpNQ,2512.0,Semetei,False,False,outoftime,46,99.0,A08,King's Indian Attack: Sicilian Variation,1628363778299
Tenamu,F,tcSBKdip,2592.0,Makswolf200818,True,False,resign,15,62.0,B44,Sicilian Defense: Taimanov Variation,1628363690743
Tenamu,F,OIb0hZKz,2793.0,Funo09,False,False,resign,19,110.0,C11,"French Defense: Classical Variation, Shirov-Anand Variation",1628363520258
Tenamu,F,X4tCZlbh,3112.0,DrNykterstein,True,False,resign,25,69.0,B08,"Pirc Defense: Classical Variation, Quiet System",1628363323489
Tenamu,F,MicTvMiV,2555.0,jLmTik,False,True,resign,21,13.0,A01,Nimzo-Larsen Attack: Indian Variation,1628363205243
Tenamu,F,4M8C8dqo,2874.0,msb2,True,True,mate,62,43.0,D01,Rapport-Jobava System,1628363003708
Tenamu,F,A0ORc43d,2293.0,caballomarino,True,True,mate,42,48.0,C11,"French Defense: Steinitz Variation, Boleslavsky Variation",1628362801898
Tenamu,F,dzmlXnIL,2463.0,Tacticotacotac,False,False,resign,41,,A20,English Opening: King's English Variation,1615061321565
Tenamu,F,ydqNPTNx,2480.0,AghasiyevKamal,True,False,resign,37,,D01,Rapport-Jobava System,1615061048342
Tenamu,F,BeZTLHyD,2724.0,Pon4ik2006,False,False,resign,51,,A70,"Benoni Defense: Classical Variation, New York Variation",1615060823066
Tenamu,F,QAoF6QDN,2473.0,zim36,True,True,mate,33,,A43,Benoni Defense: Old Benoni,1615060708580
hrlyqnn,F,iWs8IGrT,1266.0,Roseyyy10,False,True,outoftime,37,37.0,C99,"Ruy Lopez: Closed, Chigorin Defense, Panov System",1765281545149
hrlyqnn,F,CVkYjCQh,1266.0,Roseyyy10,False,True,mate,35,56.0,C99,"Ruy Lopez: Closed, Chigorin Defense, Panov System",1765281096077
hrlyqnn,F,TgoBtL5E,756.0,MSjeDI,True,False,timeout,13,41.0,D02,Queen's Pawn Game: London System,1763204868351
hrlyqnn,F,sVOKUckt,2385.0,Wildswimming,True,False,draw,36,27.0,A48,Queen's Pawn Game: Barry Attack,1763020200323
hrlyqnn,F,PwjDyWfs,1266.0,Roseyyy10,False,True,mate,27,10.0,B59,Sicilian Defense: Boleslavsky Variation,1761825185733
hrlyqnn,F,moZPSSWn,1266.0,Roseyyy10,True,True,outoftime,32,23.0,B59,Sicilian Defense: Boleslavsky Variation,1761824740544
hrlyqnn,F,xanB39ho,1266.0,Roseyyy10,False,False,draw,42,31.0,B59,Sicilian Defense: Boleslavsky Variation,1761652487385
hrlyqnn,F,Hde6fXI1,1266.0,Roseyyy10,True,True,outoftime,27,11.0,B59,Sicilian Defense: Boleslavsky Variation,1761652051710
hrlyqnn,F,k6jGLPmA,1266.0,Roseyyy10,False,True,outoftime,24,35.0,B59,Sicilian Defense: Boleslavsky Variation,1761651360073
hrlyqnn,F,hb1Pewyw,1266.0,Roseyyy10,True,True,resign,29,14.0,B59,Sicilian Defense: Boleslavsky Variation,1761650910671
hrlyqnn,F,cWIxwsg8,1266.0,Roseyyy10,False,True,resign,29,15.0,B59,Sicilian Defense: Boleslavsky Variation,1761650466166
hrlyqnn,F,IfSiSeB2,1266.0,Roseyyy10,True,True,mate,23,20.0,B59,Sicilian Defense: Boleslavsky Variation,1761566151898
hrlyqnn,F,Hx4HXTiS,1266.0,Roseyyy10,False,True,resign,17,17.0,B59,Sicilian Defense: Boleslavsky Variation,1761565893690
hrlyqnn,F,oaD2eIJp,1266.0,Roseyyy10,True,True,outoftime,24,22.0,B59,Sicilian Defense: Boleslavsky Variation,1761565524448
hrlyqnn,F,rq3gX2wc,1540.0,Zmagical02,False,False,draw,10,8.0,B01,Scandinavian Defense: Gubinsky-Melts Defense,1761442408887
hrlyqnn,F,ZapOTlwo,1540.0,Zmagical02,False,False,draw,13,5.0,B01,"Scandinavian Defense: Main Line, Mieses Variation",1761442054999
hrlyqnn,F,apw0muHd,1040.0,Ayush_Cherukuri,True,False,draw,14,60.0,,,1760662072535
hrlyqnn,F,atrYGzxy,1040.0,Ayush_Cherukuri,True,True,resign,20,42.0,,,1760661797803
hrlyqnn,F,oB1NIrcw,1040.0,Ayush_Cherukuri,True,False,draw,19,21.0,B22,"Sicilian Defense: Alapin Variation, Barmen Defense",1760660508502
hrlyqnn,F,a2dEgDn5,1266.0,Roseyyy10,False,True,resign,25,29.0,B59,Sicilian Defense: Boleslavsky Variation,1760443608628
Warrior_5,F,AI5hEMEu,2136.0,Superslavo97,True,True,mate,60,14.0,A45,Indian Defense,1692824275834
Warrior_5,F,dVOKxCH1,2219.0,Szachy05,False,True,outoftime,38,40.0,B12,"Caro-Kann Defense: Advance Variation, Tal Variation",1692824004860
Warrior_5,F,uU6jG04D,2238.0,Tigran_Movsesyan2006,False,True,resign,26,29.0,B10,Caro-Kann Defense: Two Knights Attack,1692823850370
Warrior_5,F,GqTpn1Wi,2077.0,Matjak,True,True,resign,26,35.0,B09,"Pirc Defense: Austrian Attack, Kurajica Variation",1692823688462
Warrior_5,F,lO1p2KsA,1958.0,ponsky,False,True,resign,32,46.0,D03,Queen's Pawn Game: Torre Attack,1692823529697
Warrior_5,F,0d0Bd9nE,2863.0,Shant7777777,False,False,outoftime,43,57.0,D02,Queen's Pawn Game: London System,1692823266577
Warrior_5,F,7Bzo1b9S,1834.0,RobertoGarcia_2005,True,True,mate,22,78.0,A45,Indian Defense,1692823126422
Warrior_5,F,tQN6f32L,1782.0,EgbertD,True,True,mate,26,50.0,A45,Indian Defense,1692822941140
Warrior_5,F,8nX683ZV,1941.0,cariMruN,False,True,mate,27,7.0,B10,Caro-Kann Defense: Two Knights Attack,1692822756411
Warrior_5,F,6dvj32IN,1842.0,sallam92,True,True,mate,34,24.0,B33,Sicilian Defense: Lasker-Pelikan Variation,1692822504148
Warrior_5,F,OVh3M2OU,2080.0,GA3RA,False,True,resign,63,49.0,B44,Sicilian Defense: Taimanov Variation,1692819321852
Warrior_5,F,gygSAyTU,1976.0,Kiril_Starodub,True,True,resign,23,45.0,A02,Bird Opening: From's Gambit,1692819154034
Warrior_5,F,ZThyCTaY,2473.0,Optimus-Prime0,False,False,outoftime,90,30.0,B10,Caro-Kann Defense: Apocalypse Attack,1692818852166
Warrior_5,F,yOIUmyMx,2211.0,kazupace,True,True,mate,30,32.0,C45,Scotch Game: Schmidt Variation,1692818497048
Warrior_5,F,0qrG001o,1549.0,OboturovViaChessLove,True,True,mate,24,54.0,A80,Dutch Defense: Alapin Variation,1692818208779
Warrior_5,F,oUc05jPe,2130.0,egisto,False,True,resign,40,34.0,B12,Caro-Kann Defense,1692817857058
Warrior_5,F,y3GKGQ1F,2472.0,Big_Problems,True,True,outoftime,50,86.0,B51,Sicilian Defense: Moscow Variation,1692817556845
Warrior_5,F,ejQh3w9B,2504.0,Risingfreak,False,False,resign,58,39.0,B42,"Sicilian Defense: Kan Variation, Modern Variation",1692817202590
Warrior_5,F,wOOyKKEu,2472.0,purzelbaumer,True,False,resign,40,43.0,A48,East Indian Defense,1660162709036
Warrior_5,F,7lsTxn7o,2322.0,Hai1836,True,False,mate,47,120.0,D02,Queen's Pawn Game: Symmetrical Variation,1660162141266
Edogawayan,F,SwewJgoC,2455.0,Charlie_Manjerico,False,False,resign,60,47.0,D37,Queen's Gambit Declined: Harrwitz Attack,1754570993311
Edogawayan,F,6G9g382k,2291.0,JenniferRockwell,True,True,resign,29,43.0,E20,Nimzo-Indian Defense: Kmoch Variation,1746791242804
Edogawayan,F,fxZdiRT7,,,False,True,mate,46,,A04,Zukertort Opening: Ross Gambit,1740940865498
Edogawayan,F,4KRn2tdc,,,True,True,mate,22,,D00,Queen's Pawn Game,1740336056717
Edogawayan,F,EOcmE3RC,2412.0,IamALLsadness,False,True,resign,56,21.0,B12,"Caro-Kann Defense: Advance Variation, Tal Variation",1736199713584
Edogawayan,F,pr2YDNXo,2452.0,infection,True,True,resign,39,46.0,E20,Nimzo-Indian Defense: Kmoch Variation,1735828052944
Edogawayan,F,jr9wY8XM,2324.0,ushiosla,True,False,resign,58,52.0,E20,Nimzo-Indian Defense: Kmoch Variation,1729440036747
Edogawayan,F,TNQ6ArBQ,2374.0,elcondorprasa,False,True,resign,18,28.0,B11,"Caro-Kann Defense: Two Knights Attack, Mindeno Variation, Exchange Line",1729419418220
Edogawayan,F,vQugVmiK,2237.0,Chess_inmyheart,True,True,outoftime,22,16.0,E25,Nimzo-Indian Defense: Sämisch Variation,1729374827874
Edogawayan,F,cNMHXkyQ,2304.0,bbubb,False,True,mate,18,14.0,C01,French Defense: Exchange Variation,1729374513990
Edogawayan,F,MZAe2vtT,2283.0,Nisamjamajkemi,True,False,draw,51,13.0,A51,"Indian Defense: Budapest Defense, Fajarowicz Variation",1729372659047
Edogawayan,F,HN7diJlj,2292.0,Nisamjamajkemi,False,True,resign,68,34.0,D02,"Queen's Gambit Declined: Baltic Defense, Pseudo-Slav",1729372057145
Edogawayan,F,PAguEY5X,2333.0,TaufiqBagas,False,True,resign,40,31.0,D00,Queen's Pawn Game: Accelerated London System,1726929369827
Edogawayan,F,tYq7qnWQ,2392.0,Iskuri,False,False,resign,37,33.0,B13,Caro-Kann Defense: Exchange Variation,1720295711649
Edogawayan,F,UO3C5ajW,1842.0,x_luk_x,False,False,draw,26,38.0,B14,Caro-Kann Defense: Panov Attack,1719476705861
Edogawayan,F,368mtvo9,1843.0,x_luk_x,True,True,outoftime,65,54.0,B12,"Caro-Kann Defense: Advance Variation, Tal Variation",1719476321964
Edogawayan,F,wuKp6aEJ,1845.0,x_luk_x,False,True,resign,41,50.0,C01,French Defense: Exchange Variation,1719475950512
Edogawayan,F,Ap2pqtjz,2222.0,Funology,True,True,resign,8,15.0,E91,King's Indian Defense: Orthodox Variation,1715937185772
Edogawayan,F,706nqBjp,2133.0,dJoelfanSyah,True,False,outoftime,55,29.0,D10,Slav Defense: Exchange Variation,1710779692571
Edogawayan,F,CmEPLJ2t,2110.0,levonnN,False,True,resign,22,21.0,C00,French Defense: Steiner Variation,1710779476810
kathryna,F,Z9bxCKBa,2066.0,ersin69,True,True,mate,51,31.0,A40,Queen's Pawn Game: Modern Defense,1764883506664
kathryna,F,IRPc2wZG,2074.0,Cavalier-Bleu,False,False,draw,45,26.0,A00,Polish Opening: King's Indian Variation,1764882905616
kathryna,F,SGSlIi8Q,2101.0,Igor_Kovesgnikov,False,True,outoftime,31,34.0,A11,"Réti Opening: Anglo-Slav Variation, Gurevich System",1764882280380
kathryna,F,3Uje3rpH,2115.0,caradey,False,False,mate,34,55.0,D45,Semi-Slav Defense: Main Line,1764881944810
kathryna,F,Izu3gfIR,2187.0,Chesswarrior82,False,False,mate,54,52.0,A08,King's Indian Attack: Sicilian Variation,1764881541845
kathryna,F,E8ooApSi,2239.0,rayrey784,True,False,resign,29,51.0,A46,Indian Defense: Knights Variation,1764803058404
kathryna,F,JTnI1sT3,2098.0,VriendSchaak,True,False,mate,67,53.0,D02,"Queen's Pawn Game: Symmetrical Variation, Pseudo-Catalan",1764802467747
kathryna,F,nlVlFGVx,1978.0,gigi87,True,False,outoftime,56,59.0,D02,"Queen's Pawn Game: Symmetrical Variation, Pseudo-Catalan",1763671288759
kathryna,F,yCDkGH4q,2167.0,WalterSabo,False,True,outoftime,48,45.0,A16,"English Opening: Anglo-Indian Defense, Anglo-Grünfeld Variation",1763670603363
kathryna,F,Thnu18Fl,2168.0,figipy99,True,False,mate,48,50.0,A40,Horwitz Defense,1763066662433
kathryna,F,hh45gb0J,1964.0,tarikhk87,False,True,resign,22,24.0,B12,Caro-Kann Defense: Advance Variation,1763066171851
kathryna,F,GEXQTap9,2099.0,Drip1970,True,True,mate,47,39.0,D30,Queen's Gambit Declined,1763065426524
kathryna,F,oEuCVrHg,2153.0,JohnViktor,True,False,mate,32,49.0,D02,"Queen's Pawn Game: Symmetrical Variation, Pseudo-Catalan",1762636081110
kathryna,F,NPqvOcL9,2153.0,cariosto,True,True,resign,47,31.0,A92,Dutch Defense: Stonewall Variation,1762635580819
kathryna,F,hWEeDbKG,2062.0,IKA7139,False,False,draw,98,26.0,D10,Slav Defense: Diemer Gambit,1762634948588
kathryna,F,RbDB4cUV,2325.0,ZeoElite,True,False,resign,30,42.0,E18,"Queen's Indian Defense: Classical Variation, Traditional Variation",1762209520699
kathryna,F,1A5gmUc6,1850.0,perebla,True,True,resign,32,23.0,D75,Neo-Grünfeld Defense: Delayed Exchange Variation,1762208551832
kathryna,F,mLGwcBIV,1766.0,jmjogi,False,True,resign,75,49.0,B13,Caro-Kann Defense: Exchange Variation,1762207487203
kathryna,F,BJrLJIxT,1446.0,ErdkernAirlines,False,True,resign,62,28.0,A03,Bird Opening: Dutch Variation,1762206519446
kathryna,F,m0VAMwx2,1690.0,KirkD,True,False,resign,45,59.0,A46,Indian Defense: Spielmann-Indian,1762205597080
Alindsay,F,s686mhis,2456.0,Dialog12,True,True,outoftime,33,31.0,B32,Sicilian Defense: Godiva Variation,1764017012130
Alindsay,F,9vEc1LXD,2292.0,salim_m1,True,True,outoftime,70,41.0,B12,"Caro-Kann Defense: Advance Variation, Short Variation",1763096594191
Alindsay,F,HyH8M7FF,2478.0,onthewaygm,False,False,resign,42,44.0,B06,Modern Defense: Standard Defense,1762643423651
Alindsay,F,1VmwKxJI,2289.0,ThunderClap,False,True,mate,47,32.0,A45,Trompowsky Attack,1762638930356
Alindsay,F,Lj8yOleA,2387.0,DmitryK1,False,True,resign,54,28.0,A00,Mieses Opening,1762638588249
Alindsay,F,Ecgqjjyc,2403.0,chesspawnrookking,False,True,outoftime,68,59.0,B47,"Sicilian Defense: Taimanov Variation, Bastrikov Variation",1762638386034
Alindsay,F,4etf8XN0,2317.0,Nyameba,True,False,draw,70,43.0,E65,"King's Indian Defense: Fianchetto Variation, Yugoslav Variation, Exchange Line",1762638099444
Alindsay,F,0Q4FYrsK,2471.0,AlexeyOlegovich,True,True,resign,46,22.0,B90,"Sicilian Defense: Najdorf Variation, Adams Attack",1762637782035
Alindsay,F,jacftYSf,2470.0,mickeljackson1388,False,False,resign,30,53.0,A00,Polish Opening,1762637643765
Alindsay,F,mLzdQIUx,2501.0,Blind_mole1,True,True,outoftime,52,25.0,B01,"Scandinavian Defense: Main Line, Mieses Variation",1762637404224
Alindsay,F,xZzoD40d,2499.0,ChSalas,True,True,outoftime,42,27.0,B03,Alekhine Defense: Exchange Variation,1762637029080
Alindsay,F,iGtypgr0,2423.0,Siphephile2001,False,True,resign,31,22.0,B47,"Sicilian Defense: Taimanov Variation, Bastrikov Variation",1762636719175
Alindsay,F,OuI9hbmA,2638.0,Tim-Grutter,True,False,resign,32,68.0,B00,Pirc Defense,1762636367190
Alindsay,F,eyZJ9Pq9,2471.0,mickeljackson1388,True,True,outoftime,61,26.0,A05,King's Indian Attack: Symmetrical Defense,1762635971288
Alindsay,F,9qUQpqyp,2304.0,messi-and-fischer,False,False,resign,48,50.0,B47,"Sicilian Defense: Taimanov Variation, Bastrikov Variation",1762635657991
Alindsay,F,q0zZ5s5h,2350.0,Udar59,False,True,outoftime,54,28.0,B40,Sicilian Defense: French Variation,1762635280462
Alindsay,F,hpLx3d1k,2378.0,Joker123chemp,True,False,mate,77,35.0,D00,Queen's Pawn Game: Accelerated London System,1762634986797
Alindsay,F,Xnx8iarG,2507.0,whiteprocess,False,False,resign,25,51.0,B09,"Pirc Defense: Austrian Attack, Kurajica Variation",1762634875260
Alindsay,F,1RtFLKv3,2180.0,oaao-2011mf,True,True,outoftime,89,75.0,A05,King's Indian Attack: Symmetrical Defense,1762634544499
Alindsay,F,YFTo92CJ,2315.0,MBA_CHESS_2022,False,True,outoftime,51,44.0,E75,"King's Indian Defense: Averbakh Variation, Main Line",1762562187690
Prniiian_ghomi,F,bICJVLhl,2423.0,Secertqueen948474,False,False,draw,22,22.0,A40,Horwitz Defense,1755453413635
Prniiian_ghomi,F,pdUCzeTx,2121.0,ferferi8730,False,True,resign,28,30.0,C00,French Defense: King's Indian Attack,1755453275688
Prniiian_ghomi,F,20gxJbZM,1926.0,farnooshbaba1,True,True,mate,40,39.0,A48,London System,1755453086888
Prniiian_ghomi,F,FPt0wxgb,2361.0,SABSMSJESSICA,True,True,resign,13,12.0,D00,Queen's Pawn Game: Accelerated London System,1755453007300
Prniiian_ghomi,F,8WBloQiG,2006.0,chessyvnn,False,False,noStart,0,,A04,Zukertort Opening,1755452971815
Prniiian_ghomi,F,1nCau5Hz,2152.0,Jemimapaulo2007,False,True,resign,33,25.0,A00,Van't Kruijs Opening,1755452730188
Prniiian_ghomi,F,lXb0x8nW,1930.0,farnooshbaba1,True,True,mate,31,29.0,A45,Indian Defense,1755452548685
Prniiian_ghomi,F,Y0BbxhFN,2397.0,Secertqueen948474,False,False,resign,33,64.0,A40,Horwitz Defense,1755452309218
Prniiian_ghomi,F,8Rd4xXrp,1917.0,ss_01_kh,False,False,resign,34,31.0,C02,"French Defense: Advance Variation, Main Line",1755452006566
Prniiian_ghomi,F,u5qo7iZT,2323.0,Dolmotol,True,True,resign,56,14.0,A40,Horwitz Defense,1755451477090
Prniiian_ghomi,F,ZWWVVvfG,1974.0,swimmingpool128,False,True,resign,27,23.0,C00,French Defense: Orthoschnapp Gambit,1755451352896
Prniiian_ghomi,F,OYxNSp75,1578.0,ati_tah,True,True,resign,26,25.0,A40,Queen's Pawn Game,1755451186925
Prniiian_ghomi,F,B8Mnrx55,2405.0,Secertqueen948474,True,True,resign,31,21.0,A45,Indian Defense,1755450958666
Prniiian_ghomi,F,Gs86iPp1,1740.0,JEHANNIE_OPADIA,False,True,mate,82,22.0,C01,French Defense: Exchange Variation,1755450691058
Prniiian_ghomi,F,75KqbQY9,1551.0,ati_tah,True,True,resign,22,31.0,A40,Queen's Pawn Game,1755450543124
Prniiian_ghomi,F,5AuRZ4nQ,1742.0,tanisha_a0809,False,True,mate,16,11.0,C00,French Defense,1755450345309
Prniiian_ghomi,F,G7TwfLDk,2423.0,mitraasz,True,False,resign,55,138.0,D00,Queen's Pawn Game: Accelerated London System,1755450169367
Prniiian_ghomi,F,Vwe4mqp2,2422.0,Secertqueen948474,False,True,mate,18,16.0,A90,Dutch Defense: Classical Variation,1755450003856
Prniiian_ghomi,F,wQPUqGDV,2396.0,Olbu61,True,False,mate,44,32.0,C00,French Defense: Two Knights Variation,1752762896613
Prniiian_ghomi,F,y9kVGIJT,2297.0,Nordhorn1973,False,False,mate,24,48.0,C44,Ponziani Opening: Jaenisch Counterattack,1752762586653
Keti_Tsatsalashvili,F,Db8nbIze,2235.0,Adadard,False,False,draw,74,45.0,E15,"Queen's Indian Defense: Fianchetto Variation, Nimzowitsch Variation, Quiet Line",1729602314981
Keti_Tsatsalashvili,F,pzoC3gMN,2278.0,Omniscient_Toast,True,False,draw,62,51.0,A46,Indian Defense: London System,1729601973677
Keti_Tsatsalashvili,F,Hupb9KkT,2421.0,Crisle,False,False,resign,28,40.0,B50,Sicilian Defense: Modern Variations,1729601807486
Keti_Tsatsalashvili,F,dKYzRRHt,2235.0,wellyounotknow,True,True,resign,30,24.0,A80,Dutch Defense,1729601566966
Keti_Tsatsalashvili,F,YsZxXB4u,2161.0,Exrich,False,True,outoftime,33,20.0,E54,"Nimzo-Indian Defense: Normal Variation, Gligoric System, Exchange Variation",1729601230671
Keti_Tsatsalashvili,F,FYticjR1,2233.0,Knight74ol,False,False,outoftime,75,53.0,B50,Sicilian Defense: Modern Variations,1729600810663
Keti_Tsatsalashvili,F,E8EHfK9C,821.0,cheuk123154,False,True,outoftime,27,28.0,B51,Sicilian Defense: Moscow Variation,1645986800523
Keti_Tsatsalashvili,F,3V2hW2cd,1335.0,novoque,False,True,resign,0,,,,1645986208127
Keti_Tsatsalashvili,F,ezxHmZvC,1844.0,pengkeat,True,True,outoftime,41,35.0,D02,Queen's Pawn Game: Symmetrical Variation,1645985561386
Keti_Tsatsalashvili,F,rJ2V6prD,1453.0,ponyrincon,True,True,mate,23,48.0,E32,Nimzo-Indian Defense: Classical Variation,1645984912452
Keti_Tsatsalashvili,F,AMAyGcbV,2470.0,maxneo,False,False,outoftime,36,53.0,A00,Grob Opening: Spike Attack,1645984275519
Keti_Tsatsalashvili,F,yGY61CaT,1684.0,Timcom,True,True,mate,36,23.0,D02,Queen's Pawn Game: Zukertort Variation,1645983688859
Keti_Tsatsalashvili,F,whCuWBw4,1594.0,funaklja,False,True,mate,43,22.0,B20,Sicilian Defense: Bowdler Attack,1645983046739
Keti_Tsatsalashvili,F,05r8rRWr,2584.0,srinathbaggins,True,False,mate,30,45.0,A64,"Benoni Defense: Fianchetto Variation, Hastings Defense, Main Line",1645982415107
Keti_Tsatsalashvili,F,8hJ4begy,1029.0,oleverkac,True,True,mate,23,4.0,D02,Queen's Pawn Game: Zukertort Variation,1645981843487
Keti_Tsatsalashvili,F,fPz9RpYq,1500.0,MchessD,False,True,outoftime,23,4.0,B54,"Sicilian Defense: Modern Variations, Main Line",1645981201148
Keti_Tsatsalashvili,F,itlLwV7e,2467.0,luckyim,True,False,mate,60,62.0,D04,Queen's Pawn Game: Colle System,1610035451513
Keti_Tsatsalashvili,F,bjNyQhZ7,2265.0,A-S-00,False,True,outoftime,37,,D37,Queen's Gambit Declined: Three Knights Variation,1610034835687
Keti_Tsatsalashvili,F,FqhkP3fG,2538.0,Merlotty,False,True,resign,52,,B10,Caro-Kann Defense: Breyer Variation,1610034153289
Keti_Tsatsalashvili,F,5znJKcEd,2439.0,Fire_on_board7,True,True,mate,91,,E90,"King's Indian Defense: Normal Variation, Rare Defenses",1610033566940
Anchkaaaaa,F,aXJf9iBb,2337.0,mesterseen,True,True,outoftime,68,21.0,A38,"English Opening: Symmetrical Variation, Duchamp Variation",1763374875483
Anchkaaaaa,F,olCEnPb0,2306.0,Ershad1,False,True,resign,14,22.0,B02,Alekhine Defense: Scandinavian Variation,1763374820596
Anchkaaaaa,F,VfUvFMe1,2198.0,MenkoDvirginproducer,False,True,outoftime,47,63.0,A85,Dutch Defense: Queen's Knight Variation,1763373629345
Anchkaaaaa,F,IqOIMsYU,2328.0,EtoFiaskoBratan,False,False,draw,57,20.0,A01,Nimzo-Larsen Attack,1761246702701
Anchkaaaaa,F,NQ3ClPS5,2166.0,Sasha3271,True,True,resign,35,18.0,A40,Mikenas Defense: Lithuanian Variation,1761246481830
Anchkaaaaa,F,2gc6aDTH,1965.0,DennisBee,True,False,resign,52,46.0,A07,King's Indian Attack,1761245928956
Anchkaaaaa,F,bqaS1iU5,2358.0,Tulovishe,False,True,resign,36,11.0,A38,"English Opening: Symmetrical Variation, Duchamp Variation",1761245500807
Anchkaaaaa,F,0UA82Xxx,2190.0,Bondarenko-Dmitriy,False,True,resign,27,29.0,B21,Sicilian Defense: McDonnell Attack,1761245229176
Anchkaaaaa,F,3OFLfKW4,2694.0,kivyy,True,False,resign,37,32.0,A23,"English Opening: King's English Variation, Two Knights Variation, Keres Variation",1761244760466
Anchkaaaaa,F,oBzQpqWi,2601.0,Grebnev_Aleksey,False,False,resign,45,49.0,A56,Benoni Defense,1761244347381
Anchkaaaaa,F,iqx88iGE,2101.0,Gondolin,True,True,resign,40,21.0,A40,Englund Gambit: Main Line,1761243851106
Anchkaaaaa,F,7o85Oiyv,2309.0,NikitaStepanovv,False,True,resign,20,23.0,C11,"French Defense: Classical Variation, Burn Variation, Morozevich Line",1761243573658
Anchkaaaaa,F,UI508gtp,2346.0,fQ-System,True,True,resign,23,12.0,D15,Slav Defense: Chebanenko Variation,1761243222313
Anchkaaaaa,F,zxJjMlYj,1926.0,nilyin,False,True,outoftime,29,15.0,B22,"Sicilian Defense: Alapin Variation, Smith-Morra Declined",1761242716033
Anchkaaaaa,F,4fwwP66A,2564.0,hamidebh001,False,True,resign,51,29.0,D10,Slav Defense: Winawer Countergambit,1760297728407
Anchkaaaaa,F,cy5PaaGT,2271.0,czarny_humor,True,True,resign,81,25.0,E61,King's Indian Defense: Smyslov Variation,1760297045142
Anchkaaaaa,F,qnZzxGRR,2327.0,THOR_1HAN,False,True,resign,26,28.0,B01,"Scandinavian Defense: Main Line, Mieses Variation",1760296694565
Anchkaaaaa,F,tzZP9qjz,2063.0,Michael1963,True,True,mate,41,19.0,E32,Nimzo-Indian Defense: Classical Variation,1760296316688
Anchkaaaaa,F,zNu4veU2,2246.0,amirking8,True,True,outoftime,67,71.0,E60,"King's Indian Defense: Semi-Classical Variation, Hollywood Variation",1760296063011
Anchkaaaaa,F,ioWbykRU,2272.0,GiralDingLiren,False,True,noStart,0,,,,1760295991978
mariubaldo135,F,N8tJTHhd,2062.0,Fizgure,True,False,timeout,23,41.0,D15,Slav Defense: Alekhine Variation,1757121617731
mariubaldo135,F,oI61z6Yu,2071.0,santosjr01,True,False,draw,42,64.0,D02,Queen's Pawn Game: Symmetrical Variation,1757121116430
mariubaldo135,F,GyZm2hEP,1917.0,iswahy,False,False,timeout,21,64.0,B30,Sicilian Defense: Old Sicilian,1757120860977
mariubaldo135,F,69zPt4Lz,1993.0,chamby2018,True,True,resign,24,33.0,E60,"King's Indian Defense: Normal Variation, King's Knight Variation",1757120513300
mariubaldo135,F,fROysOAw,2027.0,WallasTiger,False,False,stalemate,56,55.0,B21,"Sicilian Defense: Smith-Morra Gambit Declined, Push Variation",1757119895925
mariubaldo135,F,oBJT3U9c,2034.0,AvelinoRecife,False,False,outoftime,61,40.0,B30,Sicilian Defense: Old Sicilian,1757119215109
mariubaldo135,F,Meh2kBs5,2138.0,waled27,True,True,resign,25,23.0,D02,Queen's Pawn Game: Zukertort Variation,1757118840302
mariubaldo135,F,J69mMCOE,2049.0,khalid-a-m-y,False,False,outoftime,34,27.0,D00,Queen's Pawn Game: Stonewall Attack,1757118190104
mariubaldo135,F,FkHCvlF0,2046.0,Abuelopeligroso,True,True,mate,33,59.0,A51,Indian Defense: Budapest Defense,1757111568050
mariubaldo135,F,jqy6eZHO,2055.0,alfildelterror,True,True,mate,32,33.0,A40,Horwitz Defense,1757111021336
mariubaldo135,F,js2zWHzo,2058.0,magalang8888,False,False,outoftime,29,60.0,B30,Sicilian Defense: Old Sicilian,1757105962399
mariubaldo135,F,sYX9vjjf,2018.0,Gyn,True,True,resign,27,17.0,D05,"Queen's Pawn Game: Colle System, Traditional Colle",1757105641741
mariubaldo135,F,6KhCv3r9,2151.0,Panther48,False,False,outoftime,55,17.0,B60,Sicilian Defense: Richter-Rauzer Variation,1757105031190
mariubaldo135,F,FzynbqLG,1932.0,shabgard70,True,True,mate,55,30.0,E91,King's Indian Defense: Orthodox Variation,1757086745346
mariubaldo135,F,9aD9aLIN,2098.0,TariqMughal,False,True,resign,23,13.0,B73,"Sicilian Defense: Dragon Variation, Classical Variation, Battery Variation",1757086493304
mariubaldo135,F,CaPQKTkf,2083.0,zugauyah2020,False,False,outoftime,25,48.0,A01,Nimzo-Larsen Attack: Classical Variation,1757085950155
mariubaldo135,F,VSFisfIN,2024.0,HMuhajir_KabBogor,True,True,outoftime,22,28.0,A43,Benoni Defense: Old Benoni,1757035688091
mariubaldo135,F,gUQtlm1v,2035.0,mobilegeek,True,True,mate,32,27.0,D15,Slav Defense: Alekhine Variation,1757035135023
mariubaldo135,F,Mt6TfMTs,1933.0,SIANGTIGER99,False,True,resign,28,30.0,B33,Sicilian Defense: Open,1757034786760
mariubaldo135,F,i3o5Dy9C,2033.0,kanyut,False,True,resign,30,49.0,D04,"Queen's Pawn Game: Colle System, Anti-Colle",1757034362287
Briseyda,F,DCFrMo8n,2029.0,SERGIO_CUZ0409,True,False,draw,58,69.0,B21,Sicilian Defense: Smith-Morra Gambit Accepted,1765600115914
Briseyda,F,iJ1xLwmF,1315.0,China12_BA,True,True,resign,23,14.0,C50,"Italian Game: Giuoco Pianissimo, Italian Four Knights Variation",1765599854744
Briseyda,F,BM9xUwKn,1621.0,LA4T,False,True,mate,27,20.0,D37,Queen's Gambit Declined: Three Knights Variation,1765599296054
Briseyda,F,PEDDvDAr,1298.0,China12_BA,True,True,resign,17,26.0,C47,Four Knights Game: Italian Variation,1765599004399
Briseyda,F,9Y5VQSGo,1500.0,alex_2456789977,False,True,noStart,0,,,,1765598942961
Briseyda,F,0LUvFKln,2274.0,SigmundFreudXOX,True,False,mate,33,42.0,B21,"Sicilian Defense: Smith-Morra Gambit Declined, Push Variation",1731194897015
Briseyda,F,tMIRv31n,2082.0,FranciscoMarquez_20,False,True,resign,56,48.0,C44,"Scotch Game: Scotch Gambit, Dubois Réti Defense",1731194401960
Briseyda,F,Q2c6wT2Z,2209.0,Axolote_rosa,True,False,resign,20,41.0,C47,Four Knights Game: Italian Variation,1731194143545
Briseyda,F,ZP9DsisG,1551.0,Alexanderburguenolun,True,True,resign,9,9.0,B21,Sicilian Defense: Smith-Morra Gambit Accepted,1731194059197
Briseyda,F,W13WJ6MZ,2091.0,FranciscoMarquez_20,False,True,outoftime,50,44.0,C56,Italian Game: Scotch Gambit,1731193579587
Briseyda,F,WWWyTTEF,1993.0,Osvaldojimenez,False,False,resign,44,65.0,C48,"Four Knights Game: Spanish Variation, Classical Variation",1731193168674
Briseyda,F,GXednii6,2098.0,FranciscoMarquez_20,True,True,resign,85,53.0,B00,Pirc Defense,1731192575346
Briseyda,F,gvz3bhvV,1670.0,yeyupaa,False,True,resign,30,30.0,D31,Queen's Gambit Declined: Janowski Variation,1731192295206
Briseyda,F,FApsqmGl,2032.0,diegoduran,True,False,mate,41,69.0,C02,"French Defense: Advance Variation, Paulsen Attack",1731191814407
Briseyda,F,KWLZEock,1442.0,SantiRR06,True,True,resign,21,30.0,B18,Caro-Kann Defense: Classical Variation,1731191612306
Briseyda,F,uLTTBi5n,1785.0,MrMagooh,False,True,outoftime,26,25.0,D31,Queen's Gambit Declined: Janowski Variation,1731191336142
Briseyda,F,w8us9vfd,1679.0,axrud_mon,False,True,resign,29,79.0,C45,"Scotch Game: Classical Variation, Intermezzo Variation",1731190896086
Briseyda,F,70t9ql9N,1695.0,helenachess2006,True,True,mate,68,41.0,B17,"Caro-Kann Defense: Karpov Variation, Modern Variation, Kasparov Attack",1731190237037
Briseyda,F,ow63F3FI,1944.0,RyotaroOI,True,False,draw,62,16.0,B15,Caro-Kann Defense: Tartakower Variation,1731189602667
Briseyda,F,9ivKfWbF,2118.0,ContrerasSinuhe,False,False,resign,28,77.0,C68,Ruy Lopez: Exchange Variation,1697771795408
SophieN,F,3aw9HfSy,1842.0,Harry1969,True,True,mate,27,35.0,D02,Queen's Pawn Game: Zukertort Variation,1754144744061
SophieN,F,mVhm6xVF,1716.0,david1992abc,True,False,noStart,0,,,,1745576751369
SophieN,F,Gp53z3jq,2107.0,S3_chess,False,False,timeout,15,28.0,A40,Polish Defense,1745576612865
SophieN,F,hZIqOw4X,2257.0,Triggerr,False,False,resign,22,44.0,B00,Pirc Defense,1741354058844
SophieN,F,saX298hC,2074.0,walterstrobel,True,False,noStart,0,,,,1741353992454
SophieN,F,wTViD0iE,1546.0,DerzkiyDima,False,True,mate,22,20.0,,,1741353681592
SophieN,F,MPXdgRL3,1959.0,Solislunii,False,False,draw,54,38.0,C41,Philidor Defense: Morphy Gambit,1740137167196
SophieN,F,drTuKMqs,1852.0,Grossmeister-Bi-76,True,True,mate,39,35.0,A40,Polish Defense,1740136900830
SophieN,F,8hOehTu7,1850.0,bukitlawang,False,True,mate,49,61.0,A21,"English Opening: King's English Variation, Reversed Sicilian",1740136574050
SophieN,F,zHemQZxk,1874.0,deoracle,False,True,mate,24,20.0,C20,King's Pawn Game: Leonardis Variation,1740136410871
SophieN,F,gsXlbSVQ,1627.0,jloaquin,True,True,resign,26,33.0,D02,Queen's Pawn Game: Zukertort Variation,1723113107016
SophieN,F,tj5LLEkC,2128.0,Harutyun1414,False,True,mate,35,45.0,B00,Pirc Defense,1723112842233
SophieN,F,xUvKHXJT,1816.0,Yasvic,True,True,outoftime,24,67.0,,,1719236270103
SophieN,F,MSZV62Db,1721.0,gachondj,False,True,resign,33,10.0,,,1719235928804
SophieN,F,rw7j0dHr,2229.0,Eldar_Yakimov,True,False,resign,38,110.0,,,1709910590752
SophieN,F,i6NMWRhn,1956.0,Aculeata,False,False,timeout,25,59.0,A00,Van Geet Opening,1689689721928
SophieN,F,18s39JMG,1773.0,vng2,True,True,mate,27,36.0,D04,Queen's Pawn Game: Colle System,1689689508005
SophieN,F,AdjB44PA,1966.0,MlavanuR,True,False,mate,21,66.0,D04,Queen's Pawn Game: Colle System,1689689302768
SophieN,F,X5rTP2Vi,2138.0,Einmann38,False,True,resign,39,23.0,B00,St. George Defense: Polish Variation,1689688964680
SophieN,F,OzfN5grI,2348.0,Diofantum,True,False,outoftime,57,72.0,A46,Yusupov-Rubinstein System,1689260665865
DianaDarchia,F,A6Tx8j1b,1837.0,winorloselearn,True,True,resign,20,9.0,B01,Scandinavian Defense: Valencian Variation,1737022369707
DianaDarchia,F,Qh16ilg3,1544.0,Javidd_rm,True,True,resign,13,31.0,C53,Italian Game: Classical Variation,1673016145591
mlatb,F,ZZbhPTzw,2446.0,aionix64,False,True,resign,36,15.0,D30,Queen's Gambit Declined,1764354755791
mlatb,F,O2fz5OiQ,2451.0,TwoKings17,False,False,resign,49,30.0,A45,Indian Defense,1764354317841
mlatb,F,wyco38PA,2517.0,chesslove11111,True,True,resign,34,19.0,C00,French Defense: Schlechter Variation,1764353667747
mlatb,F,AvbFDZGj,2556.0,CrushTheRush,True,False,mate,98,33.0,C47,Four Knights Game: Scotch Variation Accepted,1761566466676
mlatb,F,Co7mUxKw,2419.0,flogl30,False,False,draw,33,41.0,C70,"Ruy Lopez: Morphy Defense, Classical Defense Deferred",1761566131843
mlatb,F,qiykjTEN,2402.0,Masaker100,False,True,resign,55,22.0,D02,Queen's Pawn Game: London System,1761565798477
mlatb,F,hA7V8aMU,2005.0,usamljeni_vuk,True,True,outoftime,46,35.0,C46,Three Knights Opening: Winawer Defense,1757156024359
mlatb,F,0E44zXn6,2005.0,usamljeni_vuk,True,True,resign,27,21.0,A81,Dutch Defense: Fianchetto Attack,1757155729127
mlatb,F,dXOyYskn,2005.0,usamljeni_vuk,False,True,resign,22,13.0,A02,Bird Opening,1757155576739
mlatb,F,zfRncuRP,2005.0,usamljeni_vuk,True,True,mate,53,43.0,A80,Dutch Defense,1757155203375
mlatb,F,PaEi1lut,2005.0,usamljeni_vuk,False,True,resign,24,33.0,C36,King's Gambit Accepted: Abbazia Defense,1757154957287
mlatb,F,lBmd5Avr,2005.0,usamljeni_vuk,True,True,mate,35,28.0,A80,Dutch Defense: Hopton Attack,1757154655289
mlatb,F,njONHCVn,2005.0,usamljeni_vuk,False,True,resign,25,34.0,D31,Queen's Gambit Declined: Janowski Variation,1757154407423
mlatb,F,U90nszi4,2005.0,usamljeni_vuk,True,True,resign,10,11.0,B00,Owen Defense,1757154355448
mlatb,F,sHIjMTvc,2005.0,usamljeni_vuk,False,True,mate,32,69.0,A02,"Bird Opening: From's Gambit, Lasker Variation",1757154083966
mlatb,F,kESMMZCf,2005.0,usamljeni_vuk,True,True,mate,27,22.0,C46,Three Knights Opening: Winawer Defense,1757153876065
mlatb,F,E7oJ2kRc,2005.0,usamljeni_vuk,False,True,mate,36,49.0,A02,"Bird Opening: From's Gambit, Lasker Variation",1757153566103
mlatb,F,u6BYRhak,2005.0,usamljeni_vuk,True,True,resign,15,31.0,C46,Three Knights Opening: Winawer Defense,1757153421359
mlatb,F,YLdAjH2c,2005.0,usamljeni_vuk,False,True,resign,18,22.0,A01,Nimzo-Larsen Attack: Pachman Gambit,1757153220996
mlatb,F,jEyaHTJ2,2005.0,usamljeni_vuk,False,True,mate,48,37.0,A03,Bird Opening: Dutch Variation,1757152880182
anna-maja,F,Bzf1aiLS,2277.0,pulga,False,True,mate,21,10.0,C11,"French Defense: Classical Variation, Steinitz Variation",1738324298911
anna-maja,F,hyVbmwIz,2121.0,Brnoww,True,True,outoftime,44,54.0,B10,"Caro-Kann Defense: Accelerated Panov Attack, Modern Variation",1738323666962
anna-maja,F,Xks76BVz,2285.0,MartInPlus2,True,False,outoftime,27,63.0,C56,"Italian Game: Scotch Gambit, Double Gambit Accepted",1738323316323
anna-maja,F,hx3wQE5Z,2254.0,saijaa93,True,True,resign,19,34.0,B01,Scandinavian Defense: Main Line,1738323018004
anna-maja,F,5ZjVH8eV,2313.0,akjett,False,False,outoftime,49,94.0,C00,French Defense: Schlechter Variation,1644671931233
anna-maja,F,8XSwaUvC,2005.0,shagnik,True,True,outoftime,41,17.0,C65,Ruy Lopez: Berlin Defense,1642951412173
anna-maja,F,hTJKqXdg,2406.0,Dragonprem,False,False,outoftime,47,46.0,D43,Semi-Slav Defense,1620511019654
anna-maja,F,QgTBsn69,2395.0,maracayo,True,False,resign,30,65.0,B07,Czech Defense,1620510734446
anna-maja,F,rpi4yJfI,2408.0,Dragonprem,False,False,resign,39,73.0,D55,"Queen's Gambit Declined: Modern Variation, Normal Line",1620510530131
anna-maja,F,fhelIO2y,2357.0,tunacem,True,True,outoftime,36,40.0,B12,"Caro-Kann Defense: Advance Variation, Bayonet Attack",1620510159303
anna-maja,F,Txbg0UBt,2624.0,picklebick,False,True,outoftime,54,62.0,C01,French Defense: Exchange Variation,1620509850336
anna-maja,F,CLvRVf17,2278.0,AndreyNeves,True,True,resign,33,16.0,C77,"Ruy Lopez: Morphy Defense, Anderssen Variation",1620509612394
anna-maja,F,6SHv81P9,2451.0,RCSA007,True,False,resign,29,62.0,B28,"Sicilian Defense: O'Kelly Variation, Normal System",1620509324223
anna-maja,F,5ShyZvsk,2266.0,matols1992,False,False,mate,43,79.0,D11,"Slav Defense: Quiet Variation, Pin Defense",1620508928678
anna-maja,F,KvUWPfVD,2227.0,Jobito,True,True,resign,33,27.0,B03,Alekhine Defense: Exchange Variation,1620508645557
anna-maja,F,3vgAqJSD,2162.0,pFalcon,False,True,mate,47,44.0,A22,"English Opening: King's English Variation, Two Knights Variation, Reversed Dragon",1620508270525
anna-maja,F,Ere0CSnk,2668.0,Rockstar83,False,False,resign,30,115.0,D00,Queen's Pawn Game: Accelerated London System,1620507985170
anna-maja,F,0j77Dytf,2246.0,matols1992,True,False,resign,36,110.0,C01,"French Defense: Exchange Variation, Monte Carlo Variation",1620507677072
anna-maja,F,SvULJm4h,2279.0,EnDsOnLiMaRR,False,False,mate,41,40.0,C00,French Defense: Chigorin Variation,1620507302163
anna-maja,F,a2lNgeEg,2734.0,ElAsesinoFavorito,True,True,mate,64,32.0,B41,"Sicilian Defense: Kan Variation, Maróczy Bind, Réti Variation",1620506863540
tilsiav,F,iSQaXAyD,,,False,True,mate,31,,C00,French Defense: Knight Variation,1764611424280
tilsiav,F,MIqT3Dha,,,True,True,resign,11,,C53,Italian Game: Classical Variation,1759245287090
tilsiav,F,4R9TaQMn,1643.0,EnPassantGodISBACK,False,False,draw,6,167.0,,,1756136105940
tilsiav,F,oPIylqvK,2639.0,Sheikhshark,True,False,outoftime,74,81.0,A43,Benoni Defense: Benoni Gambit Accepted,1747746345698
tilsiav,F,OfYwv8Fs,2621.0,BulletCoach,False,True,outoftime,46,15.0,D85,"Grünfeld Defense: Exchange Variation, Modern Exchange Variation",1729015084748
tilsiav,F,fNKAuzbc,2583.0,KONSTRICTOR,True,True,mate,26,20.0,A57,Benko Gambit Accepted: Modern Variation,1729014595382
tilsiav,F,pAeUMpQj,2470.0,foremangeor,False,True,resign,28,9.0,D77,"Neo-Grünfeld Defense: Classical Variation, Modern Defense",1728851789338
tilsiav,F,TjQwuchh,2516.0,SHEFFFF,True,False,resign,50,21.0,D13,Slav Defense: Exchange Variation,1728851475255
tilsiav,F,n6JmdeHb,2531.0,Gagarinec,False,True,resign,20,26.0,A05,King's Indian Attack: Symmetrical Defense,1728841010147
tilsiav,F,i4s9DhEi,2488.0,Juanitochess,False,False,draw,37,65.0,C02,"French Defense: Advance Variation, Euwe Variation",1728840698980
tilsiav,F,NJ6lJwRv,2519.0,Ivanoblitz,True,False,stalemate,58,33.0,D35,"Queen's Gambit Declined: Exchange Variation, Positional Variation",1728682220157
tilsiav,F,gmi8UrvT,2530.0,holtchess,False,True,resign,46,27.0,A13,English Opening: Agincourt Defense,1728681811859
tilsiav,F,2GLb4qpr,2441.0,Combinatroni,True,True,resign,16,9.0,B57,"Sicilian Defense: Classical Variation, Anti-Sozin Variation",1728569037360
tilsiav,F,qfViCEiH,2481.0,Udemzo,True,True,resign,43,19.0,D11,Slav Defense: Modern Line,1728568676370
tilsiav,F,AZXdtfqL,2385.0,yousef444,False,True,mate,18,18.0,C00,French Defense: Steiner Variation,1728568559223
tilsiav,F,AFi9vPel,2501.0,Fluke180,False,True,resign,26,13.0,D01,Richter-Veresov Attack,1728400906745
tilsiav,F,n7PguljT,2621.0,KAlexander87,True,False,resign,31,54.0,A07,King's Indian Attack,1728400577857
tilsiav,F,hQNoSTqw,2560.0,foo0k,False,False,outoftime,58,28.0,C07,"French Defense: Tarrasch Variation, Open System, Süchting Line",1728251955290
tilsiav,F,yf7cffA4,2537.0,domore,True,True,resign,56,9.0,E05,"Catalan Opening: Open Defense, Classical Line",1728251587142
tilsiav,F,YdDfBQZj,2470.0,pneumatico94,False,True,mate,61,16.0,C01,French Defense: Exchange Variation,1728251230740
Krestik,F,YW0cz1zN,,,False,False,resign,48,,D79,Neo-Grünfeld Defense: Ultra-Delayed Exchange Variation,1763402269871
Krestik,F,4maJnoVO,,,True,False,draw,47,,B52,"Sicilian Defense: Moscow Variation, Main Line",1763401935340
Krestik,F,WPA0zLHL,2132.0,levchess2004,True,True,resign,28,16.0,C58,"Italian Game: Two Knights Defense, Polerio Defense, Bishop Check Line",1760532492995
Krestik,F,TFlqXFeU,2132.0,levchess2004,False,True,resign,35,22.0,B15,Caro-Kann Defense: Alekhine Gambit,1760531695587
Krestik,F,4O3VAvPS,,,False,True,resign,25,,A00,Polish Opening,1759061816798
Krestik,F,XO0dbk2I,,,True,True,resign,23,,C01,French Defense: Exchange Variation,1759061576957
Krestik,F,SApdwTBR,,,False,False,resign,41,,A00,Polish Opening: Outflank Variation,1759061245659
Krestik,F,FbBqOFhS,,,True,True,outoftime,48,,A04,Zukertort Opening: Queen's Gambit Invitation,1759060871828
Krestik,F,6YSo9l7j,,,False,True,resign,23,,A00,Polish Opening: Outflank Variation,1759060619656
Krestik,F,qNYbXRGP,,,True,True,resign,31,,A00,Hungarian Opening: Catalan Formation,1759060348040
Krestik,F,G1iObTUi,,,False,False,outoftime,44,,D10,Slav Defense,1759059994139
Krestik,F,3L9O4RJR,,,True,False,outoftime,40,,A00,Hungarian Opening: Catalan Formation,1759059630026
Krestik,F,I78awXEr,,,False,True,outoftime,47,,A00,Polish Opening: Outflank Variation,1759059254790
Krestik,F,LdKuO9QD,,,True,True,outoftime,64,,A00,Hungarian Opening: Catalan Formation,1759058875295
Krestik,F,dSOe6wUn,,,False,False,resign,34,,D10,Slav Defense,1759058523936
Krestik,F,BbKVaxdv,,,False,False,outoftime,38,,A17,"English Opening: Anglo-Indian Defense, Hedgehog System",1758738562506
Krestik,F,JHBK4WvP,,,True,True,resign,18,,A00,Mieses Opening,1758738324559
Krestik,F,ADQg1VnJ,,,False,False,resign,38,,A00,Polish Opening: Outflank Variation,1758737972597
Krestik,F,KSFJbRVS,,,True,True,outoftime,48,,D02,"Queen's Pawn Game: London System, with e6",1758737595534
Krestik,F,P50LFmpE,,,False,False,outoftime,40,,A00,Polish Opening,1758737231481
Ciciban13,F,lN5JwTCz,2194.0,Silgrak,False,False,outoftime,55,45.0,B01,Scandinavian Defense: Blackburne Gambit,1764731367213
Ciciban13,F,c2dhCVQj,2189.0,Silgrak,True,False,outoftime,48,55.0,B28,"Sicilian Defense: O'Kelly Variation, Normal System",1764731015556
Ciciban13,F,FTUnoOLn,2195.0,Silgrak,False,True,resign,27,29.0,B30,Sicilian Defense: Old Sicilian,1764730694988
Ciciban13,F,IQRZAuYz,2107.0,davisreti,True,False,outoftime,47,68.0,C00,French Defense: Normal Variation,1764730321095
Ciciban13,F,uCS4UMuW,2104.0,Diablo4747,False,False,outoftime,38,45.0,A20,English Opening: King's English Variation,1764729959193
Ciciban13,F,dFvNOpjn,2108.0,Diablo4747,True,True,resign,21,23.0,B32,Sicilian Defense: Open,1764729813929
Ciciban13,F,I1rF60w3,2113.0,Diablo4747,False,True,mate,43,39.0,A20,English Opening: King's English Variation,1764729447097
Ciciban13,F,rymSDciM,2106.0,Diablo4747,True,False,outoftime,51,58.0,B21,"Sicilian Defense: Smith-Morra Gambit Accepted, Pin Defense",1764729074565
Ciciban13,F,6P1eCFj6,2100.0,NeverinG33,False,True,outoftime,40,45.0,B01,Scandinavian Defense: Blackburne Gambit,1764728716768
Ciciban13,F,ApZV2yD1,2097.0,lerow27,True,False,outoftime,46,60.0,A06,Zukertort Opening: Tennison Gambit,1764728360574
Ciciban13,F,fCyVY3UT,2148.0,dreameral,False,True,resign,29,48.0,B30,Sicilian Defense: Nyezhmetdinov-Rossolimo Attack,1764728032499
Ciciban13,F,kOIHv5fq,2217.0,JesusMJacintoM,True,False,mate,45,33.0,B21,"Sicilian Defense: Smith-Morra Gambit Accepted, Paulsen Formation",1764727699476
Ciciban13,F,p6Jd2dqJ,2212.0,sicilianpizzadefence,False,True,outoftime,30,34.0,C40,Elephant Gambit: Paulsen Countergambit,1764727329939
Ciciban13,F,NZEcPsBm,2229.0,RO1926,False,True,resign,36,31.0,C20,King's Pawn Game: Napoleon Attack,1764727029462
Ciciban13,F,stSAuLaN,2224.0,RO1926,True,False,outoftime,58,38.0,A05,Zukertort Opening: Lemberger Gambit,1764726692227
Ciciban13,F,jQGuRZ8z,2219.0,RO1926,False,False,mate,37,64.0,A40,Englund Gambit: Main Line,1764726365491
Ciciban13,F,T4UcQCdD,2225.0,RO1926,True,True,resign,25,65.0,B70,Sicilian Defense: Dragon Variation,1764726178874
Ciciban13,F,DDiuKxrI,2220.0,RO1926,False,False,outoftime,46,49.0,A21,"English Opening: King's English Variation, Reversed Sicilian",1764725816424
Ciciban13,F,EPkW2tc5,2214.0,RO1926,True,False,outoftime,35,52.0,B13,Caro-Kann Defense: Exchange Variation,1764725510990
Ciciban13,F,w9yUVdmQ,2208.0,RO1926,False,False,outoftime,38,36.0,C30,King's Gambit Declined: Panteldakis Countergambit,1764725163028
camivette,F,Or55FePm,1656.0,sasp20,False,True,outoftime,14,10.0,B20,Sicilian Defense: Bowdler Attack,1764600467144
camivette,F,wlNak1lp,1308.0,hocinebedrounajedrez,True,True,resign,12,11.0,B13,Caro-Kann Defense: Exchange Variation,1764089839150
camivette,F,ZJ5YEWbj,2522.0,vwnv7,False,False,resign,18,56.0,B40,"Sicilian Defense: French Variation, Westerinen Attack",1763929473990
camivette,F,l9REfiNG,2021.0,yosei2,True,False,resign,43,56.0,A49,Indian Defense: Przepiorka Variation,1763929096597
camivette,F,vIhZRdcV,2002.0,walteriorocha,False,True,outoftime,33,18.0,B21,Sicilian Defense: McDonnell Attack,1763928872170
camivette,F,DpCsxcIh,1509.0,StonkWhale,False,True,mate,34,10.0,B21,"Sicilian Defense: Smith-Morra Gambit Accepted, Scheveningen Formation",1763928600783
camivette,F,bNpaok38,2224.0,danatcramlingdotcom,True,False,resign,20,64.0,B40,Sicilian Defense: French Variation,1763928370069
camivette,F,jnDVgo4k,1885.0,playerchess2019,False,True,outoftime,45,18.0,B45,Sicilian Defense: Four Knights Variation,1763927865137
camivette,F,0r2etfT2,1950.0,LotharBreuer,True,True,resign,35,27.0,B50,Sicilian Defense: Modern Variations,1763927479246
camivette,F,hLcESMJR,1924.0,Bravalla750,False,False,noStart,0,,A40,Queen's Pawn Game,1763927376146
camivette,F,nE6jD22e,1807.0,Yachtwurscht,True,False,outoftime,22,36.0,A49,Indian Defense: Przepiorka Variation,1763927021836
camivette,F,t35NOLAw,2029.0,Peterjan,False,False,noStart,0,,A40,Queen's Pawn Game,1763926941000
camivette,F,3pTaonFF,1726.0,leckerhonig,True,True,resign,15,24.0,A80,Dutch Defense,1763926392017
camivette,F,rOLQLC8z,1980.0,kra22,True,False,resign,33,53.0,B01,Scandinavian Defense: Valencian Variation,1763673049739
camivette,F,cXdugphP,1949.0,Denkischerz,True,True,resign,33,22.0,B30,Sicilian Defense: Old Sicilian,1763672719253
camivette,F,qRExqTY1,1809.0,ganblg70,True,True,resign,40,34.0,A40,Horwitz Defense,1763643505591
camivette,F,FIaAsvUd,1982.0,Altanulzii,True,True,outoftime,52,52.0,A40,Queen's Pawn Game,1763643270869
camivette,F,TPbWDQBD,1579.0,Mygmarsvren45,False,True,outoftime,27,21.0,B20,Sicilian Defense: Bowdler Attack,1763643010782
camivette,F,shQd7WJe,1511.0,ankhzaya_bcc,True,True,resign,6,22.0,D02,Queen's Pawn Game: Chigorin Variation,1763642897307
camivette,F,tP7KiycG,2035.0,SULIMOV-ALEXEY,False,False,resign,26,76.0,B45,"Sicilian Defense: Four Knights Variation, Exchange Variation",1763642645238
ebret,F,LhSsSdhc,1500.0,gyakorlo2025,False,False,mate,55,41.0,,,1754032788929
ebret,F,PfT3iQ8I,2039.0,MaryAgg,True,False,resign,34,46.0,E20,Nimzo-Indian Defense,1752488940880
ebret,F,hUi01Tg4,2149.0,iw,True,False,draw,62,25.0,A45,Indian Defense,1746268722091
ebret,F,QGdp3OBO,2124.0,JovanMarkovic55,False,True,outoftime,53,12.0,A85,Dutch Defense: Queen's Knight Variation,1732644746598
ebret,F,PmSBObd2,2139.0,Fac2hunter,False,False,outoftime,47,31.0,C41,Philidor Defense,1732644375086
ebret,F,2XYGV6va,2145.0,AnalyticalPawn,False,False,outoftime,56,45.0,E67,"King's Indian Defense: Fianchetto Variation, Classical Fianchetto",1732644027349
ebret,F,leFEPiti,2120.0,ZV_Alexey,True,True,resign,27,49.0,C02,"French Defense: Advance Variation, Paulsen Attack",1732643863951
ebret,F,1eq7PpTT,2137.0,POZIZIONE,True,False,resign,21,49.0,B32,Sicilian Defense: Kalashnikov Variation,1732643753526
ebret,F,5zy8XPMD,2074.0,Icega,False,True,outoftime,51,40.0,A80,Dutch Defense: Janzen-Korchnoi Gambit,1732643378406
ebret,F,AE1zBWfK,2126.0,teguhmaster,False,False,draw,1,,D00,Queen's Pawn Game,1732643347831
ebret,F,P7xXqqKq,2161.0,FABRILLACTAHUAMAN,False,False,mate,16,80.0,A82,Rat Defense: Balogh Defense,1732643286480
ebret,F,WpDwP66v,2123.0,Ladongov,True,False,resign,19,68.0,C00,French Defense: Normal Variation,1732643197674
ebret,F,NzVBhTqm,2083.0,Bringhenti_System,True,True,mate,41,37.0,A00,Hungarian Opening,1732642990906
ebret,F,jVdLYwDZ,2165.0,Axilla3000,False,True,mate,26,25.0,C54,"Italian Game: Classical Variation, Greco Gambit",1732641876738
ebret,F,gfK4lqZv,2259.0,mrchink,True,False,resign,49,43.0,D37,Queen's Gambit Declined: Barmen Variation,1730826048151
ebret,F,2Qc53WDB,2176.0,AndyBoehme,True,False,mate,51,38.0,D06,"Queen's Gambit Declined: Austrian Attack, Salvio Countergambit",1730825728093
ebret,F,zio5VVrK,2141.0,Metianov,False,True,mate,26,70.0,C41,Philidor Defense,1725641054366
ebret,F,7unTBlqT,2143.0,RichardGier,False,False,resign,31,79.0,B33,"Sicilian Defense: Lasker-Pelikan Variation, Sveshnikov Variation, Novosibirsk Variation",1725379822360
ebret,F,7d7en3RB,2153.0,Apitzsch,True,False,resign,27,51.0,A06,Zukertort Opening: Tennison Gambit,1725379438723
ebret,F,JgMsgNfI,2111.0,pramodspl,True,False,resign,18,19.0,B40,Sicilian Defense: Kramnik Variation,1720460967319
BetulCemreYildiz,F,Rmvdth6h,2483.0,Tidjane,False,False,resign,15,54.0,D20,Queen's Gambit Accepted: Old Variation,1748091387438
BetulCemreYildiz,F,8flAWmax,2323.0,george26,True,True,mate,32,37.0,C00,French Defense: Schlechter Variation,1747857081718
BetulCemreYildiz,F,TPDP50Xx,855.0,Selmabilfen3,True,True,mate,47,28.0,C47,Four Knights Game: Italian Variation,1712163127959
BetulCemreYildiz,F,WjttVWWc,855.0,Selmabilfen3,False,True,mate,32,32.0,D15,Slav Defense: Three Knights Variation,1712162785879
BetulCemreYildiz,F,QiYtbucE,855.0,Selmabilfen3,True,True,resign,8,12.0,A45,Queen's Pawn Game: Chigorin Variation,1712162679229
BetulCemreYildiz,F,SjBPs2DD,2306.0,SiegleCarl,False,True,resign,24,13.0,C47,Four Knights Game: Gunsberg Variation,1704097118724
BetulCemreYildiz,F,5swgmALO,2284.0,beyazat35,True,False,outoftime,25,16.0,B50,"Sicilian Defense: Delayed Alapin Variation, with d6",1689171920252
BetulCemreYildiz,F,zqk8uox0,2284.0,beyazat35,True,False,draw,22,20.0,B22,"Sicilian Defense: Alapin Variation, Barmen Defense, Modern Line",1689171600044
BetulCemreYildiz,F,23XK3KIN,2284.0,beyazat35,True,True,resign,12,48.0,B22,"Sicilian Defense: Alapin Variation, Barmen Defense",1689171367603
BetulCemreYildiz,F,ODvOrunE,1309.0,Sakura_SavesTheEarth,False,True,resign,25,33.0,C00,French Defense: La Bourdonnais Variation,1628598526800
BetulCemreYildiz,F,4X08OUab,1309.0,Sakura_SavesTheEarth,False,True,resign,13,16.0,C01,"French Defense: Exchange Variation, Monte Carlo Variation",1628598421071
BetulCemreYildiz,F,MOiffm8M,1309.0,Sakura_SavesTheEarth,False,False,draw,10,18.0,B13,"Caro-Kann Defense: Panov Attack, Modern Defense, Mieses Line",1628598342583
BetulCemreYildiz,F,ipybdRmp,1309.0,Sakura_SavesTheEarth,False,True,mate,61,16.0,B13,"Caro-Kann Defense: Panov Attack, Modern Defense",1628597876900
BetulCemreYildiz,F,YGxQmU7U,1088.0,betulaygun,True,False,draw,10,9.0,C54,"Italian Game: Classical Variation, Greco Gambit, Traditional Line",1627637236137
BetulCemreYildiz,F,SXPtg7GY,1088.0,betulaygun,True,False,draw,9,8.0,C57,"Italian Game: Two Knights Defense, Lolli Attack",1627637093565
BetulCemreYildiz,F,A559akDU,1802.0,doha_dohaQ,True,False,draw,13,20.0,C54,"Italian Game: Classical Variation, Greco Gambit, Moeller-Therkatz Attack",1627475533851
BetulCemreYildiz,F,lKXpjFV4,1802.0,doha_dohaQ,True,False,draw,16,8.0,C54,"Italian Game: Classical Variation, Greco Gambit, Traditional Line",1627475242429
BetulCemreYildiz,F,J7MzGIfK,1802.0,doha_dohaQ,True,False,draw,17,40.0,C54,"Italian Game: Classical Variation, Greco Gambit, Main Line",1627474979407
BetulCemreYildiz,F,MW1SznJK,1802.0,doha_dohaQ,True,False,draw,14,17.0,C52,"Italian Game: Evans Gambit, Tartakower Attack",1627474654492
BetulCemreYildiz,F,8WV5TqUp,1802.0,doha_dohaQ,True,True,mate,7,10.0,C44,"Scotch Game: Göring Gambit, Double Pawn Sacrifice",1627389123098
Homino,F,NYI4pP5P,2439.0,ArtyomLykov19852604,True,False,resign,33,44.0,B40,Sicilian Defense: Pin Variation,1765621123645
Homino,F,JblyWb8g,2435.0,ArtyomLykov19852604,False,False,resign,44,33.0,A46,Indian Defense: Spielmann-Indian,1765620596085
Homino,F,cqh8UnrA,2357.0,Yuretz,True,False,outoftime,36,38.0,C05,"French Defense: Tarrasch Variation, Botvinnik Variation",1765617563384
Homino,F,YIb3t6bC,2364.0,Radator,False,False,draw,68,45.0,A57,Benko Gambit Accepted: Pawn Return Variation,1765616868554
Homino,F,lwoOiq0C,2308.0,Sale70,True,True,resign,59,29.0,B17,Caro-Kann Defense: Karpov Variation,1765615457237
Homino,F,Mku7xhfl,2554.0,sleepheaddefence,False,False,resign,28,41.0,B36,"Sicilian Defense: Accelerated Dragon, Maróczy Bind",1765567131136
Homino,F,LLstOc6K,2374.0,Karapuzik1979,True,True,outoftime,26,27.0,C03,"French Defense: Tarrasch Variation, Guimard Defense",1765565018478
Homino,F,jAAMJf3y,2391.0,falk64,False,False,draw,55,16.0,B38,"Sicilian Defense: Accelerated Dragon, Maróczy Bind",1765564297456
Homino,F,ciPpL4fm,2547.0,MWeedkiller,True,False,outoftime,41,50.0,C06,"French Defense: Tarrasch Variation, Closed Variation, Main Line",1765476741325
Homino,F,GVpI51LA,2292.0,Hbg1988,False,False,resign,36,52.0,A45,Indian Defense: Reversed Chigorin Defense,1765398633763
Homino,F,0m3q7h95,2555.0,zipse,False,True,mate,55,40.0,A43,Benoni Defense: Old Benoni,1765137668249
Homino,F,4ylzR9ee,2425.0,ArtyomLykov19852604,True,True,resign,55,28.0,B17,Caro-Kann Defense: Karpov Variation,1765103416920
Homino,F,76wFBJod,2432.0,ArtyomLykov19852604,False,True,resign,46,14.0,A45,Trompowsky Attack,1765102874583
Homino,F,8vFY6Hh9,2439.0,ArtyomLykov19852604,True,True,outoftime,66,19.0,B45,"Sicilian Defense: Four Knights Variation, Exchange Variation",1765102232894
Homino,F,xFS48ffW,2377.0,amir1701,False,False,outoftime,30,36.0,B30,Sicilian Defense: Old Sicilian,1765040833666
Homino,F,5gzJ9EHm,2531.0,Mentestry2006,False,False,resign,34,53.0,B30,Sicilian Defense: Old Sicilian,1765029583672
Homino,F,SZSj0bZ4,2460.0,kaliipos,True,False,resign,60,45.0,C70,"Ruy Lopez: Morphy Defense, Classical Defense Deferred",1765018001190
Homino,F,gL8Q0dNM,2486.0,vvn59,True,True,outoftime,35,27.0,B92,"Sicilian Defense: Najdorf Variation, Opocensky Variation, Traditional Line",1764965442828
Homino,F,AKcI9Qus,2419.0,KUDEEZY,False,False,draw,53,32.0,B31,"Sicilian Defense: Nyezhmetdinov-Rossolimo Attack, Fianchetto Variation",1764964818591
Homino,F,VCHpih23,2368.0,Neznalek,False,True,resign,73,58.0,A45,Indian Defense: Reversed Chigorin Defense,1764957401501
Vanellope04,F,XxYjDYoj,2213.0,EngineeredAttack,True,True,resign,78,22.0,A80,Dutch Defense: Raphael Variation,1765512893988
Vanellope04,F,D3Yg0dIO,2248.0,Alexandr_45,False,True,mate,62,33.0,C47,"Four Knights Game: Italian Variation, Noa Gambit",1764244087419
Vanellope04,F,2gu53XfD,2254.0,Alexandr_45,True,True,resign,35,23.0,D01,Rapport-Jobava System,1764243723883
Vanellope04,F,1OowelJb,2248.0,Alexandr_45,False,False,resign,13,52.0,B06,Modern Defense,1764243452099
Vanellope04,F,GBlnfWiS,2431.0,terrorboy,False,False,outoftime,32,56.0,C60,Ruy Lopez: Bulgarian Variation,1762741149748
Vanellope04,F,8aTwcn8x,2294.0,ImpulsiveTrickster,False,True,resign,31,34.0,A40,Queen's Pawn Game: Modern Defense,1762740623131
Vanellope04,F,5gl4KsDY,2263.0,playLicht,True,False,draw,69,21.0,C02,"French Defense: Advance Variation, Wade Variation",1762643300326
Vanellope04,F,ufqspoce,2269.0,playLicht,False,True,resign,51,17.0,D04,"Queen's Pawn Game: Colle System, Anti-Colle",1762643127017
Vanellope04,F,T6pH3G5G,2275.0,playLicht,True,True,resign,40,26.0,B01,Scandinavian Defense: Valencian Variation,1762642883891
Vanellope04,F,OjjEMWbt,2281.0,playLicht,False,True,outoftime,51,55.0,D04,Queen's Pawn Game: Colle System,1762642515710
Vanellope04,F,Ht2px2jI,2282.0,playLicht,True,False,draw,29,37.0,D00,Queen's Pawn Game: Accelerated London System,1762642280290
Vanellope04,F,yXPcvT3k,2283.0,playLicht,False,False,draw,44,21.0,A80,Dutch Defense,1762642089136
Vanellope04,F,zHkgMLT7,2576.0,SerGo055,False,False,outoftime,38,27.0,C55,"Italian Game: Two Knights Defense, Modern Bishop's Opening",1762636092976
Vanellope04,F,luwghgpP,2194.0,Alberto-Rubio,True,True,outoftime,59,29.0,D02,Queen's Pawn Game: London System,1761597822161
Vanellope04,F,HvTMcLgu,2184.0,JoaquinCasado,False,True,resign,23,20.0,C79,"Ruy Lopez: Morphy Defense, Steinitz Deferred",1761597667114
Vanellope04,F,3rPlbSnc,2574.0,SashaGelman,True,False,resign,20,84.0,A43,"Benoni Defense: Benoni-Indian Defense, Kingside Move Order",1760213710550
Vanellope04,F,BlsK56AL,2421.0,Accjgm980523,False,False,outoftime,26,56.0,C76,"Ruy Lopez: Morphy Defense, Modern Steinitz Defense, Fianchetto Variation",1759887284217
Vanellope04,F,aaHtIQJl,2421.0,Accjgm980523,True,False,resign,32,40.0,D00,Queen's Pawn Game: Chigorin Variation,1759886916297
Vanellope04,F,khn96JUO,2419.0,Accjgm980523,False,False,mate,16,84.0,C50,Italian Game: Anti-Fried Liver Defense,1759885495559
Vanellope04,F,2xEgIqRd,2006.0,deflauzano,True,False,resign,24,57.0,A40,Queen's Pawn Game,1759084918014
ShantiNurAbidahWIM,F,FY3HvDqi,2430.0,DerKoppy,False,True,resign,26,15.0,B01,"Scandinavian Defense: Main Line, Leonhardt Gambit",1755672266272
ShantiNurAbidahWIM,F,eukGMctK,2409.0,Kola202,True,False,mate,40,75.0,B80,Sicilian Defense: Scheveningen Variation,1755671809879
ShantiNurAbidahWIM,F,hNseGe5g,2366.0,Shishov_Alexander,True,True,resign,29,16.0,D15,Slav Defense: Chebanenko Variation,1755671651056
ShantiNurAbidahWIM,F,X9ODMB3G,2356.0,nbd86,True,True,outoftime,58,48.0,D10,Slav Defense,1755671270502
ShantiNurAbidahWIM,F,KYYc1q73,2479.0,Poblesk,True,True,mate,36,20.0,B01,Scandinavian Defense: Modern Variation,1755671061487
ShantiNurAbidahWIM,F,oZSEjUni,2195.0,orel_chess13,False,True,outoftime,50,20.0,A41,Queen's Pawn Game,1736901783483
ShantiNurAbidahWIM,F,3VEhhEDr,2168.0,alan_chess64,False,True,resign,33,20.0,D30,Queen's Gambit Declined,1723423927795
ShantiNurAbidahWIM,F,qk0WxvZL,2255.0,KQPbICTb,True,True,resign,16,19.0,B90,"Sicilian Defense: Scheveningen Variation, English Attack, with f3",1719699032744
ShantiNurAbidahWIM,F,CYHOfYgI,2332.0,Shevtsjenko,True,True,resign,38,34.0,B90,"Sicilian Defense: Najdorf Variation, English Attack",1719698515917
ShantiNurAbidahWIM,F,h9IcCJtR,2354.0,MalkaPikla,False,True,outoftime,54,34.0,B01,"Scandinavian Defense: Main Line, Mieses Variation",1719698158506
ShantiNurAbidahWIM,F,Zbm5Hvxn,2342.0,RandomMoverII,False,True,resign,56,19.0,D02,Queen's Pawn Game: Symmetrical Variation,1719697827210
ShantiNurAbidahWIM,F,66BnJyzE,2171.0,LaCastigadora,True,True,resign,18,17.0,B33,"Sicilian Defense: Lasker-Pelikan Variation, Sveshnikov Variation, Chelyabinsk Variation",1719697713300
ShantiNurAbidahWIM,F,wLFddBTW,2253.0,Ashpazzzzz,False,True,outoftime,63,18.0,B01,Scandinavian Defense,1719697307728
ShantiNurAbidahWIM,F,vXXd49EE,2178.0,cody23,True,True,resign,37,11.0,C54,"Italian Game: Classical Variation, Giuoco Pianissimo, with a6",1719696989512
ShantiNurAbidahWIM,F,WTv2Dx5X,2237.0,ullip,False,True,resign,36,50.0,A08,Zukertort Opening: Reversed Grünfeld,1719665955991
ShantiNurAbidahWIM,F,AAdckWo7,2255.0,FranzLiszt1811,True,False,mate,64,47.0,C54,"Italian Game: Classical Variation, Giuoco Pianissimo, with a6",1719665520058
ShantiNurAbidahWIM,F,LlBMtXVo,2285.0,Cherlak,False,False,resign,35,27.0,D35,"Queen's Gambit Declined: Exchange Variation, Positional Variation",1719665243553
ShantiNurAbidahWIM,F,CyfuHGpr,2216.0,Froschschenkel09,False,False,resign,50,35.0,D02,Queen's Pawn Game: London System,1719664930418
ShantiNurAbidahWIM,F,NRTQdXYh,2218.0,SHARK444,True,True,outoftime,26,20.0,D11,Slav Defense: Bonet Gambit,1719664384727
ShantiNurAbidahWIM,F,3eeCxsHR,2310.0,esam-nashat2019,True,True,resign,61,47.0,B12,Caro-Kann Defense: Modern Variation,1719664068336
matols1992,F,4MQXPh8D,2254.0,lonelyh,True,True,mate,34,14.0,C40,King's Pawn Game: McConnell Defense,1762852507091
matols1992,F,xVBOPw8W,2277.0,mkwb,True,True,resign,35,31.0,B40,Sicilian Defense: French Variation,1758099329860
matols1992,F,KNI0gGAs,2193.0,Remisbreite,True,True,resign,26,9.0,B32,"Sicilian Defense: O'Kelly Variation, Maróczy Bind, Geller Line",1754304709594
matols1992,F,1CZ2ECzk,2138.0,madhink2000,False,True,resign,31,29.0,B33,"Sicilian Defense: Lasker-Pelikan Variation, Exchange Variation",1753951812436
matols1992,F,c4rgvF5k,2396.0,VeganismWithLove,True,False,resign,43,91.0,B90,Sicilian Defense: Najdorf Variation,1752241837182
matols1992,F,XtIEUVZ5,1619.0,tiptoe_higher,False,False,draw,15,3.0,,,1750168460025
matols1992,F,UjCaONsl,1619.0,tiptoe_higher,True,False,draw,22,18.0,,,1750168018417
matols1992,F,9ggSWQAm,1619.0,tiptoe_higher,True,True,mate,21,4.0,,,1749891325368
matols1992,F,fUlxuaGc,1619.0,tiptoe_higher,False,False,resign,74,44.0,,,1749291163329
matols1992,F,bSBuXJJF,1515.0,Redlemon15,False,True,mate,21,17.0,B45,"Sicilian Defense: Four Knights Variation, Exchange Variation",1748517296333
matols1992,F,KbWoKaWF,1515.0,Redlemon15,False,True,resign,29,9.0,C77,"Ruy Lopez: Morphy Defense, Anderssen Variation",1748516664776
matols1992,F,tWypx4L1,2264.0,Asilbek_Rustamov,True,False,resign,52,30.0,B13,Caro-Kann Defense: Exchange Variation,1747745946769
matols1992,F,cn4gjkNk,2180.0,Artemis_Potnia,True,True,resign,30,12.0,C70,"Ruy Lopez: Morphy Defense, Cozio Defense",1747300045409
matols1992,F,FbiE0Dm3,2313.0,southernknight500,False,False,resign,38,70.0,D02,Queen's Pawn Game: London System,1747299211831
matols1992,F,whcDXQAY,1632.0,Michael_198844444444,True,False,draw,31,2.0,,,1747031738954
matols1992,F,txGpoLgT,1922.0,Divine_doughnut,True,True,mate,33,25.0,,,1746873913336
matols1992,F,lYQnMmcO,1922.0,Divine_doughnut,True,True,resign,26,23.0,,,1746873447066
matols1992,F,DAm5Py1k,1533.0,Morphys_Owl,True,False,resign,25,102.0,,,1746810932415
matols1992,F,dtRAf38L,1533.0,Morphys_Owl,True,True,mate,12,78.0,,,1746810727618
matols1992,F,azfltIIf,1533.0,Morphys_Owl,True,False,draw,28,40.0,,,1746810424068
chess_is_wonder,F,7LA4Da6E,2547.0,hhcuuid,True,False,resign,26,44.0,A15,English Opening: Anglo-Indian Defense,1765258130734
chess_is_wonder,F,LYwVOHYj,1486.0,yael_merdini,True,True,mate,34,15.0,A37,"English Opening: Symmetrical Variation, Three Knights, Fianchetto Variation",1764960897935
chess_is_wonder,F,NmKwWdGd,1716.0,stopas,False,True,resign,25,9.0,C54,"Italian Game: Classical Variation, Giuoco Pianissimo, with h6",1764960443207
chess_is_wonder,F,ZCd377A6,1748.0,horin1955,True,True,outoftime,45,68.0,A20,English Opening: King's English Variation,1764959774101
chess_is_wonder,F,ybnpBCkk,1104.0,serg00mars,False,True,resign,22,13.0,C34,King's Gambit Accepted: King's Knight's Gambit,1764959547976
chess_is_wonder,F,koxAvveD,793.0,eliasjair,True,True,mate,16,9.0,A10,English Opening: Anglo-Lithuanian Variation,1764959437085
chess_is_wonder,F,df1WYYNj,2251.0,Ford44,True,True,mate,50,17.0,A29,"English Opening: King's English Variation, Four Knights Variation, Fianchetto Line, with .. d6, Be7",1764442422333
chess_is_wonder,F,qgehLFBa,2259.0,bapbalaca,False,True,outoftime,55,15.0,D02,"Queen's Pawn Game: Symmetrical Variation, Pseudo-Catalan",1764442023650
chess_is_wonder,F,7ycBLsaC,1965.0,musa_demircieff,True,True,outoftime,39,32.0,A10,English Opening: Great Snake Variation,1764441614979
chess_is_wonder,F,JkwVKQyh,2294.0,omerhs9,False,False,resign,16,57.0,D37,"Queen's Gambit Declined: Three Knights, Vienna Variation",1764441216628
chess_is_wonder,F,ZGje0eA5,1887.0,QEBELE,True,True,mate,32,24.0,A13,"English Opening: Agincourt Defense, Catalan Defense Accepted",1764440816149
chess_is_wonder,F,GQLAjRzl,1937.0,akamil1982,False,True,outoftime,38,27.0,D05,"Queen's Pawn Game: Colle System, Traditional Colle",1764440432314
chess_is_wonder,F,wb9JuLyn,1853.0,mammad_li,True,True,mate,29,24.0,A20,English Opening: King's English Variation,1764440025520
chess_is_wonder,F,7O6u0bks,1711.0,EminValiyev4,False,True,outoftime,28,11.0,C60,"Ruy Lopez: Cozio Defense, Paulsen Variation",1764439615399
chess_is_wonder,F,HPlzfTBO,1761.0,Cfr-Rasul_2009,True,False,mate,40,37.0,A14,"English Opening: Agincourt Defense, Neo-Catalan Declined",1764439200376
chess_is_wonder,F,yoC6Hblx,2119.0,Arashk_Shams,False,False,resign,20,40.0,A08,King's Indian Attack: Sicilian Variation,1764270294615
chess_is_wonder,F,rD7nQrbm,2165.0,RolfOtto,False,False,outoftime,42,36.0,D24,Queen's Gambit Accepted,1763580330243
chess_is_wonder,F,MIAiizds,1651.0,lepidoptetra,False,True,resign,26,16.0,C45,Scotch Game: Potter Variation,1763494357529
chess_is_wonder,F,a5j6pADu,2310.0,Velpeau,True,False,outoftime,45,113.0,A11,"Réti Opening: Anglo-Slav Variation, with g3",1763493959346
chess_is_wonder,F,evtPYKQr,1492.0,pabedana,False,True,mate,18,23.0,C60,Ruy Lopez: Cozio Defense,1763493631003
Euge_chess,F,zAK4G1m8,2390.0,lagifle,True,True,resign,32,17.0,B22,"Sicilian Defense: Alapin Variation, Barmen Defense",1685043462270
Euge_chess,F,5j6gpQQ6,2212.0,BunterVogel123,True,True,resign,32,17.0,B01,"Scandinavian Defense: Valencian Variation, Main Line",1684271714051
Euge_chess,F,voluSmo6,2287.0,Macnovicina,False,True,mate,39,42.0,A17,"English Opening: Anglo-Indian Defense, Hedgehog System",1682959250165
Euge_chess,F,l9k2wizG,2416.0,blizorUk,True,False,draw,34,16.0,B00,Owen Defense,1682537750696
Euge_chess,F,sNxRR5LA,2182.0,Mate-in-One,True,False,draw,35,48.0,C48,Four Knights Game: Spanish Variation,1682537241221
Euge_chess,F,sZS5ZDBi,2285.0,johnblunders,False,True,resign,54,39.0,C55,"Italian Game: Two Knights Defense, Modern Bishop's Opening",1682284837295
Euge_chess,F,blelt80f,922.0,Alex_Choquehuanca,True,True,mate,23,54.0,C20,King's Pawn Game: Wayward Queen Attack,1681950536508
Euge_chess,F,MpGtDFvH,974.0,Venom4074999637,False,True,mate,23,79.0,C40,King's Knight Opening,1681950195063
Euge_chess,F,2TNt731V,976.0,arturolinaresmostajo,True,True,mate,46,29.0,A00,Van't Kruijs Opening,1681949807126
Euge_chess,F,t7ADkL1U,2219.0,ahmed1996asd,False,True,resign,73,34.0,A70,Benoni Defense: Classical Variation,1681830364206
Euge_chess,F,bNKhmE1A,2147.0,Mikhail1999,True,True,resign,19,22.0,B13,Caro-Kann Defense: Exchange Variation,1681830193888
Euge_chess,F,CsWNxDoM,2410.0,Karapuzik1979,True,False,mate,25,64.0,C01,French Defense: Exchange Variation,1681829791582
Euge_chess,F,DmpeOLJw,2297.0,MugiwaraNoNika,True,True,outoftime,38,50.0,B22,Sicilian Defense: Alapin Variation,1681399858736
Euge_chess,F,paG1rLaa,2204.0,blindchess32,False,True,resign,29,26.0,C61,Ruy Lopez: Bird Variation,1681399565011
Euge_chess,F,fNsFscak,2162.0,olbapodeclas,True,False,mate,38,72.0,C49,"Four Knights Game: Spanish Variation, Double Spanish",1681399112870
Euge_chess,F,QLZbnSLQ,2259.0,BocoPacer,False,True,resign,23,33.0,C30,King's Gambit Declined: Queen's Knight Defense,1681153798607
Euge_chess,F,BJSRgEox,2327.0,afchex,False,False,mate,40,69.0,C61,Ruy Lopez: Bird Variation,1681153467110
Euge_chess,F,bs4whypu,2172.0,Vitmed,True,True,resign,34,11.0,C01,"French Defense: Exchange Variation, Monte Carlo Variation",1680980570774
Euge_chess,F,PM2GsfVS,2389.0,Talaat84,True,True,outoftime,48,38.0,B02,Alekhine Defense: Scandinavian Variation,1680721271249
Euge_chess,F,XwvDpcBr,2298.0,Andilaama,False,True,outoftime,49,51.0,C61,Ruy Lopez: Bird Variation,1680619364307
escha,F,kv5zaDh7,2170.0,Vardanian_Y,True,False,noStart,0,,,,1737313417466
escha,F,2DNkuFa3,1879.0,KrukMR,False,True,timeout,32,32.0,D01,Rapport-Jobava System,1737312920906
escha,F,V4lDzFFd,2293.0,Artemov-Andriy,True,False,resign,32,66.0,A45,Indian Defense,1737312548533
escha,F,SE9uYuiS,1779.0,Kubera2009,False,True,resign,28,29.0,D00,"Queen's Pawn Game: Accelerated London System, Steinitz Countergambit",1737312238250
escha,F,QC1tizi0,2170.0,Vardanian_Y,False,False,mate,65,55.0,B23,Sicilian Defense: Closed,1737311710778
escha,F,ebbhVlqp,2275.0,AntonGromosyak,True,False,outoftime,60,42.0,D01,Rapport-Jobava System,1737311152273
escha,F,ftlPtjO9,1827.0,OleksiyGromosyak,False,True,resign,55,27.0,D00,Queen's Pawn Game,1737310624811
escha,F,7Lsg180N,2339.0,Daniil_Yasmo,True,False,draw,27,33.0,D01,Rapport-Jobava System,1737310190395
escha,F,qTzszW2o,2215.0,Sargis11,True,True,resign,50,17.0,A45,Indian Defense,1737309631928
escha,F,cWrRbQCg,2443.0,Poblesk,True,False,noStart,0,,,,1733680882914
escha,F,6HLvvLIM,2325.0,Artemov-Andriy,True,False,stalemate,91,42.0,D01,Rapport-Jobava System,1733079863025
escha,F,z0cnehvR,2342.0,Poblesk,False,False,resign,45,43.0,D38,Queen's Gambit Declined: Ragozin Defense,1733079517994
escha,F,xxNQsjNE,2382.0,Daniil_Yasmo,False,True,resign,50,44.0,D02,Queen's Pawn Game: London System,1733079168035
escha,F,4Tb5LEIt,2478.0,Honcharov_Pavlo,True,False,resign,33,38.0,D00,Queen's Pawn Game,1733078910818
escha,F,2pfG4O3Z,1466.0,Yamamai,False,True,mate,29,23.0,B30,Sicilian Defense: Nyezhmetdinov-Rossolimo Attack,1733078470599
escha,F,ENtI10Hf,2478.0,Honcharov_Pavlo,True,False,resign,49,50.0,D00,Queen's Pawn Game: Chigorin Variation,1733078155432
escha,F,hkHQ5oU4,2275.0,AntonGromosyak,True,True,resign,23,33.0,A45,Indian Defense,1733077920289
escha,F,JcawYblB,2037.0,Ischukin,False,True,resign,34,28.0,B20,Sicilian Defense: Mengarini Variation,1733077621608
escha,F,LjRZqVwe,2043.0,KrukR,True,True,mate,39,36.0,D00,Queen's Pawn Game: Chigorin Variation,1733077210129
escha,F,l6MYhszf,2167.0,Vardanian_Y,False,True,outoftime,51,32.0,B24,"Sicilian Defense: Closed, Fianchetto Variation",1733076832518
ViciousKnight30,F,IJFkohWy,2153.0,vannyy12,True,True,resign,43,51.0,C45,"Scotch Game: Classical Variation, Intermezzo Variation",1742373634147
ViciousKnight30,F,ZAOT80eA,2378.0,ya_bonito,False,True,mate,34,74.0,A00,Grob Opening,1637430608646
ViciousKnight30,F,qIh1V9DO,1948.0,VanessaDesca,True,True,resign,26,48.0,B90,"Sicilian Defense: Najdorf Variation, Adams Attack",1637430187015
ViciousKnight30,F,vioAzo22,2041.0,andyhouses,False,True,outoftime,53,102.0,E63,"King's Indian Defense: Fianchetto Variation, Panno Variation",1637429766262
ViciousKnight30,F,cUzgeUQG,2378.0,Homalia,True,False,mate,76,35.0,B27,Sicilian Defense: Hyperaccelerated Fianchetto,1637429371043
ViciousKnight30,F,gTPSJBDt,2365.0,Mary_cool,False,False,mate,42,55.0,E63,"King's Indian Defense: Fianchetto Variation, Panno Variation",1637428964408
ViciousKnight30,F,TLa03z0p,2187.0,SIMBA123456,True,True,mate,59,16.0,E71,King's Indian Defense: Makogonov Variation,1637428557718
ViciousKnight30,F,98uyxBWH,2198.0,Taqwahamouri,False,True,outoftime,69,77.0,C55,"Italian Game: Two Knights Defense, Modern Bishop's Opening",1637428141046
ViciousKnight30,F,s63TpGtY,2199.0,Jojo08,True,False,mate,45,86.0,B07,Pirc Defense,1637427729165
ViciousKnight30,F,CsztOcYU,1946.0,CISA2019,False,True,resign,30,24.0,C25,Vienna Game: Paulsen Variation,1637427323639
ViciousKnight30,F,xWh2TRXa,2016.0,StarLedy7,True,True,mate,25,45.0,B13,Caro-Kann Defense: Exchange Variation,1637426891239
ViciousKnight30,F,zjpJi4Y5,1771.0,TINA231,False,False,mate,42,52.0,C56,"Italian Game: Scotch Gambit, Anderssen Attack",1637426476423
ViciousKnight30,F,98yqCehJ,2026.0,Player0707,True,True,mate,35,52.0,C44,"Scotch Game: Scotch Gambit, London Defense",1637426064598
ViciousKnight30,F,Tk0IO2Fj,1945.0,enasaborady1988,False,False,resign,40,47.0,A05,King's Indian Attack: Wahls Defense,1637425661832
ViciousKnight30,F,VARYW87m,2173.0,Zairbek_k,True,False,mate,55,132.0,A03,Bird Opening: Dutch Variation,1637425228728
ViciousKnight30,F,8cGuk6wF,2007.0,Diana_Omurbekova,False,False,stalemate,48,53.0,C58,"Italian Game: Two Knights Defense, Polerio Defense, Kieseritzky Variation",1637424827181
ViciousKnight30,F,i8r0dzk3,2474.0,Valeriya64,True,False,outoftime,72,62.0,B90,"Sicilian Defense: Najdorf Variation, Adams Attack",1637424428442
ViciousKnight30,F,naBIclhF,1500.0,Meriem_elm,False,True,outoftime,0,,,,1637424000638
ViciousKnight30,F,xhWOAJzr,,,False,True,mate,10,,A00,Global Opening,1616993847001
ViciousKnight30,F,bbGDfdV5,,,False,True,mate,18,,C44,Ponziani Opening: Jaenisch Counterattack,1616388989947
marichola,F,anQI3mdl,1430.0,guptadhruv19,False,True,resign,22,38.0,B40,Sicilian Defense: French Variation,1764504324157
marichola,F,0nUNNik9,1430.0,guptadhruv19,True,True,mate,23,85.0,B30,Sicilian Defense: Nyezhmetdinov-Rossolimo Attack,1764503911796
marichola,F,mdPv4u6l,1430.0,guptadhruv19,False,True,resign,21,37.0,A45,Indian Defense,1764503647190
marichola,F,kpxOgnwy,1430.0,guptadhruv19,True,True,mate,30,39.0,B12,"Caro-Kann Defense: Advance Variation, Botvinnik-Carls Defense",1764503080645
marichola,F,StnM61UC,1430.0,guptadhruv19,False,True,mate,34,48.0,B12,"Caro-Kann Defense: Advance Variation, Short Variation",1764502282932
marichola,F,JWti0a0K,2225.0,Chess-420,False,True,outoftime,56,32.0,B30,Sicilian Defense: Portsmouth Gambit,1762452854188
marichola,F,GqoF2yc0,2260.0,seque71,True,True,resign,24,20.0,B32,Sicilian Defense: Löwenthal Variation,1762452507870
marichola,F,wGNkf8KQ,2266.0,seque71,False,True,resign,31,11.0,E30,Nimzo-Indian Defense: Leningrad Variation,1762452123633
marichola,F,87h8nMHn,2147.0,PeterHirsch,True,True,mate,39,43.0,B48,"Sicilian Defense: Taimanov Variation, Bastrikov Variation, English Attack",1762450838757
marichola,F,5MDv6n9N,2258.0,mrkim416,True,True,mate,14,10.0,C10,French Defense: Rubinstein Variation,1762450719565
marichola,F,AG83Ksmi,2236.0,MXNKAR,True,False,resign,27,75.0,B07,Czech Defense,1762360753295
marichola,F,5cJlfTMG,2243.0,MXNKAR,False,True,outoftime,60,27.0,A08,King's Indian Attack: French Variation,1762360365895
marichola,F,9WDpfFPu,2238.0,MXNKAR,True,False,outoftime,52,28.0,B33,"Sicilian Defense: Lasker-Pelikan Variation, Sveshnikov Variation, Chelyabinsk Variation",1762359990376
marichola,F,ZbaNPhCJ,2234.0,MXNKAR,False,False,outoftime,56,63.0,A08,King's Indian Attack: French Variation,1762359625822
marichola,F,zEqtyHyj,2288.0,Cena1,False,False,resign,26,43.0,B23,Sicilian Defense: Grand Prix Attack,1753383772374
marichola,F,mpcUDqw8,2269.0,Kmok,True,False,resign,42,45.0,B12,Caro-Kann Defense: Modern Variation,1753382774556
marichola,F,fSW9vC0g,2248.0,Gotcha009,True,False,resign,37,71.0,B13,Caro-Kann Defense: Exchange Variation,1753370445893
marichola,F,501bE7Ox,2232.0,Apovit,False,True,mate,44,29.0,B32,Sicilian Defense: Flohr Variation,1753369969087
marichola,F,8yEgxoBS,2264.0,Vasil_Iliev,True,False,mate,12,103.0,C63,"Ruy Lopez: Schliemann Defense, Exchange Variation",1753369792278
marichola,F,CF1Y23AO,2274.0,brsfd,False,False,resign,36,60.0,E11,Bogo-Indian Defense: Grünfeld Variation,1753369036069
Ninullia,F,eyvU6Nwn,1851.0,DGMark,True,True,mate,36,6.0,D02,Queen's Pawn Game: Zukertort Variation,1755693810246
Ninullia,F,0uFWYmHL,1851.0,DGMark,False,True,outoftime,38,18.0,C47,Four Knights Game: Italian Variation,1755693324866
Ninullia,F,zsUC3xUR,1851.0,DGMark,False,True,outoftime,39,23.0,B33,Sicilian Defense: Open,1720007134936
Ninullia,F,zVGJgF4J,1851.0,DGMark,True,True,resign,18,10.0,D02,Queen's Pawn Game: Chigorin Variation,1720006695161
Ninullia,F,Tt1a15TN,1506.0,Attrix,False,True,resign,19,68.0,B01,Scandinavian Defense: Blackburne Gambit,1698335550848
Ninullia,F,w6DUnnY0,1233.0,NolanZ1,True,True,outoftime,24,27.0,C41,Philidor Defense,1696259964245
Ninullia,F,gvW6o3Rs,1361.0,Anirudh_Jeeju,True,False,draw,30,18.0,D10,Slav Defense: Exchange Variation,1689779315689
Ninullia,F,LpZ8FLdb,1302.0,WushuChris,False,False,stalemate,48,47.0,C50,Four Knights Game: Italian Variation,1685892531353
Ninullia,F,ryuWpH1W,1302.0,WushuChris,True,True,mate,19,19.0,D05,Queen's Pawn Game: Colle System,1685892420471
Ninullia,F,3mcTtO9p,1914.0,Babyschka,False,True,mate,26,92.0,A45,Queen's Pawn Game: Chigorin Variation,1683698854343
Ninullia,F,NBNVyzc7,1914.0,Babyschka,True,True,resign,20,41.0,A43,Benoni Defense: Old Benoni,1683698445891
Ninullia,F,ue1Lbrpu,1651.0,wr_champ,True,True,resign,37,11.0,D38,Queen's Gambit Declined: Ragozin Defense,1681917197587
Ninullia,F,XepzT45T,1894.0,Addicted2pawn,True,True,outoftime,27,19.0,D31,Semi-Slav Defense: Noteboom Variation,1676047860104
Ninullia,F,8PS1ORCw,1927.0,Addicted2pawn,True,True,resign,47,25.0,D02,Queen's Pawn Game: Krause Variation,1675445257100
Ninullia,F,loot0Vtv,1253.0,dinon25,False,True,mate,51,22.0,C31,"King's Gambit Declined: Falkbeer Countergambit, Blackburne Attack",1665323681145
Ninullia,F,gHjiJz1w,2295.0,sufli,False,True,outoftime,45,50.0,A07,King's Indian Attack,1647605400761
Ninullia,F,zyImx6eq,1329.0,minolim,True,False,stalemate,57,39.0,D10,Slav Defense: Exchange Variation,1639478453548
Ninullia,F,xeZR2NLR,1329.0,minolim,False,True,mate,38,20.0,A00,Polish Opening: Czech Defense,1639477787101
Ninullia,F,tpRX5rfw,2202.0,Sixers,True,True,mate,54,23.0,D37,Queen's Gambit Declined: Harrwitz Attack,1638888237662
Ninullia,F,xRYAXenB,1187.0,NolanZ1,False,True,mate,23,44.0,C23,Bishop's Opening: Philidor Counterattack,1638201922645
imnow,F,oJxVo7zg,2079.0,gulimamliza,False,True,outoftime,31,14.0,A05,Zukertort Opening,1757607364321
imnow,F,HLxCa2XU,2000.0,LeelaRookOdds,True,False,resign,24,51.0,,,1749487524580
imnow,F,JjlK8a1V,2000.0,LeelaQueenOdds,False,False,outoftime,58,36.0,,,1749052507878
imnow,F,zOwBbTuH,2000.0,LeelaQueenOdds,False,False,outoftime,76,25.0,,,1749051976745
imnow,F,xIDYVplF,2000.0,LeelaQueenOdds,False,False,mate,99,42.0,,,1749051335612
imnow,F,w6GoDWmY,2000.0,LeelaQueenOdds,False,False,outoftime,53,42.0,,,1749050787029
imnow,F,59Fcz8MC,2000.0,LeelaQueenOdds,True,True,mate,55,19.0,,,1749050389705
imnow,F,V79eLzZB,1765.0,MaddyG123,False,True,resign,39,11.0,B13,Caro-Kann Defense: Exchange Variation,1743955173676
imnow,F,pMYdjlrM,2037.0,iplayeasy,True,True,resign,19,6.0,B12,"Caro-Kann Defense: Advance Variation, Tal Variation",1739801073618
imnow,F,K9REAjP7,2038.0,iplayeasy,True,True,mate,41,28.0,B10,Caro-Kann Defense: Two Knights Attack,1739798512768
imnow,F,1RMQRlS1,2039.0,iplayeasy,True,True,resign,19,10.0,B12,"Caro-Kann Defense: Advance Variation, Tal Variation",1739798012403
imnow,F,UkP4NYMj,2584.0,Bruazetti,True,False,resign,24,28.0,A04,Zukertort Opening: Queen's Gambit Invitation,1734709140357
imnow,F,QCgha7vK,2703.0,Aktinia22,False,False,draw,18,6.0,A15,English Opening: Anglo-Indian Defense,1734708929699
imnow,F,wBpeRHcR,2723.0,Your_Waterloo,False,False,resign,23,55.0,E32,Nimzo-Indian Defense: Classical Variation,1734704980255
imnow,F,8KOw4EIn,2690.0,Malgudi-Days,True,False,outoftime,46,24.0,A85,Dutch Defense: Queen's Knight Variation,1734688872996
imnow,F,QX1s0kGh,2565.0,KAVO_LIDER,True,True,mate,44,26.0,D01,Rapport-Jobava System,1734688456836
imnow,F,BQP49LrZ,2594.0,EstrellaGaliza,False,True,resign,20,31.0,B16,Caro-Kann Defense: Bronstein-Larsen Variation,1734687059912
imnow,F,jC0VccSI,2721.0,Chessblitzer27,False,False,resign,23,35.0,E18,"Queen's Indian Defense: Classical Variation, Traditional Variation",1734686883049
imnow,F,r6LxOkwB,2637.0,sutcunuri,True,False,outoftime,33,45.0,D30,Queen's Gambit Declined: Traditional Variation,1734686491394
imnow,F,i0qgdFZg,2633.0,FantasticJuly0423,False,True,outoftime,48,41.0,A08,Zukertort Opening: Reversed Grünfeld,1734686039915
ArmQueen,F,zksLINGt,2426.0,elcondorprasa,False,False,resign,46,25.0,A00,Van Geet Opening,1765551083893
ArmQueen,F,zFAaMzvF,2422.0,elcondorprasa,True,False,resign,29,72.0,B01,Scandinavian Defense: Kiel Variation,1765550785766
ArmQueen,F,TG7jUHDI,2307.0,PrincessInTrouble,False,False,draw,72,71.0,A66,Benoni Defense: Mikenas Variation,1765550126714
ArmQueen,F,cdRf8xLE,2213.0,eXoF1343,True,True,mate,44,43.0,B19,"Caro-Kann Defense: Classical Variation, Spassky Variation",1765549675146
ArmQueen,F,TnWtsaMm,2388.0,Andry123111,False,False,mate,30,62.0,B31,"Sicilian Defense: Nyezhmetdinov-Rossolimo Attack, Fianchetto Variation",1765549347074
ArmQueen,F,DIle3tBM,2174.0,javaf,True,False,resign,71,51.0,B23,Sicilian Defense: Closed,1765548603767
ArmQueen,F,C3fBBMNR,2159.0,Karpov_ChessMood,False,False,resign,17,74.0,B23,"Sicilian Defense: Closed, Traditional",1765547572197
ArmQueen,F,So1Gpko5,2353.0,malorita1239,True,True,outoftime,50,45.0,B01,Scandinavian Defense: Mieses-Kotroc Variation,1734161738034
ArmQueen,F,hmRxuAC0,2345.0,malorita1239,False,False,resign,30,48.0,A05,King's Indian Attack: Wahls Defense,1734161413930
ArmQueen,F,GlbDdfhj,2498.0,Iurii-66,True,True,resign,30,36.0,B00,St. George Defense,1734160976869
ArmQueen,F,9ncWIjsk,2359.0,Diegopampa,True,True,resign,32,41.0,B01,Scandinavian Defense: Valencian Variation,1660412941150
ArmQueen,F,cOelUMzR,2367.0,Latex_Lord,False,True,resign,31,17.0,B40,Sicilian Defense: French Variation,1660412674023
ArmQueen,F,x6ZGeHcQ,2435.0,drakosCA,False,True,resign,71,99.0,B36,"Sicilian Defense: Accelerated Dragon, Maróczy Bind, Gurgenidze Variation",1660236864770
ArmQueen,F,yifg2rOy,2241.0,fredgra2,True,True,resign,34,77.0,B00,Pirc Defense,1660236501930
ArmQueen,F,imFgSj4w,2445.0,PimponNicois,False,False,resign,46,61.0,B35,"Sicilian Defense: Accelerated Dragon, Modern Bc4 Variation",1660236110944
ArmQueen,F,ED7N5uOG,2445.0,Liverpool_YNWA,False,False,resign,39,72.0,B30,Sicilian Defense: Old Sicilian,1655237079949
ArmQueen,F,nQepvNni,2445.0,Liverpool_YNWA,True,True,resign,45,67.0,B09,Pirc Defense: Austrian Attack,1655236587746
ArmQueen,F,d2Wurz1E,2445.0,Liverpool_YNWA,False,False,draw,28,73.0,B30,Sicilian Defense: Old Sicilian,1655236296562
ArmQueen,F,fpvRfWvk,2258.0,KyoshiWarrior,False,False,draw,34,106.0,A75,"Benoni Defense: Classical Variation, Argentine Counterattack",1637430608646
ArmQueen,F,i7OO2LYD,2538.0,wgmnikolova,True,False,outoftime,53,65.0,B23,"Sicilian Defense: Closed, Traditional",1637430187015
SiranAND,F,HZZh3kkf,2319.0,regalknight,False,False,resign,54,47.0,A05,Zukertort Opening: Quiet System,1765580793070
SiranAND,F,PmawLzDV,2135.0,AlbertMoller07,True,True,resign,46,36.0,D02,Queen's Pawn Game: Krause Variation,1765580245175
SiranAND,F,DqXTUEkg,2198.0,jmpsmsh,True,True,resign,44,18.0,B75,"Sicilian Defense: Dragon Variation, Yugoslav Attack, Belezky Line",1765579718568
SiranAND,F,JtBSoclQ,2391.0,Castadiva,False,False,resign,69,69.0,A48,East Indian Defense,1765577616136
SiranAND,F,uOZnf2Hx,2268.0,CkickyCheck,False,False,mate,33,68.0,B23,Sicilian Defense: Closed,1765577172639
SiranAND,F,X2CRTTec,2233.0,I-Spy,True,False,draw,56,32.0,A48,East Indian Defense,1765553716939
SiranAND,F,I0wuRGJv,2253.0,jahangir27,False,False,resign,34,46.0,A02,"Bird Opening: From's Gambit, Lasker Variation",1765553324544
SiranAND,F,mtYRPttE,2217.0,TmacBoris,True,True,resign,24,30.0,B17,"Caro-Kann Defense: Karpov Variation, Modern Variation",1765552625243
SiranAND,F,BZGzTAfq,2336.0,AHMEDELNEMS,True,True,mate,46,36.0,B99,"Sicilian Defense: Najdorf Variation, Main Line",1765550475222
SiranAND,F,qgccQ4AR,2210.0,pacemaker99,False,False,outoftime,49,44.0,C23,Bishop's Opening,1765535499260
SiranAND,F,U9ZXmb6V,2289.0,Salangas,True,True,resign,74,34.0,D02,"Queen's Pawn Game: London System, with e6",1765530343360
SiranAND,F,RODbszVY,2374.0,Not_a_bad_bishop,False,False,resign,27,30.0,A45,Trompowsky Attack,1765496607171
SiranAND,F,zFjHJuXS,2263.0,Balle_Asesina,True,False,mate,47,42.0,B40,Sicilian Defense: Paulsen-Basman Defense,1765496074844
SiranAND,F,ZpOuNLYX,2257.0,Balle_Asesina,False,False,outoftime,37,36.0,A05,Zukertort Opening: Nimzo-Larsen Variation,1765495589212
SiranAND,F,9SequS2Q,2262.0,Balle_Asesina,True,True,resign,20,12.0,A46,Indian Defense: Wade-Tartakower Defense,1765495291295
SiranAND,F,MEK0kopB,2318.0,Strategydead,False,False,outoftime,32,46.0,B52,"Sicilian Defense: Moscow Variation, Main Line",1765494782214
SiranAND,F,6BsKywZr,1843.0,megalodonosky,False,True,resign,29,20.0,B77,"Sicilian Defense: Dragon Variation, Yugoslav Attack",1765494067358
SiranAND,F,TO3Xl4Ug,1843.0,megalodonosky,True,False,resign,35,38.0,B33,"Sicilian Defense: Lasker-Pelikan Variation, Retreat Variation",1765493706099
SiranAND,F,UU3XYoxx,2421.0,Mukha73,False,True,resign,60,22.0,C45,Scotch Game: Mieses Variation,1765493026710
SiranAND,F,MErQ9f7A,2205.0,akniles,True,False,resign,28,28.0,D02,Queen's Pawn Game: London System,1765459626637
laksshana,F,p6q0Pvs9,2048.0,bbq3,True,True,resign,29,20.0,A04,Zukertort Opening: Queen's Gambit Invitation,1721560405567
laksshana,F,AQBp5VTi,2124.0,Chevalbrochette4,False,True,resign,15,19.0,B12,"Caro-Kann Defense: Advance Variation, Short Variation",1721560098478
laksshana,F,OwI6urWr,2030.0,Sozie,False,True,mate,33,21.0,D91,"Grünfeld Defense: Three Knights Variation, Petrosian System",1721477292158
laksshana,F,YvrtVGmQ,2122.0,andlit2020,False,False,resign,23,90.0,B15,Caro-Kann Defense: Tartakower Variation,1721477081028
laksshana,F,RbfkYw0l,2048.0,ehabchess,True,True,mate,56,34.0,A05,King's Indian Attack,1721476459097
laksshana,F,1hoawi8E,2131.0,chessplayerunder11,False,False,stalemate,39,58.0,B12,Caro-Kann Defense: Maróczy Variation,1721475960995
laksshana,F,xanbjhBM,2165.0,Nirajbhai,True,True,resign,25,18.0,A07,King's Indian Attack: Pachman System,1721475672346
laksshana,F,Jz7FNs6r,2018.0,Yashuri,True,False,resign,21,68.0,B01,"Scandinavian Defense: Portuguese Gambit, Banker Variation",1714232454890
laksshana,F,AkOwEtRU,2030.0,Becr0s,True,False,resign,29,46.0,B90,Sicilian Defense: Najdorf Variation,1714231970224
laksshana,F,rNKGIUZQ,2014.0,namaskaramplayers,False,False,outoftime,34,75.0,B50,Sicilian Defense: Modern Variations,1714231496658
laksshana,F,oUZwVjRY,2073.0,M-ARouan,True,True,resign,34,10.0,A43,Benoni Defense: Benoni Gambit Accepted,1712617228589
laksshana,F,gl3Pelgl,2049.0,D_hybride,False,False,resign,23,59.0,B90,Sicilian Defense: Najdorf Variation,1712617002260
laksshana,F,1pCoXDBO,1906.0,DylanT2023,True,True,resign,19,,A40,Queen's Pawn Game,1699997761498
laksshana,F,wAbhjAP0,1906.0,DylanT2023,False,True,resign,13,,A07,King's Indian Attack,1699997629685
laksshana,F,R9vAjCMX,1906.0,DylanT2023,True,True,resign,16,,A43,Benoni Defense: Old Benoni,1699997498614
laksshana,F,3SvoasIl,1906.0,DylanT2023,False,True,resign,26,,B90,Sicilian Defense: Najdorf Variation,1699997260589
laksshana,F,YhvmG8Ow,1906.0,DylanT2023,True,True,resign,21,,A46,Yusupov-Rubinstein System,1699997121962
laksshana,F,hhJ6urEZ,2659.0,Mischuk_D,True,False,mate,39,43.0,D04,Queen's Pawn Game: Colle System,1699733885914
laksshana,F,EjZZBUSJ,1906.0,DylanT2023,True,True,resign,32,,A48,East Indian Defense,1698884515059
laksshana,F,DaX1Ekvu,1906.0,DylanT2023,False,False,mate,20,,C46,Three Knights Opening,1698884259346
