username,id,title,name,country,bio,fide_rating,uscf_rating,ecf_rating,blitz_rating,blitz_prog,blitz_games,rapid_rating,rapid_prog,rapid_games,bullet_rating,classical_rating,url,verified
AlexaPiet,alexapiet,WFM,,,,,,,1861,19,485,1500,0,0,1727,1500,,
Seppo,seppo,IM,,DE,,,,,2589,20,4005,2443,-54,226,2571,1500,,
Alexukraine8,alexukraine8,FM,Alexander Suvorov,DE,,2345.0,,,2543,-75,2914,2349,29,28,2869,1500,,
promacherrrr,promacherrrr,IM,Ataberk Eren,TR,"Professional Chess Player, Chess Coach",2423.0,,,2900,56,295,2408,0,11,3018,1676,,
walchess,walchess,NM,ALEJANDRO WALDO ZALAPA,MX,"MAESTRO NACIONAL EN MEXICO.
FIDE ID: 5106109.",1974.0,,,2237,9,14445,2527,14,143,2032,1631,,
Vladimirovich9000,vladimirovich9000,GM,Dmitry Andreikin,GE,"Индивидуальные занятия шахматами, групповые вебинары, тренировочные партии. Все уровни подготовки, от новичка до профи. Работаем до результата! 
Individual chess lessons and training games with me. Price from $200 - hour.
andreikindv90@gmail.com",2710.0,,,2856,16,5281,2778,76,62,3251,1500,,
Ilgiux,ilgiux,FM,,IT,,,,,2273,-91,4029,2187,0,8,2348,1500,,
Sadullo_Azizov1,sadullo_azizov1,CM,Sadullo Azizov,CH,,2266.0,,,2573,-11,1472,2207,-28,56,2936,2097,,
BlackDeath777,blackdeath777,FM,,AM,,2419.0,,,2505,32,346,1979,0,7,2809,1500,,
Gahan-MG,gahan-mg,FM,Gahan MG,IN,"Hello Guys, 

I am FM Gahan MG from Bangalore, Karnataka. Currently rated 2265 with the highest rating of 2311 in 2018. I am also an active chess coach from last 4 years having training lot of students from state level to international level.",2265.0,,,2601,-5,2648,2250,-49,132,2818,2198,,
lekoSMA,lekosma,NM,Leandro Formes de Arruda,BR,"Olá, sou professor, técnico, árbitro e organizador de torneios de xadrez. Sou Mestre Nacional e já ganhei muitos torneios, jogo xadrez há 20 anos e dou aulas há 10 anos online e também presencial para alunos a partir de 4 anos de idade. Minhas aulas são personalizadas, didáticas e lúdicas. Para mais informações: +5515998260047",,,,1623,0,1,1500,0,0,2355,1500,,
QmK_lT000rks,qmk_lt000rks,FM,,,"play 1h 10$
for one-to-one lesson 20$
contact in lichess DM",,,,2455,-1,995,2457,97,14,2686,1500,,
Paradise2020,paradise2020,CM,,IN,,,,,2339,-63,2393,2137,90,38,2606,1751,,
Chessfrois,chessfrois,CM,Vítor Fróis,BR,1.e4!,2200.0,,,2182,-17,4091,2274,-27,106,2126,2180,,
rotaberg,rotaberg,IM,,PL,,2250.0,,,2453,-49,5623,2365,18,33,2452,1667,,
Buknoy,buknoy,NM,,_united-nations,"If you want to cheat, I will still play with you but tell me first that you are going to cheat.",1800.0,,,2525,-1,4677,2334,-62,40,2724,1500,,
gatopanzaarriba,gatopanzaarriba,FM,cosme fulanito,MX,,,,,2531,5,10167,1368,0,2,2779,2221,,
JeanLucMagritte,jeanlucmagritte,FM,,,,,,,2458,-32,551,1500,0,0,2582,1500,,
Stela28,stela28,WFM,,,,1845.0,,,1823,29,151,1749,171,16,1901,1500,,
Persivaal,persivaal,CM,Skhanyiso Persivaal Sihlongonyane,SZ,"Skhanyiso Persivaal Sihlongonyane

Facebook: Skhanyiso Persivaal Chess 
https://www.facebook.com/profile.php?id=100063522382620
Instagram: skhanyisopersivaal
Twitter: SPersivaal 
Email: skhanyisopersivaal@gmail.com",,,,2086,-31,4054,2137,33,459,1690,1747,,
TCF_Punisher,tcf_punisher,IM,Bindi Cheng,CA,,2395.0,,,2515,-48,2200,2601,2,218,2566,2417,,
Esssquire,esssquire,GM,Vladislav Kovalev,_belarus-wrw,"Приглашаю всех желающих в свою шахматную онлайн школу! 

I invite all people to my chess online school!

kovalevchess.com",2703.0,,,2732,10,2867,1500,0,0,3017,1500,,
Ferrum89,ferrum89,GM,Artem Chernobay,_earth,"Хирург, тренер.",2484.0,,,2659,-5,1367,2447,228,34,2578,1979,,
Azumilover,azumilover,GM,,PL,"@Yarebore  I am Available for lessons and training games at affordable rates just leave a DM here or email yarebore2003@gmail.com 
My coaching page : https://lichess.org/coach/Yarebore",,,,2924,-38,1693,1478,0,3,3011,1500,,
Mops2_2004,mops2_2004,IM,Dmitriy Kushko,IE,,2454.0,,,2690,5,8405,2684,114,33,2770,1500,,
mauroampie,mauroampie,FM,Vladislav Kasparov,RU,,,,,2451,-15,2792,1500,0,0,2781,1273,,
inhocsignovinces73,inhocsignovinces73,NM,,IT,,2079.0,,,2244,-16,5163,2438,35,49,2301,1381,,
Chaozu,chaozu,IM,James Jackson,GB,,,,,2454,2,18874,2419,-19,101,2343,2390,,
Penguin12356,penguin12356,IM,,IO,,,,,2583,-16,5032,2397,-50,45,2768,1500,,
Snappppp,snappppp,NM,Mustafa Yelken,TR,,,,,2416,6,5117,2516,33,807,2314,2216,,
Berserk2600,berserk2600,FM,Coach,ES,"Disponible 
https://lichess.org/coach/Berserk2600",2344.0,,,2655,6,1508,2234,0,5,3000,1500,,
SharkAnto55,sharkanto55,IM,Antonio Almiron,PY,"buenas! me llamo Antonio y soy maestro internacional, si necesitas unas clases me puedes contactar por skype como Sharksnake55 en facebook como Antonio Sebastian Almiron Villalba o con un mensaje directo aquí por lichess.",2325.0,,,2580,-10,4347,2231,233,93,2800,1500,,
dan_tes,dan_tes,FM,,AM,,,,,2469,-24,595,2232,0,11,2788,1748,,
AdamTaylor2301,adamtaylor2301,IM,Adam Taylor,GB-ENG,"23 year old England chess coach, International Master, founder and CEO of Makinggrandmasters.com",2342.0,,230.0,2364,-17,2498,2510,-44,230,2635,2359,,
Funo09,funo09,GM,,SK,Black best repertoire: Alekhine Defence and Dutch,2520.0,,,2792,-5,3463,2683,-15,489,3091,2440,,
koll6,koll6,CM,,,,,,,2342,1,1560,2474,5,2694,2698,1958,,
dereito,dereito,FM,Oscar Bruno de Prado Rodriguez,ES,,,,,2333,35,407,1289,0,5,2438,1676,,
ZibbitVideos,zibbitvideos,FM,,IS,,2367.0,,,2649,35,3544,2516,208,36,2766,1971,,
Fariasov,fariasov,CM,Sergio Farias,BR,"Sergio Farias 
CM FIDE",,,,2267,-5,15798,2389,9,208,2401,1500,,
PierrotFace,pierrotface,FM,,,,,,,2321,-147,477,1500,0,0,2452,1500,,
Masya1984,masya1984,GM,,,,,,,2607,5,2577,1500,0,0,2538,1500,,
Wraku89,wraku89,GM,,,,,,,2496,-11,1454,2471,33,313,2818,1542,,
KindaLoseer,kindaloseer,CM,,BG,,,,,2385,-28,1283,1500,0,0,2697,1500,,
domtichess,domtichess,GM,,,Be nice...that's it,1500.0,,,2646,-42,514,2702,58,13,2892,1500,,
CheckMateIn2,checkmatein2,FM,Adrian Fuentes,PA,,2110.0,,,2146,-116,1128,1346,0,1,2257,1500,,
wienermeasure,wienermeasure,CM,,,,,,,2302,-49,487,1500,0,0,2203,1500,,
TimIlyin,timilyin,IM,Timofey Ilyin,RU,"Ильин Тимофей Юрьевич
26.12.1984
ID FIDE: 14110180
Legendary master. Good luck!",2442.0,,,2432,-10,7345,2340,8,673,2699,2259,,
jusehebet,jusehebet,FM,Juan Herrera,CO,,2255.0,,,2532,-24,3374,2502,0,5,2603,1815,,
Vetranio,vetranio,GM,Timur Gareyev,AW,Good day!,2000.0,2001.0,1999.0,2515,3,1855,2299,-96,15,2762,2053,,
Gevorg_Harutjunyan,gevorg_harutjunyan,GM,,AM,,2380.0,2532.0,,2727,8,4818,2585,-78,36,2946,1500,,
guitargirl,guitargirl,WFM,Perpetual Ogbiyoyo,NG,Beware of the crazy guitar girl on fire🎸🔥🔥🔥🔥,1880.0,,,2242,15,10743,2360,114,296,2295,1500,,
Evgenyermolaev,evgenyermolaev,FM,Evgeny Ermolaev,RU,"Chess  is the second reality for me, a way to open another world:) The most favourite chess players M.Carlsen (too obviously) and G.Kasparov",2304.0,,,2445,-18,1832,2200,0,11,2720,2501,,
Dog_Stalemate,dog_stalemate,NM,Pablos Kolos,PL,National Master from Poland,2200.0,,,2391,13,1397,2262,37,64,2573,1500,,
kleyton80,kleyton80,NM,,,,,,,2135,0,8,1500,0,0,2233,1297,,
M_Onee,m_onee,FM,,,https://i.imgur.com/sxL3rLY.jpg,,,,2647,4,4825,2366,-3,20,2906,1500,,
datway,datway,NM,,,,,,,2349,26,1841,2231,27,71,2528,1500,,
haski_2014,haski_2014,WFM,Alisa Genrietta Yunker,RU,"https://i.imgur.com/gzYIFCY.jpg
https://i.imgur.com/DXvuy33.jpg https://i.imgur.com/IQUhUo3.jpg",2100.0,,,2578,12,1655,2246,-65,311,2554,2138,,
Rossinantes,rossinantes,FM,Росен Русев,BG,,2352.0,,,2355,-105,1074,1716,0,3,2662,1500,,
BV2006,bv2006,NM,Baziuk Vladyslav,UA,"Привіт, я Владислав Базюк, майстер спорту України з шахів. Займаюся шахами з дитинства, став чемпіоном України до 20 років та багаторазовим призером. Навчаю дітей і дорослих — від початківців до більш досвідчених гравців. Моя мета — розвивати логіку, стратегічне мислення та впевненість у кожному учні. Запрошую на індивідуальні уроки, де ми разом досягнемо високих результатів!",2247.0,,,2576,0,243,2043,0,3,2835,1500,,
Kombinattor01,kombinattor01,FM,Dávid Haszon,HU,"A friendly neighbourhood FIDE Master and chess coach from Siófok, Hungary. Good luck!

Videók rendszertelen időközönként: https://www.youtube.com/channel/UChcZ9YL36r5K7f6FHHaXRHA
Sakkoktatással kapcsolatban a legegyszerűbben a siosakk@gmail.com e-mail címen keresztül tudsz elérni.
Jó játékot!",2266.0,,,2351,-20,8673,2194,-13,1263,2669,1767,,
louis217,louis217,FM,Nghia Dong,VN,,2227.0,,212.0,2554,-14,503,1970,0,4,2534,1455,,
Oliver04,oliver04,FM,Oliver Wartiovaara,FI,,2355.0,,,2397,-19,1794,2592,195,113,2628,1500,,
MohamMad_AkbariGl,mohammad_akbarigl,FM,Surena,IR,Chess is life,2275.0,,,2569,-83,1197,2366,-90,103,2695,1500,,
AMADAN,amadan,FM,,IE,,,,,2410,32,3829,2182,-130,45,2669,1909,,
Mv17,mv17,IM,,NO,Join https://lichess.org/team/betlehem-sk,,,,2635,7,10172,2451,12,354,2959,2174,,
RakitinD,rakitind,FM,Daniil Rakitin,LV,"The Ambassador of the LG, var. 3...FXE4 https://t.me/fxe4latvian
https://lichess.org/team/fxe4",2422.0,,,2703,-7,748,2737,17,40,3201,1500,,
Leya__G,leya__g,WGM,Лея Гарифуллина,RU,,2357.0,,,2499,19,292,1828,0,2,2191,1500,,
Harshal-Shahi,harshal-shahi,FM,,,,,,,2232,74,38,2149,122,17,2191,2057,,
BorisNavrodskiy,borisnavrodskiy,FM,Boris Navrodskiy,TH,Hey there!,2172.0,,,2335,1,1655,1412,0,3,2501,1128,,
wannabe2700,wannabe2700,IM,vilka sipilä,,"https://giphy.com/gifs/internet-imgur-side-mJv90rnlwU9B6

Don't resign https://lichess.org/mUwsG7NY/white
https://lichess.org/uHDUGS3T/black#68",2402.0,,,2425,-20,7561,2648,26,431,2639,2392,,
pakarma,pakarma,FM,Marko Srebrnič,SI,,2400.0,,,2366,58,2960,1364,0,6,2481,1500,,
Kacparov,kacparov,IM,Kacper Drozdowski,PL,20.03.2024: Lichess top1 blitz (2969),2461.0,,,2864,-7,1502,2760,27,107,3148,2306,,
FlipSNOW,flipsnow,NM,,TH,NEED SOME HELP For Improvemnt,2123.0,2243.0,,2317,32,716,2487,71,26,2541,1500,,
piscatorox,piscatorox,CM,,,,,,,2340,-20,4169,2535,-19,480,2344,2343,,
warredw,warredw,FM,,BE,,,,,2504,-24,6370,2140,-14,60,2400,1599,,
fredmund,fredmund,NM,,,,,,,2264,-28,9778,2055,-84,159,2381,1805,,
chessm1105,chessm1105,GM,,,,,,,2740,-28,5118,2714,57,14,2864,2476,,
Chempiblinka,chempiblinka,WFM,Veronika Minina,_earth,,2057.0,,,2262,62,1794,1827,-616,18,2156,1612,,
KeFarokhi,kefarokhi,FM,,IR,,,,,2532,-3,6688,2585,21,469,2685,2182,,
gmgattass,gmgattass,FM,Allan Gattass,BR,MF,2238.0,,,2395,17,34119,2235,-65,132,2700,2050,,
david_alex,david_alex,CM,,EU,,,,,2455,11,1224,2194,371,42,2502,1926,,
KeyzerSose,keyzersose,GM,Pavel Eljanov,UA,,,,,2669,-10,296,2524,0,8,1500,1500,,
jesusitov,jesusitov,CM,,AT,"Odio el ajedrez
Odio los jugadores de d4
La odio
Fin de la lista de cosas que odio",,,,2022,-18,1823,1955,-11,119,2124,1639,,
ecwinslow,ecwinslow,IM,Elliott Winslow,US,IM March 1986,2150.0,2278.0,,2269,-42,152,1960,0,7,1590,1564,,
fawolizzo,fawolizzo,FM,John Oyeyemi Fawole,,Fawole John Oyeyemi is a Nigerian chess player. He won the Nigerian Chess championship in 2013 and has a FIDE peak rating of 2214. He held the title of Nigeria National Chess Champion (Junior and Open) in 2003 and 2013 respectively.,,,2343.0,2219,37,9238,2126,-72,67,2019,2072,,
SpartakMos,spartakmos,FM,Nikolay Kleimenov,RU,"My club https://lichess.org/team/spartakmos-fan-club
My Youtube channel https://www.youtube.com/channel/UCgC-9bTLyHir03Snop0U6QQ",2327.0,,,2536,28,6777,2477,149,89,2852,2073,,
DarkKnight8750,darkknight8750,CM,,,,,,,2486,-41,1106,2134,-47,98,2566,1744,,
Remontada_Reloaded,remontada_reloaded,IM,Aradhya Garg,IN,,2400.0,,,2658,7,492,2437,-7,32,2813,1714,,
williamyen,williamyen,NM,John Bob III,AQ,"It's cold here. My hands are slowly freezing. One day, I will lose my ability to premove.

While I still have life left in my hands though, will berserk and always berserk back.

UPDATE: Many years later, now an old man, retired from all forms of bullet.",1269.0,1320.0,,1908,-20,11848,2261,-23,304,2436,2472,,
Tabarex,tabarex,CM,Tabare Bustelo,UY,Aficionado al juego ciencia. Apenas un humilde CM.,2054.0,,,2094,-13,6190,2111,-50,25,2013,1500,,
N-Chadaev,n-chadaev,GM,Nikolay Chadaev,,"По всем вопросам, связанным с обучением, писать в личные сообщения или на почту: chadaevchess@gmail.com
Welcome to my website!
gmchadaev.ru",2591.0,,,2821,17,3149,1745,0,1,2902,1500,,
samrevita,samrevita,WFM,Samantha Glo Revita,PH,,1942.0,,,2312,-27,403,2166,121,39,2417,1500,,
Templarium,templarium,FM,Winston Cu-Hor,,,2362.0,2452.0,,2719,48,6379,1769,0,3,2922,1764,,
Tim-Grutter,tim-grutter,IM,Tim Grutter,NL,,,,,2660,17,2145,2436,130,52,2824,1765,,
FallacyofComposition,fallacyofcomposition,IM,Oscar Wilde,DE,,,,,2588,-3,7518,1500,0,0,2638,1500,,
TenzaSangetsu,tenzasangetsu,IM,Esteban Valderrama,CO,"http://ratings.fide.com/card.phtml?event=4442024
#1 Blitz and rapid in my country, national champion many times and i also like to play chess 960. 


https://imgur.com/tyHVQEB
https://imgur.com/Sjtmglh",2430.0,,,2673,-4,2640,2366,0,10,3124,1812,,
Navyblue12,navyblue12,WNM,,,,,,,2168,23,2712,2155,-37,1304,1793,1820,,
amiralfio,amiralfio,IM,,FR,,,,,2679,102,2132,1459,0,4,2720,1500,,
Zkid,zkid,GM,Steven Zierk,US,"American Grandmaster. Longtime chess player and coach. 2010 World Under 18 Champion. 

I stream simuls and more at twitch.tv/gmzierk.",,,,2864,0,1449,2817,6,58,2983,2031,,
Magners,magners,IM,,,,,,,2492,-15,1570,1888,0,6,2795,1975,,
dhfernandez,dhfernandez,GM,Daniel Fernandez,GB,"2025 Commonwealth Champion
2024 US National Open 2nd= 
Open to European leagues and new students. gm.df95@gmail.com
I give 1 mouseslip takeback per blitz game :)",2512.0,,2579.0,2694,-9,2921,2527,122,20,2954,2024,,
CharmFate006,charmfate006,WCM,,,,,,,2105,-89,113,2040,0,4,2223,1500,,
Midnight_Chess,midnight_chess,GM,Oskar Wieczorek,PL,"Grandmaster since 2019, active chess coach, chess commentator and enthusiast. I subscribe to the theory that a partner, a chess set and a clock are sufficient for happiness (or if you will: a computer, a mouse and a good connection to lichess.org). Check out my coaching profile: https://lichess.org/coach/Midnight_Chess.",,,,2805,59,3736,1500,0,0,2940,1500,,
GoughPhar,goughphar,NM,Braeden Hart,_earth,"Wing  Halloween  & Elephant  gambit aficionado.

Accepting challenges when I can! (casual/ non-rated please)

*Inactive* D:",,2268.0,,2426,-55,3674,1500,0,0,2284,1500,,
GoodGamerpro100,goodgamerpro100,FM,,,Intelligent,,,,2575,-5,3382,2514,126,157,2749,1500,,
labestia2017,labestia2017,FM,Daniel Perez,AR,"""El mayor reto de tu vida no es superar a alguien más, es superarte a ti mismo todos los días.""
https://youtube.com/channel/UCp5LubcYb7yiu558Rt6n8cg sigan nuestro canal de youtube de la Academia Ajedrez Lógico!!",2260.0,,,2697,15,11618,2582,39,752,2900,2501,,
Caclox,caclox,FM,Claudio Olivares,CL,,,,,2325,5,1243,1483,0,1,2413,1500,,
Efremov_Vlad,efremov_vlad,FM,Влад Ефремов,RU,"https://www.youtube.com/channel/UChATxcwtI6K00yfgDia4T3Q?view_as=subscriber  мой ютуб канал
https://zen.yandex.ru/id/5f3bdf88e7a64c4b0901b412  мой Дзен",2356.0,,,2362,39,1450,1755,0,1,2645,1500,,
lou2018,lou2018,CM,Mauricio Adasme Fredes,CL,,2024.0,,,2315,6,6920,1958,96,13,2249,1500,,
nanuka87,nanuka87,GM,,CU,,,,,2182,100,16,1500,0,0,2623,1500,,
Cacarlsen,cacarlsen,FM,,,,,,,2163,-113,8150,2059,0,10,2147,1230,,
The_Princess_Moon,the_princess_moon,WFM,Leancy B Fernandez Bustamante,ES,"Hola! Bienvenidos a mi perfil, soy Leancy Fernandez maestra fide desde hace más de 5 años, soy entrenadora de ajedrez con más de 5 años de experiencia.Autora del Método +100 : es un método que te garantiza que en 3 meses subes 100 puntos de elo. Mas info en el enlace de abajo.

https://imgur.com/a/IklRWy",2164.0,,,2340,13,3722,2260,53,67,2610,1500,,
BeepBeepImAJeep,beepbeepimajeep,IM,Beep Beep,,"I'm a jeep.

Retired.
|| Socials:
https://www.twitch.tv/beepbeepchess
https://www.youtube.com/channel/UCL7SKBY_qQBV2nW1mf-JCmA/",,,,3013,10,963,1500,0,0,3000,2357,,
Margarita2006,margarita2006,WFM,Margarita Zvereva,,,,,,2221,-26,1115,1500,0,0,2226,1500,,
SimonMatejka2,simonmatejka2,CM,Simon Matejka,SK,"Hi! My name is Simon and I am 13 years old.
My Club: https://lichess.org/team/simonmatejka--friends

CONTACT:
https://lichess.org/inbox/simonmatejka2
Email: simonmatejkacontact12@gmail.com
Discord: majk9",2001.0,,,2222,16,633,2221,-24,109,2630,2145,,
Twas-A-Trap,twas-a-trap,NM,,,,,,,2431,-7,2088,2590,179,36,2765,2178,,
avalongamemaster,avalongamemaster,GM,,FR,A fan of Mordred,,,,2953,13,136,2287,100,14,3188,2500,,True
Fighterman91,fighterman91,GM,pouria Darini,IR,"GM pouria darini

https://www.twitch.tv/fighterman99",2439.0,,,2674,71,1791,1500,0,0,2868,1500,,
zsolti_83,zsolti_83,FM,Zsolt Szilágyi,HU,,2331.0,,,2528,-29,7620,2105,-47,46,2726,1241,,
Hesian,hesian,FM,,TR,,,,,2575,37,713,2005,0,4,2590,1500,,
Heisenberg01,heisenberg01,FM,,TR,,,,,2901,4,2941,1500,0,0,3264,1500,,
ILDAR_ILDISOV-1966,ildar_ildisov-1966,FM,Ildar Idrisov,RU,"Мастер Фиде с 2001 года
ID4151020",2282.0,,,2336,44,2173,2101,38,19,2224,1500,,
KingVittorio,kingvittorio,NM,,IT,,,,,2616,37,8137,2301,21,1453,2484,2053,,
BreatEastonEllis,breateastonellis,CM,,AR,"I am a Chess Coach, FIDE Trainer. I coach students of all ages and skill levels. If you are thinking about lessons, I would be happy to setup a free 30 min lesson to discuss your strengths, weaknesses, study goals and craft a work plan. You can see legit reviews of my lessons in my coach profile (https://lichess.org/coach/borocotoajua00). Contact me if you want to start improving your chess!",,,,2644,39,1010,2114,0,3,2838,1500,,
Kimster98,kimster98,FM,András Dankházi,HU,,,,,2615,2,2464,2454,0,7,2851,1500,,
Davidsch04,davidsch04,FM,,,,,,,2600,31,4167,2562,-2,240,2680,1500,,
logozar,logozar,NM,Elijah Logozar,US,I offer lessons: https://bookme.name/chessknight,,2242.0,,2458,-14,553,2024,-72,154,2628,1868,,
AstanehChess,astanehchess,IM,Alex Astaneh,IE,"3-time Irish Champion & member of Olympiad team.

Author of 'The Positional Chess Patterns Manual' on Chessable -> https://www.chessable.com/the-positional-chess-patterns-manual/course/243952/

I also created a course on the Grunfeld, and co-authored one on the Scotch with WIM Fiona Steil-Antoni.

Not accepting students at the moment. For business enquiries: astanehchess@gmail.com",2431.0,,,2691,-30,3133,2462,-69,562,2816,2523,,
I_Hit_18K_on_BS,i_hit_18k_on_bs,CM,,,,,,,2133,28,66,1500,0,0,1888,2074,,
fettywap1738,fettywap1738,NM,Emmanuel Carter,US,,2100.0,2300.0,,2598,-9,4056,2420,-17,1002,2751,2160,,
HokutoNoKen7,hokutonoken7,FM,Alessio Viviani,IT,Available for lessons. Contact me if you are interested.,2268.0,,,2009,-12,4997,1875,0,11,1977,1500,,
Simplychess92,simplychess92,NM,Luca Albertini,IT,"Hi everybody! I'm Luca and that's all.

I've been playing chess since I was 9 years old. If you wanna know something else about me link to: https://lichess.org/coach/Simplychess92
My website:
https://chess360.netlify.app/

https://lichess.org/@/Simplychess92/blog
https://lichess.org/team/simplychess",,,,2444,-8,7059,2521,-90,171,2552,1938,,
BasilSmash,basilsmash,IM,Jonas Rosner,DE,,2443.0,,,2479,72,1060,2452,7,44,2474,1500,,
Morenoteambarrio,morenoteambarrio,IM,Pablo Nicolas Barrionuevo,AR,,2257.0,,,2339,-7,8279,2196,-264,16,2450,2163,,
NoMate4u,nomate4u,FM,,,,2247.0,,,2490,25,4401,2265,86,61,2560,2307,,
Ramu_Kandi,ramu_kandi,FM,Ramu Kandi,IN,"FIDE Master (2005)
FIDE Trainer (2019)
Peak Rating 2306
Playing experience: 30 years
Training/Coaching experience: 18 years",2113.0,,,2077,-25,343,1500,0,0,1829,1264,,
YuraGar,yuragar,CM,Garifulin Yury,RS,,2260.0,,,2503,36,2911,2431,-17,1253,2746,2186,,
etopak,etopak,FM,ENGİN TOPAK,TR,,,,,2545,-119,1621,2597,6,51,2783,1500,,
Steven_Rojas,steven_rojas,FM,Steven Rojas,PE,,,,,2486,12,6120,2480,-105,173,2920,2330,,
gnejs,gnejs,FM,,,,,,,2556,41,2252,1902,0,6,2901,1500,,
PArnaudov,parnaudov,GM,Petar Arnaudov,BG,"National Team Coach: Guided the Bulgarian Women’s National Team to gold at the 2023 European Team Chess Championship.

Player Development: Helped students achieve international titles, international medals, and title norms across multiple federations.

Trusted Educator: Co-founder of Modern Chess, a global platform providing advanced training to thousands of players worldwide.",,,,2549,-5,1569,2419,-76,91,2538,2019,,
Kuan1981,kuan1981,FM,куаныш сисабаев,KZ,мастер,2291.0,,,2448,-11,10088,2108,28,185,2611,1049,,
strawberry11,strawberry11,WIM,Vesal Hamedinia,IR,,,,,2420,27,3484,2217,373,21,2704,1500,,
Elito29,elito29,GM,Elier Miranda,CU,,2520.0,,,2602,-15,2595,2298,119,33,2763,1500,,
korn111,korn111,FM,Владимир,RU,,,,2365.0,2133,2,2356,2175,-127,476,2300,1979,,
Gettingold72,gettingold72,GM,,,,,,,2610,-26,13856,1779,-36,13,2219,1512,,
Petr_Mikhalchenko,petr_mikhalchenko,FM,Mikhalchenko Petr Alekseevich,RU,"Даю онлайн уроки 1500 час.
https://ratings.ruchess.ru/people/3896",2400.0,2400.0,,2505,13,9637,2512,35,382,2762,2001,,
Dr_Tiger,dr_tiger,GM,,,"Bullet mostly played on pad, occasionally on computer to grill myself with poor mouse ability.",,,,2882,-29,227,1500,0,0,3207,1500,,
Torvosaurus,torvosaurus,NM,Jorge Augusto,AR,,,,,2176,-7,991,1943,22,198,2432,1900,,
bolsiiiii,bolsiiiii,CM,,,,,,,2450,16,728,2253,-146,39,2704,2167,,
Tashik,tashik,GM,Natalia Zhukova,UA,GM,,,,2294,-42,123,2340,0,9,2341,1500,,
Levi_1604,levi_1604,IM,,AQ,,,,,2433,13,663,2475,29,97,2643,1500,,
PishgamChessClub,pishgamchessclub,FM,,,"Available For training games and lessons 
Send a massage for more information",,,,2473,-13,68,1500,0,0,2813,1500,,
toivok3,toivok3,IM,Toivo Keinänen,,,2503.0,,,2752,39,4089,2447,-57,267,3114,1500,,
KrstAlex,krstalex,IM,Alex Krstulovic,HU,"Former European champion of 2011 under 8 years. International Master, Peak rating of 2453, participated in the 2024 Budapest Chess Olympiad. Looking for teams in Europe.

For coaching, message privately.",2453.0,,,2553,26,355,2390,18,17,2946,1500,,
Reecef,reecef,CM,,,,,,,2116,-92,527,2049,110,20,2085,1500,,
kreonx,kreonx,FM,Pawel Dudzinski,PL,"My website: www.centrumszachowe.pl, www.centrumbiznesowe.info.",,,,2447,28,618,2134,-2,40,2687,1749,,
arnikka89,arnikka89,FM,,,,,,,2514,-53,3050,1500,0,0,2694,1500,,
T_Candidatos_2025,t_candidatos_2025,IM,,,,,,,2496,3,955,1500,0,0,2600,1500,,
pergell,pergell,FM,László Pergel,HU,,2237.0,,,2020,9,485,1300,0,6,2292,1346,,
Andreiistra,andreiistra,GM,Andrei Istratescu,RO,"Born on the 3rd of December 1975, I am an open-minded person, chess helped me broaden my horizons and made me discover the world.
Sicilian is my favourite opening, I like all kinds of board games, my favourite players were Karpov, Capablanca, Alekhine, Fischer, Kasparov and now Carlsen.",2546.0,,,2693,24,3736,1500,0,0,2328,1500,,
havishjesuit123,havishjesuit123,FM,Havish Sripada,,,,,,2239,141,20,1500,0,0,2458,1500,,
Kavaliro,kavaliro,CM,Rustem Gorbenko,UA,Chess coach and tournament organizer,2209.0,,,2414,26,3708,2458,-40,206,2569,2108,,
chiyabuddha,chiyabuddha,WGM,,,,,,,2575,-15,1296,2327,192,29,2855,1500,,
Chesssplayer21,chesssplayer21,GM,Platon Galperin,UA,"Chess coach/Тренер по шахматам https://lichess.org/coach/Chesssplayer21 also available for training games & solid offers to play for the teams. Email: platon.galperin@gmail.com - feel free to write me ""Chess is a complicated game - you don’t want it to be easy, you want to be good""",,,,2769,15,1599,2513,0,5,3145,1770,,
Ramdon35000,ramdon35000,NM,,CR,,2106.0,,,2168,-10,27480,2129,104,1952,2011,2153,,
erezkup,erezkup,FM,Pablo,,,,,,2287,-27,9116,2002,-121,56,2694,1500,,
chessbasebrasil,chessbasebrasil,NM,Pablo Alejandro Acosta,AR,"Sou Mestre Nacional, FIDE Trainer (treinador de xadrez desde 2001) e Arena Grand Master.
Trabalho como jornalista de chessbase espanhol.  

https://www.instagram.com/prof.pabloalejandro/

https://pabloalejandroacosta.com.br/

https://lichess.org/coach/chessbasebrasil",2129.0,,,2252,-79,80,1964,0,3,2444,1500,,
penguingim1,penguingim1,GM,Andrew Tang,AQ,"miss the magnus titled arena era

For business inquiries: penguingm1@gmail.com

Princeton '23 ORFE

watch live at https://www.twitch.tv/penguingm1/
https://www.youtube.com/channel/UCcJxY7NovRrYCsxyl6qaFLA/
https://www.instagram.com/andrewtang1_/
https://discord.gg/penguingm1
https://twitter.com/penguingm1",2538.0,2616.0,,2770,-8,5187,2672,-47,237,3306,2578,,
Rashad2018,rashad2018,FM,,PS,https://www.youtube.com/channel/UCSc3aJm76ZcCu_aew9qtkuw/featured,,,,2034,-27,1917,2568,47,545,2198,1931,,
Lelya96,lelya96,WFM,Olga Artemyeva,RU,,,,,2299,38,1583,2263,19,15,2372,1500,,
MiqO2143,miqo2143,CM,,US,,,,,2663,57,3306,2395,64,76,2809,2051,,
jesusmartinduque,jesusmartinduque,IM,Jesus Martin Duque,ES,"Soy Jesús Martín Duque , ratings.fide.com/profile/2208954. Interesados en clases , entrenamientos etc....

Training games 15€/1h

Lessons 25€/1h",2422.0,,,2404,-4,3843,2001,6,50,2401,1500,,
Fir_09,fir_09,FM,,UZ,,2724.0,,,2705,18,431,1500,0,0,3101,1500,,
KuaSinliong,kuasinliong,NM,,ID,,,,,2329,154,512,2396,141,42,2332,2332,,
michellopezabreu,michellopezabreu,FM,Michel Lopez Abreu,VE,"Hola, gracias por visitar mi perfil, un cordial saludo mi nombre es Michel López. Me gusta ayudar a las personas a mejora en esta complicada disciplina. soy Maestro Fide desde 21/08/2016. Ingeniero Marítimo y Oficial de la Marina Mercante.",2154.0,,,2500,10,11688,2271,25,324,2608,1894,,
Yanidze,yanidze,NM,,,"Yan and only

https://i.imgur.com/b1m2KzD.png",,2315.0,,2213,-17,4919,2340,-12,662,2637,1500,,
slowchessplayer2001,slowchessplayer2001,NM,,,,,,,2567,0,482,1682,-115,13,2765,1500,,
JorgeTobar01,jorgetobar01,CM,Jorge Esteban Tobar Beltrán,CO,"ID FIDE: 4430646

- Club deportivo Kasparov

- Liga Caucana de Ajedrez

- https://ratings.fide.com/profile/443064

- Universidad del Cauca - Estudiante de Ing. Civil",1893.0,,,2324,-18,5570,2190,-7,62,2509,1500,,
chessplayer1964,chessplayer1964,NM,,AQ,,,,,2256,-2,488,1498,-19,66,2582,1328,,
Ducu17,ducu17,IM,,,,,,,2764,54,518,2676,6,28,2866,1500,,
Peleador2020,peleador2020,CM,,PE,,,,,1806,0,10,1500,0,0,1322,1337,,
Aggressus,aggressus,NM,Giovanni Mejia,PH,"Member of Philippine Chess Association of the Philippines (PCAP). Team Camarines Soaring Eagles! 
I started playing chess at the age of 7. I earned my NM title at the age of 14.",2164.0,,,2441,16,2595,2354,-31,24,2551,2071,,
RagingKnightNC,ragingknightnc,NM,,US,,2216.0,2366.0,,2552,9,3104,2562,-23,518,2702,2408,,
Lopez09,lopez09,NM,,MX,,,,,2600,12,19012,2435,152,25,2800,1775,,
Silversik,silversik,CM,Piotr Jagodziński,PL,Chess lessons - prv:),2163.0,,,2490,11,3243,2419,-11,91,2686,1500,,
DiaryTraining,diarytraining,IM,,,"Progressive House Music   |   In chess, you should play lot's of games and check your game after that. This is how you improve.
IM  / cheaters at everywhere... unplayable nowdays",,,,2815,22,5112,2593,30,15,2927,1500,,
hakobyan16,hakobyan16,FM,Hovhannes Hakobyan,AM,Fide Master,2288.0,,,2490,42,79,1629,0,1,2393,1681,,
roggefeller,roggefeller,IM,,DE,,,,,2664,31,1833,1636,0,6,2644,1500,,
UnSinge2700,unsinge2700,FM,,FR,,,,,2522,16,826,1993,0,4,2540,1500,,
Paparama,paparama,FM,,AQ,,,,,2702,18,8449,2633,53,336,2884,1891,,
Chessibague,chessibague,IM,Wilfredo Sariego Figueredo,CU,,2318.0,,,2498,-2,34365,2114,-26,19,2644,1497,,
ZZZaaa1,zzzaaa1,WIM,Anna Golubova,RU,,,,,2367,47,37,2225,21,13,2613,1500,,
Gollatzproblem,gollatzproblem,FM,Reiner Heimrath,DE,,2230.0,,,2204,7,13105,2144,-131,141,2220,2140,,
DmitryMazanchenko,dmitrymazanchenko,FM,Dmitry Mazanchenko,RU,Любимый дебют Сицилианская защита,2161.0,,,2170,-20,12475,2278,-51,166,2351,1214,,
MilanovicDan,milanovicdan,GM,Danilo Milanovic,RS,,,,,2505,-34,151,1500,0,0,2366,1500,,
Abik02,abik02,GM,Abdulla Gadimbayli,AZ,"Hi all! I'm GM Gadimbayli Abdulla from Azerbaijan.
Fide:2524
World Junior Champion 2022
I've won several tournaments including 2x World and 2x European championship.
Available for online coaching email me if you are interested: gadimbaylia@gmail.com",2524.0,,,3019,139,1998,2593,-59,38,3215,1500,,
ptrujillo,ptrujillo,FM,Pablo Trujillo,VE,Me gusta la Siciliana Variante Dragón. Tengo titulo de Maestro FIDE. Mí ID es 3901319,2153.0,,,2286,-19,7288,2410,25,68,2503,1500,,
alexkorn,alexkorn,IM,,,,,,,2341,61,176,2346,0,2,2406,1500,,
MarcoZaror,marcozaror,NM,MARCO AURELIO CORDEIRO,BR,Sou MN,,,,2087,-43,794,2007,69,116,2025,1633,,
fripSide,fripside,FM,,RU,,2375.0,,,2684,-17,1561,2567,13,264,2896,1801,,
SmoothAsAHedgehog,smoothasahedgehog,IM,,GB-ENG,,,,,2802,6,2378,2523,66,54,2838,2063,,
jaime_sonho01,jaime_sonho01,CM,Jaime sonhy,AO,https://media.giphy.com/media/aCg3RWzbmnTBRbapwi/giphy.gif,,,,2549,6,10330,2542,23,72,2933,1757,,
ShantiNurAbidahWIM,shantinurabidahwim,WIM,Shanti Nur Abidah,ID,"S1 Psikologi Universitas Gunadarma
Chess Player",,,,2422,142,3276,2628,123,123,2364,2230,,
deathlyweapon2005,deathlyweapon2005,CM,,IN,,2226.0,,,2488,3,860,2228,-40,15,2582,1500,,
mgroison,mgroison,NM,Maksim Royzen,,,,,,2245,-18,15365,2169,0,11,2300,1662,,
Zoot-Allures,zoot-allures,CM,,DE,"* * * The good player is always lucky 
* * * * * * * * * 
   José Raúl Capablanca",,,,2366,9,122,1500,0,0,2435,1500,,
Stefan005,stefan005,IM,,RS,,,,,2425,-46,659,1500,0,0,2626,1500,,
rigo-loya,rigo-loya,NM,Rigoberto Loya Ibarra,MX,,,,,2151,-6,950,1500,0,0,2319,1500,,
unknownaccount1,unknownaccount1,CM,Unknown CM,,,,,,1500,0,0,1500,0,0,2715,1500,,
Camperone,camperone,FM,,,,,,,2158,-25,483,1859,0,5,1334,1500,,
chesstutgood,chesstutgood,FM,,,,,,,2373,-18,2230,2373,128,38,2850,1500,,
RANGER2,ranger2,NM,,US,,,2010.0,,2253,-151,68,2197,20,50,2529,2188,,
Martini99,martini99,IM,Martin Neugebauer,SK,,2528.0,,,2652,-19,5669,2291,79,18,2802,1500,,
A-S-00,a-s-00,WIM,,_earth,,,,,2434,47,778,2460,75,205,2295,2133,,
Korchmar_Vasiliy,korchmar_vasiliy,IM,Vasiliy Korchmar,RU,"https://www.youtube.com/channel/UChLXZtyC1hM4eB2PWCznk5w
Провожу индивидуальные занятия для всех желающих очно (если Вы из Саратова) и по скайпу. По вопросам обучения просьба обращаться в лс или на почту: korchmarvasiliy@yandex.ru
Международный мастер, мастер спорта России, 1 гроссмейстерский балл (Moscow open 2016). Победитель и призер российских и международных соревнований.",2451.0,,,2667,-3,526,2385,90,38,2724,1826,,
lexydim,lexydim,WGM,Aleksandra Dimitrijevic,IT,"I'm Lexy, a Woman Grandmaster, FIDE Trainer, International Arbiter, and Lead School Instructor. I am passionate about transforming chess enthusiasts into masters of the game. With over 30 years of experience, I bring expertise and a proven track record.

Email: LexyChess@gmail.com",2080.0,,,2456,162,78,2232,0,6,2426,1331,,
jmf24,jmf24,WGM,,AQ,taking a break from playing Bullet-- Your Dragon,,,,2505,42,4254,2464,50,41,2703,1500,,
Aronyak1,aronyak1,IM,Aronyak Ghosh,IN,aronyakghosh@gmail.com,2514.0,,,2679,-3,6571,2420,-29,99,3112,1500,,
LeonCalderon,leoncalderon,IM,Francisco León,CU,,2092.0,,,2293,-9,3257,1500,0,0,2425,1500,,
ebzoli,ebzoli,CM,Zoltán Béla Éberth,HU,"https://imgur.com/gallery/t9iHS2Q I got to know chess at the age of 6. My chess role model is Paul Charles Morphy. My first coach CM Varga (Pufi) László. Later I studied under the guidance of András IM Mészáros. I paid for the FIDE CM title this month and I’m sure I’ll have even better titles. I have been a coach since I was 18, I have trained 1 international master and 8 Fide masters.",2210.0,,,2048,28,878,2061,34,1251,2156,2140,,
yaali15,yaali15,FM,,,,,,,2457,54,1110,2464,21,45,2416,2054,,
imbrewington,imbrewington,IM,Brewington Hardaway,US,Hello :) Grandmaster,2544.0,2617.0,,2750,53,1639,2188,-75,1288,3212,1998,,
SrPopando,srpopando,FM,Fernando Sanchez Aller,ES,,,,,2025,28,773,2042,-13,25,2074,1500,,
juancruzariasTDF,juancruzariastdf,FM,Juan Cruz Arias,AR,FIDE master and FIDE Instructor. Professional chess coach. Expert in adult improvement. Feel free to contact me at https://lichess.org/coach/juancruzariasTDF Check out my student's reviews at https://shorturl.at/Lql5t,2349.0,,,2767,18,17039,2763,-61,700,3007,2598,,
Krabbe,krabbe,CM,,AT,,,,,2347,-16,15057,2335,-143,348,2462,2183,,
LUDVIG_CARLSSON,ludvig_carlsson,IM,Ludvig Carlsson,SE,,2397.0,,,2608,-28,9734,2463,-4,657,2798,2192,,
Ali_Almudevar,ali_almudevar,NM,ALI ALMUDEVAR,US,"Doctorate in Biostatistics (1981)
Excel in sharp and unclear positions. More piece flying the better. 
Motto is Initiative is a key. Will sac piece for it and maintain attack.
Mostly I play on chess.com - TwentyHoursADay there.
Play here has been solid. No more of that. ALI ALMUDEVAR is here hungry for victim. Start the defenses or else checkmate!",,,,1500,0,0,1500,0,0,2903,1500,,
joshiii876,joshiii876,FM,Joshua Christie,JM,,2271.0,,,2606,-6,5240,2603,44,317,2735,2323,,
alberto99,alberto99,IM,Alberto Barp,IT,,,,,2648,23,4510,2556,265,28,2762,1500,,
BaldHedgehog,baldhedgehog,WFM,,,,,,,2489,49,1394,2454,76,30,2290,1500,,
ersekitamara,ersekitamara,WFM,,HU,,1941.0,,,2160,11,249,1925,0,3,2105,1500,,
alekskooks,alekskooks,FM,Aleksey Kukelko,UA,Work hard to understand chess!,,,,2472,-29,1820,2614,77,201,2745,1988,,
Isurox,isurox,FM,,LK,,2000.0,,,2307,-8,23425,2368,1,1629,2429,2166,,
Ljucifer,ljucifer,FM,,RU,,,,,2620,39,5217,1500,0,0,2634,1688,,
Bornforchess007,bornforchess007,FM,,FR,,,,,2671,52,577,2401,132,19,2884,1500,,
rdarruda,rdarruda,FM,Ricardo Darruda,US,https://ratings.fide.com/card.phtml?event=100692,2271.0,,,2462,-31,25725,2531,65,145,2324,1500,,
dmitry1968,dmitry1968,FM,Дмитрий Вдовин,RU,,2301.0,,,2145,-35,11391,2271,88,988,2023,2058,,
Hopeim,hopeim,FM,Rafał Tymrakiewicz,PL,,,,,2376,-29,1679,2024,0,10,2422,1500,,
Piranaseven,piranaseven,CM,,,"Hamsi gibi yaşa, Pirana gibi öl",,,,2366,62,12058,2160,200,20,2475,1697,,
schaakinitiatiefSIV,schaakinitiatiefsiv,FM,Schaakinitiatief Vlaanderen,BE,"Onze vzw promoot de schaaksport in Vlaanderen door het organiseren van toegankelijke schaakactiviteiten, zie ook onze website www.schaakinitiatief.org",,,,2478,-96,186,2278,-13,13,2501,1500,,
CoachFede,coachfede,NM,,TW,"Hi I'm a chess coach from Italy, but now live in the beautiful island of Taiwan. I've been teaching chess for about 10 years, in every contest: schools, chess academies, chess clubs and of course private lessons too. I learned that a good player does not necessarily make a good coach, and that experience is very important: I believe honesty and passion go a long way. Lessons in Eng, Ita,中文.",2169.0,,,2468,20,17609,2502,-29,303,1823,2223,,
soyunrifle,soyunrifle,NM,jose humberto peñuñuri,MX,,,,,2043,21,4488,2020,-42,382,1993,2056,,
Patonotucupi,patonotucupi,CM,Nelson Moraes,BR,https://instagram.com/nelsonmoraes84?igshid=ZDdkNTZiNTM=,2174.0,,,2356,29,8910,2393,39,63,2450,1599,,
yingpan123,yingpan123,FM,,CN,a middle school student,2071.0,,,2417,-13,126,2188,-61,21,2678,1500,,
Polina3004,polina3004,WFM,Полина Янученко,,"Моя телега: https://t.me/yanchnkoy_chess
Мой ютуб, провожу стримы: https://youtube.com/@yanchnkoy_chess?si=dbrdUsYZ30iMInGH
https://imgur.com/qDCZxyr
Моя инста: https://instagram.com/yanchnkoy_chess?igshid=MzMyNGUyNmU2YQ%3D%3D&utm_source=qr
Мой клуб на личесс, где проходят турниры: https://lichess.org/team/4WJHSeyU
Запись на занятия в тг @yanchnkoy_chesss",2113.0,,,1887,-100,883,1638,-146,151,2132,1698,,
aljado59,aljado59,NM,Alvaro Donatti,UY,Me gusta jugar para divertirme.,2193.0,,,2113,-118,1010,2244,86,31,2190,2026,,
cutemouse83,cutemouse83,GM,Michael Roiz,IL,"Hi Everyone! I am GM Michael Roiz!
After many years of playing on GM's level I switched to career as a coach and second of top players.
I am also an author of 3 books, including Nimzo Indian
My website is www.chessbasic.com.  
You are welcome to conctact me on michaelroiz@yahoo.com for further information. 
If you are serious, success is guaranteed!",2579.0,2650.0,,2979,-4,16216,1500,0,0,1756,1500,,
Frogkiller,frogkiller,FM,,,,,,,2447,19,10302,1909,-38,120,2578,1558,,
funeral_bureau,funeral_bureau,FM,Aleksandr Kozak,RU,,,,,2360,22,2132,2213,34,376,2108,1500,,
HandKnit,handknit,CM,,,,,,,2412,-10,16975,2533,51,404,2498,2383,,
elf19074,elf19074,FM,Torsten Lang,DE,www.schachklub-landau.de,,,,2506,-89,3436,2342,0,11,2555,1500,,
KonstantinKornienko,konstantinkornienko,FM,Kornienko Kostya,LV,"#1  ultrabullet player in the world?
Play in the prize tournaments! https://lichess.org/team/chesscs    
https://t.me/chesscs

 Available for commercial offers, contact me via dm or kit0701@inbox.lv",2340.0,111.0,1.0,2679,6,3007,1500,0,0,3001,1500,,
MokshanovAlexey22,mokshanovalexey22,IM,Alexey Mokshanov,,,,,,2523,-5,1583,2444,117,35,2800,1500,,
buddhibalcoach,buddhibalcoach,WFM,S. M.,IN,"I am a WFM from India, playing Chess since last 35 years  and with an experience of 18+ years in teaching Chess to school students from beginners to intermediate level. I also give private online lessons to kids from various countries.",2041.0,,,2147,11,9556,2272,103,41,2163,1500,,
Moztiger,moztiger,CM,Someone African,MZ,,,,,2484,-41,13560,2477,-39,166,2521,2207,,
Germily,germily,CM,"Germinal, Kemly",,,,,,2115,-1,4476,2216,-24,110,2224,1825,,
TexasMustang,texasmustang,GM,Sergey Matsenko,US,,2530.0,2680.0,,2721,14,3800,2501,132,15,2858,1500,,
Danirod,danirod,FM,Daniel Rodriguez,VE,Fide Id: 3900070,2285.0,2370.0,,2760,82,12412,1864,0,4,2763,1500,,
ersankuneri1980,ersankuneri1980,IM,Tuna Onat Nalbant,IT,.,2401.0,,,2641,136,646,1500,0,0,2500,1500,,
OCChess,occhess,GM,,US,,,,,2803,-3,3129,2545,33,101,3002,1500,,
Crusher22,crusher22,FM,,,,,,,2416,-13,3349,2299,-1,52,2669,1500,,
artsportscience,artsportscience,CM,Abel Oquendo,PA,https://i.imgur.com/eVIfXfq.jpg,,,,2419,31,14146,2445,38,178,2271,2313,,
AlwaysMore,alwaysmore,FM,,PL,FIDE Master from Poland.,2295.0,,,2689,49,1330,2463,67,22,2713,1500,,
Sailor1951,sailor1951,GM,Ante Saric,HR,"I am Ante Saric (41 years), GM from Split (Croatia). I am interested to play foreign leagues and give chess lessons. My elo rating is 2490 (peak rating 2600). Feel free to contact me on e-mail:antesaric@windowslive.com",2490.0,,,2671,27,11728,2684,21,53,2763,1986,,
dreamteamer,dreamteamer,IM,,DE,"Internet Chess Veteran. 
ICC Account first used: 12-Sep-1994",,,,2574,45,2912,2343,-59,110,2471,1294,,
Rud_Makarian,rud_makarian,IM,Rudik Makarian,,https://ratings.fide.com/profile/44105681,2517.0,,,2742,27,1815,2180,0,10,2923,2045,,
Barracudych86,barracudych86,GM,Jakov Geller,,"Grandmaster, FIDE Senior Trainer, author.",2521.0,,,2716,-8,512,2374,89,13,2800,1500,,
Arnedo01,arnedo01,NM,,US,,,,,2300,-1,5462,2143,-186,25,2292,1500,,
MahammadMuradli2003,mahammadmuradli2003,GM,Mahammad Muradli,AZ,"Member of Azerbaijani national team, 2 times Azerbaijan Men's Champion, World Junior Blitz Champion",2608.0,,,2763,-10,6528,2903,113,377,3152,2252,,
Zhaslan_Aligozhin,zhaslan_aligozhin,FM,Zhaslan Aligozhin,KZ,Chess coach. Come study.,2405.0,,,2546,7,7901,2130,33,33,2731,1500,,
MIThePunisherXX,mithepunisherxx,IM,,,,,,,2672,-12,2457,2230,7,18,2608,2039,,
ethereumclassic,ethereumclassic,GM,,,,2484.0,,,2729,-3,1537,2447,0,9,3002,1500,,
AlechinKaspar,alechinkaspar,CM,,PL,I am a candidate for master.,,,,2122,16,5297,2188,38,803,2022,1500,,
Sidonya,sidonya,NM,Luis Raygoza,MX,"Maestro Nacional, Candidate Master & FIDE Trainer",2248.0,,,2336,2,12250,2155,-4,45,2795,2230,,
KmRiOaOlNy,kmrioaolny,FM,,,,,,,2362,-28,1556,1325,0,1,2317,1500,,
SeniorPhysician,seniorphysician,CM,Thorsten Heedt,DE,"club: SG Porz bis 31.12.25, danach SF Deizisau. profession: Leitender Oberarzt MEDICLIN Klinik am Vogelsang Donaueschingen (psychosomatics).
Deutscher Meister im Schach der Ärzte 2007 und 2014, DWZ 2051-99, ELO 2091, Blitz-ELO 2061",2091.0,,,2401,24,3952,2326,-10,391,2403,1975,,
bixit00,bixit00,NM,,,,,,,2320,1,406,2275,10,69,2509,2063,,
okmnstr,okmnstr,NM,Oguz Kagan Guven,TR,,2212.0,,,2423,-45,2420,2353,16,600,2757,1500,,
Rawnsdale,rawnsdale,NM,Ralph Tan,US,Tournament Director for the Saint Louis Chess Club,2077.0,2278.0,,2472,-67,1977,2222,10,87,2805,2258,,
CACHS,cachs,FM,Carlos Alberto Chávez Suárez,ES,"Hola mi nombre es Carlos Chávez. Soy MF desde el año 2017 y entrenador de ajedrez desde el 2018. Acepto alumnos que estén interesados en recibir clases. Incluyo además de las clases, plan de entrenamiento individual, material para el estudio y preparación durante los torneos. 
whatsapp: +34 626723013.
Sígueme en twich: https://www.twitch.tv/mfcachs
https://lichess.org/streamer/cachs",2279.0,,,2545,-13,16360,2456,175,105,2669,2144,,
Ifeelsorryforyou,ifeelsorryforyou,FM,,EU,,,,,2573,-23,4523,2628,171,129,2486,2115,,
JustAHarmlessDuck,justaharmlessduck,FM,Richard Zheng,CA,"Hi, my name is Richard Zheng and I am a FIDE master from  Canada. 
I have been coaching since 2019, helping students break through plateaus and achieve beyond their ambitions. You can expect us to work on all aspects of the game, and the training regime is catered to the student's personal needs. For more details, feel free to send me a message here or email me at richardz.mtl@gmail.com 
Thanks!",2315.0,,,2603,11,106,1500,0,0,3008,1500,,
Baigildin_Albert,baigildin_albert,FM,Baigildin Albert,RU,,2147.0,,,2478,-57,208,2368,5,56,2803,1500,,
Creighton00064,creighton00064,IM,Štěpán Hrbek,CZ,I'm on my way,2426.0,,,2507,96,1989,2438,30,510,2702,1987,,
Akilachess,akilachess,CM,,LK,,,,,2222,-2,792,2407,0,6,2360,1826,,
lehjoz,lehjoz,CM,,EU,"https://i.imgur.com/U7X4n1W.jpg
""We are Venom""",,,,2263,-12,3649,2139,35,3022,2515,2126,,
Davor_Rogic,davor_rogic,GM,Davor Rogic,HR,"I'm Davor Rogic, a Grandmaster with peak FIDE rtg 2602.  I have a Masters degree in IT tehnology. If you're interested in lessons or coaching freely contact me. 

More info on https://lichess.org/coach/Davor_Rogic with many students reviews on https://efour-davorrogic.hr/

Mail: davorr@hotmail.com",,,,2469,-20,3111,1766,-158,20,2619,1500,,
RCSA007,rcsa007,IM,Roberto Carlos Sánchez Álvarez,PA,"International Chess Master
Nací Cuba. Desde 2017 tengo el Honor de representar a Panamá. Olimpiadas Mundial: Batumi 2018 y Chennai 2022, Budapest 2024. Ganador de dos Centroamericanos y del Caribe 2018,2019. Seis Veces Campeón Nacional Panamá (2018,2020,2021,2022,2023,2025). Entrenador Selecciones Nacionales 2011 al 2016 (El Salvador y Panamá). 
Director Fundador: Chess Logistic Panamá",2387.0,,,2463,-17,2891,2324,0,8,2776,1500,,
Paradoxxx1,paradoxxx1,FM,Mac Daddy,ES-CT,"I was made for coachin' you, baby",,,,2666,-20,7868,2334,-143,96,2740,1500,,
Chess-Network,chess-network,NM,Jerry,,"https://linktr.ee/chessnetwork
     @MasterStockfish
lichess.org/team/chessnetwork",,,,2730,-4,29786,2691,10,391,2877,1500,,
chesspassion_11,chesspassion_11,CM,,,,,,,2398,154,64,1500,0,0,2369,1500,,
MikhailSher,mikhailsher,NM,Mikhail Sher,US,"Dream Moves - The ultimate instructional book for rapid chess improvement from GM Miron Sher ""Coach of Champions"": www.amazon.com/Dream-Moves-Eye-Opening-Lessons-Improvers/dp/9083382745/

Management Professor
Research: https://www.monmouth.edu/directory/profiles/mikhail-sher-ph-d/
Poker: https://pokerdb.thehendonmob.com/player.php?a=r&n=221545",,,,1500,0,0,1500,0,0,2816,1500,,
GCamachoMartinez,gcamachomartinez,FM,Guillermo Camacho Martinez,CU,Soy FM y me apasiona el ajedrez.,2305.0,,,2479,-56,6977,2167,0,7,2319,1500,,
Biofritz,biofritz,NM,Rui Guimarães,PT,"Chess coach for more than 25 years having started at the age of 16 when new chess club needed a manager. Along the years worked regularly as arbiter, coach, manager, director in different chess organizations.",2202.0,,,2142,-10,12537,2033,-90,43,1980,1416,,
Fang3416,fang3416,CM,Aron Klevansky,ZA,,,,,2304,14,3184,2373,23,333,2405,2064,,
JFriedel,jfriedel,GM,Josh Friedel,US,"GM from  New Hampshire, currently living in Wisconsin.",2562.0,2655.0,,2700,67,1494,2454,0,5,2509,1500,,
xaoc88,xaoc88,IM,,RU,,,,,2371,-29,1999,2452,40,41,2360,1500,,
BeautyGirl,beautygirl,WGM,Candela Francisco,AR,"Judas 1:2
Deseo que Dios los trate con mucha compasión y con abundante paz y amor.",,,,2618,39,1548,1844,0,7,2550,1500,,
BillieJoe,billiejoe,FM,Jari Järvenpää,,I am a chess teacher. I have 2 IM-norms and also have 4 medals from finnish championships. I won two bronzes on rapid championships on 2021 and 2023 and also bronze on blitz championship on 2020. I have bronze on FR chess. 22th of feb 2022 10th best active player of classical in Lichess with rating 2522! User name is dedication for the vocalist of Green Day. (Elo update august 16th 2025),2209.0,,,2351,-2,9320,2450,-57,1627,2414,2300,,
Derrotado,derrotado,FM,Ivan Kuhlmann Nogueira,BR,,,,,2523,50,9577,2370,8,804,2323,2341,,
Maestrolll,maestrolll,FM,Luis Leonardo Lorenzo De Los Santo,DO,Maestro Fide,2132.0,,,2346,53,5834,1479,0,1,2032,1500,,
Phlegmatiker,phlegmatiker,FM,Petrosilius Zwackelmann,AT,,,,,2454,8,7345,2250,201,29,2543,1500,,
LarsAndreassen,larsandreassen,CM,Lars Magne Andreassen,NO,"Played in a club since I was 14.  Grew up and played in Narvik chessclub.  
Have played a lot online but have not really studied chess seriously.   
Have met Magnus Carlsen twice (of course lost- but not crushed  https://www.chessgames.com/perl/chessgame?gid=1420610 ). 
I am rated exactly where I deserve to be.",2168.0,,,2278,1,2274,2344,147,20,2248,1500,,
painkiller3,painkiller3,FM,,UA,,2492.0,,,2642,-13,785,2116,137,15,2983,1500,,
LebronJames22,lebronjames22,GM,Karthik Venkataraman,,,,,,2185,0,7,2511,-129,29,2933,1500,,
Beletko,beletko,FM,,,,2300.0,,,2190,-21,27384,2284,-17,182,2323,1500,,
Riner21,riner21,FM,,,,,,,1759,0,1,1500,0,0,2588,1500,,
adireddyarjun,adireddyarjun,FM,Pirate King,AQ,,,,,2446,-15,1781,2301,41,24,2651,2494,,
Ambushtactics,ambushtactics,CM,Dion james Moyo,ZW,"Strategy requires thought,Tactics require attention-Max Euwe",2126.0,2150.0,,2416,-32,4760,2268,86,104,2340,1481,,
Molt7n,molt7n,GM,Moulthun Ly,AU,"Hey guys!

My name is Moulthun and I'm a Chess Grandmaster from Australia! I am a passionate chess writer, youtuber, player and coach!

If you want to learn more about me or chess in general, please check out my Youtube channel where I will post content.",,,,2761,21,3050,2672,156,47,2793,1500,,
DiiDaa45,diidaa45,WFM,,GE,,,,,2402,-46,1295,1953,-281,43,2340,2236,,
Fire_Serpent,fire_serpent,FM,,UA,https://www.instagram.com/dr.malyna/,,,,2677,107,1747,2352,20,122,2709,1500,,
biggerchess,biggerchess,GM,António Fernandes,PT,,2354.0,,,2437,26,1105,2375,23,66,2383,1500,,
Starboy91,starboy91,FM,Akmal Fayzullayev,UZ,Alekhin N1,2378.0,,,2481,-74,2214,2254,230,19,2601,1500,,
danshev16,danshev16,CM,Danylo Shevchenko,UA,,,,,2445,29,6133,1229,0,1,2728,1500,,
QuieroAJedrez,quieroajedrez,IM,Marcelo Alejandro Panelo Muñoz,ES,"Maestro Internacional y entrenador Fide. Llevo años entrenando ,con metodología lo cual le asegurara un avance  rápido en su juego. Trato especialmente el pensamiento ajedrecístico , el como se debe pensar una partida de ajedrez.Las estrategias a seguir en el medio juego y en los finales .Un pensamiento ordenado nos ayuda a mejorar bastante.
También doy clases a grupos de 4 personas.Las clases son privadas y quedan grabadas en lichess para que el alumno pueda repasarlas.
Si esta interesado puede escribirme a marcelopanelo@gmail.com",2378.0,,,2514,-9,851,1731,0,1,2234,1500,,
jjpineda,jjpineda,FM,Juan Jose Pineda,NI,FIDE ID 6100465,1982.0,,,2084,-13,27805,2202,20,2702,2026,2153,,
Mikele84,mikele84,GM,Milos Perunovic,RS,,,,,2803,-23,445,1500,0,0,2879,1500,,
FatherGascoigne,fathergascoigne,IM,,MH,"Beasts all over the shop. You'll be one of them, sooner or later.. 

""What's that smell? ... The sweet blood, oh, it sings to me. It's enough to make a man sick""",,,,2625,-10,877,2017,0,5,2949,1500,,
korbul,korbul,IM,Codrut-Constantin Florescu,CH,"International Master since 1994.ID code:1202200,elo clasic 2293,Rpd.2277,Blitz 2250.My favorite player is Alekhine.",2293.0,,,2454,28,19264,2149,40,20,2419,2027,,
C009,c009,FM,,,,,,,2490,-61,2578,1412,0,10,2508,1476,,
LHP_SOUSA,lhp_sousa,CM,Ludy Helsio Sousa,,,2225.0,,,2400,8,13359,1500,0,0,2415,1500,,
Arpinate,arpinate,CM,,,,,,,2341,-4,4770,2224,24,146,2619,1500,,
calculorapido,calculorapido,IM,Jorge Roberto Elias Reyes,CU,"Me gusta mucho el ajedrez porque se pueden enfocar situaciones determinadas de muchas maneras diferentes, podemos utilizar el Cálculo, la intuición, el razonamiento lógico, etc. y siempre hay un futuro por descubrir el cual es la consecuencia de las decisiones que tomamos en el tablero. Soy entrenador desde el 2018,mi WhatsApp es +5356519513.
https://lichess.org/coach/calculorapido",2490.0,,,2491,-11,682,2626,5,76,2719,1500,,
Mossadcentral,mossadcentral,FM,Zhemba Jemusse,ZW,One of the best chess coaches in “Africa” !,2126.0,,,2306,-32,5582,1995,169,19,2311,2210,,
HooCee,hoocee,FM,,FI,,,,,2401,11,23270,2461,4,3321,2461,2361,,
Lugovskoy_Maxim,lugovskoy_maxim,GM,Максим Луговской,_earth,Международный Гроссмейстер по шахматам. Основатель Гроссмейстерской онлайн-школы шахмат www.chesskings.ru Преподаю шахматы для взрослых и детей. Контакты для связи +79189895420,2515.0,,,2483,-66,1638,2160,31,1516,2805,1985,,
Unknown_Master459,unknown_master459,CM,~,CA,https://i.imgur.com/vRPWH7w.jpg,2119.0,100.0,,2552,-32,5425,2560,16,2279,2837,2320,,
CamelClutcher,camelclutcher,NM,Daniel Herman,US,,,2234.0,,2307,-12,15473,2307,-37,3823,2632,2383,,
MrLion3000,mrlion3000,CM,,,,,,,2708,13,1053,2546,40,50,2954,2454,,
condansator3,condansator3,FM,Volkan Sevgi,_earth,"Master of Closed Sicilian /

Available for lessons and training games / Contact me from lichess.",2332.0,,,2736,13,2195,2567,161,33,3063,1786,,
manneredmonkey,manneredmonkey,NM,,US,,,2200.0,,2615,-13,34061,2674,82,1325,2377,2333,,
Jazzyjef,jazzyjef,FM,,NL,,,,,2610,-30,42309,2610,20,148,2610,1500,,
Sokol1488,sokol1488,FM,,,,,,,2589,10,5786,2425,64,523,2709,2337,,
Donskov_AV,donskov_av,FM,Анатолий Донсков,,,2286.0,,,2384,4,2251,2003,-75,14,2583,2100,,
Goroshkov_Maksym,goroshkov_maksym,FM,,SI,,2332.0,,,2566,21,4648,2484,-46,824,2913,2218,,
Mrjoeyg,mrjoeyg,GM,,,,,,,2464,11,5683,1500,0,0,2472,1500,,
easy12345,easy12345,WNM,,_earth,,,,,2170,-19,3231,2208,-230,25,2463,1636,,
peradetlic83,peradetlic83,GM,Nikola Sedlak,RS,"Hi, my name is Nikola Sedlak and I am a grandmaster from Subotica, Serbia. My peak FIDE rating is 2611 and I actively play in tournaments across Europe. I've also written numerous books on the London System and other openings. 

If you're interested in coaching, please feel free to message me or visit:
https://lichess.org/coach/peradetlic83",2551.0,,,2783,58,4442,1546,0,5,2530,1500,,
AlconJohnDatu,alconjohndatu,FM,Alcon John Datu,PH,,,,,2304,29,861,2240,-148,36,2443,2022,,
guilty93,guilty93,FM,Juan Manuel Gaitan,AR,"""El esfuerzo no garantiza el éxito, pero ningún exitoso llego sin esfuerzo""",2301.0,,,2623,90,2437,2449,181,18,2755,1500,,
indiana74,indiana74,WIM,Milena Campos Vila,CU,"Desde los 8 años juego el Ajedrez, soy WIM y tengo 2 normas de WGM. Cómo entrenadora tengo el título de FM. Me gusta la India de Rey con negras y con blancas mi repertorio es variado. Llevo cómo entrenadora más de 10 años de experiencia.",2103.0,,,2071,-13,6188,1585,0,1,2222,1500,,
segisvona,segisvona,FM,,IS,,2275.0,,,2618,47,896,2385,210,19,2895,1500,,
EslegalRD,eslegalrd,NM,Josue Castillo,DO,,2129.0,2161.0,,2501,13,1007,2190,0,7,2703,1500,,
zinkevichJulia,zinkevichjulia,WIM,Юлія Зінкевич,UA,,1962.0,,,2527,-36,586,2076,0,3,2712,1500,,
mekoch,mekoch,WGM,Mahri,TM,"""Regularity is the key to success""
mahrigeldiyevawgm@gmail.com",2132.0,,,2259,-5,1875,2342,-58,155,2429,1500,,
theKittycat,thekittycat,IM,Yahli Sokolovsky,IL,,,,,2660,-10,315,2325,-125,16,2771,1500,,
SarthakGattani,sarthakgattani,NM,,_earth,"14-year-old National Master
Not trying in online chess
Grinding for FM",,2239.0,,2256,64,1400,2272,59,459,2397,1793,,
Yottabyte97,yottabyte97,IM,,,,,,,2636,-9,1143,1500,0,0,3018,1500,,
GambitGerard,gambitgerard,FM,,BE,Een klassieke Jagor is altijd pagor,,,,2337,-3,4435,2294,93,358,2538,1797,,
Dangor,dangor,IM,GORAN TRKULJA,BA,"IM
FIDE TRENER",2320.0,,,2291,4,4769,2309,-98,268,2444,2431,,
mrcorbat,mrcorbat,NM,,,,,,,2120,10,5007,2259,30,57,2071,1859,,
STL_Grischuk,stl_grischuk,GM,,,,,,,2813,-85,69,2776,0,0,3168,2776,,
mysterious_expert,mysterious_expert,IM,Dimitar Mardov,BG,"17 year old IM. Check out my chess improvement website: https://mardovchess.com
Lichess Team: https://lichess.org/team/mardovchess-mentorship-program",2516.0,,,2756,-40,9608,2799,-4,756,3024,2311,,
KfLoRiAn,kflorian,IM,,HU,,,,,2714,40,3472,2407,0,7,2856,1500,,
HelonosGR,helonosgr,GM,,GR,,,,,2285,-153,160,2414,-11,55,2668,1500,,
newauto888,newauto888,NM,Komal Kishore Pothuri,,,1960.0,2098.0,,2142,13,7130,2405,108,534,2301,2303,,
mightyzing,mightyzing,IM,,,,,,,2484,110,1861,2360,76,41,2278,1500,,
Geor83,geor83,FM,Georgij Tenikashvili,RU,,2337.0,,,2419,18,140,2292,0,8,2465,1500,,
DuRo1988,duro1988,FM,,AT,,2300.0,,,2381,-12,3573,2344,-43,62,2602,1940,,
TitledMoneyGrabber,titledmoneygrabber,FM,,ES,,,,,2530,-32,719,2377,-12,91,2861,2160,,
Garry_Kasparob,garry_kasparob,FM,Conrado Diaz,PH,"Name : Conrado Diaz 
Age : 36 yrs.old 
Chess coach / online coach 
Fide 2273 - Rapid 2295 - Blitz 2316 , US National Master  Available for online Chess Lesson $40/hour - Topic  : 1. Endgame 2. Middlegames 3. Training games  4. Game analysis",2273.0,2344.0,,2342,52,7750,2228,-91,293,2584,2073,,
aa_lva04,aa_lva04,WCM,Assel Lesbekova,KG,https://ratings.fide.com/profile/13713248,,,,2213,-19,2196,2215,6,82,2405,1737,,
FearlessKing64,fearlessking64,CM,,,,,,,2209,-12,10070,2582,61,47,2352,2438,,
R_Ov,r_ov,GM,Роман Овечкин,RU,"15 марта 2018 года завёл себе на YouTube  личный видеоблог посвященный шахматам. Надеюсь в нём постепенно осветить все интересующие Вас аспекты - дебюты, разыгрывание окончаний, разбор сыгранных партий, типовые приемы и типичные ошибки. Надеюсь также на Ваши подсказки, советы - всегда буду рад улучшить качество того материала, которым делюсь.
Профиль ФИДЕ: https://ratings.fide.com/profile/4119991",2472.0,,,2605,4,3727,2574,-14,698,2618,1500,,
ABOMEGA,abomega,CM,,,,,,,2306,9,1020,1500,0,0,2527,1500,,
ksm2016,ksm2016,WNM,Ebru Kaplan,TR,,1944.0,,,1788,-30,169,1927,64,105,1806,1944,,
Stradivari17,stradivari17,FM,,RU,,2300.0,,,2535,-13,2440,2258,0,6,2467,1500,,
KanseiMigatte,kanseimigatte,FM,Jesus Marcial Torres Cueto,CO,https://i.imgur.com/1nFqd7t.jpg,2190.0,,,2271,-15,1752,1539,-569,18,2704,1820,,
NaSil,nasil,FM,Nazmi Can Doğan,TR,"Chess Trainer and FM with 2 IM norms :)

YouTube: https://www.youtube.com/satranchess

Bana ulaşmak için: satrancanalizleri@gmail.com
https://lichess.org/coach/NaSil",,,,2610,3,3046,2698,65,541,2812,2299,,
Eloist,eloist,FM,,,,,,,2320,-21,13810,2277,0,8,2210,1500,,
Biduletrucmachin,biduletrucmachin,WCM,,AU,,,,,2171,44,121,2069,-109,52,2400,1500,,
chesswarrior04,chesswarrior04,GM,,,"https://www.instagram.com/uzbekgrandmaster/  

https://t.me/uzbekgrandmaster",2651.0,,,2837,7,2907,2410,40,73,2903,2003,,
Mobtlt,mobtlt,CM,,,,,,,2296,44,367,2403,-72,204,2568,1500,,
Mikhail_Golubev,mikhail_golubev,GM,Mikhail Golubev,UA,"Chess grandmaster (Ukrainian champion 1996), journalist, author of four chess books, trainer, organiser from Odessa, Ukraine. Website: https://mikhailgolubev.wordpress.com
COACHING: https://lichess.org/coach/Mikhail_Golubev",2461.0,,,2641,54,1582,1500,0,0,2412,1500,,
ProjectHardcore,projecthardcore,IM,Alexander Smirnov,RU,,2360.0,,,2229,13,1824,2401,-94,20,2182,2073,,
jposthuma,jposthuma,IM,Joshua Posthuma,US,"International Master, 4x Michigan State Champion, and full-time chess coach from Metro-Detroit. If you're interested in lessons, send me a message! I stream occasionally at twitch.tv/mcjgp",2457.0,,,2806,4,15466,2712,-2,1665,2900,2498,,
Brogdoth,brogdoth,NM,,,,,,,2500,21,3029,2262,55,26,2700,1500,,
lokiy47,lokiy47,IM,Robert Lončar,HR,International Master,,,,2403,9,49285,2576,38,239,2537,2455,,
NikosGeo,nikosgeo,FM,,,"Pleaseeeee dont ask me to join your team, I will feel bad when I reject your request",,,,2559,18,10781,2378,44,117,2742,2510,,
A-123412345,a-123412345,CM,,,,,,,2256,-12,551,2110,57,22,2168,1756,,
rehbwf,rehbwf,IM,Леонид Ноздрачев,,"Тренер по шахматам, образование РГУФКСМиТ. Групповые и индивидуальные занятия онлайн.",2239.0,,,2607,8,5293,2661,3,1095,2618,2524,,
Mr_64,mr_64,FM,,LK,Hi ! I am an Asian Champion twice! U 16 and U 13! #2 in Sri Lanka!,2238.0,,,2340,-24,322,2158,0,6,1500,1500,,
sachaamellow,sachaamellow,WIM,,,,,,,2139,101,2085,1889,-230,401,2276,2148,,
Matanzas67,matanzas67,IM,roberto calderin,CU,"Estudio contra talento, que crees tú",2424.0,,,2495,15,8427,2523,101,94,2494,1748,,
NFChess13,nfchess13,FM,,FJ,,,,,2522,-61,2262,2473,213,26,2635,1607,,
Elda64,elda64,GM,Paul Velten,_earth,,,,,2809,-4,25388,2437,0,3,3055,1500,,True
Batko2003,batko2003,IM,,RU,"Кирилл Шубин
Тренирую, обращайтесь в личессе
I am open to ""paid"" offers to play for teams , just text me . I also play ""paid"" training games",,,,2861,-35,4975,2559,18,121,3039,2316,,
Hell_team_captain,hell_team_captain,NM,Daria Khokhlova,,"Мир шахмат чёрно-белый? Это лишь кажется. В действительности он полон ярких красок — а я полна решимости продемонстрировать это на своём канале: https://www.youtube.com/channel/UCV7P1HW_ymGD9_uGT2Z2ejQ
https://imgur.com/GI4j3DA",2067.0,,,2274,-36,937,2210,0,6,2204,1607,,
mraquariyaz67,mraquariyaz67,GM,,,15 years old https://www.instagram.com/gm_andywoodward/,,,,3048,155,17,2033,0,2,3512,1500,,
Juraj_Oruzinsky,juraj_oruzinsky,FM,Juraj Oruzinsky,,,,,,1844,0,2,2266,0,8,2501,1500,,
Chessbird,chessbird,CM,,DE,,,,,2269,14,10921,2403,-19,188,2157,1500,,
Accjgm980523,accjgm980523,IM,Augusto César Campos Jiménez,CU,,,,,2503,19,6710,2428,-59,38,2466,1344,,
TaranenkoEvhen,taranenkoevhen,NM,Евгений Тараненко,UA,"Мастер спорта Украины. Тренер. Работаю с людьми уровня от начинающего до кандидата в мастера. Автор образовательного проекта shahimat, включающего в себя сайт, а также YouTube-канал.
Буду рад новым посетителям: https://www.shahimat.org/
И новым зрителям: https://www.youtube.com/@shahimat_org
Україномовний канал: https://www.youtube.com/@shahimat4312",2201.0,,,2399,12,18812,2686,49,704,2556,2444,,
Meskenas,meskenas,GM,,,,,,,2715,18,2202,2495,0,9,2804,1500,,
MadDawgg,maddawgg,NM,,US,,2026.0,2200.0,,2376,-11,1192,2491,39,40,2460,2161,,
walmikh,walmikh,FM,Валерий Казанцев,RU,"https://ratings.fide.com/profile/4179609 https://ratings.ruchess.ru/people/8646
https://www.youtube.com/channel/UC6LtZnVYA2JrtWcmEARpL-g
https://www.youtube.com/channel/UChGOFfGVaK23bhdJXtn7IRw",2313.0,,,2290,13,13522,2314,-108,570,2500,2102,,
ColdBloodShed,coldbloodshed,FM,,FK,,,,,2476,-10,3548,2473,-12,179,2807,2314,,
andreykin_01,andreykin_01,CM,,PE,,,,,2259,9,2103,2261,-2,389,2565,2125,,
TuPapiRicoSoyYO,tupapiricosoyyo,CM,Gigli Hernández,CO,,1926.0,,,2216,18,8638,2255,-80,138,2341,2158,,
BMWHero,bmwhero,GM,,,,,,,2874,-24,6212,2452,16,149,3133,1500,,
Shahistja,shahistja,WFM,,DE,,,,,2307,-62,1789,2267,80,137,2142,1977,,
tandaleo,tandaleo,FM,,,,,,,2513,51,4973,2551,188,34,2425,1337,,
nryba94,nryba94,NM,,,,,,,2505,7,2369,1500,0,0,2845,1500,,
itore,itore,IM,Witalis Sapis,PL,"https://witalis-sapis.com/en/homepage/ I invite you. There you will find excerpts from my  books ""Chess Master’s Strategy"" and ""Chess Strategy Explained"" written together with former 2002 European Champion - Grandmaster Bartłomiej Macieja. 
You can also download the guide ""How I look at the chessboard in order not to leave my pieces hanging"", which will help you raise the level of your game.",2378.0,,,2412,13,121,1500,0,0,2466,1500,,
Emporio_Armani,emporio_armani,FM,,RU,,,,,2620,8,7462,2817,40,105,2946,1500,,
Chesser22,chesser22,IM,Kirill Shevchenko,UA,,2655.0,,,2793,19,1626,1777,0,1,2917,1681,,
ZeniaChess,zeniachess,WIM,Zenia Corrales,,,,,,2191,4,294,2010,-98,16,2138,1500,,
belenchessy,belenchessy,WCM,Natalia Belen García Ortega,MX,,,,,2100,-5,2543,2187,-28,1439,1966,2022,,
jab2015,jab2015,NM,Javier Alejandro Besso,AR,"Soy entrenador de campeones y  campeonas juveniles nacionales  e internacionales    Presidente de la Federacion de San Luis Arbitro Nacional  Organizador de torneos  AIM
Consultas  Clases +5492664 031254
javbesso@hotmail.com
Conoce mi historia: https://lichess.org/coach/jab2015",1871.0,,,2204,0,14757,2194,71,103,2225,2117,,
tinymonster,tinymonster,GM,,US,,,,,2848,47,687,1852,0,1,2971,1500,,
violetflower04,violetflower04,WCM,violet flower,US,"i live by 2 life mottos:
1. bishops are always superior to knights
2. the french is the worst opening ever
whether or not my life mottos are effective is up for debate...",,,,2380,-12,396,1528,-10,14,2345,2293,,
Kingscrusher-YouTube,kingscrusher-youtube,CM,Tryfon Gavriel,GB,Check out my courses page with huge discounts: https://kingscrusher.tv || Join my team: https://lichess.org/team/kingscrusher-youtube-and-twitch-fans || Join my chat server: https://kingscrusher.tv/discordchat || Youtube: http://kingscrusher.tv/youtube || Turn-style chess : https://kingscrusher.tv/playchess,2170.0,,200.0,2342,-9,43235,2202,7,2265,2633,1544,,
Briseyda,briseyda,WCM,Vanya Briseyda Conde Mares,MX,,,,,2033,48,1388,1989,-15,386,1618,1776,,
GoValya,govalya,WGM,Valentina Golubenko,HR,"Woman Grandmaster (since 2007); 
World Youth Chess Champion Girls U18 (2008) - https://en.wikipedia.org/wiki/Valentina_Golubenko
My team - https://lichess.org/team/introvertchess",,,,2342,7,7023,2416,0,6,2701,1500,,
ChainsOfFantasia,chainsoffantasia,IM,,DE,,,,,2585,-31,25827,2548,-48,520,2852,1500,,
pawnwonder,pawnwonder,IM,,,All for Jesus!,,,,2465,-19,5803,2392,-27,93,2568,1500,,
Taktychenko,taktychenko,FM,Kacper Polok,PL,Available for chess lesson or training games - DM me :),2247.0,,,2383,27,5244,2338,-93,89,2622,1500,,
ChrisFromTexas,chrisfromtexas,NM,,US,,,,,2260,16,1069,2462,-3,137,2477,1715,,
GGuseinov,gguseinov,GM,Gadir Guseinov,AZ,"GM Gadir Guseinov, Fide rated 2661 (World Rank 84) Member of Azerbaijan Olympic team since 2002. Three Times European Team's Champion! (2009;2013;2017)
I am available for online Skype lessons at reasonable rates. If you are interested, leave me a message here or via email: chessland86@hotmail.com",2661.0,,,2777,8,1949,2377,-297,102,2859,2486,,
benkonian,benkonian,FM,Aras Vardanyan,LT,"email for coaching/training games, league invitations arasvardanyan@gmail.com

Wish to try out the modern approach to chess coaching? Visit https://chessodoro.com/",2349.0,,,2629,-3,6434,2657,-14,512,2726,1766,,
rightitsrafa,rightitsrafa,IM,,,,,,,2466,10,575,2203,0,10,2481,2248,,
Rafa3D,rafa3d,FM,Rafael Guerrero,CU,Maestro Fide Elo real 2281,2281.0,,,2356,106,508,2324,15,22,2462,1201,,
ZappBrannigan86,zappbrannigan86,FM,,,,,,,2600,23,20886,2303,8,248,2464,1500,,
JosePadeiro,josepadeiro,FM,José Padeiro,PT,"I am a resilient person. The games of players, like Fischer and Kasparov are excellent, but there is nothing more inspiring in chess than gradually increasing the advantage until you can realize that advantage in positional styles like Karpov. I am looking for students in intermediate level ( 1400 to 2000) to provide all the experience and knowledge that i have.",2125.0,,,2304,-18,25238,2363,-99,280,2299,1699,,
Pliukha_Mikhail,pliukha_mikhail,NM,,UA,,,,,2490,-2,7687,2419,109,204,3002,2085,,
georgestoleriu,georgestoleriu,FM,George Stoleriu,RO,"Chess Coach, private message for details",2419.0,,,2637,-26,1455,2592,15,76,2953,2342,,
MGL2024,mgl2024,FM,Fernando Alberto Rocha Ribeiro,PT,,2174.0,,,2194,-10,568,2006,-54,35,2066,1500,,
supertigre,supertigre,GM,,MX,,,,,2515,-102,1124,2794,0,5,2730,1500,,
Edgarhay012,edgarhay012,FM,Edgar Hayrapetyan,AM,,2356.0,,,2543,-10,3205,2362,14,98,2851,1873,,
TimeToShine,timetoshine,IM,Enes Tanrıverdi,TR,,2415.0,,,2513,30,5651,1718,0,11,2451,1662,,
TheRedKing89,theredking89,GM,Juan Carlos Obregon Rivero,MX,"Director Técnico de México Chess Talent 
Jaque Diario 
Clases Individuales de Ajedrez",2463.0,,,2693,5,11352,2064,0,4,2901,1500,,
Al_Shima,al_shima,FM,Oleksandr Shymanskyi,UA,"TOP 50 on lichess in rapid https://lichess.org/tournament/21ZMAsPg
Top 50 on lichess in classic https://lichess.org/tournament/sV0adzwE
Winner many blitz tournament on lichess.org https://lichess.org/tournament/o0Ii8I98",2349.0,,,2552,2,18986,2546,-42,1227,2700,2237,,
perpz,perpz,WFM,,NG,A crazy chess lover...,,,,2179,27,12348,2473,66,89,2257,2115,,
Batchuluun_Tsegmed,batchuluun_tsegmed,GM,Batchuluun Tsegmed,MN,,2534.0,,,2407,31,57,2201,72,199,2248,1455,,
ENERGIE73,energie73,IM,,,,,,,2383,27,23057,2262,86,52,2349,1157,,
bastiandash,bastiandash,FM,Juan Sebastián Melián Rodríguez,,Campeón Nacional Absoluto de Paraguay 2024,,,,2501,23,5579,2163,23,49,2901,1500,,
martiand2,martiand2,NM,Daniel Martian,RO,"Favorite motto--""He who says he can and he who says he can't are both usually right""--Confucius.",2244.0,,,2490,-61,4904,2266,14,165,2701,1559,,
marichola,marichola,WFM,Mariami Choladze,GE,,2080.0,,,2235,34,959,1593,0,1,2026,1904,,
Nora_Heidemann,nora_heidemann,WCM,Nora Heidemann,DE,:3,1909.0,,,1939,3,86,1500,0,0,2115,2073,,
rennafulmine,rennafulmine,NM,Beliman Alexandro,,,,,,2480,5,1884,2042,0,7,2679,2124,,
Gerodot71,gerodot71,FM,,,,,,,2744,-13,606,1500,0,0,2985,1500,,
JohnCena91,johncena91,FM,Sina Feyli,IR,"My name is Sina Feyli, a Fide Master, and coach. My Fide Elo is 2336 and I have 8 years of coaching experience . Available for lessons and training games . feel free to contact me here",2336.0,,,2560,4,3537,2365,4,73,2599,1500,,
Sergei-Rodchenkov,sergei-rodchenkov,IM,Сергей Родченков,_earth,"Я, Родченков Сергей Дмитриевич, международный мастер по шахматам, один из основателей канала Smart-Chess. Добро пожаловать в школу шахмат Smart-Chess! https://www.youtube.com/channel/UCQFg8tQ5H1H9yRcZh5WcjUA/about.  Провожу индивидуальные и групповые уроки!",2350.0,,,2424,12,3636,2215,-72,95,2607,1754,,
TastyFrenchFries,tastyfrenchfries,CM,,,,,,,2497,-112,193,2459,27,57,2172,2310,,
ibtihalmohammed24,ibtihalmohammed24,WCM,Ibtihal Mohammed 12201529,SD,,1491.0,,,1706,8,2666,1769,-122,707,1483,1160,,
Mals,mals,FM,Ras Malaku Lorne,JM,"Greetings I'm FIDE Master Mala, feel free to message me for training games and private lessons. Click this link for more details lichess.org/coach/Mals",2090.0,,,2160,-1,10099,2318,13,1734,2459,2316,,
GlenGratz,glengratz,CM,Glen Gratz,US,,2230.0,2083.0,,2188,12,7389,2169,-11,390,2015,2144,,
milignus,milignus,CM,Oniel Revilla,VE,"FIDE Instructor (FI), professor, programmer, chess player, guitarrist, lover of wisdom ||
FIDE Instructor (FI), profesor universitario, programador, ajedrecista y guitarrista, amante de la sabiduría.
FIDE ID. 3909603",2226.0,,,2537,45,1003,2210,7,28,2567,1500,,
GMcanty,gmcanty,FM,James Canty,US,"James Canty III, Jedi Master. 

My c3 Sicilian Course: https://forms.gle/Q8HfnPn4qDaNJ5W99
Partnered Streamer: https://www.twitch.tv/gmcanty
Follow me on Twitter: https://twitter.com/GMCanty
Subscribe to the Youtube Channel: http://www.youtube.com/c/JamesCantyIII",2221.0,2317.0,,2600,20,2172,2331,-63,75,2686,1500,,
PauloCesarCosta,paulocesarcosta,NM,Paulo César Costa,BR,"Mestre Nacional - Brasil    -   Maior rating FIDE : 2235
National Master - Brazil    -    Highest FIDE rating: 2235",1984.0,,,2120,-73,290,2252,0,7,2051,1500,,
Master1465,master1465,FM,Konstantin Kostin,KZ,"Мастер ФИДЕ, 2 балла ММ
Рейтинговый профиль на  ФИДЕ: 
https://ratings.fide.com/profile/4155882

Тренер по шахматам и сянци

Страница тренера на Lichess:
https://lichess.org/coach/Master1465

Стример канала K2N_chess: https://www.twitch.tv/k2n_chess

Страница стримера на Lichess: https://lichess.org/streamer/master1465

Telegram: https://t.me/k2n_chess",2177.0,,,2337,-2,3932,2277,335,25,2709,2006,,
Khegay1997,khegay1997,GM,Dmitry Khegay,RU,,2528.0,,,2460,1,1414,2426,233,21,2892,1500,,
qeeqer,qeeqer,IM,Artur Janturin,RU,"телега: https://t.me/iloveb3
Обучающее видео на Youtube:
https://www.youtube.com/c/imartur
Клуб любителей шахмат:
https://lichess.org/team/im-artur-janturin",2383.0,,,2457,-23,7221,2520,-22,219,2587,2164,,
AlgarveHoopoe,algarvehoopoe,NM,,,,,,,2257,122,34,1500,0,0,1500,1500,,
zehra77,zehra77,WFM,,,,,,,2466,-32,646,1890,-177,137,2578,1394,,
DenizAkt,denizakt,CM,Mustafa Deniz Aktürk,TR,,2207.0,,,2163,53,14,1500,0,0,1767,1500,,
Lovkay,lovkay,IM,Taron Shagbazyan,UA,,2423.0,,,2691,10,2515,1500,0,0,2857,1500,,
Paulo_Dias,paulo_dias,IM,Paulo Dias,PT,MI,2345.0,,,2264,-36,1383,1802,22,19,2248,1500,,
Bacus_Dharim,bacus_dharim,FM,Dharim Bacus,US,,,,,2357,-7,4823,2348,-113,158,2513,2181,,
Chessmatus,chessmatus,FM,Altay Eynullayev,AZ,,,,,2389,-14,3705,2590,113,169,2536,1500,,
fuglfonix,fuglfonix,CM,Thomas Christensen,DK,,,,,2298,-17,7959,2366,30,176,2386,1688,,
MrKokoba,mrkokoba,FM,Alejandro Barbero,UY,"Soy Maestro Fide de Ajedrez con 2 normas de MI y peak rating de 2409. Actualmente estoy más enfocado a la parte de entrenar jugadores que quieran tener un ajedrez más competitivo.  Si accedes a mi página de presentador podrás conocerme un poco más, saludos y éxitos en el tablero.",2326.0,,,2298,19,1834,1500,0,0,2513,1500,,
HansSchmidt,hansschmidt,GM,,,,,,,3014,51,3294,2810,8,246,3032,1500,,
Thorwald5,thorwald5,FM,,FR,,,,,2436,16,4517,2322,-27,1317,2589,2440,,
Faulitemporary,faulitemporary,CM,Fabian Stotyn,DE,„Auf Remis zu spielen ist gewissermaßen ein Verbrechen gegen das Schachspiel!“ Tal ...,2197.0,,,2270,-18,18675,2255,36,633,2406,1888,,
Maurevert,maurevert,GM,Mert Erdoğdu,TR,"Represented Turkey in Chess Olympiads: (2000-2002-2004-2008-2010) 
European Team Championship : (2003-2005-2007-2009)
GM since 2017
After playing my last olympiad in 2010 I decided to act as a trainer . I hold the title of Fide Senior Trainer as well as GM",2413.0,,,2781,17,6060,2267,31,12,2818,1500,,
DonFulgenzio,donfulgenzio,FM,,,,,,,2381,25,15139,1614,0,1,2305,2092,,
Fortminable1892,fortminable1892,IM,Yair Parkhov,IL,,,,,2631,-119,716,2327,-84,17,2651,1500,,
Sherlockholm,sherlockholm,FM,Cagatay Burcu,TR,,2374.0,,,2387,-4,1745,1892,-104,20,2911,1500,,
DominikDerBoss,dominikderboss,FM,Dome Laux,DE,👇🏻👆🏻 🇵🇱,2320.0,,,2586,-46,5971,2640,104,460,2897,2350,,
gmroedor,gmroedor,CM,Andrés Carrasco,CL,,2221.0,,,2189,50,16542,2389,-27,133,2498,1500,,
thedeadlights,thedeadlights,NM,Abby Marshall,,NM Abby Marshall.,,,,2426,8,409,2395,0,11,2010,2129,,
EnriqueRGH,enriquergh,CM,,MX,"Write me on Whatsapp for Individual Lessons:

https://walink.co/b8c9a0

or

+79991403916",,,,2146,-9,1871,1943,2,56,2246,1910,,
Shtemb22,shtemb22,GM,,_earth,,,,,2775,-3,643,2061,86,31,2816,1500,,
AnliCC,anlicc,WFM,Angie Chirivi,CO,"Liga de Ajedrez de Antioquia
Fidel ID 4402421",1999.0,,,2233,-19,1414,2246,0,6,1857,1500,,
Greenlantern07,greenlantern07,IM,,,,,,,2774,-38,1684,2504,-75,12,3000,1500,,
HackingKid98,hackingkid98,IM,Senthil Maran,IN,,2398.0,,,2463,153,633,1666,0,1,2743,1500,,
nightfox,nightfox,NM,,GB,"Building AI Chess Coach - 
https://app.chesscoach.dev/

If you want to follow along please join my team - https://lichess.org/team/grandmaster-ai-agent",2161.0,2355.0,,2356,23,756,1500,0,0,2628,1500,,
Smirnov85,smirnov85,IM,Chan Kim Yew,MY,"Chess coach and aspiring youtuber

Available for lessons and sparring games at reasonable rates!",2405.0,,,2570,-30,1849,2393,30,221,2640,2189,,
xenonradonoganesson,xenonradonoganesson,IM,,,,,,,2609,12,164,2137,0,5,2900,1500,,
iplaychess_007,iplaychess_007,WFM,,,,,,,2039,-197,1356,1910,142,25,2101,1500,,
serena-maria,serena-maria,WIM,,RU,,,,,2149,-4,2546,1620,0,3,2535,1500,,
SlavenPastar,slavenpastar,IM,Slaven Pastar,BA,"Committed to chess since early childhood (four years old), I have participated in many tournaments and been multiple cadet and junior champion of the Republic of Srpska, as well as of Bosnia and Herzegovina. I offer personalized chess lessons, game analysis, and training games specialized for beginning and intermediate levels. 
Check my website: https://knight-jump.com",,,,2576,-62,1066,2391,161,20,2748,1824,,
chessknight2001,chessknight2001,NM,,,,,,,2530,-27,2798,2604,101,134,2720,2217,,
IgorKowalski,igorkowalski,IM,Igor Kowalski,PL,"International master, chess coach.
https://lichess.org/coach/IgorKowalski",,,,2683,-34,1201,2400,45,25,3146,1500,,
Andpalchuk,andpalchuk,GM,Spartak Vysochin,UA,Международный гроссмейстер. Профессиональный шахматный тренер. Стаж работы 27 лет. Идет набор на индивидуальные занятия.,2512.0,,,2553,-4,9659,2478,-101,154,2752,1500,,
Buffy7,buffy7,GM,,,,,,,2679,27,3614,2099,0,2,2874,1500,,
kostin_av,kostin_av,IM,,,,,,,2448,17,6794,2238,176,20,2380,1500,,
ElCaballeroTico,elcaballerotico,FM,Хуан Молина Молина,_earth,,2323.0,,,2605,14,268,2228,120,52,2368,1807,,
Mari_nosacheva,mari_nosacheva,WFM,Mariya Nosacheva,RU,"2001г, https://ratings.ruchess.ru/people/1055",2243.0,,,2257,67,298,1769,0,3,2561,1500,,
MasterAssasin123,masterassasin123,GM,Diptayan Ghosh,IN,"Grandmaster from Kolkata,India.",2541.0,,,2618,-46,6916,2451,-23,75,3060,1500,,
LampardFan08,lampardfan08,IM,FT Hemant Sharma,IN,"International Master & Fide Trainer from New Delhi, India. For more information, check my LiChess Coach page.
Follow me Live on https://www.youtube.com/c/HemantSharma92
https://chessklub.com/",2334.0,2478.0,,2650,25,925,2628,133,60,2820,1500,,
AnupDeshmukh,anupdeshmukh,IM,,,,,,,2371,72,563,2080,-20,87,2366,1992,,
abricot,abricot,IM,,FR,"https://giphy.com/gifs/animation-baby-l1J9Lxp93dUQH8wJG
",,,,2190,-42,6150,2313,-31,405,2364,1443,,
Rhrt,rhrt,CM,,SE,,,,,2369,-74,2403,2351,57,174,2621,1500,,
jimmy0613,jimmy0613,FM,,,,,,,2628,6,14258,2718,-7,996,2951,2486,,
Mastakmaestro,mastakmaestro,FM,,,,,,,2676,35,7968,2316,0,9,2728,1500,,
arturogonzalez,arturogonzalez,CM,Renán Arturo González Mojica,CO,"Renán Arturo González Mojica
22 años 
Id fide :4482379   /
Elo Clásico: 2098 /
Liga : Bogotá     /
Club: Club de ajedrez Kallpa    /
Universidad: Universidad Nacional de Colombia",2098.0,,,2400,9,7848,2368,-65,283,2391,1988,,
alesha_kiselev,alesha_kiselev,CM,Алёша Киселев,RU,"Совсем еще недавно у Светланы были две короткие, худенькие косички, и вот выросли настоящие большие косы. Наверное, Светлана была бы очень довольна своими косами, если бы не мальчишки. И не столько все мальчишки, сколько один — самый главный забияка Алеша Киселев.

https://lishogi.org/@/alesha_kiselev",2211.0,,,2489,-15,8114,2417,-12,698,2495,2335,,
FlyingLemon,flyinglemon,NM,Flyinglemon,IS,"""Overmorrow""",,2274.0,,2266,-4,4662,2262,-37,3300,2447,2298,,
duongvuanh,duongvuanh,CM,Duong Vu Anh,VN,Hi,2092.0,,,2698,31,1502,2142,-176,358,2773,2092,,
TraderDeportivo,traderdeportivo,IM,Marco Pacheco Vivanco,PE,,2363.0,,,2672,8,2300,1594,0,5,2825,1500,,
Sanji007,sanji007,FM,Raynner Amaro Alfonso,CU,,2186.0,,,2489,33,1178,2179,30,60,2473,1500,,
ilikeknights,ilikeknights,CM,Brandon Xia,US,,,,,2461,5,1499,1660,0,2,2685,1500,,
suddenly_sad,suddenly_sad,FM,Ramil Sadykov,RU,"Профессиональный шахматист, Мастер ФИДЕ (https://ratings.fide.com/profile/24113590), в данный момент тренер. По поводу занятий можете обратиться ко мне через личные сообщения или почту ramsadykov94@gmail.com",2345.0,,,2724,-36,2794,2594,-29,405,2912,1843,,
King__Crusher,king__crusher,CM,Manmay Chopra,GB,Available for Training games,2217.0,,2235.0,2285,-13,3947,2338,64,1081,2817,1896,,
hatembenarfa,hatembenarfa,GM,,FR,,,,,2614,19,879,2618,78,32,2903,1500,,
Artur0208,artur0208,IM,Artur Davtyan,AM,,2517.0,,,2645,-12,1481,2197,-7,30,3134,1853,,
bigorso,bigorso,CM,Alejandro Riline,PY,,2025.0,,,2468,12,3983,1500,0,0,2341,1500,,
TrispiosReturns,trispiosreturns,FM,,,,2387.0,,,2506,-42,9877,2288,122,19,2603,1500,,
Babasss,babasss,FM,,,,,,,2499,-21,4595,2495,51,171,2701,1785,,
HowellHub,howellhub,GM,,,,,,,2801,19,195,1500,0,0,3000,1500,,
Greyworm,greyworm,GM,,,,,,,2649,-4,1143,1500,0,0,2897,2391,,
gkesi07,gkesi07,FM,,,,,,,2555,-6,110,1500,0,0,2704,1500,,
Metra93,metra93,IM,Artem Gilevych,IT,"My name is Artem Gilevych and I was born in 1993 in Ukraine. I started playing chess when I was 7 years old and when I was 13 I moved to Italy, where I have had success both as a player and as an instructor.
In 2014 I became a Fide Master (FM) and an International Master (IM) in 2018. In the last few years I have also been focusing on teaching chess apart of actively playing it.",2420.0,,,2644,17,2830,2193,0,9,2832,1500,,
fsalguero,fsalguero,FM,Francisco,AR,,2364.0,,,2499,-21,21769,2296,0,10,2446,1500,,
shuriks91,shuriks91,IM,,,,,,,2798,-1,12137,2735,2,191,3000,2181,,
PakMaster,pakmaster,FM,Amer Karim,PK,"I am FIDE Master Amer Karim from Lahore, Pakistan, with over 20 years of experience in chess coaching at both national and international levels. As a Silver Medalist at the Turin Olympiad and National Champion (2022), I combine deep practical knowledge with a passion for teaching.

For training sessions, guidance, or chess consultancy, you can reach me on WhatsApp: +92-3218466773",2085.0,,,2255,-18,4510,2526,91,126,2405,1500,,
Murakami,murakami,IM,Martin Martinez Romero,CO,"Maestro Internacional de Ajedrez y Trainer FIDE. 
https://ratings.fide.com/profile/4404025
Club de Ajedrez Soy Talento
LIGA DEL BOLIVAR.",2404.0,,,2612,27,2922,2455,-54,40,2583,1685,,
lmfchess,lmfchess,WCM,,,,,,,1909,-6,12,1500,0,0,1737,1500,,
e4onlye4,e4onlye4,FM,,_earth,,,,,2151,134,25,2452,6,720,2657,1500,,
babakaris,babakaris,IM,Georgios Kanakaris,GR,"International Chess Master & Fide Instructor from Greece.
Μπες στην ομάδα  μας: https://lichess.org/team/greek-gift",2372.0,,,2481,-34,1345,1500,0,0,2638,1500,,
Night-King96,night-king96,GM,Oleksandr Bortnyk,UA,My First Chessable course https://www.chessable.com/secret-blitz-weapons-alekhine-defense/course/224509/,2605.0,2678.0,,2861,2,3544,2777,30,81,3302,1500,,
josefghng,josefghng,FM,josef gheng,DE,FM,2201.0,,,2359,2,19378,2366,46,3527,2443,2318,,
kacper05,kacper05,FM,,PL,,,,,2706,-36,3417,2619,51,141,3025,1500,,
Cofi7,cofi7,FM,Filip Kumic,RS,"Hello everyone, my name is Filip Kumic and i am a Fide Master from Serbia who loves and enjoys chess very much.I was the Champion of Serbia U-14 in 2010, and i was sharing the 5th place at the World chess Olympiad in 2013 in Israel-Jerusalem. I finished the Faculty of Modern Business in Belgrade.  I am teaching chess for lover ranked players and i have  5 years experience with chess coaching. If you are interested  for working with me feel free to text me so we can enjoy playing and learning chess together.",2260.0,,,2600,26,9641,2296,0,11,2608,1761,,
LittlePumpkin,littlepumpkin,IM,,,,,,,2780,11,25108,2728,24,1968,2807,2416,,
gusztav16,gusztav16,FM,Gábor Gusztáv Görcsi,HU,,,,,2221,-14,2362,2213,-24,39,2449,1500,,
Pacothelegend,pacothelegend,FM,,,,,,,2493,51,3842,1500,0,0,2535,1500,,
Yerlan-Ra,yerlan-ra,FM,,KZ,,,,,2541,5,1644,2339,0,6,2754,1500,,
A_Kukhmazov,a_kukhmazov,IM,,_earth,,2504.0,,,2783,41,5080,2469,-48,22,3012,1500,,
LunaAzul13,lunaazul13,WIM,,,,,,,2272,-8,1047,2274,26,478,2738,1618,,
Tunartank,tunartank,CM,,AZ,,,,,2578,8,4332,2433,187,50,2955,1500,,
Gordima,gordima,GM,Dmitry Gordievsky,RU,"I am 29 y.o GM from Russia. My peak rating was 2653. 

LESSONS in English/Russian. You can contact me on lichess or email Dgordievsky@yandex.ru

 Check my (COACHING REVIEWS) https://drive.google.com/drive/folders/1QmAwxo5St9kwTaQdhgi0IRUbLQgA8pfE?usp=sharing",,,,2916,20,1426,2716,56,53,3007,1500,,
kakulia14,kakulia14,FM,akaki qalichava,GE,"Hi! My name is Akaki. I'm playing chess for 12 years, I became FM, I am 4 times National champion, I finished 2nd in online European School Championship U17 and finished 3rd in Online Grand Prix U18. So I have done enough for my Professional career for now and I'm trying to become a chess coach. If you are interested, you can text on my Lichess. Thank you for attention. Have a great day!",2342.0,,,2610,-29,529,2624,141,18,2915,2077,,
Yasha37,yasha37,IM,Anatoliy Polischuk,NL,,,,,2336,13,11271,1940,0,9,2467,1776,,
MaratGilfanovYoutube,maratgilfanovyoutube,FM,Marat Gilfanov,,Hi everyone! I am 15 years old Asian U14 rapid chess champion with two IM norms. Subcribe to my Youtube channel. https://www.youtube.com/@MaratGilfanovChess,,,,2598,19,177,1500,0,0,3008,1500,,
Mabuza222,mabuza222,CM,Mbongeni Mabuza,SZ,"2018, 2023 National chess champion.i love chess so much and roadrunning too. I also do marathons. I believe physical exercise work hand in hand with mental fitness and endurance thats why i love doing both. my late Zambian coach Mr Steve taught me how to play move 1.e4 since I was 9years.
I always pray for a good sacrifice everyday.!!",,1865.0,,2140,28,19402,2203,23,1938,2211,2116,,
wanyaland,wanyaland,FM,,,,,,,2455,-12,35372,2281,26,55,2373,1750,,
halski,halski,IM,Aleksander Hnydiuk,PL,,2350.0,,,2609,127,317,2249,0,1,2617,1500,,
lalalisaa,lalalisaa,WFM,,,,,,,2088,-131,590,1701,111,59,2408,1500,,
WelshTiger,welshtiger,FM,,GB-WLS,,,,,2417,-5,13340,2191,-35,167,2500,2057,,
khayala_13,khayala_13,WGM,Abdulla Khayala,AZ,https://en.wikipedia.org/wiki/Khayala_Abdulla,2213.0,,,2419,31,1296,1773,0,2,2527,1500,,
jjromero,jjromero,IM,Jaime Romero Barreto,VE,,,,,2452,31,3592,2522,258,48,2710,1500,,
showmaster33,showmaster33,NM,,PL,,,,,2442,8,16568,2498,19,219,2603,2173,,
Blabla73,blabla73,WGM,,,,,,,2313,-4,404,1500,0,0,2237,1500,,
Tormozz,tormozz,IM,Иван Провоторов,RU,,2378.0,,,2407,-24,3353,2498,82,120,2584,1500,,
infiniteadaption,infiniteadaption,NM,,US,,,2301.0,,2484,-43,1326,2364,-43,156,2395,2048,,
MHanDaMan,mhandaman,NM,,,,,,,2390,-6,15892,2433,29,50,2543,1972,,
ChessWorld2007,chessworld2007,FM,,,,,,,2379,70,95,1500,0,0,2477,1500,,
sar2007,sar2007,CM,,IN,,,,,2376,60,2983,2276,229,228,2659,2152,,
Lau_King_26,lau_king_26,FM,,,,,,,2357,-121,85,1500,0,0,2608,1500,,
checkmagnus,checkmagnus,NM,,NZ,flagging expert,1401.0,,,2241,-39,4324,2270,36,709,2573,2011,,
SilentPower33,silentpower33,CM,,TR,,2086.0,,,2415,-52,181,2419,-11,49,2694,1860,,
Dybamo,dybamo,GM,,MX,,,,,2722,33,2658,2546,86,31,2924,1746,,
mmsanchezchess,mmsanchezchess,IM,Max Gedajlovic,CA,"I  am an experienced chess coach with expertise in openings, middle game plans, practical endgame play, chess data analytics and performance psychology. My specialty is helping players break through their rating plateaus. Outside of chess, I am an econ student at UBC, and former Reach for the Top National MVP. https://i.imgur.com/Zd2mgGk.png",2436.0,,,2681,-22,6586,2439,188,33,2845,2274,,
MariamJaniashvili,mariamjaniashvili,WFM,Mariam Janiashvili,GE,"Hello I am Mariam Janiashvili(WFM)-Woman FIDE Master from Georgia. I'm an active professional chess player. I've been playing chess for 11 years. Now, I'm working as a chess coach also.
Fide Id:13612077",2012.0,,,2308,80,1200,2438,21,15,2374,1869,,
dettolwch,dettolwch,WIM,,,,,,,2307,33,3344,2243,52,196,2008,2029,,
agileknight,agileknight,IM,Padmini Rout,IN,,,,,2619,151,311,2141,0,10,2568,1500,,
mr_bh6,mr_bh6,GM,FT Swayams Mishra,IN,Grandmaster & Fide Trainer from India.,2489.0,,,2369,-58,3431,2493,326,33,2797,1500,,
Swetlove,swetlove,IM,,RU,,2400.0,,,2608,-3,5527,2731,9,303,2768,2333,,
jelmatos,jelmatos,GM,Aleksa Strikovic,,,,,,2665,6,9633,1500,0,0,2510,1500,,
moloko0,moloko0,FM,,,,,,,2418,-21,419,2504,107,40,2627,1500,,
AlexeyOlegovich,alexeyolegovich,IM,Alexey Vlasenko,RU,"International мaster, national chess arbiter, coach-teacher, 25 years of teaching experience.",2410.0,,,2474,-24,5946,2279,0,11,2458,1500,,
Kares8,kares8,FM,,PK,,,,,2441,-25,872,1922,0,7,2725,1500,,
Alexei_Saveliev,alexei_saveliev,IM,,,,,,,2414,43,314,2086,0,10,2444,1335,,
AlvGarciaA,alvgarciaa,FM,Alvaro Garcia Alarcon,CO,"Maestro FIDE, FIDE Trainer, Jugador por Colombia en olimpiadas de ajedrez, mundiales, universitarios, panamericanos, continental de las américas. Versátil en aperturas. Profesor universitario.",2027.0,,,2211,25,1182,1927,0,5,2061,1500,,
Yan_Dyomin2010,yan_dyomin2010,FM,,UA,,,,,2679,10,672,2546,-4,93,2700,1500,,
datboyDsu,datboydsu,NM,,US,Primetime,,,,2442,1,521,1789,0,2,2706,2432,,
morexcuses93,morexcuses93,CM,Luis Guillermo Antunez Soler,CU,"https://imgur.com/GVAmxOl
Doy clases de ajedrez online, muy buenos precios. Interesados escribirme al privado .

I teach chess. Very good prices, interested to write to me privately.

Suscribete a mi canal : https://www.youtube.com/channel/UC1yoBssVGVIbdej8KaUD0pw",2200.0,,,2742,49,2972,2602,126,23,2911,1500,,
chucho2009,chucho2009,CM,,MX,,,,,2346,14,1044,1500,0,0,2696,1500,,
guesitos,guesitos,IM,,ES,,2461.0,,,2600,-44,2268,1500,0,0,2703,1500,,
www68,www68,IM,Dmitry Shchukin,RU,,,,,2567,25,61390,2657,120,368,2634,1500,,
TheHeadCoach,theheadcoach,IM,,BW,,,,,2481,-10,2907,2382,-40,71,2584,1358,,
Enchanteur,enchanteur,WFM,Cherry Ann Mejia,PH,"Member of the Professional Chess Association of the Philippines (PCAP)!

If you are interested in improving your chess knowledge, feel free to message me. I offer significant discounts if you book 5 to 10 sessions. 

Rate: $10-$15 per hour.
https://i.imgur.com/0QGlFMa.jpg",,,,2253,-2,2443,2260,2,91,2319,2063,,
masenik,masenik,CM,Матфей Никологорский,RU,"Тренер со стажем более 15 лет, работаю с детьми от 4х лет.",2200.0,,,2329,-8,4217,2463,25,675,2499,1641,,
cicergross,cicergross,GM,Manuel Petrosyan,AM,,,,,2832,79,2162,2133,163,34,3031,1500,,
SchekachikhinMaksim,schekachikhinmaksim,IM,Maksim Schekachikhin,TR,"IM and coach. 
maximshchek@yandex.ru",2450.0,,,2618,0,3842,1737,0,1,2540,1500,,
willsidney,willsidney,CM,Will Sidney,IE,,2023.0,,,2210,2,6483,2338,21,331,2316,2144,,
leochecker,leochecker,IM,,,,,,,2494,0,2667,2365,9,31,2556,2436,,
spacejunkie72,spacejunkie72,IM,Siegfried Baumegger,AT,,2418.0,,,2512,27,5804,1500,0,0,2540,1500,,
impr0v3r,impr0v3r,IM,,GB-ENG,,2479.0,,,2590,-9,4645,2485,-78,248,2593,2052,,
Burberry,burberry,FM,,CN,,,,,2623,-32,3415,1500,0,0,2522,1500,,
AtalikS,ataliks,GM,Suat Atalik,RS,"Winner of more than 60 Close GM or Open Tournaments,including Hastings 1995,Valjevo 2007,Beijing 1996,Mar del Plata 2003,Berkeley 2005,Chicago US Masters 1997,Reno 2005,Brisbane Gipslis Memorial 2018 etc...Bronze medalist on top boards in 1988 Thessaloniki Olympiad,Gold medalist on top boards European Team Championship in Pula, bronze medalist on top boards in European Teams Championship in Batumi,Bronze medalist on top boards in European Clubs Championship Chalkidiki 2002.Winner of European Club Cup with Bosna Sarajevo.2 times Mediterranean Champion 2006 and 2007 etc...",2483.0,2655.0,,2693,10,28319,2602,42,1251,2702,1523,,
teddybear19,teddybear19,FM,,SE,FM,,,,2596,-123,772,1758,0,1,2911,1500,,
aberbacha,aberbacha,NM,Angel Aberbach,AR,"Entrenador de ajedrez

Título MN Argentina (2024)

Arbiter Regional (2024)",1861.0,,,2035,-3,11812,2117,26,208,2105,1473,,
javirec,javirec,FM,,,,,,,2450,-86,1775,2425,8,67,2750,2335,,
ilimchess,ilimchess,NM,Ilimbek Esenbek uulu,KG,"""Шахматы моя жизнь - но моя жизнь не только шахматы!"" Карпов А.",2000.0,,,2341,3,1267,2349,63,42,2302,1910,,
AerospasticMonkey,aerospasticmonkey,NM,,US,,,,,2552,41,1754,2297,-55,217,2718,2201,,
gustamo,gustamo,FM,Murad Nuri,TR,,,2416.0,,2586,0,4051,2381,2,20,2802,1500,,
tchess123,tchess123,FM,,HU,"“One doesn’t have to play well, it’s enough to play better than your opponent.” – Tarrasch",2358.0,,,2517,-22,1168,2097,10,12,2713,1500,,
ajeale2,ajeale2,FM,Alejandro Castellanos Gómez,ES,Contacto: castellanos.ale95@gmail.com,2285.0,,,2554,-15,3832,2241,129,88,2678,1500,,
CPPJS,cppjs,FM,,,,,,,2601,-11,169,1500,0,0,2742,1500,,
dieselbot,dieselbot,IM,Rathanvel VS,IN,"Available for training games and lessons

https://lichess.org/coach/dieselbot

For enquiries and other information please contact me at chesstraining122@gmail.com",2474.0,,,2759,119,1883,2433,-97,19,2973,1500,,
sparking-genio,sparking-genio,FM,,,,,,,2456,-16,175,2574,29,62,2624,1500,,
Championsteein,championsteein,NM,Esteban Jimenez,US,"🎯 Ayudo a jugadores estancados en ELO a ganar 200pts en 90 días🔽->

https://i.imgur.com/e1lj1a7.png
Content Creator


@Julio Esteban Jimenez Mercado on YT!",1963.0,,,2287,-21,508,1845,0,3,2411,1500,,
SantryanDavid,santryandavid,CM,David Santryan,AM,,2228.0,,,2126,-74,71,2005,0,2,2627,1500,,
El_Fish_En_Twitch,el_fish_en_twitch,CM,Javier Izuzquiza,,"Follow me on Twitch and join me on my quest to 2400! Hope to see you there!
https://www.twitch.tv/javichuela2789",,,,2321,33,6699,2232,-68,220,2455,2204,,
HelgeA,helgea,IM,Helge Nordahl,NO,,,,,2462,-3,8670,2049,31,39,2526,1986,,
yellowmamba,yellowmamba,NM,,,,,,,2186,-22,655,2242,23,12,2514,1500,,
MissingShadow,missingshadow,FM,Bennet Biastoch,DE,,2320.0,,,2451,-73,840,2242,0,9,2703,1500,,
Mohammad_Ervan,mohammad_ervan,IM,,,,,,,2665,80,681,2011,0,8,2690,1500,,
Alexgo05,alexgo05,FM,,,,,,,2483,34,862,2378,0,8,2509,1500,,
Atlacatl_SV,atlacatl_sv,FM,,SV,,,,,2125,-100,2690,2427,27,88,2131,1500,,
elohunter99,elohunter99,IM,Robert Baskin,DE,,2451.0,,,2567,-54,1692,2367,34,14,2593,1500,,
wizardcrusher,wizardcrusher,FM,,US,,,,,2112,50,2057,1500,0,0,2241,1500,,
fantasy-chess,fantasy-chess,FM,,,,,,,2539,3,147,2407,0,4,2728,1500,,
khadijahqa,khadijahqa,WFM,,,,,,,2189,28,1690,1883,-17,14,2014,1500,,
TIGER_15,tiger_15,CM,,,,,,,2351,-39,70,1500,0,0,2513,1500,,
Nobler_mind,nobler_mind,CM,,BT,,,,,2438,-32,579,1500,0,0,2539,1500,,
chessajedrezz2020,chessajedrezz2020,IM,Jonathan Cruz,PE,"Hello Friends! My name is Jonathan. I am an International Master from Peru. 


https://www.twitch.tv/recreajedrez2020 (Twitch) 

https://www.youtube.com/channel/UCl44MVZDylh1XgwSIsaWKzA (Youtube)

Email: Limchess22@hotmail.com",2358.0,,,2489,4,14981,2449,30,245,2630,2332,,
zeronine,zeronine,FM,Emirhan Tarlabasi,TR,,,,,2530,75,406,2278,0,9,2794,1500,,
IMcoach,imcoach,IM,Pavel Sevostianov,UA,"Павло Севостьянов
Tel.:+38 068 480 02 02 (WhatsApp,Viber,Тelegram)
Міжнародний майстер(IM),майстер спорту України(NM/UKR).
Тренер призеров чемпионатов Мира,Европы,Украины и др. стран среди детей.
Освіта вища:1987-89- кафедра шахмат ГЦОЛИФК(Москва),1989-91-шахова спеціалізація ЛГІФК(м.Львів).
www.facebook.com/IMcoach.sevostianov.pavel/
chessintermaster@gmail.com",2401.0,,,2457,1,3673,2154,-71,14,2659,1708,,
guki1124,guki1124,GM,Gukesh Dommaraju,IN,,2563.0,,,2665,-13,1081,1500,0,0,2620,1500,,
Falkber,falkber,CM,Muhammad Kamalsyah,ID,My Highest rating is 2314. Still active for tournament and coaching. I have several student who already win national championship. I will do my best to make u understand chess well.,2314.0,,,2336,61,2990,2396,54,106,2188,1940,,
zmarian,zmarian,NM,Marian Zaim,RO,,1935.0,,,2320,1,485,1999,200,29,2367,2208,,
The-cookie-monster,the-cookie-monster,FM,Hugo Wernberg,SE,,,,,2324,6,2270,2226,40,76,2437,1500,,
Babafingo_321,babafingo_321,FM,Alparslan Işık,TR,,,,,2403,-52,601,2493,93,38,2800,1500,,
chessknowledge,chessknowledge,WFM,,,,,,,1922,-31,282,1592,0,7,1030,1639,,
Jinela_Rodriguez,jinela_rodriguez,WIM,Jinela de la Caridad Rodríguez Rivero,CU,"WhatsApp +53 51023799
Blitz Rating:2188
Rapid Rating:2131",2167.0,,,2413,22,153,1500,0,0,2601,1500,,
Iajedrez,iajedrez,WIM,,,,,,,2272,3,1360,2111,-129,33,2362,1375,,
DragonMaterz,dragonmaterz,NM,,UM,Please be nice in chat!,,,,2284,-213,2098,2333,-62,97,2465,2134,,
Konek_Gorbunok,konek_gorbunok,FM,Vladimir Shlyakhetsky,IL,"FM, Aerospace engineer, Конек Горбунок",,,,2261,15,14823,2389,-21,34,2243,1500,,
Darmik,darmik,IM,Dariusz Mikrut,PL,"IM Dariusz Mikrut – prezes KSz Dwie Wieże Kraków (Wicemistrz Polski 2022, Klub Roku 2022). Oferuję zajęcia indywidualne, grupowe i szkolenia dla nauczycieli. Materiały w cenie. Zapraszam na Międzynarodowe Mistrzostwa Krakowa 22–29.06.2024 – www.chessincracow.com",2316.0,,,2430,-3,3440,2592,82,85,2609,1947,,
Poubelle,poubelle,CM,Alexandre Aumont,FR,Chess coach,2232.0,,,2409,43,5643,2491,0,366,2367,2200,,
Lukianoo,lukianoo,GM,Luka Paichadze,GE,Available for private lessons and training games,2565.0,,,2846,22,1176,2345,62,13,2775,2210,,
hlopokk,hlopokk,WFM,,,,,,,2259,-49,94,2129,0,5,2492,1858,,
Sznureks,sznureks,IM,SzparuMen,PL,,,,,2552,-25,3854,2488,119,157,2972,1675,,
Artem_chess01,artem_chess01,FM,,,"I օffer online chess lessons for both beginners and professionals at a reasonable price ! 
For more information please message me.",,,,2615,-10,2882,2253,0,10,2857,1500,,
Michelle7,michelle7,WIM,,SV,,,,,2149,69,2487,2104,14,58,2165,1500,,
Orsanchez,orsanchez,IM,Orlen Ruiz Sánchez,CU,Del ajedrez me gustan mucho las aperturas!!!!!,2381.0,,,2494,-19,12199,1500,0,0,2727,1011,,
SilentAndCalm,silentandcalm,IM,Spas Kozhuharov,BG,"To all who want to improve their chess understanding I can say 
 : you are welcome  . If you want to play sound positional chess, to spot tactics fast  and learn a lot about  endgames and openings , you can leave me a message here  .  https://lichess.org/coach/SilentAndCalm",2422.0,,,2568,-17,9426,2543,-126,898,2559,1715,,
JoaBN,joabn,IM,Joachim B. Nilsen,NO,,,,,2525,18,3433,2696,64,33,2750,2034,,
ChessFighter2013,chessfighter2013,NM,Cengiz Hasman,CY,"I learned chess at 9 years old in London and started taking group lessons in Kyrenia, Cyprus at 11 years old. I started developing very fast as a teenager and have mostly developed myself by studying books. I took lessons from a Grand Master starting from 2012 for a few years.",2101.0,,,2514,117,36,1744,0,3,2561,1500,,
Majasystem,majasystem,FM,Gerd Euler,DE,Whatever...,2210.0,,,2438,-1,22368,2361,36,56,2377,1500,,
GrocholChess,grocholchess,CM,Kamil Grochol,PL,,2192.0,,,2391,-2,40,2254,0,3,2410,1500,,
JessePinkman,jessepinkman,IM,,KN,,,,,2748,-27,477,1500,0,0,3002,1500,,
Alex_Rad,alex_rad,FM,,GB,,2305.0,,,2567,-33,1071,2585,-13,420,2730,2402,,
bangchess21,bangchess21,FM,Wong Yinn Long,MY,,2356.0,,,2623,-20,1614,2593,48,153,2897,1503,,
Mwamba1409,mwamba1409,IM,Daniel Jere,ZM,Respect the game of chess! Stop flagging me!,2371.0,2441.0,,2635,-12,730,2548,-8,52,2725,1289,,
El_Tapatio,el_tapatio,CM,,MX,,,,,2281,38,616,2161,165,18,2261,1500,,
juniortay,juniortay,CM,Junior Tay,SG,Chess Trainer and Author,2230.0,,,2573,54,15080,1584,51,45,2507,1500,,
Gobindo,gobindo,GM,,,,,,,2506,31,4277,2136,-27,12,2798,1500,,
temus22,temus22,FM,Artem Galaktionov,_earth,Провожу индивидуальные занятия по шахматам. К каждому ученику подбирается индивидуальный подход.,2430.0,,,2755,19,4630,2538,0,149,2967,2242,,
MasterTol,mastertol,CM,,EG,,1800.0,,,2391,-12,6503,1875,0,1,2395,1500,,
Blunderbus9,blunderbus9,FM,,,,,,,2322,72,572,2461,50,102,2562,2162,,
MaxiDag30,maxidag30,CM,Maximiliano Donoso Aguirre,CL,"CMMaxiDag30 en twitch
No te pierdas mis torneos! https://lichess.org/team/ajedrez-chileno",2050.0,,,2466,12,275,2173,46,31,2653,1500,,
lorneracosta12345,lorneracosta12345,CM,Lorner Jesus Acosta Villarroel,VE,"Jugador apasionado por el ajedrez, amante del juego blitz y bullet. Entrenador de Ajedrez con 10 años de experiencia en su mayoría con jugadores 0 a 2000 elo fide. Experiencia con entrenamiento a equipos universitarios. Para clases consultar a +584128894907 o lornerchess28@gmail.com.",2170.0,,,2748,141,1108,2664,0,3,2834,1960,,
jrgascon,jrgascon,GM,Jose Gascon Del Nogal,ES,"Aprendí a jugar ajedrez a los 11 años, y a los 15 años me convertí en Maestro Internacional con los métodos de entrenamiento que me enseñó tanto mi padre como mi entrenador José Ostos quien estudió  entrenamiento de ajedrez en Rusia por varios años. Actualmente poseo un rating FIDE de 2466, un record de 2515 (virtual) y el título de Gran Maestro.",2498.0,,,2419,16,700,2305,-1,87,2665,1500,,
DonMateo85,donmateo85,GM,,,,,,,2702,5,536,2416,-1,23,2923,1500,,
bichobolita_004,bichobolita_004,FM,Lucas Cumpe,AR,,,,,2467,-30,1612,2508,7,35,2902,1500,,
Astramariy,astramariy,IM,,RU,,2462.0,,,2591,-77,638,1500,0,0,3001,1500,,
fermopil,fermopil,WFM,,,,,,,2186,16,1420,2300,72,12,2256,1918,,
Lastpartisan,lastpartisan,GM,Vitaly Teterev,,,2306.0,,,2553,-9,8117,2140,-214,88,2612,1500,,
RebeccaHarris,rebeccaharris,GM,,US,,,,,2834,1,2364,2119,99,14,3205,2312,,
SuPErlia,superlia,WFM,,RS,,,,,2203,108,415,2306,9,44,2051,1500,,
Kaer_Morhen,kaer_morhen,CM,,,,,,,1500,0,0,1500,0,0,2415,1500,,
TooBadForYou,toobadforyou,NM,,US,"Hi, my name is Brandon. I've been playing chess for 12 years.",,,,2496,-68,48,1907,0,2,2531,1721,,
TheNotoriousNH,thenotoriousnh,CM,,,,,,,2651,-10,1673,1500,0,0,2793,1500,,
Siphephile2001,siphephile2001,CM,,US,"Chess Master!
Available for lessons!
Email:futerimplayer@gmail.com",2069.0,,,2411,1,617,2405,25,81,2624,1500,,
PawnSacrifice98,pawnsacrifice98,NM,Riccardo Marzaduri,IT,,2207.0,,,2417,-16,825,2478,-61,278,2530,1906,,
Reynold9402,reynold9402,FM,Reynold Fernández,CU,,2325.0,,,2336,6,16753,2214,0,4,2403,1660,,
szefru,szefru,WFM,Fruzsina Szente-Varga,HU,"Szia! I'm Fruzsi, a twitch streamer, feel free to check me out on https://www.twitch.tv/szefru! :)

https://imgur.com/1UoF3k9",2100.0,,,2312,-9,1757,2299,-45,23,2517,1509,,
h-bar,h-bar,FM,,AQ,,,,,2354,-10,17391,2473,53,768,2352,2502,,
YoNoMateAMiHijo,yonomateamihijo,FM,,,,,,,2416,3,302,1500,0,0,2462,1683,,
mazetofonias,mazetofonias,FM,,SR,,2343.0,,,2700,12,2047,1955,0,8,3000,1500,,
MrSuccess,mrsuccess,IM,Robert Gwaze,ZW,"Hello! My name is Robert Gwaze and I'm an International Master. Apart from chess, I'm very much interested in sports like football and tennis and I like to express myself creatively by dancing and playing the keyboard. What I like about chess is its nature as a mind-enhancer. My favorite opening is the Paulsen Sicilian and Bobby Fischer is the player I most gravitate towards.",2422.0,,,2594,-35,8572,2296,-80,547,2636,2182,,
Tapson67,tapson67,WFM,Aliaksandra Tarasenka,,,,,,2522,-30,3119,2141,258,23,2537,1500,,
the_Hudri,the_hudri,FM,"If you've found me,",,you know who I am,,,,2502,-11,930,2536,-63,135,2652,2234,,
simon2006,simon2006,FM,,,,,,,2439,-24,472,1500,0,0,2409,1500,,
jamesARDEN13,jamesarden13,FM,,_earth,"Atabs

https://i.imgur.com/f0HjxMN.jpg",,,,2845,6,2088,2514,44,108,3022,1853,,
thunderation,thunderation,WFM,,,titrations are pretty,,,,2229,20,480,2445,43,120,2307,1500,,
dkb12085,dkb12085,NM,,,,,,,2329,-4,7613,2420,7,1759,2578,2164,,
ralfi1,ralfi1,FM,Ralph Blasek,DE,FM,2250.0,,,2401,3,9437,2278,37,541,2462,1500,,
Joven_jubilado,joven_jubilado,CM,,_earth,,2100.0,,,2389,20,2462,1500,0,0,2590,1500,,
EltajSafarli,eltajsafarli,GM,Eltaj Safarli,AZ,"GM and chess coach.
If interested in lessons or training games please email me to: krasavchik_335@yahoo.com.
I am also available for team tournaments. for more info: https://lichess.org/coach/EltajSafarli

Official Chess Club on Lichess: 
https://lichess.org/team/gm-eltaj-safarlis-chess-club

Good luck to all!",2694.0,,,2698,-112,1457,2550,34,23,2977,2172,,
AlexanderPrincipe,alexanderprincipe,FM,,PE,,2295.0,,,2340,-46,875,2361,0,4,2754,1500,,
gsvc,gsvc,GM,Guillermo Vazquez,FI,"https://i.imgur.com/ktIZpOc.png

https://chessmood.com/?r=gsvc",2571.0,,,2928,7,7675,2847,27,190,3123,2169,,
South4fricanSamurai1,south4fricansamurai1,CM,Kenneth Sean Willenberg,ZA,"International FIDE Player Title: CM Master Title {achieved 2020}
- Former 5 Time South African National Champion {U16-U18}

International FIDE Trainer Title: Schools Instructor {achieved 2023}
- South African National  Youth Team Coach (2025 - Current)
- National Selector ( Chess South Africa Selections Commission)",2269.0,,,2145,22,305,1872,-97,74,2484,1797,,
sandy006,sandy006,WNM,Sandra Guillen,MX,,1942.0,,,2163,45,3090,2013,74,59,1918,1500,,
Panesso,panesso,IM,Henry Panesso,CO,"Entrenador de Ajedrez  con 15 años de experiencia
Entrenador selección Antioquia, entrenador selección Inder Medellín, entrenador deportistas nivel 0 hasta jugadores de 2400,maestros internacionales y grandes maestros.
Elo máximo alcanzado. 2427, norma de GM
En lo académico soy lincenciado en Educación, especialista en Neurodesarrollo y aprendizaje.",2356.0,,,2591,0,7125,2047,166,20,2757,1442,,
KungFuPandaFighter,kungfupandafighter,FM,,,,,,,2030,0,5,1500,0,0,2447,1500,,
cluke,cluke,CM,Cristofer Luke Brezmes,AD,,,,,2287,43,6172,2132,-9,39,2341,1500,,
Taga-Daet,taga-daet,IM,Domingo Razo Ramos,SG,"IM and FIDE Trainer. Passionate and professional Chess trainer/ coach/ teacher since 1992. Highly capable of teaching beginners to advanced levels, but preferably children to help them establish a solid foundation in the game.
Speaks English, Deutsch, Nihongo ( a bit). 
Chess is the arena of the intellect.",2195.0,,,2316,-36,509,2030,-17,53,2702,1500,,
emirislamking,emirislamking,CM,Haceliyev İslam,AZ,,,,,2749,-15,12491,2471,39,472,3065,2101,,
SneakyNyte,sneakynyte,FM,,FR,,,,,2491,-55,301,1500,0,0,2747,1500,,
idvidal,idvidal,FM,Ismael Vidal ID FIDE: 3901718,VE,"Mi nombre es Ismael David Vidal Meléndez, nacido en 1996 en Venezuela. Actualmente Maestro Fide.",2323.0,,,2486,-50,1828,1881,0,5,2711,2046,,
DrGreateinstein,drgreateinstein,IM,Sanket Chakravarty,IN,The most Adventurous Chess Player at present!!,2357.0,,,2545,-17,2754,2272,156,14,2752,1500,,
Cellini,cellini,FM,,,,,,,2397,10,11028,1500,0,0,2400,2221,,
Arashy_89,arashy_89,IM,,,,,,,2638,-14,356,1500,0,0,2588,1500,,
Shalamberidze,shalamberidze,IM,,GE,,2358.0,,,2529,-21,1726,1406,0,2,2452,1500,,
universe64,universe64,NM,,US,,,,,2458,22,800,2024,0,3,2547,1500,,
ChessPlayer8x8,chessplayer8x8,IM,,,,,,,2759,38,674,2422,147,162,2908,1907,,
Knightrider100,knightrider100,WFM,Rutuja Bakshi,,,,,,2197,0,577,1918,16,12,2306,1500,,
Achyuth_Star,achyuth_star,CM,Achyuth Aravindhan,IN,Whatever it takes,2144.0,,,2093,-167,237,1779,33,57,2411,2020,,
jangarbarek,jangarbarek,GM,,,,,,,2457,13,2133,2519,73,84,3129,1500,,
Popopuiyt,popopuiyt,FM,Peter Lombaers,,,,,,2510,12,10747,2308,10,137,2366,2287,,
StanislavNovikov,stanislavnovikov,GM,,,,,,,2633,-12,1403,2616,76,26,2716,1500,,
udithj22,udithj22,CM,,,,,,,2255,27,148,2124,0,10,2563,1500,,
Kieu_Bich_Thuy,kieu_bich_thuy,WFM,,,,,,,2357,78,380,1979,52,48,2117,2174,,
Voldemator,voldemator,FM,Владимир Серебряков,,,2117.0,,,2069,-22,49667,1974,-79,255,2264,2009,,
greatchesscoach,greatchesscoach,IM,Yevhenii Yelisieiev,DE,"I am Yevhenii Yelisieiev, International Master and German Champion (U25), originally from Ukraine. 
I am a professional chess coach with more than 10 years of experience and a 43000+ subscribers YouTube channel with tons of valuable tips to improve your chess: www.youtube.com/@journeytograndmaster
Build a complete and holistic opening repertoire in 10 days:  https://www.journeytograndmaster.com/",2425.0,,,2548,-1,1428,2381,-137,18,2709,1500,,
alfrechesss,alfrechesss,FM,Chiappero Julio Alfredo,AR,,2238.0,,,2400,3,1980,1500,0,0,2685,1500,,
Kazan28,kazan28,GM,Lev Yankelevich,DE,,2496.0,,,2506,-66,353,2200,0,1,2596,1500,,
cmvaracalov,cmvaracalov,IM,Francisco Varacalli,AR,,2327.0,,,2614,27,1970,2434,0,13,2700,1488,,
chesscoachIM,chesscoachim,IM,Illia Golichenko,UA,"Hello, dear chess friends!

I’m Illia Golichenko, Chess coach and International Chess Master from Kyiv, Ukraine.
I have over 20 years of chess experience.

During my coaching career, I have worked with over 150 students from more than 35 countries, aged from 6 to 70

For more information about chess lessons, please contact me here or write to email.

email: ukrchesscoach@gmail.com",2425.0,,,2587,38,488,2493,65,63,2752,2282,,
RatkovicP,ratkovicp,FM,Ratkovic Petar,RS,,2302.0,,,2278,-23,2731,2296,-155,118,2506,1500,,
FleetWalker,fleetwalker,NM,James Altucher,US,,,2204.0,,2213,27,11456,2401,16,249,2048,2311,,
WattSchrott,wattschrott,FM,,,,,,,2437,-26,10955,2501,-50,778,2451,2416,,
MkrtchyanMariam,mkrtchyanmariam,WIM,Mariam Mkrtchyan,AM,,2353.0,,,2517,59,31,1500,0,0,2773,1500,,
kimstevenyap,kimstevenyap,IM,Kim Steven Yap,PH,My name is Kim Steven Yap and I am an International Master and a FIDE trainer.,2378.0,,,2516,-15,1997,2508,44,70,2635,1500,,
Karadenizaslani,karadenizaslani,FM,Tansel Turgut,US,,,,,2167,-56,9315,1938,0,2,2127,1500,,
legendreturns,legendreturns,GM,,,,,,,2883,44,64,1745,0,1,3199,1500,,
piotrek212,piotrek212,CM,Piotr Sygulski,PL,,2247.0,,,2389,42,19326,2543,37,1197,2598,2227,,
jankotracz,jankotracz,FM,Kosma Pacan-Milej,PL,,2435.0,,,2524,15,1310,2483,46,39,2748,1500,,
Raja_Senggol,raja_senggol,NM,,ID,,,,,2037,23,1144,2039,-158,57,1919,2160,,
MarceloPlaya,marceloplaya,IM,MI Marcelo Playa,AR,Maestro Internacional,2376.0,,,2416,7,6209,1500,0,0,1971,1500,,
belles-lettres,belles-lettres,IM,,,,,,,2637,-7,405,1926,0,3,2820,1500,,
akhairat,akhairat,CM,Ahmed Khairat,EG,"Chess is mental torture, so don't take it seriously; just enjoy it and play for fun :)",2190.0,,,2199,15,53596,2237,28,2411,2045,2117,,
zinebdinaabdi,zinebdinaabdi,WIM,nana red,DZ,,1950.0,,,2220,12,4740,2324,13,82,2261,1785,,
Skillerbabo,skillerbabo,FM,,DE,,,,,2276,22,4734,2358,-32,859,2686,1500,,
WesBoss,wesboss,NM,,,"some luck, no skill",,,,2188,54,19,2065,0,6,2497,2305,,
vlad10898,vlad10898,IM,Vladislav Bakhmatsky,UA,"My name is Vladislav Bakhmatsky, I am International Master from Ukraine. My current ELO rating is 2465.",2465.0,,,2806,6,2006,2207,0,1,2856,1500,,
Zeitnet,zeitnet,CM,,,,,,,2252,-18,650,1500,0,0,2402,1500,,
Heinza9,heinza9,CM,Heinz Georg,DE,"Schach ist schon ein Leben lang mein Hobby. Ca. 30 Pokale zeugen davon. 
Auch heute noch mit 66 Jahren machts mächtig Spaß. 
Nahschach klappt zwar zur Zeit nur wenig, aber die Quarantäne-Liga bei LiChess.org ist wirklich der Hit.
Kann ich echt jedem empfehlen.",2171.0,,,2276,11,8107,2344,9,510,1500,1500,,
Makham21,makham21,FM,,,,,,,2373,-9,379,2417,88,39,2487,1500,,
chessplayerpatzer,chessplayerpatzer,IM,,,"Hello, i am Himal Gusain , an International Master from India.
Contact me at himalgusain@yahoo.co.in for training games.",,,,2541,-39,212,1500,0,0,2372,1500,,
Ernur2008,ernur2008,FM,Ernur Amangeldy,KZ,,,,,2593,-4,346,1285,0,5,2991,1500,,
mariubaldo135,mariubaldo135,WIM,Maria Gisela Ubaldo Suarez,VE,"https://ratings.fide.com/card.phtml?event=3900630
WIM de Venezuela",2013.0,,,2057,-4,2227,1500,0,0,1433,1500,,
MayGM,maygm,WFM,Mairebis Castillo coca,CU,"WFM Mairebis Castillo Coca soy National Instructor ... Juego ajedrez desde los 8 años ... Es mi pasión y me encanta enseñar a niños y adolescentes !! Mis jugadores favoritos son Capablanca, Fischer y Judith Polgar.",2119.0,,,2103,-24,3963,2113,32,60,2472,2112,,
mauripoluthrona,mauripoluthrona,FM,Dimitrios Papakonstantinou,GR,"I have been playing chess my whole life, and I love the amount of energy this game has, especially the fact that the energy stays on your position when you 'feed' your pieces with activity. I am a chess coach and I believe that I can make anyone feel the energy like me and even more! Peak Fide: 2336 cost: 20-25$ 
Don't hesitate to contact me!",2302.0,,,2481,-5,519,1500,0,0,2496,1500,,
tomikapi2,tomikapi2,FM,Tomas Kapitanchuk,AR,"Tomas Kapitanchuk, argentinian FIDE Master with an International Master norm. Personalized training.
Please contact me via Facebook DM or mail: tkapitanchuk8@gmail.com",2191.0,,,2531,86,4041,2308,327,32,2752,1313,,
kubadaleko,kubadaleko,FM,Vanya Kuba,RU,"Коллекционирую шахматные книги.
Преподаю. Обращайтесь.",2285.0,,,2516,-3,4250,1500,0,0,2692,1500,,
EdgarRodrigues,edgarrodrigues,FM,Edgar Rodrigues,BR,"Aulas de Xadrez online,
Mestre FIDE desde 2014
Top rating FIDE 2364",,,,2481,7,10074,2476,20,414,2497,2171,,
nc_courage,nc_courage,FM,,US,,,,,2386,-154,657,1500,0,0,2525,1500,,
alik0001,alik0001,FM,,,,,,,2577,70,1078,2222,50,15,2727,1970,,
mc4chess,mc4chess,NM,,,,,,,2407,-63,1498,2322,47,56,2873,2135,,
MEGARAPTOR1,megaraptor1,IM,Cristian Barros Rivadeneira,EC,"Espero ser GM algún día!
Twitch proximamente... https://www.twitch.tv/im_megaraptor1

https://imgur.com/cCfmkfY

https://www.facebook.com/cristian.barros.7564
https://www.instagram.com/crisbarrosrivadeneira/",2343.0,,,2545,10,5142,2566,57,33,2810,1940,,
HCMB,hcmb,CM,,GB,,,,,2147,10,5319,2322,-73,369,2349,2224,,
theEuropean,theeuropean,FM,,,,,,,2249,0,280,2215,26,106,2305,1500,,
goldeen_king,goldeen_king,FM,Seyed Mehrab Khoshkalam,IR,,2308.0,,,2551,-4,643,2330,36,98,2711,1500,,
Romanator123,romanator123,NM,,GB,,,,,2422,41,2583,2402,78,99,2671,1304,,
Pere_Fouras,pere_fouras,FM,Павел Киселев,RU,,,,,2262,123,470,2408,144,175,2428,1977,,
mirciulica14,mirciulica14,FM,Talu Mircea,RO,"Băiat fin
https://www.twitch.tv/mirceatalu",,,,2608,9,5899,2397,-35,66,2965,1500,,
yg2kneatyy,yg2kneatyy,NM,,,,,,,2424,15,291,2125,0,10,2318,1500,,
Astroni,astroni,FM,,PS,,,,,2200,-3,12607,2245,-35,51,2180,1743,,
Mpaape,mpaape,CM,,_east-turkestan,,,,,2505,44,61,1500,0,0,2697,1500,,
salemyahi,salemyahi,CM,Mohamed salem Yahi,MR,,1909.0,,,2042,39,17109,1674,0,1,1886,1500,,
Perligero,perligero,CM,Persson Abrantes,MZ,"CM Persson Abrantes
African University Champion 2015
More than 4 Chess Olympiad Player

My time Zone is +2GMT.",2057.0,,,2216,14,3452,2252,-6,33,2013,1896,,
mitraasz,mitraasz,WIM,Mitra Asgharzadeh,IR,"استاد بین المللی بانوان وعضو تیم ملی
آموزش شطرنج به صورت آنلاین برای تمام سنین",,,,2353,-55,3102,1976,147,35,2357,1500,,
vennyice,vennyice,NM,Ven,US,"Part-time disease researcher on the incurable illness of ""opening theory."" Officially retired from OTB for nearly a decade. I hated engines first.",,2220.0,,2126,-12,442,2209,-42,40,2309,1500,,
rolly9891,rolly9891,NM,Rolly Parondo,TH,1+1=2,,,,2571,14,7103,2406,170,61,2748,1854,,
srm1,srm1,FM,Без имени,RU,,2200.0,2300.0,,2556,3,1962,2357,92,45,2829,1736,,
kl123,kl123,CM,Karl Emil Elmer Nielsen-Refs,DK,Phone only 🙏,2225.0,2103.0,,2238,184,929,2155,41,335,2397,2085,,
Dafnu,dafnu,FM,Daniel Núñez,CO,ID Fide: 4401255,2208.0,,,2366,1,10047,2375,53,65,2704,1500,,
Practice_Tailung,practice_tailung,CM,,MN,,2229.0,,,2401,-5,5181,2392,-52,261,2624,1500,,
DevinBooker01,devinbooker01,FM,Vaibhav Raut,IN,,2351.0,,,2326,174,21,1500,0,0,3000,1500,,
OlgaGut,olgagut,WIM,Olga Gutmakher,IL,,,,,2465,45,282,2231,0,8,2355,1500,,
XLiNt,xlint,CM,Sushrut Dahal,NP,"For Lessons:
+9779761679019 Whatsapp/Viber
Classical  2056| Rapid 2019| Blitz 1997

Hi, I'm Sushrut! Please look at my coach profile for more info!

https://lichess.org/coach/XLiNt

Youtube Stream: https://www.youtube.com/@ChessSenpai",2056.0,,,2289,19,3128,2310,25,145,2468,2162,,
Samid2002,samid2002,FM,Samid Eduardo Escalona Landi,VE,"https://ratings.fide.com/profile/3937437


samidescalona2002@gmail.com",2386.0,,,2769,-32,2444,2783,33,29,3002,1500,,
alonmindlin,alonmindlin,IM,,IL,,2428.0,,,2473,8,1790,2676,36,318,2791,1977,,
sahibsinghknight,sahibsinghknight,IM,SAHIB SINGH,IN,INTERNATIONAL MASTER,2376.0,,,2544,-21,4914,2637,19,595,2799,2314,,
Carrygun,carrygun,IM,,TR,,,,,2480,102,1237,1500,0,0,1500,1500,,
mgh1380,mgh1380,CM,matin ghaffarifar,IR,,,,,2560,56,1068,2147,-108,64,2529,2048,,
BlueJayBro,bluejaybro,CM,Joshua Terry,CA,Candidate Master and chess coach,2235.0,,,2578,41,133,2608,34,29,2802,1500,,
TheChessKiller3,thechesskiller3,FM,,CA,,,,,2633,13,1124,2560,62,57,2798,1500,,
Zurability,zurability,IM,Zura Javakhadze,US,"Hi, IM Zura over here, resided in Dallas, Texas. Originally from Georgia. 
On a quest to bring my rating over 2500 and claim GM title.  

Peace",2454.0,2553.0,,2350,-42,349,2188,0,4,2641,1685,,
keshav27,keshav27,CM,KESHAV SHRESTHA,NP,"केशव श्रेष्ठ नेपाल चेम्पियन 2006 ,2014
fide rating =2196 @ सन 2003",2196.0,,,2052,-129,4103,1141,-161,15,1955,1444,,
juanchesst,juanchesst,IM,,,,,,,2560,2,4459,1500,0,0,2808,1893,,
kirillgenius,kirillgenius,CM,Kirill Shcherbinin,RU,"CM FIDE TITLE
https://ratings.fide.com/profile/4180453
https://ratings.ruchess.ru/people/18089 

Приглашаю всех присоединяться к команде РФ на chess.com - https://www.chess.com/club/team-russia
Блог - https://www.chess.com/blog/kirillgenius
Youtube - https://www.youtube.com/channel/UCy-jvpmi8xySDxmVHt405fg",2208.0,,,2474,-13,16607,2239,-139,277,2600,2352,,
DoubleP,doublep,IM,Pierluigi Piscopo,IT,"Professional player, Fide Trainer. 
Author of the book ""La Siciliana-Istruzioni per l'uso""
I speak Italian, English, French",,,,2452,-1,12586,2167,0,7,2262,1864,,
anemih,anemih,FM,Anastasios Mihailidis,GR,Owner of https://chess-shop.gr,2235.0,,,2505,88,415,2057,0,11,2557,1743,,
AsanovTimur,asanovtimur,IM,Timur Ustinov,RU,"Экс чемпион Европы по блицу среди мужчин турнир ""Б"" 1-2 место  Франция  2006 год 
Former European Men's Blitz Champion tournament "" B "" 1 - 2 place  France 2006
 
Воспитал чемпионку мира по шахматам до 8 и 9 лет Бибисара Ассаубаева

My games here - Мои партии здесь
 https://www.365chess.com/players/Timur_Asanov/?p=1&start=100",2444.0,,,2510,-7,1049,2515,26,294,2600,2231,,
MarkosianDavid,markosiandavid,GM,Давид,RU,"Индивидуальные занятия от начинающих до продвинутого уровня.
Дебюты, миттельшпиль, эндшпиль, психология игры, эмоциональный интеллект.",2395.0,,,2610,7,19494,2603,9,2349,2687,2450,,
SheeshBroOmg,sheeshbroomg,FM,,,,,,,2590,-63,304,1779,0,3,2959,1500,,
Axf7,axf7,NM,,IT,,,,,2178,90,6765,2177,151,26,1990,1500,,
Lelouch_Vi_Brittania,lelouch_vi_brittania,CM,,DE,,2200.0,,,2246,-11,6286,2512,120,1515,2337,2360,,
molinajesus2801,molinajesus2801,CM,Jesus Alberto Molina Sumoza,VE,,,,,2427,-15,5126,1977,-14,143,2554,1500,,
Aleksandar-Topalov,aleksandar-topalov,CM,,RS,,,,,2414,-12,7567,1500,0,0,2462,1500,,
vasiukov,vasiukov,NM,Cumali ÜNVER,TR,,,,,2496,75,2008,2726,76,141,2286,2260,,
Guzman70,guzman70,CM,,ES,CM,,,,2308,-13,30522,2335,-17,597,2456,2272,,
jennys2600,jennys2600,WFM,Jennys Soler Guerra,CU,Soy Maestra Fide de Ajedrez ...Finalista del campeonato de cuba.,2047.0,,,2066,-111,3764,2131,-52,67,2208,1381,,
Smirnov_Alexandr,smirnov_alexandr,FM,Александр Смирнов,,,,,,2425,78,1117,2469,100,41,2518,1500,,
VladTheBest,vladthebest,CM,,RU,,,,,2472,-30,476,1500,0,0,2801,1500,,
FunnyBlani,funnyblani,WCM,Blanka Ejsymont,,,,,,2090,-110,394,2265,27,419,2404,2081,,
patryk2001,patryk2001,IM,Patryk Chylewski,PL,"Coach and streamer
https://www.ostre-debiuty.pl/trenerzy/patryk-chylewski",,,,2612,25,2362,2459,-185,73,2940,1500,,
DevShah,devshah,CM,,,,,,,2369,77,186,2122,15,148,2667,1741,,
JamesColeman,jamescoleman,CM,James Coleman,GB-ENG,Long since retired from OTB chess - I am now an old man with rapidly failing eyesight randomly throwing a few pieces around online....,2207.0,,215.0,2473,28,656,2438,18,98,2430,2170,,
mux77,mux77,FM,Dumit Semerene,VE,ID: 3901149,,,,2500,3,21934,2422,0,11,2753,1500,,
LeoTobares,leotobares,FM,Leandro Tobares,AR,,,,,2332,-9,5272,2223,113,15,2123,1683,,
imivangalic,imivangalic,IM,IVAN GALIC,BA,Born in 1988 in Mostar.,2429.0,,,2552,-4,210,1948,0,2,2620,1500,,
imzchessacademy2020,imzchessacademy2020,CM,,NA,,,,,2259,-21,10861,2331,15,623,2189,2052,,
sunnmoon17,sunnmoon17,FM,,EU,❤️‍🔥,2311.0,,,2601,4,1696,1500,0,0,2801,1500,,
Duochess,duochess,WFM,Duochess Duochess,ES,"Duochess es una Escuela de ajedrez, dirigida por grandes expertos  y amantes del mundo del ajedrez. Nuestra pasión es trabajar y fomentar todos lo que rodea al ajedrez como es la organización de eventos, venta de material, ajedrez social, educativo y de competición. 
Nuestro lema es Pasión por el Ajedrez y lo llevamos a cabo cada día.
",,,,2228,2,1479,2072,-115,15,2372,1500,,
EDGARDZANETTE,edgardzanette,NM,EDGARD ZANETTE,BR,"NM Edgard Vinícius Cacho Zanette

Dr. Edgard Vinícius Cacho Zanette - Professor de Filosofia",2202.0,,,2223,14,19354,2339,-118,28,2242,1500,,
Reinalbo,reinalbo,IM,Roi Reinaldo Castiñeira,ES,Soy bastante malo,2505.0,,,2454,-29,854,1649,0,2,2491,1678,,
Mohammadian75,mohammadian75,FM,Mohammad Mohammadian,IR,,,,,1766,27,2681,2163,0,1,1610,1500,,
sid-al_1979,sid-al_1979,FM,,BY,,2309.0,,,2652,13,7312,2671,34,100,2738,1500,,
Patagonico2020,patagonico2020,CM,Alexsandro Javier Martinez,AR,"CM, Master Candidate Fide.",2220.0,,,2173,-85,5249,2236,0,83,2276,1500,,
fourqueens13,fourqueens13,NM,,US,,,,,2351,-26,4079,2508,191,114,2368,2245,,
scabies,scabies,NM,,,,,,,2271,3,15572,2116,-1,13,2503,1500,,
amaa18,amaa18,WIM,Mobina Alinasab,IR,,2317.0,,,2523,4,2539,1921,86,27,2528,1500,,
Matinghffarifar,matinghffarifar,FM,Matin Ghaffarifar,IR,Live in turkey,2309.0,,,2491,-6,1839,2821,11,152,2711,2222,,
rosa_del_nilo,rosa_del_nilo,WFM,,,,,,,2299,79,153,2171,-47,12,2248,1745,,
cthake,cthake,CM,,MT,,,,,2041,21,10678,2065,-6,334,1964,1730,,
NikolaN98,nikolan98,IM,Nikola Nikolovski,MK,"International Master, FIDE Instructor, Psychologist",2407.0,,,2624,60,585,2426,168,15,2490,2244,,
LuisFlaquer,luisflaquer,FM,LUIS FLAQUER,US,,2152.0,2280.0,,2182,4,20962,2316,0,10,2104,2092,,
Khalilmousavii,khalilmousavii,GM,Mousavi Seyed Khalil,IR,"️Grandmaster
Iran National Team
World U10 Champion
Asian University Gold Medalist",2479.0,,,2861,71,3092,2231,65,15,3023,1641,,
Gro23,gro23,IM,,RU,"https://i.imgur.com/MGNukgZ.jpg; 
https://i.imgur.com/0bcfe9X.jpg",,,,2151,-43,25278,2106,-120,85,2230,1381,,
Doha_Qatar,doha_qatar,FM,,SI,"️️Humble chess student. Don't get mad. It's just blitz and bullet. I currently play in Austria (Bundesliga), Slovenia (Super league) and Bosnia (Premijer liga) leagues.
️I would love to play for German, Croatian and Serbian teams.
Private lessons are 10€/hour. Currently I have 23 students.
My fee for playing for your Lichess team is 15 euros per tournament.
If you are interested, please DM me.",2312.0,,,2604,18,6658,2449,218,17,2830,1977,,
JiaHaoxiang,jiahaoxiang,IM,Haoxiang Jia,CN,"Chess player
Chess coach",2331.0,,,2604,-112,246,2355,-54,23,2801,1739,,
nikhildixit,nikhildixit,IM,Nikhil Dixit,IN,,2400.0,,,2500,-8,3621,2177,233,15,2739,1830,,
Larciano,larciano,WFM,,,,,,,2136,-26,10604,1500,0,0,2162,1500,,
ChessWeeb,chessweeb,GM,Denes Boros,US,"Chess Edutainment presented by Grandmasters Denes Boros, Illia Nyzhnyk, and Ashwin Jayaram.
Watch us live at www.twitch.tv/chessweeb 
For educational content, check out our YouTube channel at 
www.youtube.com/channel/UCOwAGy9jDBJH95Q0uosvvyg 
To stay in touch with us, check out our social media at
www.facebook.com/ChessWeebs
www.twitter.com/ChessWeeb
https://discord.com/invite/8FaTTKR",2429.0,2507.0,,2710,-43,4712,2553,35,1466,3000,2233,,
Kondor75,kondor75,IM,Rodin Dmitry,_earth,,2400.0,,,2314,15,9338,2444,62,59,2338,1500,,
Philjr95,philjr95,NM,Rolando Andador,,🇧🇪,,,,2277,-35,688,1500,0,0,2387,1500,,
Cresswell,cresswell,FM,,,,,,,2679,-9,4349,1500,0,0,2938,1500,,
Nomin-Erdene_D,nomin-erdene_d,IM,,,,,,,1500,0,0,1500,0,0,2321,1500,,
HaraldEtuna,haraldetuna,FM,Harald Lögdahl,SE,"https://i.imgur.com/vIh6uJu.jpg
https://www.studera.com/schack/lottning.htm",2224.0,,,2167,-9,35399,2278,-27,757,2377,1500,,
Kumi,kumi,CM,,,,,,,2479,8,7620,2237,173,30,2703,1500,,
gm3t,gm3t,IM,Tran Thanh Tu,JP,,2420.0,,,2571,1,1910,2591,0,144,2548,2529,,
tilsiav,tilsiav,WIM,Tilsia Carolina Varela La Madrid,ES,"Soy la Maestra Internacional Tilsia Carolina Varela, cinco veces olímpica por Venezuela y dos veces campeona nacional de mi país. Soy también Abogada. Me apasiona el ajedrez y disfruto transmitiendo mis conocimientos y experiencia a mis alumnos.",,,,2592,33,344,2137,0,3,2737,1500,,
halki,halki,WNM,,,,1887.0,,,2000,10,3066,2291,54,83,2167,2221,,
CaissaCubana,caissacubana,WFM,Maydelín Cárdenas Ballester,CU,,,,,2090,8,3700,2068,-28,141,2292,1500,,
Kusox,kusox,NM,,,,,,,2261,-3,647,2006,0,8,2492,1542,,
hhcuuid,hhcuuid,GM,Holden Hernandez Carmenate,,,,,,2537,-11,5659,1500,0,0,2564,1500,,
ajam73,ajam73,WIM,Maja Velickovski,RS,,2168.0,,,2131,2,4771,1943,-134,29,2381,1844,,
AjedrezHN,ajedrezhn,IM,Ricardo Urbina,HN,"Maestro de Internacional de Ajedrez, FIDE Trainer, Aprendiz de todo lo demás",2245.0,,,2462,30,1284,2079,3,91,2504,1500,,
ArthasMennethil,arthasmennethil,FM,Kebert Solares Orozco,CU,Disponible para clases online: https://lichess.org/coach/ArthasMennethil,2390.0,,,2539,-12,3203,2582,0,7,2657,1500,,
Bassket,bassket,FM,,RU,,2190.0,,,2280,20,10125,2430,129,104,2625,1500,,
JosephTruelsonRAR,josephtruelsonrar,NM,,US,,,2273.0,,2386,-24,1833,2471,6,145,2630,2426,,
whatever04,whatever04,WFM,,,,,,,2229,21,105,1950,0,3,2260,1500,,
PudgeTheButcher,pudgethebutcher,CM,Burak Özalp,TR,,2059.0,,,2613,63,6910,2327,240,64,2635,1500,,
Iyael,iyael,CM,Juan Sánchez Alarcón,CL,,2136.0,,,2208,-4,1732,1675,0,1,1734,2059,,
Kural1,kural1,FM,,TR,,,,,2491,49,250,1500,0,0,2810,1317,,
laksshana,laksshana,WFM,Laksshana Deepak,CA,"13 y.o 
Alt - @Prove_Me_Wrong",,,,2097,52,789,2113,-25,909,2394,1875,,
Chess_Attack_Juras,chess_attack_juras,FM,Dino Ballecer,SG,"I am a FIDE Master,  Arena Grandmaster, and a certified FIDE Instructor. I am from Singapore.  Here is my website https://chesswhizdom.com/pages/testimonials/

Our chess program is proven effective and has a compilation of the world’s best chess coaching practices. Our world-class instructor has extensive experience in chess coaching from various levels of learner to master level.",2372.0,,,2430,-48,1651,2519,-39,134,2569,2211,,
MrKooshaJ,mrkooshaj,FM,Koosha Jaferian,CA,"Streams at: http://www.twitch.tv/mrkooshachess

Discord: https://discord.gg/akhN2C4bWf

See the highlights on youtube channel: https://www.youtube.com/channel/UCQWaLaaYOd_srYt7swOhEkg

Computer Science MSc from University of Toronto (Software Engineer)",2238.0,,,2674,-22,6123,2843,35,523,2882,2400,,
Umid-2006,umid-2006,FM,Umid Aslanov,AZ,,2327.0,,,2525,4,2344,2148,152,106,2836,1282,,
Donde_esta_tu_rey,donde_esta_tu_rey,IM,Osmel Garcia,CU,,2285.0,,,2440,-31,5699,1460,0,2,2433,1500,,
P33RA,p33ra,FM,Sajith Peiris,LK,“All i want to play chess “,1840.0,,,2314,8,2043,2243,115,62,2322,1500,,
lelouch_li_britania,lelouch_li_britania,FM,,IR,chess fide master,2234.0,,,2525,-13,2036,2507,-69,225,2708,1902,,
MMOPK,mmopk,CM,,,,,,,2365,4,554,2210,0,1,2580,1500,,
Malek_Koniahli,malek_koniahli,FM,Malek Koniahli,SY,Hello :),2300.0,,,2702,148,2388,1500,0,0,2656,1500,,
schachlatan64,schachlatan64,IM,Stephan Alfred Becking,DE,,2410.0,,,2435,8,646,2332,5,95,2680,1500,,
alekschess1000,alekschess1000,WIM,Aleksandra Vakhania,GE,"I am from Georgia. I love my country, we have very beautiful nature, amazing food and delicious wine. i am playing and fall in love with chess since 1996.  if you want increase your chess level just contact me. i have 10 years coaching experience.",2161.0,,,2255,1,1073,2383,48,168,2387,2315,,
Anrelo,anrelo,WFM,Самигуллина Диана Ильдаровна,,"Меня зовут Диана, я женский мастер FIDE, тренер по шахматам со стажем более 10 лет. 

Влюбляю в шахматы с первых занятий и детей, и взрослых! 
Мои ученики — победители и призёры: выигрывают как городские, так и всероссийских соревнования.
Со мной шахматы — это легко и весело! 

Приглашаю вас к себе на занятия !

https://lichess.org/coach/Anrelo",,,,2372,71,1006,2013,304,34,2600,1608,,
fmalexhdez,fmalexhdez,FM,Alexander HERNANDEZ JIMENEZ,VE,https://ratings.fide.com/profile/3900452,2110.0,2213.0,,2352,171,1208,1955,0,5,2030,1500,,
double11,double11,GM,Sergey Volkov,RU,"International grandmaster . Гроссмейстер России. http://universalrating.com/player.php?PlayerID=44101 . https://ratings.fide.com/profile/4122763
My peak rating FIDE was 2659. 50 place in the world!",2570.0,,,2542,11,7976,2562,0,80,2104,1500,,
BogdanB96,bogdanb96,IM,Mykola Bodnar,UA,,,,,2634,21,438,1500,0,0,2624,1500,,
EndGameMaster48,endgamemaster48,CM,,TR,"Chess is my passion, and my goal is to become a GM. I love all openings and enjoy exploring different strategies with each one. My biggest inspiration is Mikhail Tal, whose creative style always fascinates me.",2129.0,,,2454,-15,147,2554,-4,61,2822,1500,,
munster1,munster1,FM,Joachim Solberg,NO,"Trompovsky. Like å studere og spille sjakk.Spille Opens og GP-turneringer.
jokrso@hotmail.com",2253.0,,,2523,0,14510,2433,23,324,2820,2087,,
yudinetz,yudinetz,FM,,CZ,,2304.0,,,2432,11,5042,2232,-68,15,2502,1500,,
lProstoy,lprostoy,CM,Chinguun Bayaraa,MN,https://i.imgur.com/O6Sco1Q.png,2150.0,2198.0,,2142,-85,15,1500,0,0,2657,1500,,
Nikiton4ik,nikiton4ik,FM,,LV,,,,,2434,8,3850,1500,0,0,2559,1500,,
Kostik_Mostik,kostik_mostik,IM,Kostik Mostikov,,,,,,2930,-3,2669,1500,0,0,3098,1500,,
L_Georgescu,l_georgescu,WGM,,CH,,,,,2373,-15,609,1500,0,0,2403,1500,,
ChampionOnTime,championontime,IM,,,,,,,2439,-126,40,1500,0,0,2749,1500,,
caspiwins,caspiwins,IM,Israel Caspi,IL,,,,,2605,-20,1255,2200,21,33,2744,1500,,
Rgoltsman,rgoltsman,CM,,PT,,,,,2259,-40,1047,1455,0,1,2551,1500,,
shhamo,shhamo,WFM,Ana Shamatava,US,I am Ana from Georgia a Woman Fide Master,2166.0,2337.0,,2416,9,264,2191,25,80,2631,2059,,
Moltini,moltini,FM,,BE,,,,,2618,94,1487,1766,0,1,2733,1500,,
Kirill_Razumovsky,kirill_razumovsky,FM,Kirill Otdelnov,RU,,,,,2556,-71,578,2541,38,20,2901,2191,,
VMikhalevski,vmikhalevski,GM,Victor Mikhalevski,IL,"IM from 1993, GM from 1996, Israeli Champion 2014-16, Reigning Israeli blitz champion from 2014, Israeli rapid champion 1997. 2010 Olympic Bronze medalist, as a member of Israeli team, winner of many international and national tournaments including Calvia Open with performance of 2886. Highest FIDE rating-2632(#92 in the world)",2565.0,2631.0,,2816,-53,421,2424,263,39,1500,1500,,
reebook,reebook,NM,David Alvarez,CR,,2136.0,,,2133,-11,5859,2225,0,11,2239,1736,,
Calh3iros,calh3iros,NM,Robert Junior - Chess Coach,US,,2247.0,,,2305,-6,1699,2052,-125,34,2230,2142,,
bbasko,bbasko,NM,Богдан Басько,UA,"Доброго времени суток. Меня зовут Богдан
Я Мастер спорта Украины 2018 года. Занимаюсь шахматами с 6 лет. Рейтинг по классическим шахматам 2200. Чемпион Украины по шахматах среди юнашей до 12 и 16 лет. Многократный призер чемпионатов Украины среди юнашей разных возрастов. Тренер по шахматам в спортивной школе города Кропивницкий. Мои ученики победители и призеры: городских,областных и всеукраинских турниров. Моя цель это- воспитать чемпиона (чемпионку) мира! Опыт занятий с детьми с 2016. Стоимость занятий :  15$ (60 мин) Желающим начать обучение писать на Viber: +380668188447",2200.0,,,2350,-16,1395,1647,123,21,2432,1972,,
ShahMatKanal,shahmatkanal,CM,Evgenij Novikov,RU,"🔵ОБУЧЕНИЕ http://shahmatkanal.com/education 
🔴КАЛЕНДАРЬ http://shahmatkanal.com/calendar 
🟠ДОНАТ http://shahmatkanal.com/donate 

ТЕЛЕГРАМ http://t.me/shahmatkanal 
ЮТУБ http://youtube.com/shahmatkanaltv 
ТВИЧ http://twitch.tv/shahmatkanal 
ВК http://vk.com/shahmatkanal 
РУТУБ http://rutube.ru/u/shahmatkanal 
БУСТИ http://boosty.to/shahmatkanal",2276.0,,,2453,-26,10939,2454,19,573,2702,2351,,
Ch1llax,ch1llax,IM,International Master Michael Concio Jr.,PH,"Standard: 2396 
Rapid: 2415
Blitz: 2457

I am available for coaching! If you're interested, feel free to message me for inquiries.",,,,2675,8,3317,2542,100,54,3025,1789,,
Atlas_Lion07,atlas_lion07,IM,Mohamed Tissir,MA,"Gold Medal at the 36th Chess Olympiad of Palma de Mallorca (Spain) 2004 | 

Gold Medal at the Arab games - Jordan 1999 |

Twice Arab Clubs Champion 2014 ; 2016 |

African Champion 1999 |

Champion of London chess league 2008-2009-2010 |

Champion by teams 2007-2008 ( 4NCL ) |

International Master in 1998 ; Fide Trainer 2005 ; Peak Fide rating: 2490 | October 2006",,,,2477,0,3843,2459,0,11,2612,1500,,
AyelenMartinez,ayelenmartinez,WIM,Ayelen Martinez,AR,"WIM
",,,,2185,43,258,2055,0,2,2258,1500,,
giornogiovanna8u,giornogiovanna8u,CM,,DE,"Please follow:
https://www.twitch.tv/giornogiovanna8u",,,,2042,-33,313,2222,18,34,2153,1500,,
Monkey_King,monkey_king,IM,Shamil Arslanov,_earth,"You are my best student OK, ILYF

Ютуб-канал: https://www.youtube.com/@arslanovchessshow
Интерактивные курсы/лекции:
https://arslanovchess.com
Телеграм-Канал
https://t.me/arslanovchessshow",2410.0,,,2491,7,10547,2393,-2,1610,2921,2256,,
Ganziitoo,ganziitoo,IM,Cristian Vasquez,CL,El carry de JBGBLilo :3 <3,1400.0,,,2472,21,4776,2338,-61,48,2802,1973,,
Mortn,mortn,FM,,CZ,,2316.0,,,2520,2,9600,2506,54,36,2600,1500,,
jeden94,jeden94,IM,,FR,,,,,2510,-9,2396,2246,-86,29,2727,1500,,
iam24601,iam24601,FM,,,,,,,2573,-26,826,2085,0,2,2808,1500,,
medinapaz,medinapaz,IM,Miguel Medina Paz,CU,https://imgur.com/xcezCRl contacto WhatsApp +1 210 3034665 email: medinapaz@hotmail.com,2368.0,,,2464,-54,5427,2310,61,115,2646,1500,,
SixBucks,sixbucks,NM,,_earth,,,,,2448,-6,456,2448,-8,84,2719,2143,,
Rikikits,rikikits,GM,Maxime Lagarde,FR,"https://www.instagram.com/max__lag/?hl=fr
https://twitter.com/MaxLaga
https://www.linkedin.com/in/maxime-lagarde-577a6961/

Donne des cours, me contacter mp :)",2628.0,,,2715,8,6665,2516,160,22,2877,2044,,
gkchessind,gkchessind,WIM,GK Monnisha,IN,,2164.0,,,2439,9,243,2315,-29,76,2407,2297,,
millo77,millo77,CM,Milan Lama,NP,,2052.0,,,2475,-65,1419,2202,153,18,2609,1839,,
rudi1234,rudi1234,FM,,,,,,,2597,-46,3110,2542,-16,849,2820,2235,,
EGNfanclub,egnfanclub,NM,Эдуардо Гербелли Нето,BR,= Едуардо Джербеллі Нето,2114.0,,,2287,16,16312,2331,60,77,2178,1500,,
IngDiegoMRChess,ingdiegomrchess,CM,DiegoMRChess,CO,,,,,2006,7,7486,2082,14,779,1908,1721,,
Orezculapte,orezculapte,NM,,RO,,,,,2347,-37,1113,2093,0,5,2624,1500,,
chessbrahs,chessbrahs,GM,Eric Hansen,CA,"Professional chess player, commentator, and streamer. Founder of ChessbrahTV and member of the Canadian Olympic team.



 ",2629.0,2670.0,,2667,-30,962,2015,0,3,3112,1500,,
GodDMuhammad,goddmuhammad,NM,Daniel Muhammad,US,National Master and Creator of The National Blitz League! Team Captain of The Chicago Chess Blitzers.,,2207.0,,2324,44,469,2253,102,16,2514,1500,,
Checkitas,checkitas,WGM,,SI,"This is a shared account of 3 Slovenian girls- Checkitas. WGM Laura Unuk, WIM Lara Janželj, WIM Teja Vidic. Check Checkitas on Twitch:  https://www.twitch.tv/checkitas
Join our Lichess Team! :)  https://lichess.org/team/checkitas-warriors",,,,2269,2,1841,2167,74,43,2459,1337,,
ShahxaibKhan,shahxaibkhan,NM,,PK,,,,,2352,-22,16065,2425,-16,258,2506,2309,,
mwpchess,mwpchess,FM,Andrii Punin,UA,Play fair chess!,2300.0,,,2700,16,3889,1500,0,0,2600,1500,,
kochichess,kochichess,FM,MB Muralidharan,IN,"I am a Fide Master and a chess coach . My highest Fide rating was 2420.My Lichess Rapid rating is 2541 and Bullet rating is 2492.Earler Top Players I trained GM Nihal Sarin ,GM Aswin Jayaram ,IM Poobesh Anand etc.Coaching and Playing practise available.Participated India at Abudhabi International chess 2005 and Tehran Asian cities chess championship 2007.",2210.0,,,2232,-19,776,2452,-109,246,2400,1791,,
surefinewhatever,surefinewhatever,WFM,,GB,cuckoo for cocoa puffs,,,,2345,-35,2061,2292,-34,81,2331,2137,,
HoangNam_ChessCoach,hoangnam_chesscoach,FM,Hoang Nam Nguyen,VN,"FIDE Master
FIDE Trainer
FIDE ID 12402133",,,,2632,15,4967,1992,0,3,2781,1500,,
rtdrtd67,rtdrtd67,NM,,,,,,,2386,-27,2378,2187,55,16,2388,2123,,
ylr5000,ylr5000,IM,,CU,"IM Yunier Leyva Rivera   
Hi! I became an IM in 2014. My best achievement is 3rd place in the legendary Capablanca in Memoriam 2014, my highest rating is 2430. I have experience coaching players around 1600-2400 USCF. I am open to teaching chess online or in the Miami area.
Spanish or English. More info ylr5000@gmail.com
https://ratings.fide.com/profile/3505065",,,,2570,11,3577,1500,0,0,2370,1500,,
Bugcrusher,bugcrusher,FM,Aleksandras Jegorovas,LT,,2270.0,,,2325,37,2225,2283,0,2,2527,1500,,
Ferenc83,ferenc83,IM,Ferenc Langheinrich,CH,Neben dem klassischen Schach bin ich auch vom chess960 begeistert und wurde 2025 Deutscher Vizemeister im chess960 in Berlin,2342.0,,,2613,-4,1589,2482,144,22,2718,1500,,
swimmerchess,swimmerchess,IM,,,,,,,2832,-3,5196,2568,-36,59,2940,1500,,
Victory24601,victory24601,FM,,,,,,,2435,-22,547,1500,0,0,2175,1500,,
Like-a-hurricane,like-a-hurricane,FM,Hans Renette,BE,"I've been playing chess since 1990. Achieved the FM title and later 2 IM norms, before I shifted my attention to coaching and writing books on Korchnoi, Bird, Neumann, L. Paulsen and Lasker.
--
Available for coaching. I believe I can have a huge (and positive ;-) ) impact on your game with just two hours.",2370.0,,,2364,-12,2448,2318,-142,188,2565,2105,,
Brave_spirit12,brave_spirit12,IM,Eldiyar Orozbaev,KG,,,,,2637,4,11398,2514,0,343,2792,1362,,
LagrangeEquation,lagrangeequation,IM,Dr. Julian Geske,DE,International Master and European Company Sports Champion,2390.0,,,2624,34,536,2488,98,31,2684,2039,,
IvanStankovic,ivanstankovic,FM,Ivan Stankovic,RS,"A Fide master, with International master (IM) norm !!! 
I work with the students according to the program of the Russian Botvinik chess school!   
All my students improve their playing from 100-800 rating points after only 1 session OF 10 lessons
https://www.chess.com/member/stankovicivan",2308.0,,,2511,-6,3880,2575,110,50,2543,1500,,
crazyluzhinTh3,crazyluzhinth3,IM,Oscar Gerardo Sànchez Enrìquez,MX,MI,2350.0,,,2445,-32,1355,2545,236,33,2588,2154,,
DrOussedik,droussedik,NM,Elias Oussedik,,https://twitter.com/DrOussedik,,,,2215,-33,97,1500,0,0,2337,1500,,
PlavRuck,plavruck,CM,Denis Denisenko,RU,,,,,2404,-10,17630,2423,38,133,2604,1500,,
Ekaterina2,ekaterina2,WFM,,RU,,,,,2255,101,1972,1874,98,46,2433,1107,,
Erow,erow,IM,Eray Kilic,TR,17 yo.,2459.0,,,2764,5,2984,2773,19,408,3145,2360,,
sanshiro,sanshiro,CM,Ramiro Cabrera Pando,AR,,2141.0,,,2381,-9,8986,2345,135,61,2570,2120,,
DemeterDorina,demeterdorina,WIM,Dorina Demeter,HU,https://www.twitch.tv/dorinademeter,2296.0,,,2429,53,1723,2379,246,89,2419,2305,,
NextAbracadabra,nextabracadabra,CM,,,,,,,2542,-1,2684,2437,-54,381,2826,1500,,
Wermeland,wermeland,FM,Erik Malmstig,SE,"Vice President and Board Member Swedish Chess Federation, 
President of Elite Committée Swedish Chess Federation
Played chess since 1986. Fide Master.",2201.0,,,2174,-63,6055,2352,-38,223,2333,1500,,
Sinquefield,sinquefield,FM,Alejandro Uzcategui Rodriguez,ES,"https://i.imgur.com/E8RGavv.jpeg
Fide ID:3903400
Nací y me crié en Venezuela. Maestro Fide, entrenador profesional de ajedrez. Mi jugador favorito es Capablanca. alejandrouzcategui16@gmail.com",2338.0,,,2618,10,2098,2171,27,30,2738,1690,,
rynos0411,rynos0411,NM,Ryan Hamley,US,,,2223.0,,2512,24,3480,2332,42,86,2708,1870,,
safahkarmoz,safahkarmoz,IM,Khaled Abdel Razik,EG,,2385.0,,,2715,81,6248,2553,9,95,2776,2300,,
AkibaRubi,akibarubi,FM,Алишер Бегмуратов,UZ,https://t.me/begmuratovalisher,2395.0,,,2617,29,2187,2475,-10,28,2928,1627,,
miljac,miljac,FM,,,,,,,2525,32,4042,2463,13,65,2731,1500,,
Nrufide,nrufide,FM,,NR,https://imgur.com/a/xKvVdn1,,,,1969,-73,20536,1841,44,1738,1893,1991,,
sstrb,sstrb,FM,,DE,,2300.0,,,2602,39,8533,1500,0,0,2744,1500,,
SPINidea,spinidea,FM,,,,,,,2498,-51,776,1604,0,1,2661,2158,,
GeNer4tion_KiLL,gener4tion_kill,FM,Kishiev Famil,RU,,,,,2564,18,1497,2578,-11,103,3002,2098,,
drop_stone,drop_stone,GM,David Paravyan,RU,,2653.0,1398.0,,2734,-14,2203,1500,0,0,3153,1500,,
AOrlovPetersburg,aorlovpetersburg,GM,Andrey Orlov,RU,,2500.0,,,2800,22,1009,1544,0,2,2800,1500,,
Tilicheev_Viacheslav,tilicheev_viacheslav,GM,Viacheslav Tilicheev,RS,"Where there is courage, there is happiness",2428.0,,,2778,110,1235,2498,5,77,2818,2404,,
ChessHeroes,chessheroes,NM,Cornelis Klaver,ZA,"NM FI Cornelis Klaver
Chess coach especially for younger age groups (4+)
Coaching experience for more than 25 years.
ChessHeroes Academy.",2072.0,,,2236,-10,1316,1867,0,8,2396,1500,,
milacek,milacek,GM,,,,,,,2765,14,1697,1500,0,0,2952,1500,,
Veleamater,veleamater,FM,,RS,,2352.0,,,2171,-38,1613,2429,0,6,2275,1500,,
Federicov93,federicov93,GM,Federico Perez Ponsa,AR,"Grandmaster since 2011. Available for lessons or training games, in Spanish or English. Feel free to contact me at fperezponsa@gmail.com
2021 Argentinian Champion. 

Peak rating: 2594",2542.0,,,2809,-91,609,2760,16,32,3113,1748,,
GerSanto,gersanto,NM,Gerardo Santopietro,AR,,2078.0,,,2388,-18,3210,2324,-16,752,2560,1913,,
Grinch1307,grinch1307,FM,,RU,,2300.0,,,2380,9,367,1986,-133,15,2658,1500,,
sutcunuri,sutcunuri,FM,,TR,,,,,2593,1,17709,2625,-16,449,2907,1751,,
PandaMala,pandamala,FM,,PL,,,,,2295,-29,1876,2589,-20,301,2736,1500,,
Goozack,goozack,NM,Ben Amrany,US,Bullet tilt,,2175.0,,2229,12,2048,2181,17,1041,2441,2137,,
LittleOyster,littleoyster,IM,"Wang,Hao(Zj)",CN,https://ratings.fide.com/profile/8631859,2435.0,,,2674,-9,665,2632,142,78,2973,1500,,
Bubacik,bubacik,GM,Christopher Repka,SK,"From a little lovely town on a hills of Slovakia emerged a Bubak. At the age of 9 I played my first tournament, did not win it and realized that I want to win. Ever since, I became a chessplayer. Currently I am a proud member of the Mizzou chess team in Columbia Missouri.",,,,2540,-32,5127,2589,173,47,2844,1500,,
PetrKostenko,petrkostenko,GM,Петр Костенко,KZ,"Международный гроссмейстер, 4-х кратный чемпион Казахстана",2333.0,,,2681,9,5997,2591,12,132,2466,1500,,
Alenzer,alenzer,WFM,Alena Nikulina,,,,,,2086,-21,2586,2030,-11,194,2188,1864,,
Skliarov_Viktor,skliarov_viktor,IM,Viktor Skliarov,UA,"My name is Viktor Skliarov! Ukrainian chess streamer https://www.twitch.tv/im_skliarov

I work as a teacher of physics and mathematics, as well as a chess coach.

If you have any suggestions for participating in round-robin tournaments with the GM and IM standards fulfilled - also write, I will consider your proposals. Looking for teams(leagues) and tournaments around the world too.",2386.0,,,2615,-1,929,2303,0,9,2871,1500,,
afgano45,afgano45,GM,BurgerKing,,,2506.0,,,2557,-17,4641,1965,97,195,2755,1507,,
Paulobac,paulobac,WFM,,MX,"I retired for 10 years, trying to get back in the game professionally! :)

Chess Trainer with 15+ years experience. 
If I don't accept a challenge, I am most likely teaching.

https://www.instagram.com/paulinachess
https://www.twitch.tv/paulinachess",1906.0,1932.0,,1975,77,733,1998,-42,187,1656,2242,,
nietsretkyNrD2900,nietsretkynrd2900,NM,,US,Chess? Never heard of it,,,,2427,-59,159,2433,223,31,2715,2075,,
Alejandropacheco29,alejandropacheco29,CM,,VE,,2127.0,,,2429,-19,13915,2062,0,5,2583,1500,,
lefonghua,lefonghua,FM,Lefong Hua,CA,Professional Chess Coach & Twitch Partner,,,,2615,27,1818,2728,6,699,2809,1500,,
ElGranFreezer03,elgranfreezer03,FM,Ramon Gonzalez Parejo,CO,"Costeño alegre amante de todo !
Maestro Fide 
Entrenador Nacional.
Contador Publico
https://ratings.fide.com/profile/4430050",2330.0,,,2444,-4,10311,2387,161,27,2635,1702,,
isainz,isainz,NM,ignacio sainz aguirre,MX,,1931.0,2090.0,,2014,-28,2921,2376,85,47,1906,2186,,
Kozok,kozok,FM,Kamil,PL,https://i.imgur.com/boLuESj.gif,2276.0,,,2270,14,151,2045,0,6,2513,1500,,
TheCableBox,thecablebox,FM,,,,,,,2693,10,13569,2641,28,692,2658,2379,,
Robsky13,robsky13,CM,,DK,,,,,2007,28,2232,2068,1,1366,2204,2000,,
EmotiChess,emotichess,IM,,,,,,,1994,-322,594,1356,-50,75,2305,1500,,
neri_gaite,neri_gaite,WFM,,,,,,,2201,-3,5643,2283,35,213,2519,1896,,
Ernesto_Inarkiev,ernesto_inarkiev,GM,Эрнесто Инаркиев,RU,"Гроссмейстер, чемпион Европы 2016 г.

Приглашаю на занятия ко мне в Шахматную Академию Гроссмейстера Инаркиева ""ШАГИ CHESS""

Сам тренирую и курирую работу всех тренеров.
Занятия проходят онлайн на собственной платформе.

Подбробности: https://shagichess.ru/",2661.0,,,2734,44,112,2250,-98,126,2725,1500,,
gravereaper,gravereaper,GM,Christopher Noe,DE,https://imgur.com/6eOCqzW,2516.0,,,2645,-7,3283,2790,18,261,2903,2526,,
champion64,champion64,WGM,Margarita Voyska,BG,"I am a Woman Grand Master and certified FIDE Trainer from Bulgaria. I can help you to understand chess deeper and improve your skills. 
You can also contact me on my email: voyska.m@gmail.com",,,,2370,26,1611,2186,-82,60,2334,1500,,
PayTheBill,paythebill,NM,,BR,An opponent who never gives up is a unique opportunity to train bishop and knight checkmate.,,,,2301,-10,5670,2405,50,13,2452,1500,,
anilamejor,anilamejor,WIM,,AR,,,,,2226,-140,1811,1868,24,390,2425,1683,,
Skakthor,skakthor,IM,Thorbjørn Bromann,DK,,,,,2467,-34,4232,2617,97,340,2661,1500,,
CFN_Fatality,cfn_fatality,WFM,,RU,,,,,2422,-18,2625,2305,0,2,2509,1500,,
The_reverse_flash,the_reverse_flash,CM,V,MX,"Mi sueño? 
Conocer a alguien mejor que yo...
https://imgur.com/KayWy59",,,,2603,16,8725,2402,16,599,2903,2181,,
Zubrrr,zubrrr,IM,Artyom Zubritskiy,RU,,2465.0,,,2730,1,14121,2605,-48,365,2931,2366,,
Jaques,jaques,CM,Dr. Jens Nebel,DE,I am DerKnipser on chess.com. I used to be Jaques on chess.net (back in the day...).,2212.0,2380.0,,2416,-39,10137,2449,17,74,2604,2244,,
PrDrProper,prdrproper,NM,A SS,KG,Champick,1996.0,,,2253,11,1290,2521,86,45,2635,1976,,
aganqu,aganqu,FM,Adhy Margana,ID,Blitz only games!!,2236.0,,,2305,-76,2371,2507,134,18,2234,1500,,
Chewbacca18,chewbacca18,GM,,,,,,,2744,3,2501,2903,53,83,2920,1818,,
DmitryK1,dmitryk1,FM,Дмитрий Коненкин,RU,"Мастер ФИДЕ, тренер высшей категории, судья всероссийской категории по шахматам, стример.
Вступайте в клуб ШШК ""Зарайская ладья"": https://lichess.org/team/EAtFBeZ8.
Присоединяйтесь в мою группу ВК: https://vk.com/public222112952
Трансляция турниров с моим участием:  https://www.youtube.com/channel/UCV5dX_eM1NJpMAAxU5AiaCQ
https://www.twitch.tv/chesshearth",2267.0,,,2334,-3,15568,2367,0,598,2577,2177,,
filmer75,filmer75,FM,,,,,,,2541,-36,10560,919,0,1,2869,1500,,
BabyKu,babyku,FM,Kush Bhagat,IN,,2288.0,,,2451,81,696,2515,30,26,2799,1884,,
Gannikus21,gannikus21,GM,Nikita Matinian,_earth,,,,,2602,89,4626,2548,12,70,2771,1923,,
Niccless,niccless,IM,,CZ,,,,,2576,24,1132,2463,22,140,2763,2150,,
grobdeg,grobdeg,FM,,,,,,,2552,36,673,2466,44,25,2562,1500,,
ChessyClub,chessyclub,WNM,Lejean-Anusca Madalina-Maria,RO,"I am here for chess and fun with variants. 

Former National Champion, European Champion with the team at Rapid Chess and 2nd place at European Blitz (u18).
Teaching chess since 2010. 

discord https://discord.gg/fqdfDUeaTv
twitch: https://www.twitch.tv/ChessyClubTV
team: lichess.org/team/nm-madalina-marias-twitch-team

See you later!",2013.0,,,2141,-3,470,2029,-72,88,2508,1949,,
NIKSH1266,niksh1266,FM,,,,,,,2421,-49,709,1500,0,0,2769,1500,,
MilanZajic,milanzajic,GM,Milan Zajić,RS,"My name is Milan Zajić and I'm 24 years old. I'm grandmaster from Serbia. My highest FIDE rating is 2517. My highest FIDE rapid rating is 2565. I took silver medal on World Youth chess championship under 15 years old in Al Ain (UAE) 2013, and I took silver medal on European team Chess championship under 19 years in Poland 2017. If you are looking for the perfect coach, you are in the right place!",2453.0,,2734.0,2765,-24,209,1500,0,0,2733,1500,,
Pabmar70,pabmar70,FM,,,,,,,2380,7,6043,2351,30,73,2405,1667,,
sture1234,sture1234,FM,William Olsson,SE,Örgryte SK,2400.0,,,2305,5,7997,2469,-40,2775,2353,1871,,
chaturangadasa,chaturangadasa,FM,,,,,,,2352,-52,2394,2120,0,2,2525,1500,,
Anchkaaaaa,anchkaaaaa,WFM,Anna Khachatryan,AM,,2131.0,,,2371,16,6275,2153,94,26,2612,1688,,
Leonid_Starozhilov,leonid_starozhilov,NM,Leonid Starozhilov,UA,"Мастер спорта Украины.
Основатель и тренер шахматной школы""Champion"" :
chesschampionschool.com
7-кратный чемпион Херсонской области по классическим шахматам.
Призер и победитель чемпионатов области по быстрым и блиц шахматам.",2285.0,2460.0,,2554,-12,4565,2400,18,39,2762,1500,,
Onlybrilliantmoves,onlybrilliantmoves,FM,,,,,,,2639,40,2227,2714,165,198,2967,1500,,
Johansson,johansson,CM,Carl Fredrik Johansson,SE,,2175.0,,,2276,31,15968,2376,-58,49,2139,1500,,
ViktorMMs,viktormms,GM,Viktor Matviishen,US,,2524.0,2572.0,,2778,96,798,2467,7,73,2643,1500,,
ambaixador,ambaixador,FM,Arash Akbarinia,ES,,,,,2460,51,1107,2311,7,18,2408,1500,,
Satsanga,satsanga,IM,Christian Toth,BR,,2354.0,,,2301,22,22202,1672,-97,13,2421,1500,,
SuttnaMike,suttnamike,FM,Arthur Kruckenhauser,AT,,2343.0,,,2350,-57,1013,2246,-132,21,2718,1337,,
Arsen2002,arsen2002,FM,,,,,,,2366,-35,2614,2087,79,340,2600,1720,,
garnek123,garnek123,FM,,PL,,2300.0,,,2589,-34,6536,2530,-60,361,2782,2265,,
ChuckPhil,chuckphil,CM,The Sunshine,DE,FM in my heart,2210.0,,,2463,55,9516,2440,53,583,2562,2451,,
Teentra,teentra,CM,Francisco Restu,AR,https:// i.imgur.com/pofnD9b.jpg,2042.0,,,2202,21,1717,2253,-17,175,2063,2307,,
Fumitoks,fumitoks,NM,,_earth,"https://www.twitch.tv/fumitoks_

dscrd.me/housechessvariants

player45780724",,,,2467,14,3332,1500,0,0,2754,1500,,
ansko1999,ansko1999,CM,,NO,,2244.0,,,2600,32,118,2564,0,6,3006,1500,,
santyaga2020,santyaga2020,FM,Віктор,UA,Майстер ФІДЕ          FM,2307.0,,,2523,20,11192,1500,0,0,2681,1500,,
PatriciaHdez,patriciahdez,FM,PatriciaHdez,CU,,,,,2161,-32,1351,2231,-101,100,2251,1500,,
itakitsu,itakitsu,NM,,_earth,,,,,2407,-80,4805,2561,-34,14,2714,1500,,
Bryakin_Mikhail,bryakin_mikhail,GM,Mikhail Bryakin,RS,"Hi everyone! 
I'm GM Mikhail Bryakin, ELO 2476, professional chess coach more than 10 years.
✔ Captain and coach of the South Africa men's Olympiad team. 
✔ Working as a second with a top-GMs.
✔ Huge experience of working with beginners and advanced chess players. 
I speak Russian, Serbian and English fluently and conduct classes in these languages. Feel free to contact me.",2476.0,,,2815,52,1747,2770,80,62,2938,2188,,
F-Ghaith2021,f-ghaith2021,CM,,MA,,,,,2452,9,829,2536,-2,161,2606,1500,,
Feokl1995,feokl1995,GM,Vladimir Fedoseev,PA,"Russian Grandmaster, born in St. Petersburgh 16.02.1995 achieved GM title at the age of 16 ( 2011) Best results - 2 place Riyadh World Rapid Championship 2017, Fisher Random Championship quaterfinal (2019) lost to Wesley So, World Cup 2017 Quaterfinal, Russian Championship 2020 bronze medalist. Wining a lot of team events including ECC and Russian Superleague with a BronzeHorseman.",2685.0,,,2976,-83,2030,2479,120,49,3016,1500,,
Cristi_Coca,cristi_coca,FM,Cristi-Iulian Coca,RO,,2271.0,,,2186,-89,105,1500,0,0,2354,1500,,
ChessCoach-UEG,chesscoach-ueg,IM,Umut Erdem Gündüz,TR,Özel ders için mesaj atabilirsiniz,,,,2511,-100,205,2236,25,29,2906,1500,,
vladoboch,vladoboch,IM,,SK,,,,,2358,14,1238,2317,20,389,2586,2103,,
pesotskiymikhail,pesotskiymikhail,FM,Pesotskiy Mikhail,RU,,2217.0,,,2369,-67,5082,1966,-131,60,2657,2099,,
YADEESHA,yadeesha,CM,Yadeesha Rashmane Dissanayaka,LK,,1516.0,,,1850,-150,2829,2117,49,336,2241,1500,,
Gadhavi_Veerbhadra,gadhavi_veerbhadra,CM,Gadhavi Veerbhadrasinh,IN,https://lichess.org/study/GH7LFYKA,2077.0,,,2348,-4,512,2211,123,83,2552,2128,,
DoktorIce,doktorice,NM,,_united-nations,,,,,2276,-57,1145,2248,68,36,2521,1500,,
petrover,petrover,FM,Petr Matyukov,RU,,2315.0,,,2698,-13,6774,1500,0,0,2569,1500,,
turboblindsmurf,turboblindsmurf,CM,,,,,,,2197,-18,160,1730,0,1,2449,1500,,
TalsApprentice,talsapprentice,IM,,,,,,,2463,17,1281,2384,-97,46,2384,1500,,
ElbekAlikulov,elbekalikulov,IM,Elbek Alikulov,UZ,,,,,2423,-30,321,1305,0,6,2573,1500,,
Trankuilizer,trankuilizer,GM,Levente Vajda,RO,https://www.twitch.tv/gm_trankuilizer,2534.0,,,2582,49,2069,2608,33,102,2521,1500,,
Mark-Bueno,mark-bueno,NM,Mark Bueno,AW,,,,,2268,-31,13074,2258,1,17,2434,1500,,
Culture_Echecs,culture_echecs,CM,,,,,,,2259,-20,506,2254,33,202,2160,2178,,
Mammuth,mammuth,IM,,HU,"A bit extinct, but rather distinct. Former college champ. Have fun!",,,,2556,41,991,1266,0,1,1836,1500,,
BenjaminBokTwitch,benjaminboktwitch,GM,Benjamin Bok,NL,,2645.0,,,2749,-29,747,2467,16,36,2734,1500,,
chess-art-us,chess-art-us,GM,Артём Усков,HT,"Uskov Artem, 15 y.o.
World Chess Champion U12 2022 (Georgia).
GM (FIDE – 2504), Max Bullet - 3395
YT: www.youtube.com/channel/UChWxn2CARYHauL4QY9Sos3A
Donations: https://www.donationalerts.com/r/nemtsev_guru_rook
My club- https://lichess.org/team/artem-uskov-club
Tg-https://t.me/artemuschess",2516.0,,,2843,23,2277,2554,-52,43,3269,1500,,
dalmatinac101,dalmatinac101,GM,Ivan Saric,HR,"European Champion 2018.
ivansaricst@yahoo.com",2695.0,,,2910,56,4893,1500,0,0,2934,1500,,
malakismayil,malakismayil,WFM,Malak Ismayıl,AZ,fide id: 13412604,,,,2423,-15,2735,1999,-147,33,2762,1715,,
Teho120,teho120,NM,Samuel He,US,,2161.0,2269.0,,2613,9,268,2028,0,1,2671,1500,,
Mlchael,mlchael,IM,Mykola Bortnyk,US,"https://www.chess.com/member/mykola-bortnyk
https://www.twitch.tv/mykolachess",,,,2837,-18,1464,1743,0,1,3137,1500,,
Mr65Mr65,mr65mr65,FM,,,,,,,2331,40,1385,1500,0,0,2328,1500,,
Aminmolaei,aminmolaei,IM,Mohammadamin Molaei,IR,"Welcome to my page, my name is Mohammadamin Molaei, International Chess Master(IM) and Fide Trainer(FT), my Fide Rating is 2325. Classes are available!",2325.0,,,2623,-27,6502,2431,-63,36,2732,1441,,
usei16caracteres,usei16caracteres,NM,,BR,,,,,2235,8,2854,2322,-14,138,2491,1500,,
RussianTenor,russiantenor,FM,Dmitri Shevelev,US,,2250.0,,,2411,-21,916,2131,136,19,2649,1500,,
Manafov_Vugar,manafov_vugar,IM,,AZ,,,,,2604,-67,2639,2129,-28,28,2970,1357,,
RookPunisher,rookpunisher,FM,,AQ,,2435.0,,,2751,9,118,1500,0,0,2727,1500,,
mac0504,mac0504,IM,Maciej Czopor,PL,,2463.0,,,2607,7,3872,2710,91,150,2850,1811,,
WuNDERKIND_08,wunderkind_08,FM,,UZ,,,,,2350,60,658,2271,-184,47,2705,1500,,
YEIKOCASTELLA,yeikocastella,FM,FAUSTO CASTELLA GARCIA,ES,,2341.0,,,2230,-60,16629,1248,0,1,2412,1500,,
otrov11,otrov11,CM,José Antonio García de Dios,MX,,2316.0,,,2513,-21,5891,2570,15,124,2803,1432,,
Alexey_Ustinov,alexey_ustinov,FM,Alexey Ustinov,RU,"Мастер ФИДЕ, тренер уже более 16 лет. 
Насчёт индивидуальных занятий писать в личные сообщения. 

Чемпион Москвы, 4-хкратный победитель Чемпионатов Москвы в составе команды Перово-1,  Серебряный призёр в командном чемпионате России в составе команды Перово-1, Победитель Vladimir OPEN, Победитель мемориала Иванова, многократный призёр чемпионатов Москвы по блицу и рапиду. 
Всего доброго!",2309.0,,,2455,-19,1482,2676,64,106,2674,1500,,
fenil_shah95,fenil_shah95,IM,Fenil Shah,US,"Hello, I'm an International Master based out in Austin, Texas. I'm also a professional coach and have trained many students past 4 years. If you're interested you can contact me on: fenilchess@gmail.com",2412.0,2452.0,,2349,-4,80,1719,0,1,2744,1500,,
gamura1,gamura1,FM,,,GM,,,,2607,33,108,1516,0,11,2958,1500,,
Gica505,gica505,CM,Dragomir Vreljanski,RS,,,,,2182,-3,5976,2317,-20,800,1958,2413,,
jjosujjosu,jjosujjosu,GM,Joshua Sheng,US,"I like chess.

GM and FIDE trainer.",2487.0,2572.0,,2826,-37,1370,2415,-43,15,3099,1500,,
podliza1,podliza1,WCM,,,,,,,2340,73,317,2122,22,929,2531,1965,,
Amois,amois,FM,Julio Espinosa,CO,,2223.0,,,2212,-21,5726,1286,0,4,1679,1500,,
r31415,r31415,NM,,,,,,,2359,-158,634,1781,0,2,2086,1500,,
chesshoudini,chesshoudini,NM,,US,,,,,2507,24,2446,2219,2,97,2523,2227,,
BKuDa1,bkuda1,FM,Ivan Maxmillian Putra,ID,,,,,2477,-31,1857,2357,4,12,2643,1500,,
leopslr,leopslr,FM,,CN,,2346.0,,,2612,-7,5299,2523,-10,427,2487,2044,,
kasparov57349,kasparov57349,NM,David Siamon,US,,2000.0,2200.0,,2308,-8,2026,2369,-96,414,2415,2197,,
player2005,player2005,FM,Bondar Dmytro,UA,,2329.0,,,2236,-65,822,2077,-113,54,2338,2110,,
Offtherecord,offtherecord,CM,Carlos Alvarado,PE,,,,,2378,-3,19782,2322,36,45,2613,1726,,
Semetei,semetei,IM,Semetey Tologontegin,KG,,2358.0,,,2423,-20,2411,2486,83,124,2684,2096,,
iniyak_baisut,iniyak_baisut,NM,,_earth,Ori no kw:),2325.0,,,2661,87,368,2217,0,3,2831,1500,,
Catherine_Kaslan,catherine_kaslan,WFM,Catherine Kaslan,SR,"Psalm 91:11 For He will put his angels in charge of you, to guard you in all your ways.",1900.0,,,2100,35,1126,2100,131,65,2107,1725,,
AylorSnow,aylorsnow,GM,Gleb Dudin,HU,,,,,2647,-33,1917,2665,15,55,2984,1824,,
alex48702,alex48702,FM,Alexander Rudakov,RU,,,,,2042,-55,807,1500,0,0,2253,1500,,
Karttunen,karttunen,IM,Mika Karttunen,FI,"I am a chess teacher and coach, IM (peak elo 2497; 2499,2 during tournament). I have won most Finnish Championships in history of chess (21 individual + 25 team = 46 total). Follow my streams on Twitch: https://www.twitch.tv/shakkilinna
and my YouTube Channel: https://www.youtube.com/channel/UCQebUVNmlXQ-P9nOxj5KFTw
English/Finnish Content, Educational Content.",2490.0,,,2679,12,6387,1978,0,1,2697,1500,,
batuhannozen,batuhannozen,CM,,,,,,,2361,-11,4426,2585,53,100,2484,1500,,
hadesin,hadesin,FM,Adán Ríos Escobar,CL,PUPT7RRX,2276.0,,,2359,-68,10466,2103,-144,92,2510,1788,,
Franmu14,franmu14,FM,Francisco Javier Muñoz,ES,,2389.0,,,2643,44,1247,2256,0,1,2748,1500,,
Goldfinger007,goldfinger007,NM,,,,,,,2217,-17,20713,2422,-11,654,2309,1734,,
matej221,matej221,FM,Matej Blažeka,HR,,2385.0,,,2381,-63,535,1514,0,8,2702,1964,,
steva23,steva23,FM,Stevan Jovic,_earth,"Won few tournaments .... 

subscribe on :  https://www.youtube.com/channel/UCfkTllUxxhO-KIy1bVNhgwQ",2300.0,,,2282,17,24647,1957,47,149,2473,1988,,
Jaqueline142,jaqueline142,WCM,,MX,-e4,,,,2332,17,14069,2216,-58,417,2534,2164,,
Pogosian_Manvel,pogosian_manvel,FM,Manvel Pogosian,BY,,2396.0,,,2369,15,1206,1796,0,1,2275,1500,,
royalchesssamarkand,royalchesssamarkand,GM,,,,,,,2734,-30,270,1500,0,0,3088,1500,,
FrostWyrm,frostwyrm,GM,,,,,,,2770,8,304,1284,0,1,2900,1500,,
adabash,adabash,IM,,RU,"International master.
Провожу индивидуальные занятия по шахматам со всеми желающими любого уровня от начинающего до мастера. Опыт работы 15 лет.
Помогу поставить любой дебют, научу разыгрыванию позиций миттельшпиля, пополню Ваши знания об эндшпиле (правила разыгрывания эндшпилей при разных соотношениях фигур, теоретические позиции).",,,,2666,-1,2231,2535,29,120,2801,1500,,
EinarHjalti,einarhjalti,IM,Einar Hjalti Jensson,IS,,2349.0,,,2517,-38,2445,2525,8,74,2609,1500,,
chris_gl,chris_gl,FM,Chris Gl.,,,,,,2491,-7,2897,2410,-15,1096,2488,2340,,
ChesSniper2000,chessniper2000,FM,,,,,,,2372,25,2356,2339,-14,19,2405,1500,,
killerm3000,killerm3000,GM,Shreyas Royal,_earth,https://imgur.com/k6KLru8 This picture speaks for itself,2522.0,,,2721,5,3316,2547,16,328,2830,1820,,
nihilistiq,nihilistiq,NM,,US,,,,,2500,16,5880,1500,0,0,2427,1500,,
ZuchBolt,zuchbolt,FM,,,,,,,2306,-6,12318,2219,0,5,2208,1266,,
Arhia-alagemand,arhia-alagemand,CM,Arshia alaghemand,,,,,,2658,4,1794,2496,322,168,3057,2331,,
Abelquin,abelquin,FM,Tomáš Vaněk,CZ,,2122.0,,,2316,9,5131,2274,26,1042,2098,1942,,
Johnking,johnking,GM,Harshit Raja,IN,"69th Chess Grandmaster of India.
For coaching inquiries contact at harshitraja.work@gmail.com",,,,2755,129,924,2372,98,55,2935,1500,,
Genarovsky,genarovsky,NM,Genaro Javier Alvidrez Aguirre,MX,"Maestro Nacional en 2002
Entrenador de Ajedrez
Máximo Rating FIDE 2178",1942.0,,,2216,-22,13765,2302,16,262,2402,1966,,
Baagandedaniel,baagandedaniel,CM,Baagande Daniel,,,,,,1965,-17,981,2175,9,12,2070,1500,,
Tottenham-Hotspur,tottenham-hotspur,FM,,,,,,,2553,-6,1659,2548,0,10,2800,1500,,
variantplayer123,variantplayer123,FM,,,"Message me for coaching and training games
FIDE Peak Live Rating: 2402",,,,2426,-41,243,2358,0,11,2684,1500,,
lorci49,lorci49,IM,Laura Unuk,SI,"Twitch streamer & partner: https://www.twitch.tv/checkitas
Youtube: https://www.youtube.com/channel/UCtCp8VNTqjhLr6pHZCmoB-w",2320.0,,,2444,-40,2208,1895,0,5,2509,1500,,
Ginzburg_Yakov,ginzburg_yakov,FM,Yakov Ginzburg,_earth,"Chess is my favourite hobby. I like it being strategic and tactical, accessible for all people, thrilling and logical - all at once!",2405.0,,,2382,-19,14044,1500,0,0,2566,1500,,
ViniciusRego,viniciusrego,FM,Vinicius Rego,BR,"I am teacher. I love to play Chess! I love Dragon! I am FM, my best Fide was 2321 Standart. I like many players, Carlsen, Kasparov, Alekine, Radjabov, Mamedyarov, Kraminik....",2240.0,,,2395,0,8929,2145,-183,97,2562,2076,,
CrazySage,crazysage,GM,Daniil Yuffa,ES,Just a chess lover,2603.0,,,2765,-9,4484,1500,0,0,3071,1500,,
lezgo,lezgo,IM,Josiah Stearman,US,I am a Chess Coach and one of the top junior players in the US. I look forward to meeting you!,2467.0,2560.0,,2535,4,269,2595,-56,65,2772,1500,,
VladimirSakun,vladimirsakun,FM,Володимир Сакун,UA,"Майстер ФІДЕ, майстер спорту України з шахів. Чемпіон бліц-марфону у Києві 2023. Чемпіон Гран-прі Anfield Cup у Києві 2023 у рапід. Переможець меморіалу Шелеста у класику Миколаїв 2023 року. 3-разовий клубний чемпіон України.",2385.0,,,2752,-6,2079,2330,193,18,2893,2240,,
mikerahal,mikerahal,IM,,,,,,,2400,39,1042,2415,-4,63,2501,2081,,
polomarco,polomarco,GM,Samy Shoker,EG,I am a French/Egyptian GM playing for Egypt National Team.,2504.0,,,2640,66,630,2389,74,35,2718,1500,,
GHANE2020,ghane2020,GM,SHOJAAT GHANE,TR,GHANE SHOJAAT INTERNATIONAL CHESS GRANDMASTER,,,,2492,-18,7919,2458,-7,139,2111,1647,,
Tiramisuuti,tiramisuuti,IM,,,,,,,2614,-14,775,1500,0,0,2540,1500,,
Tschess05,tschess05,IM,,RU,,,,,2754,7,2339,1500,0,0,2999,1500,,
mamontoboy,mamontoboy,WCM,,,,,,,2465,-4,693,1500,0,0,2404,1500,,
GIRINATHP76,girinathp76,IM,Girinath P.D.S,IN,,2335.0,,,2252,-50,3972,2501,25,2572,2359,2082,,
purepecha1,purepecha1,FM,,MX,,,,,2331,13,21615,2341,32,152,1895,2102,,
MikeGScarn,mikegscarn,GM,,,,,,,2845,-4,5030,2099,0,4,2870,1500,,
Eyesless18,eyesless18,GM,,,,,,,2676,-27,2895,1500,0,0,3204,1500,,
Quarantinemachine,quarantinemachine,FM,,GB-ENG,,,,,2518,6,2591,2246,0,71,2752,1924,,
LockdownchessTwitch,lockdownchesstwitch,GM,,DE,"https://imgur.com/WOtBlP9
www.twitch.tv/lockdownchess
Account von GM Luis Engel und FM Felix Meißner für Turniere im Team Lockdownchess.
Wir freuen uns über jeden neuen Mitspieler: https://lichess.org/team/lockdownchess",,,,2385,2,287,1500,0,0,2502,1500,,
Goranor,goranor,IM,,CZ,,,,,2369,-2,5333,1500,0,0,2387,1500,,
Heineccius,heineccius,FM,Alessandro Manzone Barranco,AR,"I am a chess player and coach from Argentina. Follow my youtube channel for commentated games, instructional videos, and more!

https://www.youtube.com/@FMAleManzone",2395.0,,,2644,-20,4460,2544,106,61,2732,2297,,
Mahan_83,mahan_83,FM,Mahan Ramezani,IR,,,,,2466,-47,4468,2485,183,86,2857,2200,,
aisa86,aisa86,IM,Gulnar Mammadova,AZ,,2342.0,,,2621,32,3151,2197,-206,26,2749,1187,,
Chesssplayerr8,chesssplayerr8,CM,,AZ,"please subscribe
https://www.youtube.com/channel/UCoVmZJhOkDvXuYo4EO3EC_g/live",,,,2336,-11,421,1500,0,0,2628,1500,,
gerasimenyuk,gerasimenyuk,FM,Mikhail Gerasimenyuk,UA,"FIDE Trainer (Porto Carras, Greece)
https://ratings.fide.com/card.phtml?event=14111845
 
My students were Champions and prize-winners of the championship of Ukraine, Israel and European Championship
I offer private lessons online using Skype (Ukrainian, Russian, English).
 ",2400.0,,,2359,-1,2617,2319,10,103,2606,1500,,
Mbneu,mbneu,FM,,DE,,2270.0,,,2461,63,78,1500,0,0,2267,1500,,
mlatb,mlatb,WGM,Tijana Mandura,RS,"Feel free to send me a challenge for training games on BoltChess (https://boltchess.com/)

https://i.imgur.com/R0GzI3B.jpg",2338.0,,,2537,-31,2128,2487,181,34,2466,2201,,
Bgah,bgah,FM,,IR,PC player                                                                                                              https://lichess.org/team/bgah--friends   https://i.imgur.com/TAuBCko.jpg.             £baghouse attention at home!√,1401.0,,,2653,14,1030,2669,133,80,3085,1500,,
artem64,artem64,IM,,RU,,,,,2768,-15,3368,2309,144,49,3002,1500,,
MagicSchlumpf,magicschlumpf,CM,,,,,,,2380,-39,799,1672,0,2,2410,1500,,
vrekhson,vrekhson,NM,,,,,,,2264,-27,7978,2203,-8,1333,2405,1907,,
GreterCR06,gretercr06,WFM,Greter Caballero Ramos,CU,"https://lichess.org/coach/GreterCR06
Clases en buen precio escriban para más información",2133.0,,,2336,16,9996,2453,-6,1597,2571,1996,,
TheBullyBoy,thebullyboy,IM,,,,,,,2577,66,624,1500,0,0,2821,1500,,
sergiochess8383,sergiochess8383,GM,Sergey Grigoriants,HU,"My name is Sergey Grigoriants. I am a Russian Grandmaster. My rating is 2542. I have been playing chess for 25 years. I won the World Youth and European Youth Championship (in 1997 and 1999, U14 and U16).

I teach chess for 15 years and I love doing it. I am very enthusiastic and I am looking for students who are as dedicated as I am. I have pupils almost all the levels from beginners to advanced players.",2546.0,,,1500,0,0,1500,0,0,2842,2421,,
blobica,blobica,IM,Jovan Radlovacki,RS,,2329.0,,,2532,40,3912,2457,-30,66,2476,1500,,
Bakayoyo,bakayoyo,GM,,,,,,,2717,17,14586,2017,0,2,2956,1500,,
deterring,deterring,NM,,,,,,,2467,-10,112,1952,0,2,2726,1500,,
Dr-BassemAmin,dr-bassemamin,GM,Bassem Amin,EG,"Egyptian Grand Master Bassem Amin  5 times African Chess Champion ,
Graduated from faculty of Medicine Tanta University 2012.. 
",2700.0,,,2587,95,1854,2525,63,29,2795,1500,,
dhoine98,dhoine98,GM,Сергей Юдин,RU,"Chess coach https://lichess.org/coach/dhoine98
do not invite me to the teams, do not waste your and my time",2497.0,,,2817,-1,653,1885,0,8,2861,1500,,
CranberryCheese,cranberrycheese,CM,Sebastian Schnell,PA,,2108.0,,,2225,-6,11512,2246,-53,730,2588,2095,,
Nyxnyxnyxnyxnyx,nyxnyxnyxnyxnyx,IM,Jan Emmanuel Garcia,PH,Hello everyone! My name is Jem and I'm an International Master since 2011 and Chess Coach since 2016. Good Luck to all of you and God Bless!,2420.0,,,2595,-24,1514,2588,13,93,2904,1500,,
XadrezLogico,xadrezlogico,NM,Antonio Micaias Silva de Sousa,BR,"Chess is everything: art, science, sport...
ID FIDE: 22798528",2050.0,,,2322,43,4789,2336,15,287,2325,2058,,
hongnhung2101,hongnhung2101,WCM,,,,,,,2440,-3,1039,1702,0,5,2583,1500,,
murashkoVL1953,murashkovl1953,IM,,,,,,,2179,8,3772,2099,0,8,2136,2181,,
OjaiJoao,ojaijoao,FM,Alex King,US,"I became a FIDE Master in June 2022 at the age of 33, ten years after earning the National Master title in 2012. I'm a three-time Tennessee State Champion (2016, 2017, 2022) and three-time Memphis City Champion (2018, 2019, 2021). I teach individual and group online lessons - check out my coach profile at https://lichess.org/coach/OjaiJoao for more information.",2302.0,2404.0,,2536,-1,7413,2655,2,6115,2706,2452,,
Jomajo,jomajo,IM,Mindaugas Beinoras,LT,"i have beat couple grandmasters back in a day :) have played couple olympiads for my country.

I give chess lessons to every level. 


Chess is like basketball/football team work, if your pieces/players works together you have a chance. 20euros/hour",2347.0,,,2635,-7,13588,1500,0,1,2614,1500,,
dama2019,dama2019,WFM,,SV,,,,,1728,34,1360,1754,-118,22,1741,1742,,
ledinavelosipede,ledinavelosipede,GM,Daniel Fridman,DE,,2615.0,2651.0,,2610,6,5707,1508,0,2,2810,2336,,
ARTSIN,artsin,FM,Artsiom Siniauski,,,2275.0,,,2666,20,2552,2070,-132,12,2754,2074,,
Tayka,tayka,GM,Vadim Moiseenko,RU,I love chess very much:)  Also I am a programmer.,2567.0,,,2640,-32,6336,1670,0,9,2974,2194,,
Keeper0416,keeper0416,FM,,MN,,2335.0,,,2500,-83,1096,1989,-213,15,2739,1682,,
DrBendeguz,drbendeguz,CM,,HU,,,,,1963,24,4284,2139,46,279,1906,1500,,
Microwaver,microwaver,GM,Alexandr Fier,BR,"Brazilian Champion (2005,2017,2019, 2022)

Avaliable for lessons.",2606.0,,,2815,4,1344,2316,140,13,2735,1738,,
iazz1,iazz1,FM,,KG,,,,,2500,-25,44,1500,0,0,2906,1500,,
Moksh16,moksh16,IM,Moksh Doshi,IN,,2405.0,,,2644,47,474,1500,0,0,2924,1500,,
bluejay1897,bluejay1897,FM,Alexei Tapia,PA,,2243.0,,,2601,44,2399,2429,214,24,2623,2029,,
ficorrales,ficorrales,GM,Fidel Corrales,US,"Hello everyone, I am GM Fidel Corrales. Currently living in San Francisco, CA!  I have been coaching chess for a long time and my specialty is getting players from 1200-1600s and bring them to the 1800s and up. If you are interested in improving your chess please leave a message at: gmfidelcorrales@gmail.com

online lessons: 200/h   packages: $150/h for 10 OR $175/h for 5",2574.0,2674.0,,2632,-22,1476,1639,0,9,2931,1500,,True
zmeeed,zmeeed,IM,Boris Abrashkin,RU,Даю уроки по шахматам-онлайн-первая консультация бесплатно,2407.0,,,2515,-3,13158,1500,0,0,2699,1325,,
Ubiyca,ubiyca,FM,,,,,,,2583,-6,398,1918,0,3,2802,1986,,
legendchamp,legendchamp,CM,,,,,,,2420,3,1017,2331,-21,86,2604,2345,,
MasterChessDojo,masterchessdojo,NM,John MacArthur,IS,"Coaching since 1984, National Master & FIDE Trainer
Hosting Daily Dojo Events, M-F 
& Join: https://lichess.org/team/master-chess-dojo
Rapid Events Weekends
Subscribe!
YT: https://www.youtube.com/c/MasterChessDojo
Follow! 
Twitch: https://www.twitch.tv/masterchessdojo
Kick: https://kick.com/masterchessdojo

Notable player birthdays calendar link: https://masterchessdojo.tiny.us/Calendar",,,,2058,3,9841,1984,0,3852,1979,1998,,
dmitry-lavrik,dmitry-lavrik,IM,Dmitry Lavrik,RU,,2425.0,,,2684,60,6268,2715,5,70,2900,1500,,
FlinkerFreddy,flinkerfreddy,FM,,,,,,,2607,26,20903,1500,0,0,2501,1500,,
Diaschess88,diaschess88,FM,,NO,Мастер Фиде,2246.0,,,2422,24,529,2158,-170,17,2526,1500,,
AdamCollins,adamcollins,CM,Adam Collins,IE,,2300.0,,,2461,17,4426,2416,-4,547,2609,2331,,
khamzinolzhas,khamzinolzhas,FM,Olzhas Khamzin,KZ,,2301.0,,,2433,-40,359,2294,0,5,2491,1500,,
Gagarinec,gagarinec,IM,Alexander Zabotin,RU,,2486.0,,,2634,-27,4698,2343,52,16,2666,1500,,
NIndja64,nindja64,GM,Aleksandar Indjic,RS,,,,,2860,4,4226,2338,0,11,2869,1500,,
chessninja48,chessninja48,NM,,US,,,,,2513,-56,1213,2476,69,58,2777,1500,,
MunichFM,munichfm,FM,Leonhard,DE,,2280.0,,,2273,-36,153,1500,0,0,2126,1500,,
abraadan,abraadan,CM,Rafał Buraczewski,MG,,2149.0,,,2172,-35,405,2080,251,36,2446,1500,,
jlandaw,jlandaw,FM,,,,,,,2522,-38,414,2080,0,3,2616,1500,,
BlackBoarder,blackboarder,FM,Vasily Volovich,,,,,,2620,4,5886,2497,128,76,3036,2059,,
niksunstar,niksunstar,FM,Nikolay Yordanov,BG,I love to play aggressive chess!,2242.0,,,2366,-16,4670,1891,0,3,2535,1500,,
burning_phoenix,burning_phoenix,GM,,IN,,,,,2386,-75,203,1500,0,0,2740,1500,,
ilves_21,ilves_21,FM,,,,,,,2473,57,251,1946,0,6,2801,1500,,
Akki20,akki20,GM,Aksel Bu Kvaloy,NO,,2233.0,,,2532,39,1057,2192,48,133,2145,2222,,
AlexandreRN36,alexandrern36,NM,Alcides Azevedo,BR,"SOU MESTRE NACIONAL PELA CONFEDERAÇÃO BRASILEIRA DE XADREZ, PARTICIPO DE TORNEIOS DESDE A MINHA INFÂNCIA, CONHECI VÁRIOS LUGARES E VÁRIAS PESSOAS ATRAVÉS DO XADREZ, GOSTO DESTE ESPORTE COMPLEXO E FASCINANTE, NO MOMENTO ESTOU ABERTO A PATROCINADORES, E TAMBÉM PRETENDO CONTINUAR JOGANDO TORNEIOS INTERESSANTES!",2053.0,,,1943,41,6640,2128,-6,315,1802,2195,,
Careless_Subroto,careless_subroto,FM,,BD,,2304.0,,,2473,-10,2493,2500,120,39,2734,2278,,
Mattrm,mattrm,NM,,US,,,2176.0,,2100,1,2376,2102,4,60,2273,1483,,
Dom1nant1337,dom1nant1337,FM,,,,,,,2430,-2,1660,2207,0,1,2663,1500,,
bambi3000,bambi3000,WIM,Gergana Peycheva,BG,,,,,2416,30,556,2300,1,121,2557,1616,,
Mortred07,mortred07,FM,Asror Omonov,UZ,,2406.0,,,2585,-10,445,1500,0,0,2914,1500,,
SabKaDaddy,sabkadaddy,IM,Sab ka Daddy,US,,,2478.0,,2430,-101,45,1665,0,1,2629,1599,,
NB4,nb4,NM,,US,,,,,2600,-5,4271,1500,0,0,2689,1500,,
pjorge33,pjorge33,NM,PAULO JORGE ALVES B. DE MOURA,BR,"TÍTULO DE CANDIDATO A MESTRE FIDE 
TITULO DE MESTRE NACIONAL DO BRASIL
CAMPEÃO PERNAMBUCANO - CLUBE DE XADREZ EPISTOLAR BRASILEIRO -  CXEB 2000
RATING FIDE CLÁSSICO - 1881
RATING FIDE RÁPIDO - 2025 
CAMPEÃO GARANHUENSE  DE XADREZ  - CLUBE DE XADREZ DE GARANHUNS
TRICAMPEÃO GARANHUENSE DE XADREZ - ACADEMIA DE XADREZ BYRON VERAS",2002.0,,,1777,-13,9616,1932,21,1288,1832,1779,,
SerGo055,sergo055,FM,,RU,,,,,2490,-37,2863,2019,320,62,2704,1500,,
Lavidaloco,lavidaloco,CM,,,,,,,2313,-79,859,1500,0,0,2684,1500,,
borobudur70,borobudur70,GM,Susanto Megaranto Garcho,ID,Tembaklah dulu sebelum kuhancurkan semuanya,,,,2700,-18,3520,2623,899,21,2842,1500,,
HardSign,hardsign,GM,,,,,,,2599,84,198,2318,249,23,2651,1500,,
AndrewHoma,andrewhoma,GM,Andrey Drygalov,RU,"Ютуб канал-https://www.youtube.com/@DrygalovChess

Наш с братом клуб на Lichess- https://lichess.org/team/drygalovchess

Twitch: https://www.twitch.tv/drygalovchess

Тренер. Принимаю учеников",2475.0,,,2808,-6,1922,2711,50,108,3104,1500,,
HLeyva,hleyva,IM,Hector Leyva,,"Me gusta todo del ajedrez tanto el juego dinámico como estático, conozco la mayoría de las aperturas. 35 años de experiencia, he trabajado en Cuba, El Salvador, Guatemala, Panamá, Nicaragua Second del Gran Maestro Amador Rodríguez 1986 a 1988. Director de la revista Inforchess Magazine 2004 hasta 2018. Vicepresidente de la sociedad Mentes Ganadoras.
Maestro internacional, Trainer Fide.",2300.0,,,2374,-2,4933,2556,187,34,1800,1500,,
FreddieForgiato,freddieforgiato,NM,,,,,,,2308,-100,697,1500,0,0,2459,2314,,
ALPH40,alph40,FM,,,,,,,2490,3,2526,2248,18,24,2669,1500,,
FdoVzla1986,fdovzla1986,CM,Fernando Osorio,VE,Saludos.  Solo estoy disponible como profesor. Actualmente no estoy jugando torneos. Gracias.,2250.0,,,2371,-11,7909,2483,19,82,2372,1815,,
A_H_Kashefi,a_h_kashefi,FM,amirhosein kashefi,IR,https://i.imgur.com/7GXmvgR.jpg,2303.0,,,2406,10,12880,2741,7,400,2733,2703,,
TSMFTXH,tsmftxh,GM,,,,,,,2408,174,16,1500,0,0,3267,1500,,
StarLord_006,starlord_006,FM,,,,,,,2485,20,109,1500,0,0,2460,1500,,
Plaskett7,plaskett7,GM,James Plaskett,GB-ENG,"Today - a TROUBADOUR!! - https://soundcloud.com/user820687670
YESTERDAY, British Champion who 
defeated Short seven times, Anand twice, Larsen twice and Vaganian twice. Ranked in the World Top 100.
(I still give lessons!) haroldplaskett@yahoo.co.uk
More visible in Wikipedia or https://james-plasketts-coincidence-diary.blogspot.com/",2337.0,,,2451,-25,12215,2210,0,1,2528,1216,,
Gonest1998,gonest1998,IM,Franco Villegas,AR,,,,,2550,-92,2378,2282,92,15,2623,1500,,
ArtemAndrienko2008,artemandrienko2008,NM,Артьом Андрієнко,UA,"Дата народження 11.07.2008, Вінницька шахова школа, Майстер спорту України, тренер Вусатюк В. О.
Glory to Ukraine!",2350.0,,,2416,-22,11672,2397,-25,2427,2722,2062,,
MargaritaShkalova,margaritashkalova,WIM,Маргарита Шкалова,RU,,2099.0,,,2400,28,1003,1891,0,7,2469,1776,,
simonachess,simonachess,WIM,Simona Limontaite,LT,,,,,2362,15,1300,2208,36,72,2526,1367,,
HomayooonT,homayooont,GM,Homayoon Toufighi,TR,"Hello! This is GM Homayoon Toufighi 
Head coach of Iranian women's national team, 
Professional coach with more than fifteen years of experience in coaching, If you are interested in coaching, you can send me a message, here on Lichess or WhatsApp +90 552 672 4086. 

Coach page: lichess.org/coach/HomayooonT",,,,2942,109,1365,2986,32,132,3206,2735,,
daeg,daeg,IM,Diego Espiñeira,ES,,2338.0,,,2423,-21,1501,2349,268,35,2510,2195,,
Angel7hanat,angel7hanat,IM,,,,,,,1500,0,0,1500,0,0,2291,1500,,
MoonlighT89,moonlight89,IM,,,,,,,2500,-25,310,2403,3,42,2668,1500,,
Avaada_kedavra,avaada_kedavra,FM,Ali Faghirnavaz,,"Hello, I am Ali Faghirnavaz, a FIDE Master with 3 International Master norms
I have several years of experience as a chess coach, helping students from beginners to advanced players improve their understanding and results.
 Rates: Starting from 25€ per hour
If you are interested, feel free to send me a message here on Lichess 
https://lichess.org/coach/Avaada_kedavra",,,,2939,150,717,2748,71,314,3133,1500,,
NeonNinja73,neonninja73,CM,Kacper Ugorek,,,,,,2574,24,338,2029,0,3,2614,1500,,
onamissionfromGod,onamissionfromgod,GM,,US,https://imgur.com/jay8fRm,,,,2674,-10,103,1500,0,0,2980,1500,,
Arman_Hayrapetyan,arman_hayrapetyan,IM,Arman Hayrapetyan,AM,"International Master (IM)
https://ratings.fide.com/card.phtml?event=13300890",2375.0,,,2345,-8,655,2355,-85,21,2564,1500,,
Nimrrod,nimrrod,IM,,LC,,,,,2485,-14,500,2324,120,21,2683,1500,,
Ninely,ninely,GM,Nino Batsiashvili,GE,,2480.0,,,2510,-35,2589,1585,-322,22,2416,1734,,
srinathbaggins,srinathbaggins,GM,Narayanan Srinath,IN,,2516.0,,,2664,-16,453,1500,0,0,3083,1500,,
Ruchess27,ruchess27,WIM,Rucha Pujari,IN,"https://imgur.com/2lveosE


Professional Player • WIM (with 3 WGM norms) • Streamer & Trainer • Twitch Partner |
Join my Team: https://lichess.org/team/ruchess-masters 
Watch my streams here: https://www.twitch.tv/ruchess27,
Coaching Profile: https://lichess.org/coach/Ruchess27",2244.0,,,2446,11,1924,2509,-14,441,2603,2370,,
HelloItsDmitri,helloitsdmitri,IM,André Sousa,PT,"11x Portuguese Champion (6 C, 2 R, 3 B)
Professional Coach

Please do not send me messages to play team tournaments on lichess, I am not interested.",2444.0,,,2604,1,7541,1324,0,1,2855,1500,,
Jacquol,jacquol,NM,,US,,,,,2626,11,1072,2604,-36,164,2828,1500,,
DeandraChess,deandrachess,IM,,,,,,,2239,-11,7949,2204,61,56,2206,2092,,
cecile_haussernot,cecile_haussernot,WIM,Cecile Haussernot,FR,"Here's my YouTube channel: https://www.youtube.com/@Cecile_Haussernot

Instagram: https://www.instagram.com/cecilehaussernot

https://imgur.com/47I0DML
https://imgur.com/Fet15Id
https://imgur.com/s8JZ9yh",,,,2613,31,460,2509,137,35,2636,2209,,
Edgar_Karagyozyan,edgar_karagyozyan,CM,,FR,,,,,2440,18,6680,2251,33,114,2655,1500,,
AlmasChampion1,almaschampion1,IM,Almas Rakhmatullaev,,Streamer at City Chess: https://youtube.com/@citychessuz,2413.0,,,2613,-1,1789,2715,258,128,3036,1500,,
munkhzul_turmunkh,munkhzul_turmunkh,WIM,Munkhzul Turmunkh,MN,,,,,2461,15,880,2389,0,9,2423,1500,,
orisko,orisko,WFM,Lucia Sevcikova,,"Hey, I ́m Lucia - a 17 years old WFM from Slovakia. I ́ve been playing chess since I was 4 and I got my title at the age of 11. Chess gave me a lot of precious experience and skills, not only for a chess board but also for everydays life and I would love to pass my experience to others.",2100.0,,,2229,-27,887,2238,51,417,2355,2179,,
kty99,kty99,CM,Kerem Tuna Yilmaz,TR,,,,,2294,-44,3142,2519,1,863,2532,2177,,
Herzog2012,herzog2012,FM,,KZ,Smirnov Mark,2420.0,,,2651,-34,6738,2431,-4,136,2904,1500,,
dau_npukypumb,dau_npukypumb,FM,,RU,,,,,2701,11,5208,1500,0,0,2891,1500,,
Ashot2001,ashot2001,IM,,DE,,,,,2548,15,1803,1500,0,0,2814,1500,,
Twelvedigits,twelvedigits,GM,,,,,,,2720,16,609,1500,0,0,3118,1473,,
CoachLorente,coachlorente,FM,Coach Lorente,US,,,,,2208,-253,1539,1907,0,5,2447,1019,,
jskfk,jskfk,CM,Umut,,,,,,2359,-39,767,1686,0,1,2424,1500,,
leplusM,leplusm,IM,Jan van de Mortel,US,,2416.0,2521.0,,2646,-16,872,1613,0,4,2840,1500,,
Neelash,neelash,IM,Neelash Saha,IN,"International Master from Kolkata,India",2464.0,,,2612,-6,1424,2402,27,50,2756,1500,,
ViktorDmitrenko,viktordmitrenko,IM,Виктор Дмитренко,UA,"Международный мастер по шахматам с 2003 года, максимальный рейтинг 2487, работаю тренером с 2006 года. Занимался в краматорской шахматной школе в одной группе с Карякиным Сергеем, Лагно Екатериной, Ефименко Захаром, Кузубовым Юрием, Коробовым Антоном и другими знаменитыми гроссмейстерами.
   Среди учеников призеры первенств стран СНГ.
   Провожу индивидуальные занятия по скайпу на русском и украинских языках. Цена договорная.
   Мои контакты:
email:vidmitrenko1712@gmail.com, vidmitrenko@yandex.ru
skype:vidmitrenko
Facebook: https://www.facebook.com/victor.dmitrenko.7",2456.0,,,2454,1,4317,2016,42,190,2448,2225,,
sezur,sezur,FM,,,,,,,2479,17,3027,2105,145,33,2802,1500,,
ShellingFord92,shellingford92,IM,Lukas,DE,"Tally-ho fellas and fellaresses, my name is Lukas but you can call me Shelling. I'm an International Master from Germany and I play a lot of chess. I also blunder a lot. :)",2420.0,,,2624,-9,1201,2555,-16,1384,2912,1923,,
SalgadoLO,salgadolo,CM,Óscar Salgado López,ES,,2115.0,,,2128,-168,908,2003,0,5,2015,1500,,
agination,agination,GM,,,Use your imagination.,,,,2434,0,10,1500,0,0,2632,1500,,
NightOFzero,nightofzero,FM,Henrik Cernov,YT,"https://lichess.org/team/weekly-rapid-chess-grand-prix
everyone is welcome! :)",,,,2640,11,20070,2623,12,3469,3010,2222,,
benedekisti,benedekisti,CM,Benedek István,,,,,,2271,55,1391,2010,-107,92,2393,2156,,
ShMat,shmat,IM,Matvey Shcherbin,RU,"FIDE trainer and International Master

YouTube Channel: https://www.youtube.com/channel/UCMHCtrOhtwpjDF61guHxKZw?sub_confirmation=1


Chess coaching online - write me Chess-School.ekb@yandex.ru",2400.0,,,2865,-7,1751,2729,-15,196,2958,1614,,
Statham_13,statham_13,FM,,TO,,,,,2345,-15,12885,2561,-106,223,3100,2559,,
Advikmac,advikmac,CM,Advik Manchanda,US,,2016.0,2111.0,,2079,-57,113,2112,17,510,2167,2043,,
chickenwings96,chickenwings96,NM,,_earth,,1400.0,105.0,,2234,-25,1531,2290,-135,28,2504,1500,,
BrainPlunger,brainplunger,FM,,GB-ENG,,,,,2508,23,1296,1500,0,0,2702,1500,,
niknikniknik,niknikniknik,FM,,GR,,,,,2471,-16,4748,2489,89,277,2666,1944,,
sabrina_humaira,sabrina_humaira,WFM,,,,,,,2310,44,157,1500,0,0,2549,1500,,
Gurvik,gurvik,FM,Vitaly Gurvich,RU,"Fide Master
",2300.0,,,2619,18,888,1846,0,5,2768,1500,,
chessmaniac3298,chessmaniac3298,NM,,US,,,2210.0,,2365,-7,236,2289,83,15,1900,1500,,
Meysonn,meysonn,GM,Meylis Annaberdiyev,TM,,2537.0,,,2598,18,11766,2582,-83,186,2886,1500,,
inga83,inga83,WGM,,,,,,,2407,11,637,1686,0,1,2541,1500,,
nathanfilgueiras,nathanfilgueiras,IM,Nathan Felipe Filgueiras,BR,"Mestre Internacional e professor de xadrez                                                     

Contato para aulas:
https://www.instagram.com/nathan_filgueiras/",2377.0,,,2281,3,2892,2248,15,77,2445,2229,,
FlamingDragon01,flamingdragon01,FM,,,,,,,2267,84,574,2030,-146,41,2507,1500,,
DavidcabTOP9,davidcabtop9,FM,David Alejandro Cabezas Solano,CR,,2191.0,,,2576,-8,7211,2432,-5,364,2720,2095,,
EnglishKangaroo,englishkangaroo,NM,,EU,,,,,2366,7,4777,2115,-6,290,2370,2018,,
BraveHeartIndian,braveheartindian,IM,Shivananda BS,IN,"*International Master  and GM norm holder 
*Director@ Karnataka Chess Academy
*Highest Fide Rating : 2467",,,,2541,31,8558,2503,205,44,2803,1500,,
Elodosia,elodosia,WFM,,,,2158.0,,,2329,-4,1692,2430,-51,78,2583,2249,,
Oblivara,oblivara,CM,Giga goderdzishvili,GE,"https://ratings.fide.com/profile/13617249 (Chess coach , message
me for personal lessons )",2233.0,,,2625,-31,304,2473,0,10,2814,2376,,
PierrotDeCastelnau,pierrotdecastelnau,GM,,,,,,,2681,-1,4289,2291,21,98,2665,1570,,
PokochajSzachy,pokochajszachy,CM,Patryk Stanisz,GB,"Pokochaj Szachy  means "" Fall in Love with Chess "" in Polish language. I try to encourage everyone to play chess. If you have questions, don't hesitate to ask. Also, feel free to visit my Twitch! Pokochaj Szachy powstało by zachęcić wszystkich do grania w wspaniałą grę jaką są szachy i udowodnić ze to gra dla każdego!",,,,2343,-16,17438,2295,-165,1071,2601,2375,,
Stalri,stalri,FM,Richard Stalmach,CZ,,,,,2401,-6,1416,2268,32,31,2376,2170,,
doons21,doons21,FM,Robert Díaz Villagrán,,,2315.0,,,2650,-7,2789,2565,90,78,2854,1500,,
lovesomemama,lovesomemama,IM,Pyrih Roman,US,,2428.0,,,2638,-2,4051,2476,96,200,2939,2367,,
SanQui14,sanqui14,FM,Santiago Quiñones,CO,,2262.0,,,2370,32,1828,1926,0,9,2341,1688,,
Blueagle,blueagle,CM,Riccardo Alaimo,IT,"Hi, I'm a FIDE CANDIDATE MASTER from Italy. Usually I play by mobile phone to avoid waiting time, so I dont play seriously...:-)
My Youtube channel (Italian) https://www.youtube.com/channel/UCaxpky6zWMrDuWOL5u-FPgg",2174.0,,,2194,-14,37132,2515,177,175,2302,1837,,
deatheater123,deatheater123,FM,,IN,,2304.0,,,2514,-46,647,2280,72,35,2704,2221,,
sterpfi,sterpfi,FM,Jonas Wyss,CH,"My name is Jonas Wyss, I'm a FIDE master with around 2300 ELO. Check out my chessable course ""Endgame Terminator: Four Pieces or Fewer on https://www.chessable.com/endgame-terminator-four-pieces-or-fewer/course/123422/",,,,2203,6,2843,2339,-9,483,2281,2354,,
Razzoo0,razzoo0,CM,,CH,Erik Mormann,2283.0,,,2232,-27,27,1607,0,6,2556,1500,,
limerik,limerik,FM,Gleb Kaganskiy,IL,"I am FM 
I like to play Karo-Kann",2185.0,,,2301,5,14185,2032,27,1513,2145,2122,,
Paulius22,paulius22,FM,Pavel Plotnikov,RU,Тренер Школы Карпова (Москва) / Trainer of Karpov School (Moscow),2297.0,,,2455,19,1009,2402,9,311,2304,1500,,
familijatop71,familijatop71,CM,Nesa Modric,RS,Chess coach based in Austria. I share account with some of my dedicated students. Contact me at misa_19@hotmail.de,2164.0,,,2324,17,260,1835,0,1,2491,1500,,
Ganec,ganec,FM,,,,,,,2441,10,1726,1213,0,6,2695,1500,,
Ahmdnjr12512,ahmdnjr12512,FM,,LB,,,,,2216,21,60094,2299,15,3617,2151,2182,,
jesselroy99,jesselroy99,FM,Jessel Mwadzura,ZW,,,,,2441,-5,17617,2260,-29,440,2637,2336,,
visualdennis,visualdennis,NM,,AQ,"Available for coaching / training sessions.

“The eye sees only what the mind is prepared to comprehend” H. Bergson
https://imgur.com/aqD7r4L
My Website about Guide to Chess960: https://nine-sixty.netlify.app/
Dobutsu Website: https://variantslove.netlify.app/",,,,1500,0,0,2449,0,3,1500,1500,,
LREstevezP,lrestevezp,FM,Leonardo Estévez,DO,"FIDE Master. 
FIDE Instructor.
FIDE Arbiter.
FIDE ID 6402798",,,,2148,28,3038,1962,71,134,2195,1500,,
BrutneySpears,brutneyspears,CM,,,,,,,2377,-48,2086,2151,16,460,2575,2118,,
pasteta,pasteta,FM,,HR,,,,,2521,-18,9946,1741,0,7,2783,1157,,
Lukas-2010,lukas-2010,IM,Lukas Dotzer,AT,,2454.0,,,2700,23,2007,2578,186,483,3003,2087,,
SalgadoChess,salgadochess,GM,Ivan Salgado Lopez,,"Si hablas español y quieres ganar más partidas, es hora de que visites mi web: https://www.chessexcelsior.com/ ¡Aquí encontrarás todo lo que necesitas para mejorar!",2599.0,,,2810,44,641,2209,0,7,2749,1500,,
MiRzAaD786,mirzaad786,FM,Mirzaad S Wahabuddin,AF,I am Mirzaad S Wahabuddin from Afghanistan I am FM and champion of Afghanistan,2071.0,,,2227,27,22991,1470,0,1,2414,1500,,
Up_to_something,up_to_something,GM,Semen Khanin,US,"Hello chess lovers! My name is Semyon Khanin (you can call me Sam). I am a chess grandmaster and a graduate student at Texas Tech in Lubbock, learning Data Science. I am happy to provide lessons for those who want to master such a wonderful game as chess! Feel free to message me for additional information.

 samkhaninchess@gmail.com",2575.0,2678.0,,2761,-13,1394,2747,41,73,2687,1500,,
AlvinAlcala,alvinalcala,NM,/ AGM / FI / FA / NA / AO Alvin Alcala,PH,"To book a coaching session or tune-up games: https://tidycal.com/alvinalcala.

FIDE Profile: 
https://tinyurl.com/FIDE-Alvin-Alcala

https://i.imgur.com/Lqz1905.jpg
https://i.imgur.com/MXRkrvb.jpg
https://i.imgur.com/2y2Mqtg.jpg
https://i.imgur.com/EDFj6AG.jpg
https://i.imgur.com/4HPxOWC.jpg
https://i.imgur.com/ovodRKS.jpg
https://i.imgur.com/07hEPzb.jpg
https://i.imgur.com/2eXUlNE.png",2232.0,,,2374,-32,3438,2513,3,41,2501,1500,,
NoelStuder,noelstuder,GM,Noël Studer,CH,"Hey, I am Grandmaster Noël Studer from Switzerland: professional Chess Coach, Blogger, Book & Course Author.


Check out my blog: https://nextlevelchess.blog.
Free EBook about chess training: https://nextlevelchess.blog/free-ebook/
Form for 1:1 Training waitlist: https://forms.gle/VyWEDucLSZVgJyYC7
Please only apply if you have the financial means for it.",2578.0,,,2529,30,1509,1500,0,0,2621,1500,,
mrataque,mrataque,FM,,,,,,,2451,-87,2978,2305,-54,52,2663,1500,,
Bekazanybekova,bekazanybekova,WCM,Бегимай Жаныбекова,,,,,,2125,-2,408,2229,32,146,2046,1947,,
walfa1,walfa1,CM,william arias,DO,Mi jugador favorito Bobby fisher ,,,,2123,-8,22419,2029,145,30,2212,974,,
SUSAL,susal,IM,De Silva L.M.S.T,LK,,,,,2541,9,3952,2276,-31,347,2780,1500,,
Puli1234,puli1234,GM,Ankit Rajpara,,I am a Grandmaster and a chess coach from India. I am the founder of chessneurons.com which helps you in increasing your positional understanding through positions curated by me.,,,,2586,81,315,2366,0,2,2913,1500,,
toivok,toivok,IM,Toivo Keinänen,FI,https://ratings.fide.com/card.phtml?event=509825,2522.0,,,2615,17,2929,2464,142,87,2916,1500,,
Mapwright,mapwright,GM,,,,,,,2734,33,7046,1500,0,0,2716,1500,,
JonSnowNW,jonsnownw,FM,Cristhian Portal,CU,"Chess Lessons- Play and Learn for an adjustable price per Hour! Analysis Included
Español & English",,,,2343,-42,1752,2284,-131,243,2478,1441,,
Showdrez,showdrez,NM,Showdrez,BR,https://imgur.com/6ldi5Ln,2021.0,,,2060,-32,9382,1920,0,8,2078,1500,,
mwadsworth,mwadsworth,GM,Matthew Wadsworth,GB,,2487.0,,2592.0,2573,5,2927,2601,-11,154,2699,2250,,
Cruise97,cruise97,GM,,,,,,,2733,-44,1373,2432,48,112,2684,2194,,
mangomango6842,mangomango6842,CM,Jonathan Wu,CA,I like to play chess,,,,2321,25,38,1500,0,0,2517,1500,,
Banjovi,banjovi,GM,Rogelio Barcenilla,PH,Chess Grandmaster...1st Degree Black Belt in Taekwondo...,2467.0,2570.0,,2709,35,87,2514,24,14,2976,1500,,
Jorgitomgs,jorgitomgs,IM,Jorge Marcos Gomez Sanchez,CU,Hola soy Maestro Internacional de Cuba. Puedes contactarme al privado para clases y para torneos.https://lichess.org/coach/Jorgitomgs,2352.0,,,2534,-12,4659,2504,2,15,2648,1500,,
Ziyamammadov,ziyamammadov,CM,,AZ,,,,,1878,-24,431,1956,-15,318,1893,1959,,
Maletaja1,maletaja1,CM,Grigory Sharankov,RU,"Ambitious coach. Please dont hesitate to contact me if you are interested in personal lessons!
 Ready to work with chessplayers from 0 to 2100 FIDE rating.
Good prices: from 20$/hour.  ENG/RUS languages
Contact here!!! My personal approach will help you to improve:
- tactical skills
-endgame typical positions 
- understanding middlegames structures and planning
- opening preparation",2238.0,,,2470,-30,4344,1509,16,486,2643,1236,,
lalomoses,lalomoses,NM,,MD,,2275.0,,,2373,-33,1255,2320,-29,21,2544,1500,,
KahrovicMersid,kahrovicmersid,FM,Kahrovic Mersid,,,2241.0,,,2255,90,258,1500,0,0,2272,1500,,
Stilou,stilou,CM,,,,,,,2407,78,1759,2246,-74,123,2373,1500,,
Amazing_Defence,amazing_defence,FM,,,,,,,2617,-33,335,1500,0,0,2968,1500,,
KingofCheapos,kingofcheapos,IM,Can Ertan,DE,,2400.0,,,2526,-10,8278,2436,0,9,2609,1500,,
Sarker_Avik,sarker_avik,CM,Avik Sarker,BD,,2056.0,,,2157,-12,2027,2077,45,261,2113,2029,,
blindfoldbilly,blindfoldbilly,NM,Erik Tkachenko,AQ,INVEST LOW,1400.0,,,2502,-3,741,2163,118,31,2803,2169,,
Ajeossi94,ajeossi94,FM,,KZ,,,,,2611,19,141,1500,0,0,2605,1500,,
TocinoEspacial,tocinoespacial,CM,,ES,https://giphy.com/gifs/TeamLiquid-EgsgbR2Mbzgd1bHLZy,,,,2459,-12,2050,2485,143,118,2703,2389,,
rdm89,rdm89,FM,,FR,,,,,2519,2,8640,2600,33,969,2867,2355,,
FedaMaster,fedamaster,FM,Deniz Arman,SE,"FM Deniz Arman - FedaMaster

Born in 1985. Professional Chess Coach, Chess Commentator & Streamer and a father with responsibilities ! :)

Registered for Swedish Chess Federation with around 2300 elo and play for Växjö SK

 Here is my coaching profile (https://lichess.org/coach/FedaMaster) & twitch (https://www.twitch.tv/fedamaster)

For Chess Lessons contact  fedamastertv@gmail.com",2358.0,,,2355,-25,16097,2327,-75,989,2519,1963,,
Girkassa,girkassa,IM,Geir Sune Tallaksen Østmoe,NO,Chess player and study composer,2472.0,,,2504,4,150,2484,105,41,1500,1500,,
Ruefi,ruefi,IM,,DE,,,,,2568,-38,1420,1659,0,2,2494,1500,,
telarubo96,telarubo96,FM,Alessio Boraso,IT,,2289.0,,,2478,-80,9508,2451,57,88,2736,1500,,
Arseniii_Nesterov,arseniii_nesterov,GM,Arseniy Nesterov,RU,"Я Международный гроссмейстер. Веду стримы на youtube. Подписывайтесь на мой канал.
https://www.youtube.com/channel/UCev1BG00VIdNflNX_ZTg58g",2609.0,,,2935,22,3272,2585,-42,38,3104,2346,,
FallenChessKnights,fallenchessknights,GM,,IL,"FallenChessKnights is an account used by a team of GMs and IMs from Israel for entertaining purposes. Cheers!

https://www.twitch.tv/fallenchessknights/",,,,2471,-94,223,1500,0,0,2741,1748,,
Campelo,campelo,NM,Leandro Campelo,BR,Mestre Nacional de Xadrez. Gosto de estilos de jogo agressivos. Kasparov e Fischer.,2124.0,,,2204,-10,2976,2388,330,22,2159,1500,,
Ajedrezactivo,ajedrezactivo,GM,Kevel Oliva Castañeda,CU,Tres veces subcampeón del Circuito Catalán. Entrenador de ajedrez desde 2018. Entrenamiento privado para adultos y niños. Doy clases a distancia a través de Skype o Google Meet. Pueden contactarme por correo: keveloliva@gmail.com,2490.0,,,2862,5,923,1580,0,2,2966,1500,,
Govhar,govhar,WGM,Govhar Beydullayeva,AZ,Woman Grandmaster,2387.0,,,2475,-18,1181,2180,-16,31,2360,1500,,
Masterclass2,masterclass2,FM,,,,,,,2778,-38,4582,1898,0,2,2918,1500,,
Frontier96,frontier96,IM,Dejan Marjanovic,BA,"Chess coach, Bachelor's Degree in Economics",2395.0,,,2788,41,400,1500,0,0,3101,1500,,
betheking,betheking,GM,,,,,,,2731,-74,664,1500,0,0,2764,1500,,
OmerAdams,omeradams,FM,Yotam Shohat,IL,Yotam Shohat,,,,2464,-7,2502,1771,0,2,2802,1500,,
AnahiEduarda,anahieduarda,WIM,,EC,,,,,2523,29,1606,2194,139,15,2455,1653,,
Chesszd,chesszd,WCM,,KP,,,,27.0,2203,83,969,2306,65,160,2416,1961,,
DarthMccartney,darthmccartney,GM,,HU,,,,,2828,-4,1794,1869,0,3,2903,1500,,
Anastasia3003,anastasia3003,WGM,Anastasia Bodnaruk,RU,,,,,2585,-101,97,1859,0,3,2064,1500,,
Persian_leopard,persian_leopard,CM,Milad Khodabandeh,,دانشگاه کرج,,,,2420,36,5799,2335,9,51,2426,1500,,
Buscapina,buscapina,FM,,AR,,,,,2508,32,7075,1875,0,4,2742,1500,,
IljinG,iljing,FM,Sebastian Fischer,DE,,2344.0,,,2434,28,17923,1500,0,0,2532,1500,,
kednanie,kednanie,CM,,JM,,,2304.0,,1759,-15,13493,1956,-47,1222,2036,1987,,
Fenrisulfur,fenrisulfur,FM,,IS,,,,,2536,-8,10538,1688,0,1,2665,1500,,
qscrgn,qscrgn,FM,Vatsal Singhania,,,,,,2201,-36,356,1500,0,0,2245,1745,,
DoctorHeart,doctorheart,NM,Celestino Carvalho Junior,BR,"Brasilian Senior National Champion 2022

https://i.imgur.com/qOIOFQy.jpg
e ai vamos jogar uma partida ?
https://ratings.fide.com/card.phtml?event=2105578",,,,2187,51,5154,2004,-225,156,1471,1500,,
danifantini,danifantini,WFM,,,,,,,2238,-12,1486,1500,0,0,2411,1500,,
vantamaj,vantamaj,IM,,,,,,,2576,10,5662,1655,0,1,2568,1327,,
mnmassari,mnmassari,NM,Salvador Massari,VE,Id Fide: 3906302 Maestro Nacional Salvador Massari,,,,2102,14,26075,2180,-8,1350,2100,2110,,
unknown22,unknown22,IM,Sidhant Mohapatra,IN,"Looking for teams to play in Europe. Available for online classes. Prices are negotiable. Contact me here or at chess.sidhant@gmail.com.
Cheers!",2419.0,,,2761,19,189,2709,-43,38,2939,2328,,
Slowplay007,slowplay007,FM,Heiko Kummerow,DE,FIDE-Meister seit 1997 - Seit der Saison 2024/25:  Schachverein Erkenschwick 1923 e.V.,2119.0,,,2226,-1,244,1500,0,0,2374,1500,,
Antek_Radzimski,antek_radzimski,FM,Radzimski Antoni,PL,"Hi, I'm Antek. I am 13 years old and i love playing chess! I would like to invite you to my website and social networks:

Cześć, jestem Antek. Mam 13 lat i uwielbiam grać w szachy!

Zapraszam Was na moją stronę internetową oraz portale społecznościowe:",2306.0,,,2416,35,276,2157,-178,15,2686,1500,,
barbosean,barbosean,CM,Carlos Marin,CL,"Carlos Marín Pincheira. He sido seleccionado nacional de mi país en el panamericano de Bogota 2004 (sub 16) , finalista en el campeonato de Chile del año 2014 y activo jugador universitario en la Universidad de Chile. Amo competir en el ajedrez y su eterna preparación para avanzar. La formula es simple : Estudiar, Entrenar, Competir y Disfrutar¡",2150.0,,,2416,-5,4085,2197,-12,15,2502,1500,,
Suleyman_Chess06,suleyman_chess06,FM,Suleyman Suleymanli,AZ,Everyday is a new beginning,2328.0,,,2712,-3,4578,2601,13,411,3031,2304,,
Boqueron95,boqueron95,IM,Paolo Ladron de Guevara Pinto,ES,,2419.0,,,2702,29,304,1500,0,0,2786,1500,,
S_Guliev,s_guliev,GM,GM Sarhan Guliev,TR,,2330.0,,0.0,2342,-29,19081,2117,0,5,1893,1500,,
Nozdrachev_Vladislav,nozdrachev_vladislav,IM,Vladislav Nozdrachev,,,2514.0,,,2806,-10,5523,2400,264,32,2986,1745,,
Stormeman100100,stormeman100100,IM,Isak Storme,SE,IM suffering from bullet addiction,,,,2573,-4,4433,2508,179,293,2695,1500,,
LaDaf,ladaf,FM,,MG,,,,,2565,3,6720,2436,11,129,2555,2184,,
Maria_Larina,maria_larina,WFM,Maria Larina,CY,My chess Club: https://lichess.org/team/marychess-club,1948.0,,,2243,-3,1653,1184,0,1,2350,1500,,
adarshwick,adarshwick,IM,Adarsh Tripathi,IN,,2369.0,,,2554,39,1607,2608,65,71,2770,2072,,
VinzentSpitzl,vinzentspitzl,FM,Vinzent Spitzl,DE,,2354.0,,,2309,-87,7044,2582,78,133,2570,1500,,
sabinafoisor,sabinafoisor,WGM,Sabina Foisor,US," WGM and 2017 US Women's Chess Champion
 Member of the US Olympic Team since 2009, representing the US at 5 Olympiads and 4 Women’s World Team Chess 
   Championships
 Regular contributor for Chess Informant (starting December 2019)
 Co-organizer and sponsor of the 1st, 2nd and 3rd IM/WGM Cristina Foisor Chess Memorial, Timisoara, January 2018-2020
 Forbes 30 Under 30 Games in 2018",2222.0,2342.0,,2453,1,1227,2526,0,8,2501,1500,,
Dagda7,dagda7,FM,Jorge Zamorano,AR,"Soy MF Jorge Zamorano, argentino, juego este hermoso deporte hace 20 años. Es lo que más me apasiona junto con el fútbol!",2339.0,,,2557,-29,2639,2187,106,36,2907,1500,,
ImIsmaelKarim,imismaelkarim,IM,Ismael Karim,OM,,,,,2542,-21,6803,2401,-154,1567,2601,1629,,
Anachess2182,anachess2182,WFM,Ana Bárbara Sierra Cartaya,CU,,2133.0,,,2079,-47,2600,1961,-6,36,2006,1500,,
Robin-Side,robin-side,FM,,,,,,,2687,200,2962,1500,0,0,2674,1500,,
fmjoseherrera,fmjoseherrera,FM,José Antonio Herrera Reyes,ES,"Apasionado del ajedrez y los deportes. Twitch Partner. 

https://www.twitch.tv/fmjoseherrera",2300.0,,,2613,0,10149,2356,-2,28,2905,1500,,
notmisha,notmisha,NM,,,Kung Fu Chess is the best variant. Come join the community at kungfuchess.org,,,,2378,55,5296,2493,101,32,2271,1433,,
Luu77,luu77,FM,,FI,,2300.0,,,2493,-1,11178,2430,98,1084,2534,1610,,
GHMackenzie,ghmackenzie,FM,,,,,,,2432,7,84,1500,0,0,2693,1500,,
natelleka,natelleka,WFM,,,,,,,2302,16,2056,2302,2,16,2389,1500,,
Mariia29,mariia29,WFM,Мария,RU,,,,,2168,10,5366,2214,59,176,2349,2275,,
Kaisa014,kaisa014,IM,Slaviša Milanović,RS,https://realitycheck.academy/,2318.0,,,2408,-15,2224,2500,66,114,2507,2055,,
way2fast4you,way2fast4you,FM,,MA,,,,,1950,-194,131,1500,0,0,2392,1500,,
KnIgHtSlaShEr2020,knightslasher2020,NM,,GB,,1977.0,,2028.0,2223,81,1115,1979,-21,1124,2518,2010,,
Shadow_Breaker,shadow_breaker,CM,Baqer Hameed Khalaf AL-MUSAWI,,,,,,2137,-26,80,2237,0,10,2271,1277,,
elshan1985,elshan1985,GM,Elshan Moradiabadi,US,"I qualified to the US closed championship in 2020 and 2022.
I became co-champion of 2022 US open. I have  published written articles for Chess Life, ChessBase, and Informator. In 2022 I won the Chess Journalist award of the year in the US. in 2020, along with WGM Sabina Foisor, he published ""Sherlock's method: The working tool for club players"" by Thinkers publisher.",2521.0,2600.0,,2661,-30,1506,2604,137,16,2852,1456,,
Arvinder_Amateur,arvinder_amateur,FM,Arvinder Preet Singh,IN,"World Amateur Chess Champion 2018
One IM norm at Annemasse France 2024",2055.0,,,2250,-41,18995,2359,-110,169,2329,2032,,
kasparovsabe,kasparovsabe,FM,Cristian Silva Lucena,ES,,,,,2427,-10,4878,2124,-138,44,2507,1500,,
marantz3,marantz3,IM,Tobias Kuegel,DE,https://www.twitch.tv/marantz3,2388.0,,,2582,5,5732,2557,29,360,2543,2581,,
Sinestra22,sinestra22,FM,Rodion Radzhabov,RU,"Запись на занятия в WhatsAp: 8 (919)3276697
https://t.me/RojonR
Шахматный клуб  https://t.me/strategchess74 
https://i.imgur.com/kUX4PbL.jpeg",2387.0,,,2503,-14,1849,2561,-23,309,2736,2346,,
MnIgraqLek,mnigraqlek,FM,,,,,,,2254,24,16,1500,0,0,2914,1500,,
secretpieces6,secretpieces6,WCM,,BR,,,,,2202,17,1658,2237,-30,923,2257,1500,,
czasnaszachy,czasnaszachy,FM,Michał Tworuszka,PL,https://imgur.com/jqxi4Ya,,,,2549,-27,3309,2452,-2,63,2429,2273,,
laligb,laligb,WCM,Lali Bibilashvili,GE,,1918.0,,,2013,105,68,1500,0,0,1500,1500,,
EnisMetin,enismetin,NM,Enis Metin,TR,,,,,2375,-4,4302,2532,17,367,2816,1678,,
Shaolin_Master,shaolin_master,GM,,CH,,,,,2391,-60,481,2439,-50,26,2709,2309,,
nihalsarin2004,nihalsarin2004,GM,Nihal Sarin,IN,,,,,2883,-48,1332,1500,0,0,3208,1500,,
Rumpel-VK,rumpel-vk,GM,Vitaly Kunin,EU,,2500.0,,,2512,-9,3699,2449,27,78,2703,1709,,
TBest,tbest,CM,T Best,_earth,"I checked it very thoroughly, said the computer, and that quite definitely is the answer. I think the problem, to be quite honest with you, is that you've never actually known what the question is.

~Douglas Adams, The Hitchhiker's Guide to the Galaxy (1979)",,,,2502,47,4208,2432,102,443,2505,2235,,
Klavdia_Nik,klavdia_nik,WGM,,,,,,,2158,-17,36992,1665,0,5,1973,1960,,
TheBB99,thebb99,FM,,,,,,,2287,14,2410,2501,73,19,2310,1670,,
gandeevdhari,gandeevdhari,FM,Sohan Phadke,IN,"hi..., I am Fide Chess master and Fide certified Chess trainer. Professional Chess player for 21 years.
my website www.think-chess.com",2234.0,,,2266,5,113,1496,0,3,2265,1500,,
Jero_el_siniestro,jero_el_siniestro,FM,Andrés Jerónimo Zapata Montoya,CO,"Para clases, consulta mi perfil de entrenador. https://lichess.org/coach/Jero_el_siniestro",2244.0,,,2600,31,13961,2506,108,332,2950,2300,,
dbestsmiles,dbestsmiles,FM,Akintoye Abdulraheem,,The thing in the dark.,,,,2350,20,21884,2153,31,80,2653,1601,,
colinov,colinov,CM,,VE,Alejandro Colina,,,,2404,26,4010,2278,-24,476,2511,2072,,
Joejan,joejan,FM,Jøran Aulin-Jansson,NO,,2228.0,,,2311,-36,10146,2371,-2,2723,2434,2228,,
dzilb,dzilb,IM,Dmitry Zilberstein,US,IM,2358.0,2450.0,,2452,-11,3486,1132,0,2,2457,1500,,
AVS2000,avs2000,GM,Aleksei Sorokin,US,,2547.0,,,2815,-4,4221,2553,88,81,2906,1500,,
maciek_92,maciek_92,GM,Maciej Klekowski,,,2510.0,,,2648,51,2187,2417,88,23,2958,1500,,
crackcubano,crackcubano,GM,Isan Ortiz,CU,,2545.0,2675.0,,2765,66,11289,1957,0,1,2900,1500,,
roberto835877,roberto835877,IM,Roberto Servat,AR,I.M,2436.0,,,2607,13,9467,2542,34,215,2705,1500,,
HakanErdogan,hakanerdogan,FM,Hakan Erdoğan,TR,,2139.0,,,2312,-6,1060,1752,0,1,1815,1500,,
MassiNas,massinas,FM,,DK,,,,,2369,-31,4154,2129,16,63,2317,2283,,
knight-2021,knight-2021,WCM,,,,,,,2600,-50,4452,2288,145,139,2756,2154,,
petrik05,petrik05,FM,Petr Gnojek,CZ,"dycky pevnost, nestejnobarevní střelci-remíza!!! 1.E4? oblíbené zahájení botvinikova varianta, můj oblíbený hráč Kája Glacner! baví mě sporty, sleduju skoro všechny, můj oblíbený seriál okresní přebor, moje oblíbená barva modrá, chci mít 2 metry a nechci být tlustý",2428.0,,,2633,-5,6732,2433,166,32,2705,1500,,
XilacOrigami,xilacorigami,NM,,CA,,,,,2469,-28,1901,2455,12,639,2843,2287,,
ril-1997,ril-1997,FM,,ES,,,,,2536,-11,5485,1747,0,1,2856,1500,,
SoyUnPony,soyunpony,WFM,,AR,"¿Qué mira' bobo? Andá pa' allá
https://i.imgur.com/s3ZI6Ju.gif


Be careful what you do, everything comes back",2195.0,,,2358,34,4097,2121,92,313,2549,2040,,
dancesarrr,dancesarrr,NM,Danilo Cesar de Luna Alves Campelo,BR,"Danilo Cesar de Luna Alves Campelo, 34 anos, Brasileiro, Pernambucano, graduado e Mestre em Engenharia Química, Mestre Nacional de Xadrez, jogador assíduo, treinador experiente, formador de jovens talentos e apaixonado pelo xadrez. 
Atualmente, além de jogador e treinador, é professor de xadrez, com vasta experiência na formação de crianças de todas as idades.",2068.0,,,2073,-40,3494,2334,98,101,2150,2133,,
FairChess_on_YouTube,fairchess_on_youtube,GM,,,,,,,3046,0,414,2183,-65,19,3200,1500,,
ukchessbomber,ukchessbomber,CM,,,,,,,2516,-11,2220,2340,55,84,2772,1887,,
THEFRANKENSTEIN,thefrankenstein,IM,,,,,,,2656,-13,2110,1500,0,0,3049,1500,,
MartinOksendal1,martinoksendal1,FM,,,,2314.0,,,2415,-76,763,1998,0,1,2618,1500,,
random1004,random1004,NM,Nelson Fernandez,HN,"Another National Master hoping to become a FM or IM one day. 

I do not accept or offer takebacks and rarely accept draws after a mouseslip. It's part of the game so please don't get salty when it happens.",2046.0,2249.0,,2556,23,8068,2351,-59,155,2655,2204,,
Chess4always,chess4always,WFM,Adianet Perez,CU,,,,,2054,-19,4040,2157,127,77,2376,1641,,
destructora01,destructora01,WFM,Laritza Alfonso Ruisánchez,CU,,2085.0,,,2219,-44,3324,2224,163,27,2264,2052,,
SlowGrinder,slowgrinder,IM,Sam Schmakel,US,,2451.0,2549.0,,2795,19,1007,2387,47,68,2914,2004,,
GrandByniolus,grandbyniolus,GM,Zbigniew Pakleza,PL,,2500.0,,,2620,-12,3600,2725,104,25,3060,1627,,
volodja49,volodja49,GM,Vladimir Raicevic,RS,,,,,2444,1,19544,1500,0,0,2313,1500,,
PawnArchitect,pawnarchitect,FM,,,,,,,2293,0,8,1500,0,0,1500,1500,,
buenamor1972,buenamor1972,CM,Federico García Lemos,AR,"Profesor, entrenador. Clases online, preparación para torneos. Partidas de entrenamiento.",2168.0,,,2344,-23,14601,2093,0,10,2365,1500,,
El_Rupe,el_rupe,CM,,AR,,,,,2444,-5,12565,2226,14,26,2645,1500,,
Pap-G,pap-g,GM,Pap Gyula,HU,"https://www.chessable.com/1-d4-for-ambitious-chess-improvers/course/105711/ Fully updated for 2025!!! Currently on discount.

https://www.chessable.com/a-black-repertoire-for-ambitious-chess-improvers-fighting-1e4/course/257352/ New course with Angelika Valkova!",2455.0,,,2854,3,11029,2937,-17,523,3158,2211,,
cheburashka15,cheburashka15,IM,,,,,,,2685,51,3092,2554,68,14,2520,2349,,
Paranoyak,paranoyak,FM,,TR,Ders için sorularınızı özelden yazabilirsiniz,2307.0,,,2683,36,2560,2519,6,463,3016,2311,,
OpeningGeek,openinggeek,FM,,GB,,,,,2696,-11,617,1636,0,1,2933,1500,,
Jb2mix,jb2mix,IM,Joel Banawa,US,"International Master Joel Banawa has a peak rating of 2528 USCF and 2407 Fide. He is one of the current ACE Arizona State Champion and was a former 2010 and 2006 Southern California State Champion. Joel is a very experienced  coach that has produced National Champions , United States World  Championship Representatives State  Champions and top ranked kids in the nation. He has worked and  earned from the best trainers and players in the   world.",2404.0,2508.0,,2679,18,3084,2533,37,170,2819,1500,,
PavelMart,pavelmart,FM,Pavel Martynov,RU,"Over the past 10 years, I have been a successful coach and organizer of chess events.
My Chess Youtube channel: https://www.youtube.com/@pavelchess",2320.0,,,2443,-85,4166,1282,0,6,2578,1686,,
is_er_nog_hoop,is_er_nog_hoop,FM,,,"Available for coaching in Dutch & English, feel free to send me a DM if interested (€20/hour)!",,,,2649,19,8731,2542,15,448,2714,2170,,
Dima_Pushkin,dima_pushkin,FM,Дмитрий Пушкарев,,,2378.0,,,2466,9,3120,2108,23,94,2824,1500,,
MerVit,mervit,IM,,_earth,,2417.0,,,2403,-4,2952,2300,25,21,2781,1500,,
sergitocuba,sergitocuba,FM,Sergio Daniel Friera Naranjo,CU,,2156.0,,,2528,-35,3560,2317,-95,58,2449,1868,,
Josephrov,josephrov,FM,Joseph Handiya,NG,e4 is for losers,1896.0,,,2500,33,12046,2503,27,3525,2503,1830,,
AgileSloth,agilesloth,GM,Peter Prohaszka,HU,"I am 29 years old GM from Hungary with peak FIDE rating of 2627. I was a former European Champion under 14 and a member of the Hungarian National Team. 

It is time to give back and teach what I have learned during my 20+years of chess career!",2581.0,2642.0,,2622,-3,283,2605,43,38,2799,2180,,
FalzeHope,falzehope,NM,Tyrell Harriott,US,https://imgur.com/k09ITWs,,2200.0,,2313,-21,30708,2270,16,319,2303,1887,,
zuzannaklaraa,zuzannaklaraa,WCM,Zuzanna Siekańska,PL,,,,,2167,-17,361,1951,0,3,2165,1500,,
KzRoma,kzroma,FM,Roman Kozlov,KZ,"ALAQUM — казахстанский бренд постельного белья. Основатель — Роман Козлов (Roman Kozlov), Уральск. Официальные сайты: ALAQUM.com · ALAQUM.kz · ALAQUM.ru. Бренд на маркетплейсах: Wildberries · Kaspi · Ozon.


ALAQUM is a Kazakhstani bedding brand. Founder — Roman Kozlov, Oral (Uralsk), Kazakhstan. Official sites: ALAQUM.com · ALAQUM.kz · ALAQUM.ru. Marketplaces: Wildberries · Kaspi · Ozon.",,,,2438,6,2795,2613,100,66,2612,1500,,
DataRace19,datarace19,IM,Ahmed Nassr,FR,for training send me a message on lichess,,,,2619,-21,269,2521,266,27,2507,1500,,
ponzianipower,ponzianipower,NM,,PK,,,,,2562,21,1012,2132,-27,66,2717,1500,,
EvgenyBurmakin,evgenyburmakin,FM,Evgeniy Burmakin,RU,https://ratings.ruchess.ru/people/18676,2186.0,,,2339,-14,3505,2559,-6,170,2498,1680,,
BrandonJacobson,brandonjacobson,GM,,,,,,,2638,-87,49,1500,0,0,2797,1500,,
zuluagazo,zuluagazo,IM,Cesar Zuluaga Mancilla,CO,"el ajedrez es mi pasión, soy Maestro internacional",2266.0,2466.0,,2530,23,4633,2534,27,256,2537,2305,,
khubushka2007,khubushka2007,IM,,,,,,,2842,35,4137,2563,171,101,3030,1723,,
soldadoCR06,soldadocr06,FM,Romaris Morales Romero,CU,"Hola soy el Maestro Fide de Ajedrez Romaris Morales Romero. Poseo una larga experiencia de 25 años como entrenador de ajedrez con excelentes resultados en categorias infantiles,escolares y juveniles a nivel nacional e internacional. Me encuentro aceptando alumnos, si esta interesado no dude en contactarme a mi correo:
romarismorales3@gmail.com",,,,2285,-21,4402,2176,16,197,1509,2040,,
ZodabwitsaIM,zodabwitsaim,IM,Unknown Master,AX,Unknown Super International Master,2399.0,2388.0,,2830,37,696,1500,0,0,3236,1500,,
FireonBoard,fireonboard,IM,,,,,,,2726,45,3830,2457,197,21,2851,1500,,
Etud-otradnoe,etud-otradnoe,IM,Александр Захаров,RU,"Международный мастер, олимпийский чемпион в составе сборной России, Директор шахматной школы ""Этюд"" в Москве и Волгограде.
1981 год рождения
https://ratings.ruchess.ru/people/1493",,,,2288,-29,1699,2327,-45,136,2299,1500,,
NadezdaPetrovic,nadezdapetrovic,WFM,,RS,,2015.0,,,2154,-106,183,2117,119,15,2152,1500,,
Chaitanya1932,chaitanya1932,CM,Chaitanya Sai Ram Mogili,IN,,2212.0,,,2464,6,1811,2318,-57,18,2254,1996,,
Konevlad,konevlad,GM,Vladislav Artemiev,RU,"""Некоторые кони не скачут, а хромают"".
Тартаковер",,,,3056,18,1806,2615,0,11,3208,1500,,
shahinlorpari,shahinlorpari,GM,Shahin Lorparizangeneh,IR,"https://www.youtube.com/@GMshahinlorpari
I am GM Shahin, Five-time Asian champion record holder and 
member of Iranian national team for years.
Also,I have been a chess coach since 2015 and offer chess lessons with best conditions 
the rate is 30$ per hour and for 10 hours package 250$
contact: shahinlorapari@yahoo.com",2457.0,,,2610,-2,2135,2169,0,9,2983,1500,,
Gallego_12,gallego_12,FM,Julian Andes Gallego Vasquez,CO,MF,2205.0,,,2507,-31,5402,2371,442,23,2544,1500,,
lazarofree,lazarofree,FM,,,,,,,2357,-16,4540,2387,22,306,2722,1961,,
HaykoCepkin,haykocepkin,NM,,,,,,,2357,6,1789,1274,0,5,2804,1500,,
abdurakhmanov_02,abdurakhmanov_02,IM,Mukhammadali Abdurakhmonov,UZ,"4 times Asian Chess Champion 
Champion of Western Asia U20, Two Norms of Grandmaster, Double Champion of Uzbekistan
Chess content-creator, streamer",2430.0,,,2567,-6,683,1500,0,0,2821,1500,,
Alexander_Zubov,alexander_zubov,GM,Александр Зубов,UA,"Профессиональный шахматист, международный гроссмейстер и стример. Автор канала https://www.youtube.com/c/AlexanderZubov/
В данный момент провожу набор учеников для индивидуальных занятий. Стоимость одного часа занятий $50. Пакет занятий 5 часов - $45/час. е-mail для связи со мной: zubov.gm.lessons@gmail.com. Занятия будут проходить через Zoom + Lichess.",2688.0,,,2875,-85,3595,2460,102,35,3051,1500,,
Ubiennykh_Ekaterina,ubiennykh_ekaterina,WIM,Ekaterina Ubiennykh,RU,https://ratings.ruchess.ru/people/11771,,,,2479,34,179,2274,97,18,907,1500,,
JKCM,jkcm,NM,Kevin Celis,BO,https://imgur.com/PZNhKPl,,,,2208,-37,2676,2084,-52,197,2435,1620,,
Bugzilla,bugzilla,IM,,AU,,2380.0,,,2627,28,11325,2595,-155,143,2670,2049,,
Kotofeyca,kotofeyca,FM,,RU,"Fide Master, 58 years old. FIDE 2325, Active chess 2172, Blitz 2167. Last my serious game was in 1999 year.",2167.0,,,2500,17,9505,2079,-9,27,2624,1500,,
MrREFRAO,mrrefrao,IM,Lucas Coro,AR,,2427.0,,,2608,-18,4229,2506,154,87,2812,1500,,
najull,najull,FM,,,,,,,2309,47,7408,1950,0,5,2122,1500,,
hibyehwa,hibyehwa,IM,,,,,,,2521,37,250,1759,0,1,2852,1500,,
Varvara31,varvara31,WFM,Варвара Саулина,RU,,,,,2270,17,4171,1500,0,0,2332,1500,,
Gyulamiryan_Koryun,gyulamiryan_koryun,CM,Гюламирян Корюн Антеванович,RU,"https://ratings.fide.com/profile/4144899

В шахматах мне нравится стремление к победе, обнаружение и проведение красивой комбинации. Люблю открытые и полуоткрытые дебюты. Нравится изучать партии Александра Алехина, Бориса Спасского, Гарри Каспарова, Алексея Широва, Веселина Топалова, Левона Ароняна, Александра Морозевича.",1890.0,,,1855,25,20104,2041,-2,4244,2100,1947,,
lgsalazar94,lgsalazar94,FM,Luis Germán Salazar Farias,VE,"Hi everyone! I'm Luis Germán. I am Venezuelan. I'm FIDE Master and I have a lot of experience playing national and international Chess Tournaments representing to Venezuela, since I was a child. I have also worked as a Chess Trainer. https://ratings.fide.com/profile/3902170

¡Qué tal amigos! Mi nombre es Luis Germán. Soy venezolano y Maestro Fide de Ajedrez...",2321.0,,,2218,72,1530,2279,37,12,2148,1500,,
Pesandu-Liyanage,pesandu-liyanage,FM,Liyanage Pesandu Rashmitha,LK,,2172.0,,,2265,-107,48,1440,0,1,2509,1500,,
RahmanAdel,rahmanadel,FM,,,,,,,2421,-30,4091,2484,-18,211,2004,1500,,
dr_dre08,dr_dre08,IM,,,,,,,2732,5,6092,2609,104,520,2872,2283,,
Konstantin_Bazarov,konstantin_bazarov,FM,,RU,,2235.0,,,2605,28,12275,1500,0,0,2627,1500,,
peachybaby69,peachybaby69,NM,,CA,,,,,2239,8,7078,2443,225,21,2519,1865,,
Glidzhian_Gor,glidzhian_gor,FM,Гор Глиджян,AM,"https://www.twitch.tv/d_artaignan
https://www.youtube.com/channel/UC6YaABmu27i4lBS96Nl4oCw",2342.0,,,2649,7,7230,2613,36,392,2923,1500,,
brokeneveryday,brokeneveryday,IM,Zhandos Agmanov,KZ,,,,,2765,-38,121,1500,0,0,3069,1871,,
AlexandraD,alexandrad,WFM,Александра,RU,,,,,2218,-86,368,1962,50,13,2058,1500,,
Taipei101,taipei101,FM,,,,,,,2501,55,231,1500,0,0,2516,1500,,
Lord_Maxik,lord_maxik,FM,,,,,,,2670,0,418,1500,0,0,3004,1500,,
Igor_Lutz,igor_lutz,NM,Igor Lutz,BR,"International Arbiter, National Master and Chess Teacher.
Árbitro Internacional, Mestre Nacional e Professor de Xadrez.",2022.0,,,2217,-10,1909,2196,-39,316,2209,2371,,
Grey_parrot,grey_parrot,GM,,,,,,,3002,-25,283,1500,0,0,3190,1500,,
Overrated_Bum,overrated_bum,NM,,,,,,,2032,27,4297,2297,38,428,2331,1500,,
Utopist_Trainer,utopist_trainer,CM,,,,,,,2407,30,1267,2079,0,4,2673,1500,,
Shadin,shadin,FM,Eneasz Wiewióra,PL,"Zapraszam na lekcje online z Mistrzem FIDE
https://eneasz.pb.online",2354.0,,,2502,10,269,2306,18,93,2402,1500,,
JuanCGlez,juancglez,GM,,MX,,,,,2556,3,319,2436,0,5,2761,1500,,
Hanami-Metsubou,hanami-metsubou,CM,Alex Antonio Delgado Rosas,ES,"CM Alex Delgado 2191
Subcampeón de Panamá en 2022.
Subcampeón de Panamá en 2024.

Clases online, flexible en los costos.",2191.0,,,2519,66,111,1935,-135,108,2806,2153,,
janei,janei,FM,,,,,,,2239,-70,694,1500,0,0,2151,1500,,
Zuma2910,zuma2910,FM,Zaur Hasanov,DE,,2309.0,,,2451,6,5569,2455,125,25,2904,1547,,
Timchess2007,timchess2007,CM,Timofey Bokhnak,CZ,"17 let
Fide ID ---> 14172976
https://ratings.fide.com/profile/14172976",2273.0,,,2342,95,1289,2125,-62,133,2465,2230,,
ElMVP17,elmvp17,NM,,CU,,1991.0,2256.0,,2409,-6,4991,2433,0,5,2615,1500,,
ccbx,ccbx,FM,Carlos Eloy Carbonell Bofill,ES,"MF
http://ratings.fide.com/card.phtml?event=2203391",2074.0,,,2096,-8,1633,2361,40,192,2142,1500,,
Samandar04,samandar04,FM,"Samandar, Shermuhammadov",UZ,,2144.0,,,2423,-43,5237,2155,-8,83,2672,2018,,
Bgabor91,bgabor91,FM,Gabor Balazs,HU,"My name is Gabor Balazs. I am a Hungarian FM, fighting for the IM title. My top ELO is 2435. I have been playing chess for 21 years. I won the Hungarian Rapid Championship twice (U16 and U18). I love teaching chess. I have a widespread opening repertoire (a lot of openings are analysed by strong Grand Masters).- I can teach you the main middlegame plans, the art of calculation, famous chess games and the endgame theory. I have elaborated, personalized training plans, which helps you to improve your skills effectively.- I help you analyse your games deeply, so you can learn from your mistakes.",2398.0,,,2568,-5,782,2281,-22,17,2647,2047,,
Dalimonse,dalimonse,WFM,Dalila Perez,PY,,,,,2022,-57,261,1969,2,93,1987,1500,,
ebret,ebret,WIM,Zsuzsanna Terbe,HU,,,,,2097,-62,467,1960,-168,47,2138,1500,,
Gui_tarchess,gui_tarchess,CM,José Ángel Hernández Luna,MX,Rating Nacional: 2052,2012.0,,,2233,-49,2370,2136,-79,234,2457,1803,,
Welcome_to_Flagistan,welcome_to_flagistan,IM,,_earth,,,,,2613,3,4173,2612,4,448,2895,1500,,
flamaster7,flamaster7,NM,,UA,,,,,2601,2,10640,2233,-63,123,2337,1787,,
Roli_The_First,roli_the_first,CM,Roland Reviczki,HU,,,,,2318,-15,2940,2455,75,14,2294,1500,,
VasilijeVladacki,vasilijevladacki,IM,Vaso Blesic,RS,"I am an international master and chess coach. I use many openings in my games. I am good in calculation, but endgame is mine main weapon in chess.
 

",2396.0,,,2634,-5,5417,2500,168,43,2687,1947,,
kaua18,kaua18,FM,,BR,,,,,2360,-7,11377,2242,27,1198,2511,1893,,
Dove____Cameron,dove____cameron,WFM,Anousha Mahdian,,,,,,2254,9,3692,2235,92,44,2336,1745,,
Iljushin_Alexey,iljushin_alexey,GM,Алексей Илюшин,RU,"Международный гроссмейстер, кандидат философских наук. Двукратный участник Кубка Мира среди мужчин.  Сейчас занимаюсь тренерской деятельностью. Ученики чемпионы и призеры России.",2461.0,,,2172,-37,2370,2689,45,39,2045,1771,,
vizumatv4hoda,vizumatv4hoda,GM,Bogdanov Egor,UA,Chess coach,,,,2685,13,13772,2603,26,424,3012,2328,,
Olm65,olm65,FM,,,,2200.0,,,2322,-41,10597,2346,9,1581,1500,1500,,
SiranAND,siranand,WIM,Siranush ANDRIASYAN,FR,WIM,2298.0,,,2264,-21,1818,1940,0,6,2238,1500,,
Commissaire-Maigret,commissaire-maigret,FM,,,"36, quai des Orfèvres",,,,2412,29,740,1500,0,0,1500,1500,,
shineatchess,shineatchess,IM,Nisha Mohota,IN,"I am a WGM/IM from India. 
Visit my Youtube channel - https://www.youtube.com/channel/UCmKTICJOPuJPYDRkweYmEBg",2236.0,,,2292,15,242,1500,0,0,2135,1500,,
Vanya_004,vanya_004,FM,,,,,,,2505,-34,3236,2359,-146,76,2692,1500,,
Laketo1104,laketo1104,CM,Maketo Nyambe,ZM,Whoever is everywhere is nowhere!,2117.0,,,2278,-35,4396,2380,-55,17,2404,2090,,
IljaSir,iljasir,IM,Ilja Sirosh,EE,"I am playing chess for more than 20 years by now. I am 12 times Estonian champion in different age groups (from under 8 to under 20). In 2017 I won Estonian Men's Championship and got place in the Olympic team of my country.
On the 43rd World Chess Olympiad I got a 3rd IM norm and IM title.",2385.0,,,2512,19,5767,1983,214,17,2567,1500,,
ilprofessore87,ilprofessore87,FM,,IT,,,,,2510,-7,6452,2364,-32,14,2780,1500,,
Crush09,crush09,WGM,,US,,,,,2649,249,687,2333,26,65,3133,1500,,
KamranShirazi,kamranshirazi,IM,Kamran Shirazi,FR,https://en.wikipedia.org/wiki/Kamran_Shirazi. An Iranian American in France.,2499.0,2654.0,,2402,-19,71984,1782,-400,44,2345,1157,,
momocatty,momocatty,WFM,Nguyen Thi Minh Oanh,VN,,,,,2022,11,49,2122,46,17,2400,2101,,
SectumsempraS,sectumsempras,NM,,,,,,,2409,3,361,1500,0,0,2517,1500,,
Willhaven,willhaven,FM,David Castañeda,CO,"FIDE ID: https://ratings.fide.com/card.phtml?event=4405048
Liga de ajedrez de Antioquia.

Soy un maestro Fide colombiano. Tengo experiencia como entrenador de la universidad nacional de Colombia sede Medellín.
He sido instructor de la liga de ajedrez de Antioquia y  monitor de ajedrez en mis años de universidad.
",2200.0,,,2600,25,17933,2292,380,22,2841,1500,,
Banzeus,banzeus,IM,Alexandru-Bogdan Banzea,RO,https://www.youtube.com/c/AlexBanzea,2427.0,,,2486,-43,5207,2437,68,151,2577,1500,,
Mukhriez1676,mukhriez1676,CM,Mukhriez Shah,MY,Blablabla,2007.0,,,2304,20,1913,2270,1,719,2572,1951,,
DavidOjeda,davidojeda,FM,Jesus David Ojeda,CO,"CAMPEON DE NORTE DE SANTANDER (COL)

Pueden seguirme en mi canal de youtube https://www.youtube.com/channel/UCNT2tWVYb41Oxws3KZVr-Pw
",2136.0,,,2381,10,9167,2463,98,169,2607,2205,,
Nikolaj_6,nikolaj_6,IM,Nikolai Aliavdin,PL,"IM, the best rating 2421. Coach, chessplayer",,,,2703,57,15187,2712,53,279,2834,2410,,
Srchesschilango,srchesschilango,CM,Sergio Turincio Garcia,MX,"Apasionado del ajedrez, practico desde hace 27 años, tengo titulo internacional de CM, soy Arbitro Oficial, promotor y entrenador de ajedrez desde hace 15 años
me encanta este genial deporte
Sigue mi página https://www.facebook.com/chesschilango/
https://i.imgur.com/RPtvdkF.jpg
Si entraste a estudiarme ni te esfuerces en prepararte, estas preocupado y te ganare.
@sergio_turincio instagam",2213.0,,,2315,-22,4039,2226,124,166,2548,1965,,
guicar16,guicar16,CM,Guillermo Carvalho,UY,"Playing chess since I was 4, born on 1967. National Chess Master and Fide Candidate Master, played at four chess olympiads (2000,2004,2006 and 2008). Fide Instructor and International Arbtiter since 2019",2050.0,,,2350,-14,4745,2469,46,42,2408,1500,,
GuruChessAcademy,guruchessacademy,CM,SHAILENDRA BAJPAI,IN,,2263.0,,,2464,45,2125,2401,-69,60,2531,2257,,
MrMasterMak,mrmastermak,CM,Azamikia Mehran,IR,FI : fide coach,2130.0,,,2397,14,84,2456,8,39,2554,1500,,
HATilay,hatilay,FM,Atilla Eynullayev,,,2333.0,,,2535,-27,1231,2316,-119,43,2753,1500,,
Maroczy1,maroczy1,CM,,JP,,,,,2368,25,1027,2339,169,43,2700,1907,,
liquormark,liquormark,NM,Mark Biernacki,US,2017 North Carolina State champion,,2223.0,,2272,-28,6385,2210,-57,976,2270,2009,,
Dimitriy1975,dimitriy1975,NM,,UA,,,,,2353,2,10446,2429,1,85,2705,2149,,
Fandorine96,fandorine96,GM,Maksim Chigaev,ES,,2648.0,,,2867,15,4578,2608,-64,85,3109,1500,,
ViciousKnight30,viciousknight30,WFM,Shania Mae Mendoza,PH,https://i.imgur.com/UHf6w72.jpeg,2069.0,,,2262,143,854,2202,24,14,2407,1500,,
AgeofExcuse,ageofexcuse,IM,,,,,,,2613,1,5282,2286,0,10,2520,1985,,
Tactigol,tactigol,FM,,CO,,2235.0,2381.0,,2512,96,1814,1500,0,0,2410,1500,,
junglebook1,junglebook1,GM,,,,,,,2813,21,360,1318,0,1,3406,1201,,
el_sorcio8,el_sorcio8,FM,Giorgio Belli,IT,https://lichess.org/coach/el_sorcio8,,,,2500,26,4099,1500,0,0,2712,1500,,
Silvermist15,silvermist15,WGM,Ayah Moaataz,EG,"- An Arab and African champion.
- Achieved Woman Grandmaster title in 2022.
- Member of the first national team for my country.
- Fide School Instructor.
- Chess is my forever passion.",2133.0,,,2422,25,6022,2528,23,184,1500,1500,,
deadly_bishops,deadly_bishops,FM,,TC,,,,,2593,-8,901,2243,39,17,2792,1500,,
Chess_whale,chess_whale,WCM,,AQ,,,,,2042,25,286,1996,39,136,1897,1954,,
Poligrafpoligrafych,poligrafpoligrafych,IM,Ruslan Kashtanov,RU,"Coach with over 25 years experience.certified FIDE trainer.I'm available for the private and group lessons.If you are interested-please,do contact me. My skype name -ruslanio.chestnut I have special programs for all levels-from beginner to advanced players.I was raised a champions of St. Petersburg, Russia, Europe, South-Еast Asia and  a World.",2376.0,2475.0,,2421,9,2724,2276,-33,26,2467,1500,,
iunusov_08,iunusov_08,CM,Nuriddin Iunusov,,https://ratings.fide.com/profile/13803026,,,,2380,-33,3367,2208,46,64,2552,1500,,
kathryna,kathryna,WCM,Katharina Reinecke,DE,,1875.0,,,2101,-13,2717,2279,-26,480,2107,2210,,
Keriman,keriman,WFM,Ecrin Efsa Büyük,TR,https://ratings.fide.com/profile/44505175/calculations,,,,2265,15,496,2327,-72,204,2444,2006,,
TinyMinnow,tinyminnow,NM,,US,USCF National Master living on the US East Coast,,2221.0,,2312,3,3355,1721,0,5,2151,1500,,
twitchlezgo,twitchlezgo,WFM,Devina,US,"Chess Coach (specializing in adult improvers), Streamer & Content Creator
twitch.tv/SimplyDevina
devinadev.com",,,,2356,-66,1091,2222,13,22,2611,2035,,
Aliakbarov_Anar,aliakbarov_anar,FM,Anar Aliakbarov,BE,,,,,2574,-24,1093,2554,150,53,2544,1500,,
Mirz31,mirz31,WCM,Mira Mirano,PH,,1878.0,,,2333,9,1806,2351,50,167,2409,1960,,
MFAlejandroArias1987,mfalejandroarias1987,FM,,,,,,,2338,-23,3423,1802,41,536,2340,1776,,
hblanco,hblanco,IM,Humberto Blanco,CU,"Lic. Deportes Cultura Física y Recreación.
Cuerpo y mente saludables.
Email: hblancolt@yahoo.es",2453.0,,,2744,29,4551,2540,-99,142,2892,1979,,
GustavoDOliveira,gustavodoliveira,NM,Gustavo Oliveira,BR,️️,2196.0,,,2103,-17,4661,2195,-24,127,2573,2025,,
TuxThePenguin,tuxthepenguin,FM,,FR,,,,,2310,17,4504,2313,24,40,2207,2313,,
ajay_karthikeyan,ajay_karthikeyan,IM,Ajay Karthikeyan,IN,"Hi, I am Ajay Karthikeyan. I am a 21 year old International Master from India with 1 GM norm. Ping me if you're interested in coaching sessions.",2355.0,,,2662,104,142,1743,0,1,2772,1500,,
Biriyani,biriyani,GM,,FR,"I receive a lot of messages, sorry I have not much time to answer to all of them.",,,,2699,-32,6099,2528,285,24,2886,1500,,
jorgedj2003,jorgedj2003,FM,Jorge de Jesus Perez Marimon,ES,https://lichess.org/coach/jorgedj2003,2380.0,,,2463,-19,6825,2384,-46,498,2538,1846,,
Eagle_2019,eagle_2019,GM,Эдгар Мамедов,KZ,FM,,,,2779,0,1544,2400,-23,82,2853,1500,,
Loay23,loay23,IM,Loay Sameer,JO,"a chess International Master and a FIDE Instructor (IM & FI), so proud of my successful students around the world and I wish to make more successful students in the future.
send me a message if you want to be one of my students.",2251.0,,,2326,-81,5892,2168,323,37,2718,1844,,
ChopperMD,choppermd,WFM,,GE,https://i.imgur.com/FsebAv9.gif,,,,2272,41,14,1500,0,0,2569,1500,,
ValeriyGrinev,valeriygrinev,IM,Valeriy Grinev,UA,The author of a unique teaching technique. A qualified trainer with successful experience both in children's chess and at the level of national teams.,2441.0,,,2700,30,2766,2107,-198,111,2640,1820,,
ChickenJoggy1010,chickenjoggy1010,CM,Cristiano Ronaldo,PT,,2267.0,,,2576,74,14,1500,0,0,2813,1500,,
TheBalancedPlayer,thebalancedplayer,CM,,,,,,,2607,2,3044,2583,49,181,2923,2502,,
Hooligan64,hooligan64,GM,,,,,,,2987,-31,239,2583,0,2,3228,1500,,
Moussardraser,moussardraser,FM,,FR,Chess master and coach.,2300.0,,,2414,12,3301,2504,-18,1860,2451,2380,,
Nika_Volkov,nika_volkov,CM,Nika Volkov,GE,"Available for online (blitz and bullet) training games. DM me if you are interested..


https://www.fiverr.com/nikavolkov",2419.0,,,2562,-20,2513,2423,237,27,2999,1733,,
vovasev,vovasev,FM,Vladimir Sevostianov,RU,"CM. Chess, chess coach, music,  pedagogy, writing, engineering. Fan of Alexander Grischuk, Alireza Firuzdja, Alexandra Kostenyuk.",,,,2541,32,28438,1642,-395,58,2672,1215,,
jonynakamura,jonynakamura,CM,Jorge Jonathan Vazquez Adame,MX,,2226.0,,,2330,-30,4419,2162,-31,280,2394,2008,,
TioCridineno,tiocridineno,NM,Vinicius Saito,BR,"Science, chess and rock! (not necessarily in that order...)
Great lover of books, series and animes too!",,,,2401,8,18650,2241,19,40,2379,1500,,
navnp04,navnp04,NM,,,,,,,2265,24,59,2477,96,71,2433,2063,,
ChessPromotionAlex,chesspromotionalex,IM,Alexander Slizhevsky,RU,"IM Александр Слижевский  https://ratings.fide.com/profile/4152050. 

Coach page https://lichess.org/coach/ChessPromotionAlex

About training write message on lichess or alexanderslizhevsky@gmail.com",2372.0,,,2580,-17,1593,2315,56,34,2700,1500,,
Mishka_The_Great,mishka_the_great,IM,Mieszko Miś,PL,For coaching and training games check out my coach profile https://lichess.org/coach/Mishka_The_Great,2395.0,,,2651,-16,2356,2211,-247,39,3064,1465,,
MskChessTVYouTube,mskchesstvyoutube,CM,Максим Матюнин,RU,,2128.0,,,2490,12,4171,2434,34,302,2593,1766,,
chessplayer7878,chessplayer7878,WGM,,,,,,,2479,-9,607,2335,329,27,2716,1500,,
paintgirl,paintgirl,WFM,Ariana Pintor,PT,,,,,1977,-63,703,2154,-65,12,1821,1500,,
H-Aryanejad,h-aryanejad,FM,,,,,,,2345,-62,4788,2271,39,40,2372,2077,,
Serog1sPerog1s,serog1sperog1s,NM,,,,,,,2548,5,9184,2497,-6,287,2628,2394,,
ascunanan,ascunanan,NM,,US,,,,,2266,105,552,1500,0,0,2603,1500,,
Pablodm,pablodm,IM,Pablo Della Morte,AR,,,,,2234,-82,790,2041,-103,24,2195,1744,,
Zakaryan_David,zakaryan_david,IM,Давид Закарян,RU,"International Master. Chess coacher. Only Russian language. My English very bad.
Тренирую онлайн, спарринг партнер, поставлю дебютный репертуар, подтяну понимание игры, подготовлю к сопернику или к турниру",2310.0,,,2707,38,184,1500,0,0,2804,1500,,
Chepursias,chepursias,GM,Ivan Cheparinov,BG,,2673.0,,,2773,7,564,1500,0,0,2715,1500,,
Kiezking,kiezking,FM,Felix Meißner,DE,https://i.imgur.com/b6sGsJy.jpeg,2410.0,,,2481,23,4871,2039,0,7,2702,1500,,
Chalalpa,chalalpa,FM,,,,,,,2428,13,271,1500,0,0,2438,1500,,
OymakBeyi,oymakbeyi,FM,,TR,,2222.0,,,2266,13,466,2476,0,12,2219,2475,,
bibek_zhunussov,bibek_zhunussov,FM,Bibek Zhunussov,KZ,,2179.0,,,2001,-302,376,1500,0,0,2348,1500,,
Sparta299,sparta299,GM,GM Samuel Sevian,,,,,,3012,170,172,1500,0,0,3085,2053,,
MRuslan11,mruslan11,CM,Momunaliev Ruslan,KG,,2238.0,,,2404,-44,704,1500,0,0,2645,1500,,
tahaozkan2007,tahaozkan2007,FM,Taha Özkan,TR,,,,,2498,-5,2576,2651,-68,296,2644,2516,,
Anacreonte,anacreonte,FM,Mario Yber Lopez,BO,,2163.0,,,2111,13,12206,2444,0,4,2319,1500,,
Fafa13RT,fafa13rt,IM,Ali Nassr,DE,"For 40 euros/month, get a full personalized chess training program covering openings, middlegame, and endgame.
For 130 euros/month, get the same program plus a weekly 2-hour masterclass. I'll answer all your questions and analyze your games. After each session, we can play 10 blitz or 3 rapid games. For more details, just ask!",2300.0,,,2380,-19,293,2268,-63,35,2503,2201,,
STAYFlow,stayflow,FM,Florian Daeschler,FR,D52205,,,,2494,13,4228,2266,-69,86,2580,1500,,
AndreyNeves,andreyneves,FM,Andrey Souza Neves,BR,"Sou o Mestre FIDE Andrey Souza Neves, gosto de jogar torneios e dar aulas.",2143.0,,,2188,-57,10972,2175,9,414,2146,1668,,
Peacefully,peacefully,GM,,,,,,,2249,-6,271,1500,0,0,1989,1500,,
monalize,monalize,IM,Mazi Leon,SI,,2360.0,,,2572,1,2294,2404,-40,52,1977,2209,,
BrizuelaR,brizuelar,CM,Reivis Brizuela,VE,CM,2205.0,,,2435,13,4886,2368,21,67,2584,2253,,
CaptainPrice322,captainprice322,FM,,,,,,,2635,-10,2267,2557,20,73,2717,1500,,
V_M,v_m,GM,Volodar Murzin,_earth,,,,,2903,25,1342,2565,203,19,3211,1949,,
Chaldon66,chaldon66,FM,Mark Kapitsyn,RU,"Шахматный педагог, тренер и организатор. 
Год рождения - 1966. 

https://ratings.ruchess.ru/people/3215

Что мне нравится в шахматах? Борьба, атака, умная стратегия, тонкие эндшпили, хитрые этюды и задачки.
Ненавижу в шахматах: унылые ничьи и тупую игру на время.",,,,2125,9,648,2053,-48,243,2244,1258,,
vaishali2001,vaishali2001,IM,,IN,,,,,2472,10,373,2368,36,18,2743,1500,,
ThierryBaudet,thierrybaudet,FM,,SR,,,,,2489,2,1335,2435,131,19,2513,1500,,
skrillexstyle,skrillexstyle,FM,,DE,,,,,2527,40,306,1500,0,0,2577,1500,,
lovlas,lovlas,IM,,,Mostly inactive account. Migrated to https://www.chess.com/member/lovlas. I am extremely disappointed in every single member of the lichess team. Shame on you.,,,,2506,-91,13166,2265,-14,247,2851,2524,,
E-Shaposhnikov,e-shaposhnikov,GM,,RU,,2517.0,,,2782,21,8051,2633,67,42,2856,1500,,
alwaysplanahead,alwaysplanahead,NM,,,,,,,2324,183,73,2176,-44,138,2579,2230,,
RenzoRengifo,renzorengifo,FM,Renzo Rengifo Blancas,PE,Soy Maestro Fide y con experiencia de más de 10 jugando ajedrez. Doy clases particulares y servio de sparring( juego matches segun las lineas que desees) Mandame un mensaje para mas info,,,,2369,90,2188,2111,-32,32,2432,1500,,
Pogos89,pogos89,IM,,RU,,,,,2566,34,1515,1500,0,0,2941,1500,,
Pheonix_98,pheonix_98,IM,Sai Agni Jeevitesh J,IN,"International Master. Available for Online classes at 25-40$ per hour, you can contact me at saiagnijeevitesh@gmail.com",2404.0,,,2611,40,694,1914,0,2,2841,1500,,
NoSpaghetti,nospaghetti,NM,,,,,,,2349,90,989,2435,-31,77,2682,2509,,
Dr-Tarun007,dr-tarun007,IM,Tarun Kanyamarala,IE,"Preserve timestamps when pasting to chessbase from lichess
https://ictl.ie/lichess-pgn-to-chessbase-converter/",2384.0,,,2498,41,1054,2420,117,114,2500,1801,,
raining_taco,raining_taco,NM,,_earth,"https://lichess.org/@/raining_taco/blog/the-thrill-excitement-and-enduring-dilemma-of-classical-chess/T15sV2ug

https://lichess.org/study/wHomma4E",,,,2359,-65,249,1736,0,1,2663,1655,,
Reikoda,reikoda,FM,,MO,,,,,2465,-1,3381,2180,242,28,2679,1500,,
Bala77,bala77,NM,,,,,,,2661,23,9049,1352,0,1,2852,1047,,
Thorfinnsson,thorfinnsson,IM,Bjorn Thorfinnsson,IS,,2387.0,,,2391,-132,483,1679,0,5,2422,1486,,
Gabix94,gabix94,GM,,HU,,,,,2735,-24,6649,2310,93,41,3000,2212,,
GMVallejo,gmvallejo,GM,Francisco Vallejo Pons,CR,www.gmvallejo.com,,,,2897,-41,3595,2662,228,37,3030,1500,,
Kovalchuk94,kovalchuk94,FM,Alexey Kovalchuk,RU,"I am a coach, please contact. Link to my page on lichess https://lichess.org/coach/Kovalchuk94
I love strategic thinking, planning, unique chess combinations in chess, I love studying openings. My favorite openings are Grunfeld Defense, Sicilian Defense, Spanish Game, Russian Game. My top favorite players: Alekhine, Carlsen, Kasparov, Karpov.",2442.0,,,2670,-9,3183,2472,219,36,2825,1797,,
jorquerino,jorquerino,FM,Marcelo Jorquera,CL,"Maestro FIDE. Disponible para clases online.  
https://imgur.com/LBuE6sU
Consultas a: contacto@marcelojorquera.com",2234.0,,,2313,14,1997,2283,35,16,2374,1500,,
chessyeg,chessyeg,IM,,IN,"Kolkata, West Bengal, India",2398.0,,,2508,15,9278,2490,-93,53,2624,1500,,
uthra18,uthra18,WFM,Uthra Pakkirisamy,US,,2007.0,2037.0,,2033,65,64,1804,0,3,1781,1500,,
AbasovN,abasovn,GM,Nijat Abasov,AZ,Abasov,2679.0,,,3021,97,819,2749,76,58,3205,2338,,
Caio2519,caio2519,NM,Bogdan,BE,,1400.0,,,2418,-22,7307,2426,2,412,2399,2158,,
manwithavan,manwithavan,GM,,,,,,,1500,0,0,1500,0,0,3086,1500,,
hamidebh001,hamidebh001,FM,,GD,"Real Madrid
Tractor",,,,2680,40,13048,2606,-68,896,2937,2164,,
ventdelest,ventdelest,CM,Moulaye Brahim Hemam,MR,,2077.0,,,2136,-3,20324,2194,-35,15,2065,1345,,
SalihEke,saliheke,FM,Salih Eke,TR,https://i.imgur.com/aZIxRow.jpg,2138.0,,,2529,-28,1040,2695,-3,87,2866,1500,,
centellajajaja,centellajajaja,FM,MF Pablo Alexander Ruiz Aguilar,CO,"Jugador Siciliano...Alekhine..Kasparov....Del Socorro Santander
ID 4401352
LIGA SANTANDEREANA DE AJEDREZ (COLOMBIA)",2200.0,,,2406,20,2150,2534,12,191,2316,1959,,
chucky666,chucky666,CM,,,,,,,2358,18,4648,1500,0,0,2328,1500,,
acashmoney,acashmoney,NM,Aakaash Meduri,US,,,,,2319,-21,5384,2536,-3,736,2608,2117,,
Gamextreme,gamextreme,CM,Davi Nascimento,AQ,"https://imgur.com/OojaP3n
Brazilian National Master
Candidate Master

1º Lugar Jogos Universitários Absoluto 2022 5/6
2º Lugar Jogos Universitários Absoluto 2024 5/6
1º Lugar Estadual Absoluto RN 2021 6.5/7
3º Lugar Camp. Brasileiro Absoluto Rapido 2023 5.5/7
1º Lugar Jogos Escolares da Juventude do RN 2019 5.5/6


""little lights shining in the dark""",2082.0,,,2365,-20,6729,2427,-16,588,2510,2277,,
minikarpov,minikarpov,FM,,,,,,,2600,5,5040,2394,23,77,2523,2050,,
marci_chess,marci_chess,FM,,_earth,,,,,2603,32,861,2601,33,163,2703,1500,,
Maltinho,maltinho,IM,,,,,,,2483,-10,11320,2593,16,300,2900,2330,,
EdenHazard8,edenhazard8,FM,Max Pert,,,,,,2386,25,9282,2393,-27,1334,2535,2037,,
szmark,szmark,CM,Arkadiusz Szmyd,PL,,2052.0,,,2287,11,3217,2321,-51,145,2419,2189,,
Marxivsko,marxivsko,CM,,PA,,1884.0,,,2163,71,11553,2269,112,606,1999,1969,,
GoTarraGo,gotarrago,NM,"Tarragó Antoni, Maurici",US,,,2314.0,,2378,17,4352,2207,14,44,2440,1500,,
sonson28291,sonson28291,FM,Jorge Martinez,CO,,2157.0,,,2309,29,5961,2238,15,31,2118,1328,,
Filipdol,filipdol,CM,Dolenský Filip,CZ,Major Purkíňo a Pospíňo jsou Seladoni,1235.0,1000.0,1000.0,2229,-22,4951,2310,61,452,2604,1818,,
oanda,oanda,IM,,,,,,,2516,14,618,1500,0,0,2721,2164,,
dub_max,dub_max,FM,,UA,.,2293.0,,,2533,10,3387,2251,36,105,2819,1923,,
ArmQueen,armqueen,WGM,Maria Gevorgyan,AM,,2228.0,,,2460,90,954,2088,-119,38,2311,1500,,
Winner82827281910,winner82827281910,WCM,,FR,,,,,2216,-14,181,1950,-81,16,2546,1840,,
fsm666fsm,fsm666fsm,FM,,GB-SCT,,,,,2300,-9,21311,1668,0,1,1755,1500,,
Koreschikov_Maxim,koreschikov_maxim,FM,Максим Корещиков,RU,"Меня зовут Максим Корещиков, я Мастер FIDE с максимальным рейтингом 2338",2318.0,,,2348,9,4435,2276,-10,93,2381,1500,,
Arina_Maryina,arina_maryina,WFM,Арина Марьина,RU,Учреждение высшего образования Томский Политехнический университет (ТПУ),,,,1998,-31,1435,856,0,2,1290,1685,,
FabianPonzo,fabianponzo,NM,Fabian Alejandro Ponzo,AR,"Capitan de Guillon chess, ganador de Bundesliga y Liga Chesscovid. https://lichess.org/team/guillon-chess

Mi mejor torneo! https://lichess.org/tournament/v4vkiFNA",,,,1967,1,39666,1814,-86,211,2276,1910,,
UniofNorthLondon,uniofnorthlondon,CM,Christopher Briscoe,GB,"Chris Briscoe, ecf 194. National Master. Candidate Master. Former Surrey Champion, and county board 1.
Welcome to Surbiton Junior chess club.
I aim to run tournaments and tuition on here in due course.

All the best everyone, and hope you all play enjoyable games here!",2192.0,,194.0,2116,4,1475,2155,-51,494,2410,2213,,
Harikrishnapentala,harikrishnapentala,GM,Hari krishna Pentala,IN,,2730.0,,,2968,139,236,2908,223,22,3015,2048,,
fastestmanalive,fastestmanalive,IM,Paulo Bersamina,PH,"Hello chess lovers!

I'm Paulo Bersamina, a 26-year-old IM. I played in four Olympiads for my country. I am currently pursuing my GM title. I offer personalized chess lessons. If you want to improve your game, feel free to contact me here. And please subscribe to my YouTube Channel: https://www.youtube.com/channel/UCuA3OAGW-gDpHp4RWZa_Ybg",2411.0,,0.0,2719,-37,2307,2565,-67,316,2917,1500,,
NobelOscar,nobeloscar,CM,Nóbel Oscar Del Rosario,DO,Amante del ajedrez,1908.0,,,2130,-8,10496,1798,-131,55,2337,1944,,
drdaro,drdaro,FM,,HU,,,,,2154,-82,177,2052,0,1,2604,1444,,
Hypermolnia,hypermolnia,CM,Antipov Fedor,RU,,,,,2542,-12,3634,2191,-130,51,2653,2080,,
Vladimirech,vladimirech,FM,Vladimir Echevarria del toro,CU,Maestro Fide de ajedrez de una academia de cuba en la habana.,2294.0,,,2197,-8,2980,2092,-53,26,2273,1993,,
Vversipellis,vversipellis,FM,Teymur Bashirov,AZ,,2302.0,,,2421,64,4185,2408,-61,447,2464,2148,,
narva777,narva777,FM,Juri Firstov,EE,"I am Fide Master from Estonia. My max. fide rating was 2389. I was champion of Tallinn 2004 and Irish champion 2012.  I also won some open tournaments.
I offer chess lessons (15 eur per hour).
Email: estonia777@gmail.com",2362.0,,,2514,56,113,2061,37,26,2536,1500,,
Ramadhan_D,ramadhan_d,NM,Dziththauly Ramadhan,ID,Attack me first before I destroy everything,2196.0,,,2546,-34,642,2414,43,65,2644,2126,,
shusterlive,shusterlive,NM,Semen Grebeniuk,UA,,2315.0,,,2696,42,1096,2511,101,61,2808,1500,,
Peko1234,peko1234,FM,Djurovic Peko,ME,,2256.0,,,2582,16,550,2304,151,25,2936,1803,,
leomessi_23,leomessi_23,GM,Marcin Krzyzanowski,PL,Let's play chess!,2503.0,,,2609,7,1553,2528,-99,45,2752,1500,,
marcostrelew,marcostrelew,NM,Pirola Marcos,AR,"Profe del Club Capablanca de Trelew, Instructor FIDE. Árbitro Nacional. Coordinador de Ajedrez Educativo Chubut- Ministerio de Educación.
Visiten Trelew, Patagonia Argentina, tierra de dinosaurios y pingüinos!",,,,2431,34,4432,2538,102,81,2709,2219,,
sachista15,sachista15,FM,Matyáš Zeman,CZ,,2309.0,,,2362,-13,6587,1292,0,5,2394,1500,,
MrTarrasch,mrtarrasch,FM,Tunahan MAKARACI,TR,e4 best by test ! I just like playing aggresive chess,2296.0,,,2388,19,13841,1966,17,26,2553,1944,,
ranibow_ghost,ranibow_ghost,NM,,,,,,,2631,122,805,2608,-1,245,2704,1500,,
Ouss13,ouss13,CM,Oussama Haddad,DZ,,2049.0,,,2259,-22,2318,2313,132,40,1944,1500,,
jGabriel-Ledezma,jgabriel-ledezma,FM,Gabriel Ledezma,VE,"Mi nombre es Gabriel Ledezma llevo jugando al ajedrez desde que tengo 8 años, he sido campeón nacional en varias  oportunidades y multimedallista en juegos nacionales. También he sido campeón panamericano. Obtuve el título de Maestro FIDE (MF), en 2015.  Actualmente soy entrenador de ajedrez y para más información les dejare mi link de entrenador: https://lichess.org/coach/jGabriel-Ledezma",2160.0,,,2420,21,5345,2575,61,37,2551,1500,,
Chessterx07,chessterx07,NM,"Pereyra, Gabriel Elias",AR,"Maestro Nacional, campeón sanjuanino 2023 y Profe del Club Franklin",2056.0,,,2337,16,6935,2338,61,196,2524,1698,,
kostas83,kostas83,FM,Kostas Tsiamis,GR,"Hello, I am FIDE Master Kostas Tsiamis from Athens, Greece.
I started playing chess when I was 6 and have dedicated my life to it, studying the game and helping others improve at it.
I am a professional chess trainer with over 20 years of experience and many distinctions in national tournaments as a coach. 

Lessons are available via Zoom. Feel free to contact me at tsiamiskostas@gmail.com.",2224.0,,,2408,14,873,2347,135,56,2371,1168,,
cleverqueen,cleverqueen,WIM,Trisha Kanyamarala,IE,,,,,2469,68,663,2267,53,118,2364,1929,,
emheyturq,emheyturq,FM,Mari Joseph Turqueza,PH,If you want to improve and increase your rating I'm open to private tutorial/lessons at a very low price. I give personalized lessons for your strengths and weaknesses. I will help you achieve your goals the quickest way possible.,2303.0,,,2500,24,1744,2401,36,114,2784,1978,,
MiauCat,miaucat,FM,,DE,Love the beauty of the game. Unorthodox openings )).,,,,2239,-16,3446,2359,47,47,2564,1500,,
ferplus,ferplus,CM,,GP,,2813.0,,2100.0,2407,73,3648,2222,11,79,2656,1869,,
HakanTooGood,hakantoogood,CM,Hakan Turgut,TR,That damn boy is too good,2221.0,,,2499,2,1047,2171,0,2,2906,1500,,
ARM__55555,arm__55555,IM,,PT,,,,,2834,17,2004,2841,12,534,3103,2511,,
Rile-Man,rile-man,FM,Nebojsa Ristic,RS,"https://ratings.fide.com/profile/935468 
Hi! I am FM Nebojsa B Ristic from Serbia. My peak fide elo was 2407!
I  am offering chess lessons and training games for resonable rates - 20eu/hour

nbristic85@gmail.com",,,,2446,-14,13267,2458,-72,133,2621,1296,,
Stouuf,stouuf,IM,,FR,,,,,2558,-30,981,2432,-23,24,2840,1639,,
RzayevBahruz,rzayevbahruz,IM,Bahruz Rzayev,TR,"https://www.satrancdukkanim.com/default.asp?git=9&urun=660

Hello everyone, I am IM-Fide Trainer Rzayev Bahruz, 29 years old ..I am the Turkish national team coach.Azerbaijan champion 5 times, problem solving among youth European championship 2nd rank, 16 years old school European championship and many open tournament winners .",2333.0,,,2516,-26,3908,2626,23,504,2767,2256,,
La_Bete_du_Gevaudan,la_bete_du_gevaudan,FM,,FR,,,,,2367,-4,857,2361,0,10,2742,1500,,
kofte,kofte,FM,Ari Kiremitciyan,TR,"Hi! I'm a FM who started playing ches when I was 18 in 2011.
I became the European amateur champion in 2014 and became a FM in 2017. 
I'm quite passionate about the game and have 10+ years of coaching experience. You can reach out to me about coahing sessions and training games. Rates are negotiable.",2252.0,,2303.0,2377,33,10401,2466,50,238,2521,2248,,
kanliieren,kanliieren,NM,Alperen Kanli,AZ,,2173.0,2213.0,,2112,8,2365,2290,37,275,2239,1500,,
BraveEagle,braveeagle,FM,,,,,,,2397,-1,6983,1681,0,6,2252,1500,,
sahberk,sahberk,CM,,,,,,,2425,17,1055,2078,5,14,2407,1500,,
JosueAraujok,josuearaujok,IM,Josue Araujo Sanchez,DO,,2450.0,,,2638,-62,3069,2476,12,41,2921,1500,,
captain-levi,captain-levi,FM,,,,,,,2621,7,1304,2158,157,15,2803,1500,,
tka3,tka3,FM,Thomas Kahlert,DE,"FM from Hamburg, Germany, playing for FC St. Pauli",2067.0,,,2271,24,19004,2250,-48,65,2410,1500,,
Cristopalov,cristopalov,FM,Cristóbal Torres Bravo,CL,,,,,2491,-4,3730,1500,0,0,2310,1500,,
may4black,may4black,WCM,,,,,,,2160,50,570,1891,0,11,2265,1818,,
WinstonSilvakov,winstonsilvakov,NM,Winston Joseph Silva,TH,"I'm Winston Joseph Silva from the Philippines but now based in Bangkok, Thailand over the last 7 years. I  teach chess in the ""after-school chess "" programs at different IS schools in Bangkok on the weekdays, as well as teach private classes onsite/ or online around the world.
I graduated with a Bachelor's degree in Pharmacy from the University of Santo Tomas in Manila.",1890.0,,,2223,54,825,2293,72,136,2351,1500,,
aquiles88,aquiles88,NM,Aquiles Machado de Oliveira,BR,,,,,2264,-2,11953,2411,-42,327,2378,2119,,
ellenzzi,ellenzzi,WFM,,,,,,,2128,29,1249,1793,0,9,2151,1500,,
Atomrod,atomrod,GM,KEITH ARKELL,GB,GM Danny Gormally has challenged me to achieve 2750. I would need to avoid all temptations to berserk! And even then it's a tough ask for a lowly GM such as I.,,,2509.0,2577,28,29116,2515,17,708,2701,2326,,
MohgLordofBlood,mohglordofblood,IM,,,"Welcome, honored guest! To the birthplace of our dynasty!",,,,1500,0,0,1500,0,0,3043,1500,,
vishy64theking,vishy64theking,CM,Vishal Kobla,US,"Hey! It's Vishal, I'm a chess player and coach.  My peak rating is 2207, and I'm an official USCF National Master as well as a FIDE Candidate Master.",2100.0,2207.0,,2330,13,468,2291,15,40,2494,2246,,
bartsimpson6,bartsimpson6,FM,Attila Jr. Forgacs,,,,,,2347,37,3676,2370,25,691,2529,1508,,
pupilochess86,pupilochess86,FM,Jorge Luis Castañeda A.,CO,"Te invito a suscribirte a mi canal de YouTube www.youtube.com/@PupiloChess donde encontrarás cientos de videos de ajedrez de alta calidad para mejorar tu juego.
Si quieres aprender conmigo en profundidad, adquiere mis cursos en mi página web pupilochess.com 📚
También puedes ver mi perfil y clases como entrenador aquí en Lichess lichess.org/coach/Jorgeluis86",2179.0,,,2630,-4,19359,1800,0,1,2724,1500,,
Nersisyan_Garnik,nersisyan_garnik,CM,,AM,,,,,2221,-10,1604,2122,-27,24,2293,2088,,
Piotrek79,piotrek79,NM,,,,,,,2479,-1,4258,2485,63,512,2500,2197,,
TemurKuybokarov,temurkuybokarov,GM,Temur Kuybokarov,AU,,2535.0,,,2924,-18,2457,2378,267,31,3000,1500,,
Candychessmaster,candychessmaster,CM,Charles Campbell,US,,2192.0,2248.0,,2282,-31,35006,2684,96,612,2252,1500,,
pochtalionPechkin,pochtalionpechkin,GM,Boris Savchenko,,https://imgur.com/Z2kK4hU,,,,2567,7,3280,1770,-51,158,2583,1645,,
ChrolloL,chrollol,GM,Pablo Salinas,CL,"https://www.twitch.tv/gmsalinas
https://ajedrezero.com",2514.0,,,2676,13,3505,1500,0,0,2952,1500,,
melly_kony,melly_kony,WGM,,KZ,,,,,2516,33,860,2409,-7,153,2105,2266,,
tjychess,tjychess,GM,,,,,,,2756,-13,4144,2489,0,41,3008,1753,,
Lance5500,lance5500,LM,LM Lance,,"Chess coach: lichess.org/coach/Lance5500 For lessons & team inquiries: dm & Lance5500@hotmail.com Champion: 11х Marathon, 8x Yearly, 2x Shield, 14x Monthly, 6x Elite. Most trophies holder: 37x Marathon. Students reviews & more results:  lichess.org/team/lance5500-chess-coach Peak lichess ratings: 3002 bullet, 2801 blitz, 2815 rapid, 2622 classical lichess.org/team/lichess-discord-bundesliga-team",,,,2762,-2,16540,2815,83,378,2959,2503,,
Teacher_1,teacher_1,CM,,,Сильнейший тысячник,,,,2577,20,894,2653,270,23,2840,1500,,
dechessed,dechessed,FM,,,,,,,2485,-6,463,1500,0,0,2856,1500,,
Luomfu,luomfu,FM,,,,,,,2490,-14,1525,2270,115,24,2616,1500,,
Rosemoon9999,rosemoon9999,WIM,Khadidja Latreche,DZ,"Hi I'm Khadidja Latreche. I'm a Women's International Master from Algeria.
My website: https://www.khadidjachess.com/
My youtube channel :https://www.youtube.com/channel/UCCJ_r99tLAH0RfpqbfWpeSg",,,,2121,17,1626,2212,57,65,2041,1683,,
P_Salman,p_salman,FM,Pavel Salman,RU,,2287.0,,,2441,-9,1536,2429,0,6,2628,1500,,
Barath2000,barath2000,CM,Barathkalyan Maran,,,2259.0,,,2219,114,751,2225,203,46,2361,1500,,
malyy,malyy,IM,Alexey Maly,UA,"International Master from Ukraine
World Chess Corporative Champion (Goa) 2025 with Greco Team
European Chess Corporative Champion (Paris) 2025 with Team Greco
For contact malyyoleksiy@gmail.com +380679855794
Available for lessons",2336.0,,,2478,-22,11499,2403,-51,112,2744,2395,,
evgenysharapov,evgenysharapov,GM,Evgeny Sharapov,UA,"Benko Gambit, Semi-Slav, Sicilian Defense, Caro-Kann Defense, English Opening, Scottish Gambit",2375.0,,,2452,-7,1568,2613,41,604,2436,2256,,
magenireth,magenireth,CM,ΝΙΚΟΛΑΟΣ ΣΚΙΑΔΟΠΟΥΛΟΣ,GR,,1941.0,,,2029,10,9261,2081,-105,2424,2143,1916,,
IALIIALIIALI,ialiialiiali,FM,,RO,https://lichess.org/team/juggernauts prize arenas soon! I also offer training games for every tc for very reasonable prices if interested then pls dm me,,,,2456,43,77,2200,0,1,2619,1500,,
Gamebreaker2,gamebreaker2,CM,,TR,,,,,2499,-40,2306,2667,135,36,2759,1500,,
mateusviageiro,mateusviageiro,FM,Mateus Viageiro,MZ,"4 Vezes Campeão moçambicano de Xadrez
Treinador FIDE(Federação Internacional de Xadrez)
Arbitro FIDE",2202.0,,,2406,33,22233,2183,0,8,2331,1533,,
Naruto_2020,naruto_2020,IM,Krishna teja,IN,International Master with one GM norm.Coach.,2384.0,,,2471,-27,854,2221,0,1,2845,1500,,
MAethelflaed,maethelflaed,FM,,DE,,,,,2367,-7,6167,1500,0,0,2503,1500,,
Bestinblitz,bestinblitz,GM,,,,,,,2755,11,4476,2774,-16,111,2935,1662,,
TheKingWolf_1,thekingwolf_1,NM,,GB,,,,,2340,12,3813,1500,0,0,2346,1500,,
hrlyqnn,hrlyqnn,WIM,Marie Antoinette San Diego,PH,"2022 Philippine Women's National Champion--
25 years of age. Started playing chess since I was 3. Joined my first international tournament at 7. Woman Fide Master at 12. Woman International Master at 18. Cheers!

Currently coaching here on lichess, message me for inquiries!",,,,2373,62,802,1980,-44,45,2364,1720,,
ozizwiz,ozizwiz,NM,Oscar Williams,US,,,,,2445,-52,638,1669,0,5,2657,1500,,
MihaiG,mihaig,IM,,RO,,2403.0,,,2454,3,11817,2248,42,58,2569,1500,,
chessmaxusa,chessmaxusa,IM,Dejan Maksimovic,RS,"1: I am  IM Dejan ""Max"" Maksimovic ( with GM-norm)    and I live in Chicago area.
 2: I am come from the strongest chess country in  the world-SERBIA!!!!!!!!
 3: I teach in schools and have a lot'of private students who are the TOP
  PLAYERS IN THE U.S
 4: I am available for private, group and school lessons,  and over
  the phone
 5: If you want to achieve  the highest level in CHESS-contact me!!!!
 6: Please visit and read my Website:  www.maxchampions.com
I have had tremendous success teaching in schools, colleges, chess camps and privately, online and  all over the world.

",2441.0,,,2611,39,23989,2512,0,7,2424,1500,,
ArmanGhevondyanchess,armanghevondyanchess,CM,Arman Ghevondyan,AM,"https://kick.com/armanghevondyanchess 

Work hard in silence, let success be your noise

Hello!
My name is Arman Ghevondyan from Armenia. If you are interested in training, you can send me a message.",2216.0,,,2452,-31,2284,2446,-24,27,2829,1835,,
Ali_rastbod,ali_rastbod,FM,Ali Rastbod,IR,"Hello everyone! I am FM and FT Ali Rastbod and I have 3 IM Norm
I have been coaching chess for a long time and my speciality is getting players from 1400-2000s and bring them up
If you are interested in improving your chess with me , leave a message here for more information",,,,2616,-38,3802,2241,20,65,3059,1943,,
Alexi_Founder,alexi_founder,FM,Shahin Sadeh,IR,I'm a fide master since 2010 and became the champion of the cities of asia in 2017,2202.0,,,2387,-91,114,2342,-180,108,2623,2224,,
Ujevxejv,ujevxejv,GM,Ihor Samunenkov,UA,What does the limit means?,2584.0,,,2736,-35,247,2494,-69,18,3093,1748,,
Nachev777,nachev777,FM,Станислав Начев,RU,,2400.0,,,2383,-11,13513,2378,29,1360,2401,2395,,
PrettyPrincess2002,prettyprincess2002,GM,,RU,,,,,2834,33,197,1500,0,0,2741,1500,,
malybalaganiarz,malybalaganiarz,WIM,Anna,PL,,,,,2346,34,3172,2329,-27,37,2588,1485,,
Pina07,pina07,CM,,,,,,,2326,2,1843,1796,0,2,2282,1500,,
boldpilot22622,boldpilot22622,FM,,TR,,,,,2626,18,2026,2360,21,15,2605,1602,,
dar1eck,dar1eck,WFM,Daria Yurasova,RU,,,,,2492,10,176,1500,0,0,2762,1500,,
SGchess01,sgchess01,GM,Szymon Gumularz,PL,"Bronze medalist of Polish Chess Championships 2023! 

coaching offer: https://lichess.org/coach/SGchess01",2605.0,,,2569,-83,1868,1500,0,0,2991,1500,,
the2016willbemine,the2016willbemine,FM,Mateusz Paszewski,PL,Chess is my life!,2364.0,,,2661,11,693,2601,101,22,2817,1640,,
tobyrizzo,tobyrizzo,NM,Tobias Rizzo,US,,,2251.0,,2255,-6,906,2501,26,88,2802,2314,,
lenochka18,lenochka18,GM,,RU,,,,,2800,-1,2443,1842,0,7,2756,1500,,
imnow,imnow,WGM,Maka Purtseladze,GE,WGM,2287.0,,,2539,-1,5589,2233,-49,19,2673,1500,,
Billythekid30,billythekid30,CM,Billy Fellowes,GB-WLS,,,,,2494,-18,6110,2388,19,1153,2836,2014,,
Pawn_Avalanche,pawn_avalanche,FM,Egor Bykov,HU,,2441.0,,,2602,25,3310,2257,37,32,2684,1500,,
bardiash76,bardiash76,FM,,IR,,2300.0,,,2612,22,831,2600,-44,162,2735,981,,
cukierbd,cukierbd,FM,,,,,,,2519,4,2836,1972,-420,104,2674,1500,,
bob_2004,bob_2004,FM,Вадим Бобков,_earth,Moscow availabale for lessons,,,,2629,27,11521,2150,0,4,2855,1500,,
dariustanz,dariustanz,IM,Darius Tanz,VG,founder and CEO of Tanz Industries.,,,,2565,-20,2133,2427,-196,118,2815,2257,,
Pabllik1983,pabllik1983,FM,,,,,,,2451,-4,7802,1500,0,0,2604,1500,,
king_staz,king_staz,FM,,FR,,,,,2381,32,954,1648,0,5,2661,1438,,
TitarovVasiliYoutube,titarovvasiliyoutube,CM,Vasilii Titarov,,"https://i.imgur.com/vRPWH7w.jpg
Всем привет! Подписывайтесь на мой ютюб канал ""Шахматы с Василием Титаровым""
https://www.youtube.com/@Titarov-chess
ТРЕНИРУЮ. ПРОБНОЕ БЕСПЛАТНО. Писать  в лс.
тг канал: https://t.me/titarovchess
Hi all! Subscribe to my YouTube channel ""Chess with Vasilii Titarov""
https://www.youtube.com/@Titarov-chess
https://ratings.fide.com/profile/24280445",2208.0,,,2608,27,1073,2494,2,13,2870,1500,,
jeaniiiusk,jeaniiiusk,WNM,Jean Karen Enriquez,PH,"https://i.imgur.com/EaAba77.jpg
Laguna Heroes
PCAP
.


Articles about me 

http://balita.net.ph/2018/03/13/enriquez-nangibabaw-sa-ncfp-team-tourney/
http://lifestyle.inquirer.net/121569/a-woman-in-a-mans-chess-world/
http://www.bworldonline.com/content.php?section=Sports&title=oberio-and-enriquez-rule-shell-chess-national-finals&id=39691
http://www.thestandard.com.ph/sports/107076/labog-enriquez-top-shell-chessfest.html",1955.0,,,2328,-17,531,2151,-28,104,2269,1500,,
VITAMIN321,vitamin321,NM,,CN,,,100.0,,2410,51,926,2169,17,112,2637,2071,,
getme-a-username,getme-a-username,FM,Zum Gottens,NL,"Niet te vrij, oudje",1989.0,1986.0,2015.0,2314,-110,1330,2492,11,26,2677,1500,,
Omogolo11,omogolo11,CM,,,,2100.0,,,2206,-3,446,2146,84,46,2311,1500,,
GeorgMeier,georgmeier,GM,Georg Meier,,"Uruguayan/German Grandmaster with a day job. Continental Champion of the Americas 2023.
https://twitter.com/GMGeorgMeier
https://www.twitch.tv/georgmeier",,,,2816,86,1073,2343,-16,13,2757,1500,,
THE_COOL_GUY,the_cool_guy,IM,Sharan Rao,IN,"Life is all about the 64 squares!
lichess.org/team/raos-corner
https://imgur.com/gtpjSdI",2433.0,,,2531,-31,3029,2558,61,231,2772,2353,,
Francois-Vareille,francois-vareille,IM,François Vareille,FR,,2390.0,,,2554,26,534,2271,60,60,2422,1500,,
Masterchess2006,masterchess2006,CM,,CZ,"~Černá kočka ve tmě není vidět, ale pokud není vidět, neznamená, že tam není, černá kočka ve tmě, která není vidět ve tmě, protože je černá.~",,,,2309,0,2259,2333,12,266,2650,1957,,
Masterofbrinkmanship,masterofbrinkmanship,FM,,,,,,,2526,-6,3488,2359,82,15,2703,1500,,
BoardDemon,boarddemon,IM,Marcos Lianes García,ES,https://www.twitch.tv/boarddemon,2416.0,,,2609,9,4088,2181,18,19,3100,1500,,
pigonthewing,pigonthewing,GM,Diego Flores,AR,"Más de 30 años dedicándome al ajedrez.

diegoflores87@hotmail.com",2545.0,,,2605,-76,1433,2400,10,17,2870,1500,,
Serendipity4Me,serendipity4me,WFM,Alina Calota,CA,Please join my team: https://lichess.org/team/wfm-alina--chess-friends-around-the-world,2000.0,,,2002,-115,580,1991,37,19,1896,1500,,
killer74,killer74,NM,KLAUSS MOSNEGUTU,GB,"NATIONAL MASTER ,NEW ELO 2235",2235.0,,,2258,19,8500,2247,8,1136,1986,2325,,
ljuks,ljuks,FM,Sergei Ljukin,UA,,,,,2373,-7,9171,2387,21,59,2327,1500,,
Off-War,off-war,GM,,FI,,,,,2823,155,1929,1389,0,6,3013,1500,,
chesspawnrookking,chesspawnrookking,NM,,,"chess.com 123456789010chess
Going for FM.
Free source of advice.",,,,2455,13,9565,2481,-10,1731,2635,2387,,
quetepasa,quetepasa,FM,,PR,,,,,2503,3,11167,1500,0,0,2622,2228,,
AndrsPalu,andrspalu,FM,Andres Palu,ES,https://www.instagram.com/chessfit_/,,,,2603,-2,4626,2420,8,73,2803,1500,,
whiplash12,whiplash12,GM,Vaibhav Suri,IN,,2595.0,,,2803,4,702,2217,-1,38,2894,1500,,
trickyholds,trickyholds,FM,,,,,,,2610,-3,9190,2563,-38,100,2526,1500,,
EricRosen,ericrosen,IM,Eric Rosen,US,"https://i.imgur.com/2UTpnTq.jpg
https://www.twitch.tv/imrosen
https://www.youtube.com/rosenchess
https://twitter.com/IM_Rosen",2377.0,2445.0,,2625,-15,9019,2517,-14,1760,2864,2442,,
grandmastergauri,grandmastergauri,IM,,,"IM Gauri. I stream regularly on https://www.twitch.tv/gauri
Check out my Youtube.com/@gaurichess
Join my Patreon! www.patreon.com/gaurichess",,,,2606,18,14763,2621,-23,2970,2904,2092,,
camaronbrujo20,camaronbrujo20,FM,,AR,,,,,2187,-57,4122,1500,0,0,2668,1500,,
Peristeria,peristeria,CM,Marcus Schmücker,DE,"Meine FIDE-ID lautet: 4658892  
Ich bin professioneller A-Trainer des DSB. Dazu Buchautor und mit 2 Kursen auch auf Chessable tätig. Nehme noch Schüler auf!",2218.0,,,2282,13,13727,2361,-20,764,1977,2292,,
Haykk_Yeritsyan,haykk_yeritsyan,FM,Hayk Yeritsyan,AM,,2360.0,,,2665,-13,813,2725,25,123,2902,1500,,
PainOfChocolat,painofchocolat,FM,,,,,,,2437,38,4873,1500,0,0,2572,1500,,
loekchess,loekchess,FM,Loek Van der hagen,,,2380.0,,,2500,94,984,1950,43,38,2519,1914,,
coachraven,coachraven,GM,Raven Sturt,BR,"Grandmaster! (2022)

I like chess, working out, and learning languages. My dream life would be living in Fernando de Noronha where I could surf, study, and stream everyday.

I publish daily videos on my youtube -- https://www.youtube.com/channel/UCEdBW8gjf-5DC5amYKt3yiA

I made a chessable course on perfecting your positional intuition! Check it out in the links!",2501.0,2560.0,,2453,-34,5950,2189,-23,351,2422,2089,,
JudiciousGambit,judiciousgambit,FM,,,,,,,2443,-32,346,1500,0,0,2686,1666,,
Sergey_Kasparov,sergey_kasparov,GM,,,,2427.0,,,2700,-38,2325,2004,0,25,2649,2198,,
ajedrez11b,ajedrez11b,CM,,,,,,,2302,25,412,2143,117,20,2305,1500,,
DIANOCHKA_LOVE11,dianochka_love11,FM,Федосов Александр Михайлович,TL,I don’t know what to tell you I was going weeeeeee,2315.0,,,2298,0,11,1500,0,0,2911,1500,,
AdrianWinterTandT,adrianwintertandt,FM,Adrian Winter Atwell,TT,"FIDE ID 7700750
Nacido en Venezuela EDO Sucre 
FIDE Master, Former Trinidad and Tobago National chess Champion, participation in the last 3 chess Olympiads, FIDE instructor, Chess coach.",2250.0,,,2363,34,9257,2203,54,55,2381,1427,,
JAN2404,jan2404,CM,,,,,,,2165,-22,635,2100,153,55,2385,1804,,
Oladipo30,oladipo30,FM,,ES,,,,,2465,-5,9906,2309,-101,46,2501,1500,,
Toromoreno,toromoreno,FM,Victor Raydel Prampen Carrillo,CU,"Maestro Fide desde el 2000.
Ingeniero  en Control Automático 
Master en Ciencias en Cultura Física comunitaria
Profesor de Ajedrez alto rendimiento 
Edad 51 años",2191.0,,,2257,-1,6984,1983,0,10,2006,2262,,
Efremova,efremova,WIM,Julia Efremova,,,2128.0,,,2268,-35,8952,2310,-11,107,2429,1690,,
Horus31,horus31,CM,Jorge Sepúlveda,CL,"https://i.imgur.com/o3v1YWM.gif
El Ajedrez cura la mente enferma y la ejercita en salud. Es el descanso para el intelecto sobrecargado y el relax para el cuerpo fatigado. Alivia las penas y aumenta el sentimiento de felicidad. Enseña a dominar las pasiones y a ser cauto.
https://ratings.fide.com/profile/3404803",2205.0,2230.0,2209.0,2501,19,5412,2571,35,112,2610,2307,,
Spaccacuoree,spaccacuoree,CM,Remulo Aguiar Freitas,BR,"CM Remulo Aguiar Freitas 
Win or lose, do or die
I'm aiming high",,,,2029,-119,6205,1997,-315,21,2245,2018,,
KNCP_719,kncp_719,CM,,KR,,,,,2564,-5,4547,2656,113,47,2779,1500,,
YasinEmrah,yasinemrah,FM,Yasin Emrah Yagiz,TR,"FIDE Master, FIDE Trainer, FIDE International Organizer, 
Youtube: https://www.youtube.com/c/satrancdunyam?sub_confirmation=1

https://satrancdunyam.com",,,,2334,17,1669,2435,-2,462,2395,2329,,
Endgame_Maestro,endgame_maestro,NM,,,,,,,2585,-27,305,1500,0,0,2629,1500,,
miiran,miiran,FM,mohammadmiran khademi,IR,,2275.0,,,2491,2,1308,1926,0,9,2715,1857,,
mokerslag,mokerslag,FM,,,,,,,2474,-72,350,1713,0,9,2523,1500,,
bolus2,bolus2,FM,,,,,,,2569,18,271,2560,12,2046,2819,2271,,
msb2,msb2,GM,,DE,,,,,2747,2,4436,2508,-25,28,3113,1500,,
meoluoi91,meoluoi91,WGM,Thi Bao Tram Hoang,VN,,2288.0,,,2459,64,128,1500,0,0,2727,1500,,
IsaacGarcia,isaacgarcia,FM,Isaac García,MX,"FIDE Master & FIDE Trainer
3 IM norms
https://www.instagram.com/fmisaacgarcia/
https://www.imajedrez.com
https://www.youtube.com/@IMajedrez
https://www.facebook.com/InstitutoMexicanodeAjedrez


https://imgur.com/KvVxrMb",2383.0,,,2605,43,4678,2662,44,55,2804,1500,,
dmvlad,dmvlad,IM,Vladimir,ES,,,,,2294,1,1434,1500,0,0,2340,1500,,
tuti2500,tuti2500,FM,Arturo Augusto Fernandez Hernandez,MX,,2376.0,,,2498,-10,12558,2462,144,104,2504,2309,,
TrenerS,treners,FM,Suren Poghosyan,AM,,2273.0,,,1759,-147,1712,1922,-55,88,2546,1258,,
Eugenerougon,eugenerougon,IM,Aslan Aitbayev,KZ,,2475.0,,,2787,49,3858,2243,-18,42,2853,1500,,
crapblanca,crapblanca,CM,Hasan,SA,free plastine,,,,2100,12,4814,2136,38,80,2280,2338,,
kingnb,kingnb,IM,Nitish Belurkar,IN,,,,,2629,-22,3187,1500,0,0,2993,1500,,
theultimatehunter,theultimatehunter,NM,,US,,,2200.0,,2501,9,1401,2115,51,23,2502,1500,,
Janou,janou,NM,,FI,,,,,2415,80,11872,2214,-48,123,2207,2087,,
TheMigos,themigos,IM,,,,,,,2707,-37,307,2368,114,28,2963,1500,,
danii929,danii929,WCM,,JM,,1842.0,,,2291,-24,55,1500,0,0,2517,1500,,
fabian1999,fabian1999,IM,Fabián Ernesto Vivas Zamora,VE,"IM from Venezuela (living in Lima, Perú). Highest Fide Rating: 2408. Full time Chess Coach

* Member of the Olympic Team in 2018 (Batumi, Georgia). 
* National Champion in youth categories (2009, 2010, 2011, 2015 and 2017).
* Winner of several Open & Closed tournaments internationally

I speak Spanish, English and some Portuguese.

https://www.chess.com/member/fabianvivasz",2408.0,,,2431,-75,1717,2523,248,46,2635,2124,,
upandcomer,upandcomer,NM,,,Workin' to get a little better everyday. ,,2260.0,,2186,-41,14012,2467,-48,300,2349,2196,,
petrovich_gm,petrovich_gm,GM,Petr Kiryakov,BD,"GM since 1998. World Rank 845.
 Student of Dvoretsky School 1990-92
I like teaching positional concepts and focus on understanding

Im going to play Hong Kong Open  Dec 23-29 2025. 


$45  per hour 
I accept WU and Paypal

https://www.westernunion.com/us/en/web/send-money/start",2495.0,2623.0,,2587,-54,2125,2385,-128,45,2594,1416,,
Regina1962v,regina1962v,WFM,Regina Bonfim,BR,,1702.0,,,1840,-20,5190,1925,-22,2276,1957,1903,,
Uragan1234,uragan1234,IM,,FR,,,,,2857,6,1931,1500,0,0,3133,1500,,
kiflaaa,kiflaaa,FM,Armin Musovic,ME,"Available for lessons. One hour is 35€, while 10 lessons in a month equals 250€. 
Skype: armin.musovic
Join my team: https://lichess.org/team/axon_chess",2254.0,,,2517,-22,2061,2349,52,31,2841,1500,,
Fisherman_Pro,fisherman_pro,FM,Bulat Mirzanurov,RU-TAT,Тренер высшей категории,2312.0,,,2314,-18,859,1637,0,1,2642,1500,,
gerrygm,gerrygm,GM,Gerald Hertneck,DE,"GM Gerry Hertneck
German Vize Blitz champion 2022",2420.0,,,2615,7,8693,1500,0,0,1500,1500,,
gogotaniye,gogotaniye,FM,Ivan Yeletsky,,"Лети, лети, лепесток, лети скорей со всех ног.
Лети с большой высоты, минуя все блок-посты.
Не нарушая рядов, не оставляя следов.
Пока дымятся угли, лети, пока не сожгли.
Под стук железных дорог, лети под музыку рок.
Лети под музыку джаз, лети, и помни всех нас.
И вместе с пением птиц, едва достигнув границ,
Скажи, что с той стороны никто не хочет войны



https://imgur.com/sogApFF",2414.0,,,2756,-6,16444,2746,-3,297,3068,1500,,
alekhinnemanaba,alekhinnemanaba,FM,,EC,ANIMAL,,,,2403,1,7896,2381,-30,167,2510,2176,,
parmupill,parmupill,FM,,,,,,,2364,-89,613,1500,0,0,2421,1500,,
unknown-maestro_2450,unknown-maestro_2450,IM,,,,,,,2620,-23,21207,2572,-196,24,2839,1500,,
CAPAHAALAND,capahaaland,NM,Esteban Horacio Deichmann,AR,el ajedrez es como una...,,,,2282,-64,7935,2267,-45,304,2724,1258,,
jamestsherwin,jamestsherwin,IM,James Sherwin,GB,IM,2177.0,,204.0,2165,18,31265,2396,32,33,1549,1767,,
Kaldas90,kaldas90,FM,Kamil Plichta,PL,"Author of opening courses for Chessable. 

https://www.chessable.com/author/Kamil_Plichta/",2373.0,,,2547,-31,11260,2538,25,167,2886,2115,,
MFIgorCadilhac,mfigorcadilhac,FM,Igor Tokuichi Kikuchi Cadilhac,BR,2 IM norms,2323.0,,,2419,61,273,1500,0,0,2453,1500,,
Lintchevski_Daniil,lintchevski_daniil,GM,Даниил Линчевский,_earth,"Kelevra
https://lichess.org/coach/Lintchevski_Daniil",,,,2857,17,1968,2316,0,8,3093,1500,,
TopGrandMaster,topgrandmaster,GM,arian gholami,IR,,2530.0,,,2655,24,465,1641,0,1,2799,1500,,
michelchess94,michelchess94,IM,Michel Alejandro Díaz Pérez,CU,"Soy MI con 3 normas de GM y tengo 2486 de Elo, me gusta mucho jugar ajedrez y estoy disponible a dar clases para ayudar a aquellos que quieran progresar en su ajedrez no dudes en contactarme si deseas de verdad progresar en tu ajedrez +34 647091620
ratings.fide.com/profile/3517179
https://wa.link/nqygte
https://imgur.com/CM4Xo3i",2488.0,,,2609,2,4635,2479,-144,91,2728,1925,,
FeegLood,feeglood,GM,,GB-WLS,,,,,2836,-5,1227,2236,0,50,3223,2272,,
Banelevich,banelevich,FM,Banele Fortune Mhango,ZA,"Fide Instructor and Fide Master!  Available for training games and Coaching, contact me at Banelemhango35@gmail.com",2290.0,,,2437,13,26375,2287,1,872,2743,2147,,
arna,arna,FM,Sylvain Ravot,FR,"Passionné. Maître FIDE.
Entraîneur professionnel.

Ouverture prochaine de mon école en ligne !

- Vidéos : https://www.youtube.com/c/SylvainRavot/
- Mon équipe Lichess : https://lichess.org/team/parties-dentrainement-et-partage
- Championnats du monde : http://www.chess-teaching.com/projets/championnats-du-monde.php
- Cours : http://www.chess-teaching.com/contributeurs/sylvain_ravot.php",,,,2412,8,1224,2336,-11,104,2401,2211,,
igelg0,igelg0,FM,Vladimir Chernikov,ES,"Hi! I am Vladimir Chernikov, a 29 years old Fide Master and Chess Coach from Ukraine, living in Valencia, Spain. My lessons can be in English, Spanish, Ukrainian and Russian languages. I've been teaching chess for 10 years. Feel free to contact me here in lichess -  lichess.org/@/igelg0 or chernikovvlad12@gmail.com",,,,2455,-36,4588,2311,73,38,2448,1500,,
Mashi2maro,mashi2maro,IM,,,,,,,2446,29,7723,2477,31,115,2356,1500,,
Roman2001,roman2001,FM,Roman Aukhatov,RU,My tg channel: https://t.me/Roman2001live,2384.0,,,2299,-62,10395,2575,12,360,2459,1824,,
taniamiranda,taniamiranda,WIM,Tania Miranda Rodriguez ID FIDE 3510417,MX,Canal de Youtube: www.youtube.com/channel/UCMEMACwZWSWFppU7HkwbQ9w ¡¡Suscríbete!!,2140.0,,,2217,-4,3153,2055,-128,96,2107,2061,,
fito2,fito2,FM,Juan Pablo Demaría,AR,"Amazon:
https://www.amazon.com/gp/product/B0G2RZD3M8
Apple Books:
https://books.apple.com/ar/book/el-ajedrez-en-30-conceptos/id6755423126
Google Play:
https://play.google.com/store/books/details?id=U2aZEQAAQBAJ&gl=ar",,,,2365,-5,11745,2471,-22,414,2497,2482,,
CasadoConLaJoda,casadoconlajoda,IM,,AR,Que pasa boludo?,,,,2612,-7,1712,2246,0,4,2821,1500,,
LongNosehair,longnosehair,FM,Stefan Eilers,DE,I hate cheater,,,,2305,39,7050,2315,90,35,2459,2085,,
Maus7,maus7,IM,Matthias Dann,DE,,2434.0,,,2694,12,2592,1500,0,0,2744,1500,,
Cortado,cortado,FM,,,,,,,2432,-31,2478,2319,24,63,3021,1500,,
Mozartus,mozartus,CM,Silvio Andrés Llorens,AR,"- Musician
- Fluent English speaker

""The threat is stronger than the execution"" Aron Nimzowitsch

FIDE Chess Profile: https://ratings.fide.com/profile/115924",,,,2510,18,14951,2411,-110,200,2586,2360,,
lanchester1,lanchester1,GM,Asghar Golizadeh,IR,"GM Asghar Golizadeh
Fide Trainer |PhD in Exercise Physiology | 15+ Years Coaching Experience
Coach of national & international champs
Father of 9-year-old Asian Vice Champion (U8 - 2024)
Private & group classes – in Dubai & online (worldwide)
For kids, beginners, advanced & tournament players
Contact us:
WhatsApp: +971502863971
Instagram: @king_princess_chess_dubai",2457.0,,,2703,-3,4093,2525,22,68,2831,1667,,
SummitSchoolOfChess,summitschoolofchess,NM,,US,,2261.0,2228.0,,2413,30,1330,2255,-31,25,2638,2014,,
kmilooo,kmilooo,GM,Camilo Ernesto Gomez,CU,,2479.0,,,2633,18,2459,1780,0,1,2889,1500,,
lider34,lider34,FM,Евгений Алексеевич Красильников,RU,"Мастер ФИДЕ, https://ratings.fide.com/profile/4139739. Тренер-преподаватель по шахматам. Даю уроки шахмат.
https://lichess.org/team/uwg9JUJZ Приглашаю всех в свой клуб)

Fide master, ratings.fide.com/profile/4139739. The trainer-teacher of chess. I give chess lessons. lichess.org/team/uwg9JUJZ I Invite everyone to my club)",2365.0,,,2527,-16,2310,2604,14,524,2421,2504,,
lexisvar,lexisvar,FM,Alexis Vargas Arteaga,CO,"https://i.imgur.com/xLd6ib6.png

Ajedrecista Colombiano desde el 2004.
Actualmente represento la Liga Caldense de Ajedrez
Mi ID Fide es : 4406656",2256.0,,,2647,14,10753,2366,-30,98,2533,1875,,
CreativePlayer007,creativeplayer007,IM,בקלצ'וק,,FM,,,,2626,-9,952,2340,118,43,2885,1500,,
Merlotty,merlotty,WGM,,,,,,,2526,-14,849,1500,0,0,2413,1500,,
pankajfm,pankajfm,FM,,IN,,2231.0,,,2159,76,58,2274,5,42,2182,2060,,
MR_HW,mr_hw,IM,,_earth,,,,,2735,-1,5266,2540,-46,325,2954,1500,,
Warrior_5,warrior_5,WGM,Olga Babiy,DE,"Chess coach. Feel free to contact me olyachess@ukr.net
I have been playing chess since my childhood. I still enjoy it. Training, travelling, special atmosphere of the tournaments, communication with interesting people.
Member of the teams Münchener SC 1836, SC Bad Königshofen 1957(GER) and Karşıyaka(TUR) and some others. I love them!",2329.0,,,2522,33,1253,1500,0,0,2368,1387,,
KaiouRetsu,kaiouretsu,FM,,,,,,,2586,-10,1836,2244,0,7,2876,1500,,
britishscottishcat,britishscottishcat,FM,Rumyantsev Semen,IE,my ratings are very low due to disconnections,1414.0,,,2498,51,118,1500,0,0,2716,1500,,
ketchess,ketchess,WIM,,GT,,,,,2486,-2,3729,2053,0,4,2830,1500,,
Patrocl,patrocl,FM,Dion Krivenko,_earth,Every game is a chance to grow.,,,,2500,21,936,2599,208,15,2811,1500,,
odiaza,odiaza,IM,Azarya Jodi Setyaki,ID,,,,,2503,-61,2804,2549,140,27,2686,1500,,
ThinWhiteDuke20,thinwhiteduke20,IM,,,,,,,2566,-25,603,1500,0,0,2778,1500,,
PVKMSSSSR3991,pvkmssssr3991,IM,Egor Pakhomov,RU,"https://ratings.fide.com/profile/24129542
https://ratings.ruchess.ru/people/2783

Работаю в шахматной школе Яна Непомнящего
https://vk.com/nepo.school?from=groups",2444.0,,,2498,-18,4248,2480,61,165,2911,1419,,
Rahman2017,rahman2017,FM,,TR,,,,,2503,-112,1084,2080,-42,38,2612,1500,,
Mannysen,mannysen,IM,Manny Senador,PH,,2273.0,,,2502,-38,9137,2204,6,120,2403,1500,,
Andrej20,andrej20,FM,Andrej Veljanoski,MK,,,,,2363,-32,2294,2247,-23,255,2538,1500,,
chesscrasherdeno,chesscrasherdeno,CM,,TR,,2129.0,,,2226,-14,493,2225,-44,30,2520,1500,,
tzotzii,tzotzii,WNM,,MX,,,,,1984,7,13169,1926,-63,769,2207,1900,,
Agibileg,agibileg,IM,,,,,,,2427,82,1712,2358,11,38,2814,1323,,
Daniel_Recker,daniel_recker,FM,Daniel Recker,US,https://imgur.com/EYA45oP  Special unit of the United States Marine Corps.,,,,2356,58,414,1500,0,0,2608,1500,,
Tigran-Harutyunyan,tigran-harutyunyan,GM,Tigran Harutyunyan,AM,https://en.wikipedia.org/wiki/Tigran_Harutyunyan,2573.0,,,2825,23,3945,2354,86,12,3102,1500,,
yansgirones,yansgirones,FM,,CU,,,,,2534,15,2605,2497,-15,21,2473,1500,,
IgorVershinin2009,igorvershinin2009,FM,,RU,,,,,2744,20,3057,2278,49,128,2905,1596,,
Grsiidran777,grsiidran777,NM,Raffi Ghazaryan,,,,,,2486,-4,469,1500,0,0,2476,1500,,
lamorocha,lamorocha,FM,,AR,,2300.0,,,2293,28,1300,1825,0,7,2504,1500,,
FeriAts,feriats,CM,,,,2213.0,,,2329,21,210,1977,0,3,2369,1500,,
mocusle,mocusle,IM,,IT,,,,,2543,0,94,2368,83,34,2423,1500,,
UnVieuxMonsieur,unvieuxmonsieur,GM,,,,,,,2606,-158,266,2359,0,5,3055,1500,,
Miguelss,miguelss,NM,,,,,,,2500,-10,5882,2196,25,47,2701,2077,,
Roshka_Yevgeniy,roshka_yevgeniy,IM,Yevgeniy Roshka,AT,"My name is Yevgeniy Roshka. I am IM from Ukraine.
Successfully coaching people of different ages and levels.

For training, email:jevaro011@gmail.com",2507.0,,,2872,50,3712,2295,5,43,2917,1500,,
MannyQT,mannyqt,NM,,,,,,,2633,17,834,2303,101,33,2638,1500,,
JonathanCarlstedt,jonathancarlstedt,IM,Jonathan Carlstedt,DE,Schachtrainer des SV Werder Bremen. Wir freuen uns mit euch zu interagieren und eine Runde zu blitzen. Besucht die Werdertigers außerdem gerne auf Twitch und Youtube.,2451.0,,,2560,9,1277,2415,3,67,2462,1500,,
X-Queen,x-queen,WCM,Clara Isabel Peña Gonzalez,VE,"ID FIDE:3924203
https://imgur.com/dfWkpmY",1916.0,,,2128,126,808,1868,9,92,1907,2221,,
Niksss2023,niksss2023,IM,Nikoloz Petriashvili,GE,,,,,2698,-66,4903,2533,-33,145,3109,2358,,
yy2324,yy2324,NM,,US,,2260.0,2300.0,,2412,137,576,1993,0,4,2501,2001,,
bishop1984,bishop1984,CM,Julien,FR,"https://pertuis-echecs.jimdosite.com/

https://www.facebook.com/profile.php?id=100006319157560",2206.0,,,2663,-5,7725,2648,87,410,2759,2468,,
EnDsOnLiMaRR,endsonlimarr,CM,Endson Lima,BR,,,,,2162,-9,23824,2259,-16,450,2094,1500,,
AnishGiri,anishgiri,GM,Anish Giri,NL,"Anish Giri is a Russian-born Dutch chess player. A former chess prodigy, he got the GM title at the age of 14 years, 7 months and 2 days, which made him the youngest GM in the world at that time.
Currently an active top 10 player and supported by Dutch Chess Federation (KNSB) and company Optiver, he is the No. 1 ranked player in Netherlands with a FIDE rating of 2764. ",2764.0,,,2723,-178,88,2700,0,0,3221,2700,,True
pythonking,pythonking,CM,,,Memories :),,,,2462,121,455,2418,-44,136,2393,1275,,
Amirreza_p,amirreza_p,GM,Amirreza Pourramezanali,IR,,2520.0,,,2707,20,1931,2542,-61,43,2908,2221,,
iamstraw,iamstraw,GM,Brandon Jacobson,,,,,,2732,-18,2769,2338,36,15,3204,2141,,
retired93,retired93,GM,,,,,,,2946,3,1047,1500,0,0,3151,1500,,
Fianchettolaeufer,fianchettolaeufer,FM,,DE,,,,,2509,12,3185,2501,55,121,2782,2048,,
schmetzger,schmetzger,FM,Maximilian Maetzkow,DE,Märkische Heide,2300.0,,,2463,9,8125,2633,13,386,2653,2156,,
MPGM,mpgm,IM,Milton Pantzar,SE,,,,,2627,67,3556,2541,24,155,2654,1500,,
Chessdreamer2020,chessdreamer2020,FM,Arman Erzhanov,,"I am a chess coach for pupils from beginners to 2000 FIDE Rating.
I am also a pupil of Prizant chess academy. This is the best chess school. 
I am a FIDE MASTER
I am a master of business administration ( MBA Degree)",,,,2534,21,1611,2304,-69,228,2618,949,,
SiroglanTalibov,siroglantalibov,IM,Talibov Shiroghlan,AZ,Karabakh is Azerbaijan!,,,,2732,-53,3955,2598,81,224,2861,1910,,
Achamian,achamian,FM,,_earth,,,,,2572,-13,193,1500,0,0,2824,1500,,
svenos,svenos,FM,,FR,,,,,2486,3,3875,2278,68,28,2482,1500,,
Nawin_JJ,nawin_jj,FM,Nawin JJ,IN,"FIDE MASTER| 

Training games $15 per hour... Interested DM me..",2351.0,,,2338,-36,205,1988,0,4,2573,1500,,
agus_k,agus_k,FM,,,,,,,2607,13,3118,2203,-76,30,2289,1500,,
BooomBoss,booomboss,FM,Patrik Števík,SK,"Chess coach: language English, Czech, Slovak",,,,2555,-5,1743,2541,-30,53,2721,1918,,
TheChessGym,thechessgym,NM,Rene' Phillips,US,"Love the Lord, love my family, and love chess. ",1600.0,2030.0,,2334,125,1092,2282,-12,546,2080,2118,,
sewin16,sewin16,FM,,,,,,,2509,33,25460,1500,0,0,2503,1500,,
ezlyfe,ezlyfe,IM,Johannes Haug,NO,"Check out my chess coaching website here: spillsjakk.com

Hi everyone! My name is Johannes Haug. I currently have a FIDE rating around 2450 and have obtained the international master title. I have many years’ experience of coaching all from beginner to expert level. So if you want to take your chess to the next level, click the link and find out more about me!",2486.0,,,2604,-9,2825,1699,0,5,2820,1500,,
PrincessPeach1,princesspeach1,WIM,,,,,,,2105,0,9,1500,0,0,2241,1500,,
max1rossi,max1rossi,NM,Juan Maximiliano Rossi Simms,AR,Maximiliano Rossi,2013.0,,,2239,1,117,1500,0,0,2417,1500,,
ben13,ben13,NM,Benjamin Snodgrass,US,1. d4 wins the game.,,2225.0,,2355,-6,13668,2365,-53,969,2256,2021,,
blitzbullet,blitzbullet,NM,,,https://giphy.com/gifs/JOFAqmTzwTyhsq96Jr,,2300.0,,2504,-39,3562,2587,-154,128,2877,1500,,
jonasbjerre,jonasbjerre,GM,,,,,,,2749,-35,1715,1500,0,0,2899,1500,,
realcyberbird,realcyberbird,FM,,NL,,2300.0,,,2437,-32,26475,1500,0,0,2580,1500,,True
Alberto_Santos,alberto_santos,IM,Alberto Santos Flores,EC,,2247.0,,,2442,56,1225,1500,0,0,2388,1500,,
JanGolecki,jangolecki,FM,,PL,,,,,2470,-38,617,1500,0,0,2751,1500,,
viratTheRoss,virattheross,CM,Niraj Saripalli,IN,"Chess Player/Coach from Goa. DM me for classes.
Also feel free to checkout my Youtube Channel.
https://www.youtube.com/c/chesspod
Or watch me stream on Twitch.
twitch.tv/ChessPod",2188.0,,,2396,18,1802,2708,0,177,2566,2257,,
sm_sharon,sm_sharon,CM,,,,,,,2155,47,1399,2275,0,11,2159,1646,,
nicoderboss24,nicoderboss24,FM,Nico Stelmaszyk,,Ich war nie weg,2337.0,,,2320,-151,6133,2120,0,7,2764,1500,,
Skypelesson99,skypelesson99,FM,Agil Pirverdiyev,AZ,"FM Pirverdiyev Agil
International coach
Fide classical 2411, rapid 2508
Offer individual or group lessons 


World Champion
European champion
Olympic Team Silver",2411.0,,,2455,140,372,2077,0,10,2510,1500,,
R_Berzinsh,r_berzinsh,IM,Roland Berzinsh,LV,,2377.0,,,2464,1,4588,2487,199,38,2590,1500,,
Andrejs21,andrejs21,IM,Andrei Sokolov,LV,"IM, chess coach",2532.0,,,2661,-14,2534,2606,26,158,2770,1500,,
kapriagachess,kapriagachess,FM,,,,,,,2010,-29,702,1542,-163,26,2009,1500,,
Gorbaev,gorbaev,IM,Dusan Jovanovic,RS,My name is Jovanovic Dusan and I am an International Master from Serbia.,2365.0,,,2616,-27,7187,2341,-160,12,2682,2191,,
Exodom,exodom,FM,John Merill E. Jacutina,PH,I like solving puzzles specially the tricky one,2073.0,,,2428,19,168,2433,0,9,2711,1500,,
FutUREwcc,futurewcc,FM,Mistery History,NL,"Coach
First lesson is FREE
 Noam Aviv Vitenberg",3000.0,,,2531,50,1298,2282,32,366,2468,1500,,
DarthKiller2018,darthkiller2018,FM,,,,,,,2215,-45,4529,2068,-47,168,2315,1500,,
Printezis04,printezis04,IM,,GR,,,,,2586,7,4416,2221,32,22,2774,1609,,
alexey4eg2,alexey4eg2,FM,,RU,,2326.0,,,2591,-3,4585,2331,-14,49,2633,2164,,
Shahinyan_ChessMood,shahinyan_chessmood,IM,David Shahinyan,AM,,2486.0,,,2714,-30,2694,1500,0,0,3029,2310,,
MKO78,mko78,GM,,_earth,,,,,2670,-12,1577,1791,0,1,2913,1500,,
Elistratov_Semyon,elistratov_semyon,IM,Semyon Elistratov,RU,"I am interesting in chess, math, machine learning, DL & CV, quantitative finance...",2401.0,,,2290,-93,971,1274,0,1,2294,1500,,
rychessmaster1,rychessmaster1,FM,Ryan Amburgy,US,First IM Norm Achieved!,2250.0,2360.0,,2691,31,4865,2543,233,101,2755,1875,,
DontmessWithMe_2,dontmesswithme_2,NM,Shaashwath Sivakumar,US,,2204.0,2241.0,,2407,32,128,2476,15,939,2206,1589,,
AlPacino80,alpacino80,FM,,,,,,,2559,9,4668,2117,0,6,2812,1500,,
cristianogsouza,cristianogsouza,NM,,,,,,,1977,44,13283,2060,-99,123,2130,1500,,
rovbar,rovbar,CM,jose robinson vargas serna,CO,,,,,2165,-29,1149,1798,-186,45,2210,1500,,
Garfield64,garfield64,FM,Ilya Manakov,,,,,,2500,13,2051,2484,3,170,2508,1345,,
namaganda,namaganda,WFM,,,,,,,2246,-5,4026,1621,-108,809,2327,1459,,
Jaboder,jaboder,FM,Jan Boder,DE,"Ich habe einen YouTube Kanal auf dem ich Schachpartien analysiere. 
Außerdem streame ich meine Schachpartien auch ab und zu live auf Twitch. 
Die Links zu meine Kanälen seht ihr unten bei den Social-Media Links.  
Übrigens biete ich auch übers Internet Schachtraining an, bei Interesse gerne anschreiben.
Ich würde mich freuen wenn ihr mal vorbei schaut",2349.0,,,2482,1,8073,2437,-17,468,2694,1914,,
jaskol95,jaskol95,CM,Tomek Jaskółka,PL,,,,,2493,65,3401,2327,143,59,2651,1786,,
ReinaldoR,reinaldor,CM,Reinaldo Rodríguez,UA,"Youtube Channel: https://www.youtube.com/channel/UCR_Qh-5lWSrRWSi5hIPk4kA
Hi there¡ thank you for reviewing my profile, my name is Reinaldo Rodríguez professional chess coach. Currently dedicated to the teaching and dissemination of chess through online media. You can contact me through my networks:
Mail and skype reinaldoarodriguezu@gmail.com

  https://i.imgur.com/C7AlLGj.jpg",2168.0,,,2389,-1,11316,2635,22,475,2613,2504,,
MrSmile77,mrsmile77,CM,,,,,,,2292,-91,151,2349,2,133,2183,2174,,
Arteler,arteler,FM,Артур Дилмухаметов,RU,,2300.0,,,2577,-17,3247,2758,4,357,2873,2417,,
A-Mo-A,a-mo-a,FM,Abdelazeez Mohamed 12202576,SD,,2214.0,,,2273,-2,8461,2307,-155,66,2065,1807,,
ssusanita,ssusanita,FM,Ramón Aullana,ES,Ñ,2275.0,,,2385,-144,5966,2509,78,91,2488,2011,,
Arnelos,arnelos,GM,Hristos Banikas,,"8 times greek champion ,
european rapid champion 2002 ,bronze medal in Beijing 2008,silver medal with national team in 2005,gold in 2010 with greece 
in world team championship,
 4 medals in world junior championships member of Greek national team from 1996
fide chess trainer
contact me : c_banikas@hotmail.com",2601.0,,,2790,1,7205,2482,36,29,2817,1500,,
grishanya88,grishanya88,WGM,Lanita Stetsko,_earth,"WGM, FM
Chess Coach",2196.0,,,2091,-140,288,1500,0,0,2300,1500,,
chessiando,chessiando,GM,Rob G Pantoja,CU,"Página web:
El BunKer! bunkerchess.com
Canal de Youtube: Chessiando
https://youtube.com/c/proyectochessiandoimproveyourlevel
Conoce la plataforma interactiva Check!
- https://www.skool.com/check-2850

Clases:
Tarifa standard 60$ la hora (personalizada).
https://imgur.com/a/un-enfoque-personal-la-maestr-al-alcance-de-todos-jf0gH05",2550.0,,,2582,22,9558,2513,-3,109,3002,2248,,
Firebullet,firebullet,IM,,ZA,Some days you're the pigeon and other days you're the statue,,,,2525,5,1485,2182,109,27,2619,1500,,
farbmates,farbmates,NM,Max Farberov,US,"Chess coach & content creator
https://www.chessable.com/1d6-danger/course/234662/",2133.0,,,2522,11,16917,2523,-2,2452,2602,2273,,
HamishCoaching,hamishcoaching,FM,,,,,,,2106,0,10,1500,0,0,1806,1500,,
JordenvanForeest,jordenvanforeest,GM,,,,,,,2671,81,17,1500,0,0,3105,1500,,
TI8,ti8,FM,Alejandro Nieto,DO,:),2186.0,,,2290,4,162,2029,77,25,2313,1500,,
Benny_Hill,benny_hill,IM,,RU,,,,,1952,-8,1701,2113,-91,120,2455,1500,,
timatima,timatima,FM,Tymur Keleberda,CA,"timakeleberda@gmail.com https://www.facebook.com/share/1XBbNXBBAU/ 
WhatsApp +17807207273",2365.0,2312.0,,2596,9,3801,2316,38,533,2909,2065,,
Ferrari_Chess11,ferrari_chess11,NM,,BR,,2112.0,,,2139,21,2252,2354,63,2890,2435,2054,,
GP9isback,gp9isback,FM,,PE,,2300.0,,,2659,13,3877,2441,-115,106,2901,1500,,
Garmendiarov,garmendiarov,CM,Gabriel Garmendia,CL,,,,,2338,28,8138,2354,150,14,2438,1500,,
Igorshyvanov,igorshyvanov,NM,Igor Dubrovich,AR,"https://imgur.com/v95GOPq

https://ratings.fide.com/profile/122335",2076.0,,,2235,10,10907,2233,-17,244,2185,1635,,
Laurin_2009,laurin_2009,CM,Laurin Jahnz,DE,,,,,2264,19,10600,2143,58,155,2715,2106,,
Nahun_Gavarrete,nahun_gavarrete,FM,Nahun Gavarrete,HN,"Hola a todos soy el #1 del ranking FIDE en mi hermoso país Honduras.
Me gusta competir, entrenar, jugar y enseñar ajedrez. 
Esto ultimo cosa que hago desde hace mucho tiempo con alumnos de todos los niveles.",2379.0,,,2305,-143,3634,2171,100,21,2635,1560,,
lupta_robin,lupta_robin,IM,Robin Dragomirescu,RO,,2336.0,,,2603,26,5072,1500,0,0,2768,1500,,
VLABOR64B,vlabor64b,FM,,,,2213.0,,,2079,-8,44102,1231,0,7,2134,1210,,
Ti-Ga,ti-ga,FM,,AM,,,,,2539,12,14104,2633,49,139,2715,1500,,
DizzasterFritz,dizzasterfritz,GM,Alexander Bagrationi,DE,Like Caro Can,2415.0,,,2587,-2,914,2146,0,11,2675,1500,,
affa19,affa19,GM,,RU,,,,,2822,32,1629,2427,214,37,3027,2007,,
Waqar-Madni,waqar-madni,NM,Waqar Ahmad Madni,PK,https://ratings.fide.com/card.phtml?event=7800371,1988.0,,,2077,-29,7279,1500,0,0,2037,1500,,
buddaaaa,buddaaaa,NM,John Williams,US,"former bad reg, now bad seldom",2048.0,2106.0,,2345,-48,1557,2351,206,41,2621,1801,,
cubansboy,cubansboy,GM,,,,,,,2580,-14,1019,2156,0,5,2516,1500,,
B-A-N-K-A-I,b-a-n-k-a-i,CM,,,,,,,2514,-35,3720,2257,29,500,2547,1500,,
Klimenko_Sergey_IM,klimenko_sergey_im,IM,Sergey Klimenko,UA,"FIDE ID:
14103346
https://ratings.fide.com/profile/14103346",2429.0,,,2380,13,42775,2328,-27,3762,2466,2271,,
Olegator712,olegator712,FM,Олег Кислов,RU,"Мои ближайшие цели на личесс:
 Bullet           2700 ✅2800✅
 BLITZ           2700
 Рапид          2600✅
 Классика     2300
 Chess 960    2300
 Puzzle Racer 100  ✅
 Задачи        2800 ✅ 2900",2249.0,,,2553,5,3179,2435,-46,633,2801,2146,,
Goi_Manne,goi_manne,FM,Fabian Jahnz,DE,,,,,2285,-39,9595,1808,0,2,2343,1500,,
Rachel2070,rachel2070,WIM,Rachel Miller,US,,2040.0,,,2018,-7,705,2187,2,60,1881,2030,,
EnergeticHay05,energetichay05,NM,Jason,US,Hi,2000.0,2200.0,,2333,16,552,2375,-53,30,2409,1873,,
Tich0ndrius,tich0ndrius,FM,Ignacio Fernandez Mazzetti,AR,,2195.0,,,2435,-18,6952,2137,298,22,2352,2030,,
boec-2021,boec-2021,CM,,ES,,,,,2433,18,2414,2326,-71,305,2462,2091,,
specialprize4u,specialprize4u,CM,,,,,,,2166,-81,5795,1500,0,0,2241,1500,,
Archturus,archturus,FM,,,,,,,2614,-73,2085,1500,0,0,2754,1500,,
psykaac,psykaac,FM,Ilija Stanojevic,RS,"Fully dedicated coach and specialist for beginners - guaranteed improvement in a couple of months!
Feel free to contact me for classes here or by email: chesscoach@eleyah.com
https://lichess.org/coach/psykaac",2317.0,,,2369,-4,1952,2405,-29,170,2702,2301,,
VojtaR,vojtar,FM,Riha Vojtech,,,,,,2450,81,97,1778,0,2,2337,1500,,
Barbikusz,barbikusz,WIM,,FM,,,,,2561,55,2618,1500,0,0,2487,1500,,
BulgakDamir,bulgakdamir,CM,,_earth,Я из Минска мне 12 лет мой рейтинг в классику составляет 2256,2284.0,,,2610,-31,2415,2419,83,2474,2688,2027,,
Anonym365492,anonym365492,WCM,,,,,,,1937,0,250,2056,-47,48,2117,1500,,
cool4thechess,cool4thechess,GM,,US,,,,,2717,103,721,2723,47,32,2822,1500,,
realmadridfc1234,realmadridfc1234,FM,,,,,,,2631,149,164,2154,80,38,2722,1500,,
Fleetwood_Mac,fleetwood_mac,FM,Lovro Čupić,HR,Chess enthusiast. Love this site,2200.0,,,2610,42,22868,2606,-2,2332,2526,2395,,
RealDavidNavara,realdavidnavara,GM,David Navara,UA,"I am a Czech GM born in 1985. I am no fan of Donald Trump, but the name DavidNavara was unavailable. The Ukrainian flag expresses solidarity with the attacked country.
I like Chess960 a lot. 
I am an author of the books My Chess World (2020) and Lessons on Uncompromising Play (2024) and a co-author of an award-winning book The Secret Ingredient (2021).
https://i.imgur.com/pVDJOUH",2642.0,,,2938,47,1478,2752,-44,357,3152,2421,,
LiamPutnam2008,liamputnam2008,IM,Liam Putnam,US,https://www.twitch.tv/liamputnamchess,2476.0,,,2745,11,2695,2589,-12,169,3282,2271,,
SacSacCheckmate,sacsaccheckmate,IM,Alexander Katz,,,2426.0,,,2666,-15,805,2269,0,9,2922,1500,,
TheRigos,therigos,IM,Richard Mládek,_earth,https://i.imgur.com/73fSsjp.png,,,,2638,-10,3525,2552,-5,94,3000,1814,,
Olga_Zhuravleva,olga_zhuravleva,WIM,,,,,,,2298,-38,2301,2208,66,37,2430,1500,,
CorfuInChess,corfuinchess,CM,Emmanouel Nathanail,GR,"FIDE Trainer, FIDE CM",1949.0,,,2351,-55,247,2225,-58,60,2401,1500,,
GoodFellas1903,goodfellas1903,FM,,TR,,,,,2655,-39,2330,1685,151,29,2681,1817,,
Artem_0degov,artem_0degov,FM,Artem Odegov,RU,"Chess coach/Тренер по шахматам lichess.org/coach/Artem_0degov 
also available for training games & solid offers to play for the teams.
TG: https://t.me/odegchess
Email: odegov.official@mail.ru
""Chess is a complicated game - you don’t want it to be easy, you want to be good""
https://lichess.org/tournament/apr22lta - Top 5 in the TA
https://lichess.org/5VI9Y9JB - game vs Gukesh",2428.0,,,2801,10,4522,2602,58,50,3020,2246,,
MauroTirelli96,maurotirelli96,NM,Mauro Tirelli,IT,"“One should always be drunk. That's all that matters...But with what? With wine, with poetry, or with virtue, as you chose. But get drunk.”
― Charles Baudelaire, Paris Spleen",,,,2244,24,2786,2032,-5,44,1581,1500,,
leonteo,leonteo,NM,,,,,,,2316,-31,40997,2322,0,4,2265,1500,,
Secret_Magnus,secret_magnus,IM,,FR,,,,,2695,-11,192,1500,0,0,3083,1500,,
kathiyitis,kathiyitis,NM,Pete Karagianis,UA,"Eccentricities, peculiarities, and theoretical novelties.     
----
I teach chess! Check out my coach profile here:
https://en.lichess.org/coach/kathiyitis",,2315.0,,2351,20,3462,2415,23,924,2601,2289,,
panpeter365,panpeter365,NM,,BG,,,,,2084,-7,8840,2181,60,79,1500,1500,,
AusHoin,aushoin,FM,Julian Zimmermann,DE,"Chess Coach.


I like solving puzzles, so u will find some of them in my studies section.",2340.0,,,2344,-47,4549,2430,-20,574,2578,2236,,
Yeron,yeron,IM,Girón,SV,Enfocado en el objetivo de ser GM,2345.0,,,2284,-15,6428,2163,-125,31,2667,2119,,
DrKerfuffle,drkerfuffle,IM,Nicolás Abarca Gonzalez,CL,"Maestro Internacional con una norma de Gran Maestro. Record 2523 ELO FIDE BLITZ.
Clases personalizadas disponibles. Acepto partidas de entrenamiento, consultar costos.
Mail de contacto: nicludo24@gmail.com",2493.0,,,2466,-7,6320,2082,59,21,2770,1500,,
Marcus_Antonius,marcus_antonius,FM,,,,,,,2472,35,1493,1500,0,0,2374,1500,,
j_coca,j_coca,FM,Jesús Alberto Coca Cubillos,CO,"FIDE Master, 
School Instructor, 
FIDE Instructor

https://lichess.org/coach/j_coca 

https://ratings.fide.com/profile/4462912

Genios en Movimiento
Club y Escuela de Ajedrez 
https://www.facebook.com/profile.php?id=61554759953325

UdeA - MEM",,,,2285,-21,29847,2393,0,809,2458,2074,,
Njilik,njilik,IM,Kamel Njili,TN,,2414.0,,,2296,19,3129,2473,230,30,2522,1500,,
magicstar12,magicstar12,FM,,,,2500.0,,,2568,-32,641,1500,0,0,2807,1500,,
varunvar,varunvar,IM,,_earth,Don't stop when you're tired stop when you're Done,,,,2801,23,5597,2405,63,389,3036,2065,,
MasterAmy,masteramy,WFM,Damaris Abarca,CL,Admiro mucho a Judit Polgar. Y mi maestro modelo por mucho tiempo fue Boris Spassky. ❤️,2050.0,,,2255,65,751,2050,146,25,2315,1500,,
Schachbrettchen,schachbrettchen,WFM,Anita Stangl,DE,,2005.0,,,2056,-28,7319,2069,-25,95,2162,2059,,
evandrorsilva,evandrorsilva,NM,Evandro Rodrigues da Silva,BR,"https://imgur.com/tGee4Va
https://imgur.com/H0EULg6
Brazilian MN, Amador. ",2148.0,2170.0,,2078,-22,49347,1960,-129,69,2098,1438,,
Alarcon_86,alarcon_86,IM,Rolando Alarcon,CU,Ajedrecista,2484.0,,,2517,-25,3897,2263,0,3,2513,1500,,
miksa99,miksa99,FM,Mihajlo Matovic,RS,You will never win if you never begin! Every chess master was once a beginner. If you want to play smarter than you played yesterday you will contact me.,2315.0,,,2381,0,8968,2192,290,30,2160,1500,,
h3nrique,h3nrique,NM,Henrique Paiva,,"I am a portuguese national master and chess coach :) 
https://www.fiverr.com/thedesignerzzz/play-and-analyze-chess-games-with-you 

Message me if you are interested :) !",,,,2345,78,785,1660,0,3,2551,1800,,
DrMundoXP,drmundoxp,FM,,,,,,,2523,4,129,2170,0,8,2439,1500,,
sonofdayman,sonofdayman,NM,,,,,,,2411,-30,1567,2400,35,61,2502,2013,,
nitrogenonline,nitrogenonline,WIM,Sıla Çağlar,TR,,2269.0,,,2134,-256,67,2375,89,16,2126,1554,,
BuendiaChess,buendiachess,FM,Miguel Ruiz Buendia,ES,"Spanish Fide Master and content creator
3 IM norms
X6 Madrid Champion
twice runner-up spanish team championships.
AVAIABLE FOR LEAGUES",2370.0,,,2178,61,48,1775,0,1,2538,1500,,
Insterburg,insterburg,NM,Vladimir Zhaldybin,UA,,2219.0,,,2382,-20,71086,1500,0,0,2454,1748,,
PabloZarnicki,pablozarnicki,GM,Pablo Zarnicki,AR,"Psicólogo deportivo y entrenador para todos los niveles!

 I'm former youth world champion. I teach all levels and train high-level players. I am also a sports psychologist and I can help you improve your ranking by working on your mental and emotional areas. If you are interested you can consult me 
about prices, work methodology, etc. WP: +5491163563851.",2520.0,,,2605,45,672,2430,229,39,2712,1822,,
aculina,aculina,WGM,Enkhtuul Altanulzii,MN,,2231.0,2314.0,,2406,54,632,2018,0,6,1955,1500,,
Themagic79,themagic79,IM,Carlos Ernesto Burgos Figueroa,SV,"Estamos ante el mejor de la historia, MC.

Clases en línea vía zoom o Skype.",,,,2324,12,14882,2267,103,26,2514,1500,,
LuisFSiles,luisfsiles,FM,Luis Fernández Siles,ES,Creador de contenido | Teórico ajedrecista especializado en el Sistema Maruchán,2256.0,,,2403,14,1164,2515,69,78,2357,1500,,
navidkhosravi,navidkhosravi,FM,Arman Pourghanbarzad,,,2322.0,,,2471,-20,2709,2396,49,85,2592,2165,,
Asatryan_Gor,asatryan_gor,CM,Asatryan Gor,AM,,,,,2411,-5,2654,2048,60,12,2733,1500,,
turkmenchess,turkmenchess,NM,1.Nc3!? - 1... Nc6!?,US,"""Chess mastery is born from recognizing patterns, and cultivating chess habits enhances this proficiency."" Bah Hoberd

I love chess and I am good at it, especially in won position. 

https://i.imgur.com/bjGaKB3.jpg


""I love playing endgames, especially vs weaker players"" turkmenchess",2167.0,2247.0,,2459,17,3179,1974,-7,559,2514,1783,,
mariokar,mariokar,IM,Mariano Ortega Amarelle,CU,"Soy Maestro Internacional de ajedrez.

Mira mi canal de YouTube y Twich donde disfrutamos de la pasión del ajedrez!!!

https://www.youtube.com/channel/UCJxL_1f6n6Z4HmgAvnlRFEw/videos?view_as=subscriber

https://www.twitch.tv/marianokar/videos
https://imgur.com/Fz0nz09",2472.0,,,2395,16,4720,2158,-341,14,2538,1500,,
Fluke180,fluke180,FM,Alias Falkesi Alias CheFalquito,DE,"Not long after Wijk 2021 ;-) 
Waiting for invitation for 2022 ;-) 
https://imgur.com/TIlFccs

https://imgur.com/0F4wTpW

No reply to no-content-messages like “hello” or “may I ask you something?” or “please join my Team” without any senseful question or reasoning.",,,,2381,-18,12800,2309,-179,67,2443,1500,,
GMadly,gmadly,GM,Ahmed Adly,EG,,2615.0,,,2718,-79,1189,1770,0,1,3016,1500,,
Vitruviy,vitruviy,CM,Kharitonov Alexey,_earth,,2074.0,,,2335,-3,23178,2413,107,1397,2387,2029,,
YurasovMat-2012,yurasovmat-2012,FM,Yurasov Matfey,_earth,https://ratings.fide.com/profile/55617603,2400.0,,,2479,-45,553,2601,70,44,2559,1500,,
dizalica123,dizalica123,FM,Nenad Robulj,RS,"I am FM Nenad Robulj from Serbia. I won many tournaments in my country, i was youth champion of Serbia at 2004. Champion of city Pancevo for 2009. I participate at european youth team and individual championships. My best friend and mentor is GM Gadir Guseinov (aze).",2297.0,,,2331,20,675,1829,0,4,2475,1138,,
LuukDeGrote,luukdegrote,FM,,NL,,,,,2541,-17,11341,2634,-64,771,2541,2366,,
AntunesPeroza,antunesperoza,NM,,GR,,,,,2356,-39,5718,2324,-83,77,2324,1500,,
crosky,crosky,NM,,,,,,,2403,55,19978,2326,55,728,2419,1500,,
filipos05,filipos05,FM,,,,,,,2596,-28,2121,2336,-39,42,2927,1500,,
umutbekiragaoglu,umutbekiragaoglu,NM,Umut Bekirağaoğlu,TR,,,,,2560,15,2438,2131,110,23,2901,1636,,
Makhsum_Bozorov,makhsum_bozorov,FM,Makhsum Bozorov,UZ,,,,,2421,-4,8548,2352,0,9,2726,1536,,
Manuel_Ochoa,manuel_ochoa,FM,Manuel Darío Ochoa de la Rosa,CU,"Maestro FIDE con dos normas de Maestro Internacional. Elo actual: 2359. Elo máximo: 2438. 

Ofrezco sesiones de 1 hora para jugar partidas al ritmo que usted lo necesite, y luego de ello le analizo 2 de las partidas jugadas, las que usted desee, y le envío un pgn con las observaciones. Honorarios de 10 dólares cada sesión, con los análisis de las 2 partidas incluído.",2438.0,,,2474,5,10920,2058,0,6,2459,1500,,
CoradoRafael96,coradorafael96,CM,Rafael Alejandro Corado Paz Castillo,,"""La actitud que tienes frente al tablero es la misma que tienes frente a la vida""",2220.0,,,2717,40,12,2324,0,2,2748,1500,,
poik4m,poik4m,FM,,,,,,,2482,4,1963,2590,10,1011,2803,1500,,
Pevinya,pevinya,WFM,,LK,,,,,2140,60,91,2248,101,43,2066,1500,,
Soledadense,soledadense,NM,Rodrigo da Silva Borges,BR,"Tricampeão gaúcho 2010/2015/2022
Campeão do Regional Sul 2012
Mestre Nacional",2200.0,,,2401,50,23692,2439,-48,183,2401,1369,,
ALEKSANDROV73,aleksandrov73,GM,ALEKSEI ALEKSANDROV,BY,11 05 1973,2608.0,,,2588,-38,9196,2423,-116,189,2619,1500,,
ssllaavvaass,ssllaavvaass,IM,Viachaslau Zarubitski,BY,Принимаю учеников,2461.0,,,2595,13,3001,2298,0,8,2710,1500,,
mardgos,mardgos,GM,,DZ,,2490.0,,,2396,-117,954,1520,0,1,2741,1500,,
Ultrasolido16,ultrasolido16,IM,,,,,,,2433,-6,220,2168,0,8,2429,1500,,
vsepro100,vsepro100,IM,,UA,,,,,2186,-27,2166,2358,-103,172,2289,2358,,
kyle2007,kyle2007,NM,,AR,,,,,2405,74,3486,2473,71,336,2506,1500,,
bernaguaro,bernaguaro,FM,Bernardo Ramon MELENDEZ TIRADO,VE,ID 3900592,2154.0,,,2236,-33,14214,2117,-47,15,2349,1373,,
eskeropouloss,eskeropouloss,FM,,AW,,,,,2400,-234,873,1500,0,0,2921,1500,,
klimkoj,klimkoj,GM,,,,2500.0,,,2567,-145,3996,2704,-17,4179,2991,2081,,
GregShahade,gregshahade,IM,,US,,2476.0,2541.0,,2637,-9,810,1991,0,1,2647,1500,,
Jasugi99,jasugi99,NM,,CA,,,,,2578,-16,6710,2430,0,9,2981,1500,,
DingMaster,dingmaster,FM,,,,,,,2255,-32,2666,1795,0,1,2527,1500,,
Ciciban13,ciciban13,WFM,Radmila Kovacevic,RS,,2106.0,,,2177,-16,10189,2213,39,108,2263,1431,,
linusj,linusj,IM,,SE,,,,,2554,-48,5918,2321,254,28,2553,1137,,
PowerThinking2650,powerthinking2650,IM,Oleg Terletsky,UA,Chess player INTERNATIONAL MASTER 2019 And chess coach to have many students diferent levels.,2307.0,,,2351,-9,9380,2474,98,39,2497,2216,,
lyanic,lyanic,FM,Oleg Lyanguzov,RU,,2250.0,,,2188,-55,61,1500,0,0,2268,1500,,
JulianProleiko,julianproleiko,NM,Julian Proleiko,US,https://ratings.fide.com/profile/30900255,2203.0,,,2596,-14,2674,2536,-34,341,2711,2342,,
Wildindian,wildindian,IM,Zaur Tekeyev,,"Coaching: https://lichess.org/coach/Wildindian
YouTube:https://www.youtube.com/channel/UC4L02EqWct6eIsjscQ2tYJg",2420.0,,,2765,34,11073,2442,73,63,2941,1500,,
Nadtkins,nadtkins,IM,Nad Titus Petre,RO,"FIDE certified chess trainer and a coach with over 15 years of experience at all levels from complete beginner up to 2400 Fide Rating.
International Chess Master.",2300.0,,,2477,32,7591,2630,103,68,2628,2463,,
Last7Samurai,last7samurai,GM,Cemil Can Ali Marandi,TR,"I do offer chess lessons, for more detail please do not hesitate to send me a direct message from any social media platform.

Personal Website: https://www.cemilcan.com/

Twitch: https://www.twitch.tv/thelast7samurai/

Instagram: https://www.instagram.com/cemilcanalimarandi/

Youtube:https://www.youtube.com/channel/UC_-HcUwAzyN2ha7OpsuyOAw?view_as=subscriber",2543.0,,,2845,0,1194,2709,23,69,2934,2399,,
fb_ruhrpottasylum,fb_ruhrpottasylum,FM,,PS,,,,,2404,-8,1493,2590,-103,97,2730,1500,,
Yuriy_Ayrapetyan,yuriy_ayrapetyan,GM,,,,,,,2749,-1,4630,1916,0,2,2929,1500,,
midnighttactician,midnighttactician,CM,,,,,,,2229,3,998,2003,0,8,2309,2080,,
necp,necp,GM,,GB,,,,,2709,-11,1069,1500,0,0,2967,1500,,
spidy92,spidy92,GM,SHYAM SUNDAR,IN,chessthulir.com,2518.0,,,2634,7,1315,2267,0,7,2812,1500,,
mmaiti,mmaiti,NM,,,,,,,2616,18,382,2183,52,16,2545,2405,,
G0ldman,g0ldman,FM,Alexandr Piskunov,RU,https://ratings.ruchess.ru/people/2640,2289.0,,,2487,4,2417,2127,-133,27,2742,1494,,
Leon009,leon009,GM,Manuel León Hoyos,MX,"Based in Oregon, USA",,,,2900,63,551,1500,0,0,2911,1500,,
papasi,papasi,IM,Papasimakopoulos Alexandros,GR,"Chess is my passion... Have you found yours ?    
Join my team PAPASIonates (over 1300 members) for more FUN and KNOWLEDGE! 
https://lichess.org/team/papasionates
YouTube Channel (2022)
Subscribe for more content! https://www.youtube.com/user/mazetas96",2402.0,,,2759,-9,30703,2583,33,940,3000,2529,,
balack,balack,CM,Marc Balague,ES,,2227.0,,,2504,36,5582,2507,241,28,2717,1500,,
Chesstoday,chesstoday,GM,Zhamsaran Tsydypov,,,2571.0,,,2749,-5,2266,2593,-26,41,3164,2231,,
AParadiseLost,aparadiselost,FM,Jorge Ruiz Castíllo de Avellaneda,GB,"Hola! Me llamo Jorge Ruiz Castíllo de Avellaneda. Soy un Maestro de FIDE (FM) y soy de España. En este momento, vive en Bristol, UK. Me gusta MUCHO la comida de Brittania! (es una chiste por supuesto!)

NO offers to join teams please",2325.0,,,2404,9,299,2440,14,459,2640,2054,,
majarimx,majarimx,CM,Luis Carlos Vega Castañeda,MX,CM,,,,2078,-31,3444,2200,-26,640,2134,1500,,
ntbtdhs,ntbtdhs,FM,,,,,,,2537,-51,336,1500,0,0,2885,1500,,
Dr-CRO,dr-cro,GM,Sasa Martinovic,HR,"I'm Sasa Martinovic, a Grandmaster and member of the Croatian national team (peak FIDE rtg 2604). I am also a FIDE trainer and have a Masters degree in pedagogy. If you're interested in lessons or coaching in english or german, feel free to contact me. My e-mail is: sasa.martinovic91@gmail.com",2565.0,,,2758,-19,8539,2334,0,7,3001,1500,,
joy_x6,joy_x6,WCM,,,,1948.0,,,1997,-71,159,2129,-86,23,2183,1500,,
SmokedGray,smokedgray,IM,Melih Yurtseven,TR,"Lichess üzerinden atılan mesajlara bakamıyorum. Instagram hesabımdan yazarsanız birkaç gün içerisinde geri dönüş yapıyorum.

Instagram: melihhyurtseven",2382.0,,,2410,12,3019,1978,0,7,2715,1500,,
BClasesGE,bclasesge,NM,Brandon Fiorenza,AR,Jugador del Club Atlético Boca Juniors,2003.0,,,2265,16,118,2216,-107,16,2316,1500,,
Minoli,minoli,GM,,,,,,,2661,7,3020,2609,-17,23,3154,1862,,
Crew64Alex,crew64alex,IM,Alex Ostrovskiy,US,,2434.0,2517.0,,2703,27,227,1304,0,2,2901,1500,,
kaban4ic,kaban4ic,CM,,,,,,,2658,-13,124,1500,0,0,3000,1500,,
BahadirOzen,bahadirozen,IM,Bahadir Ozen,TR,"25 years old,  trainer,  FIDE IM - ICCF SIM available for lessons.
 bahadirozenchessk@gmail.com",,,,2789,8,3349,2043,0,4,2863,1500,,
speedrunto23,speedrunto23,NM,Hunter Klotz-Burwell,US,Check out my Youtube channel if you want to see some interesting chess puzzles I've composed: https://www.youtube.com/watch?v=FTw3dz5pl20,,,,2690,84,886,2525,42,232,2551,1962,,
AngelitoRT,angelitort,IM,Renato Alfredo Terry Lujan,PE,"Follow in : https://www.twitch.tv/miterryble
https://www.youtube.com/channel/UCPlVS-Bh3dXnd9NMpAKj7xw
If you want to collaborate on the road to GM  https://streamlabs.com/miterryble/tip",2519.0,,,2828,12,7059,2624,14,101,3174,1881,,
AryaCross,aryacross,IM,,,,,,,2617,-13,1388,2300,0,6,2798,2200,,
arvielozano,arvielozano,WNM,Arvie Lozano,PH,,1982.0,,,2038,33,367,2065,6,62,2059,2040,,
AVIGDOR1,avigdor1,GM,AVIGDOR BYKHOVSKY,IL,,2405.0,,,2276,32,5751,2322,7,230,2264,2300,,
Vasily_Malyshev,vasily_malyshev,IM,Vasily Malyshev,RU,IM,2353.0,,,2422,-6,325,1500,0,0,2645,1500,,
Fermin-Ajedrez,fermin-ajedrez,IM,Fermin Gonzalez,ES,"NOVEDAD! Whatsapp Ajedrez
https://chat.whatsapp.com/E2gU0NmAs1X1keUubsobcG

Academia de ajedrez online http://www.maestrodeajedrez.com
El MAESTRO Internacional Fermín González se inicia en nuestro amado juego del Ajedrez a la edad de 10 años, cuando un profesor viene a su colegio. En muy poco tiempo ya comienza a ser un jugador muy fuerte....

https://www.maestrodeajedrez.com",2346.0,,,2346,-179,2788,1711,0,2,2507,1500,,
unpazajedrez,unpazajedrez,NM,Maximiliano Andrés Codigone,AR,,,,,2333,18,12880,2323,-67,61,2308,1743,,
dinesh501,dinesh501,IM,Dinesh Kumar Sharma,IN,,2290.0,,,2545,-51,1060,1908,206,38,2477,1337,,
Sesenco,sesenco,FM,,,,,,,2256,3,3326,2252,-90,26,2403,1500,,
Morphy123,morphy123,GM,,,,,,,2181,53,1794,2255,24,266,2393,2278,,
SimonMkrtchyan,simonmkrtchyan,FM,Simon Mkrtchyan,AM,I work as a chess coach,2339.0,,,2434,2,18981,1973,-435,112,2608,1862,,
A-Liang,a-liang,GM,Awonder Liang,US,,2690.0,,,2971,66,621,2545,30,17,3054,1500,,
DerMichel,dermichel,CM,Michael,UA,,2200.0,,,2421,9,4437,2195,27,63,2619,2022,,
MariyaYakimova,mariyayakimova,WFM,Mariya Yakimova,RU,,,,,2459,-40,1679,2253,-11,43,2260,1500,,
Krestik,krestik,WFM,Adriana Sakorenko,RU,,2211.0,,,2645,24,4069,2546,-34,258,2713,2239,,
BlueGreensun,bluegreensun,GM,Vahap Sanal,TR,,,,,2730,-26,1983,2089,0,3,3077,1500,,
Proteuo,proteuo,FM,,CO,,2241.0,,,2368,-12,15902,1461,0,1,2584,1500,,
amaidel,amaidel,FM,Anton Maidel,RU,,2347.0,,,2395,8,7883,2542,44,322,2500,2330,,
CainMarko,cainmarko,FM,,,Nothing can stop the Juggernaut!,,,,2578,-1,651,1500,0,0,2718,1500,,
Leon4rdo,leon4rdo,GM,,,,,,,2548,-57,2006,2383,93,14,2628,1500,,
spv79,spv79,GM,Pavel Skatchkov,RU,Занятия онлайн.   Тренер юношеской сборной с 2012 года.  pavel_skatchkov@mail.ru,,,,2663,12,230,1258,0,1,2867,1500,,
Cami3,cami3,WIM,Camelia Ciobanu,IT,"I have been playing chess since I was 8 years old, winning 3 National Champion titles before the age of 20 and so many other gold medals at the National Team Championships, culminating with being the European Champion under 18 together with my team. I have played in several European and World Chess Championships and I won many other tournaments, both in my country and abroad.",2121.0,,,2339,1,393,2027,127,30,2423,1687,,
KingHarii,kingharii,IM,Haridas Pascua,PH,"International Master, Grandmaster-Elect(3 GM Norms), 2462 Peak Fide Rating, Philippine Team player, Two-time Philippine Champion, Two-time Olympiad Qualifier, Chess coach",2418.0,,,2685,-3,1324,2143,0,4,2869,1500,,
kassaylilla,kassaylilla,WFM,,,,,,,2199,-16,2891,2300,-38,185,2361,1500,,
Gpmgscorpion,gpmgscorpion,FM,,FR,I am still new in this game! Hope i will learn few things here and there,,,,2105,9,203,2353,-4,415,2295,1500,,
mickeljackson1388,mickeljackson1388,CM,What,,Bj,2346.0,,,2534,28,3059,2567,16,149,2818,1500,,
Sonics1962,sonics1962,FM,,DE,,2196.0,,,2383,8,16558,2603,31,86,2529,1500,,
V_Tovmasian,v_tovmasian,IM,Vardges Tovmasian,AM,,2352.0,,,2520,-4,5496,2242,192,20,2629,1500,,
Rasputin20202,rasputin20202,FM,Iván Vargas Maliqueo,CL,"Entrenador de Ajedrez para niños, jóvenes y adultos.
Ajedrecista profesional con más de 20 años de trayectoria.
https://www.facebook.com/Rasputinchess-101823134971697/",,,,2141,18,10434,2227,124,340,2439,2120,,
lisychess,lisychess,IM,Lisandra Teresa Ordaz Valdés,CU,,2318.0,,,2439,49,113,1500,0,0,2317,1500,,
Zeveraar-Glen,zeveraar-glen,IM,Sim Maerevoet,BE,,,,,2593,-20,16738,2480,78,18,2838,1500,,
Nikita_Shandrygin,nikita_shandrygin,FM,Никита Шандрыгин,,"Тренер по шахматам / Мой ютуб канал https://www.youtube.com/channel/UCyYPHPo_5m8n_d5asZWV8-g
Цена 3000 рублей - 60 минут",2323.0,,,2620,91,1423,2385,14,18,2947,1500,,
vincent_keymer_fan,vincent_keymer_fan,CM,,,,,,,1500,0,0,1500,0,0,2510,1500,,
tucnak64,tucnak64,FM,,CZ,,2268.0,,,2305,-62,1053,1889,0,2,2417,1500,,
vikber19611,vikber19611,FM,Viktor Berezin,RU,"В шахматах являюсь тренером, организатором, судьей, игроком, зрителем, читателем.",1900.0,,,1908,-7,1862,1910,-46,984,1678,1878,,
supercute,supercute,FM,,PH,I play chess to travel and meet new people and build amazing memories,,,,2316,-54,11010,2238,61,703,2110,1881,,
TwoHeartsOneBoard-RG,twoheartsoneboard-rg,WCM,,,,,,,2025,-6,122,1850,0,3,2075,1417,,
Greefen,greefen,FM,,KZ,,,,,2366,-6,275,1735,0,3,2453,1500,,
IVK88,ivk88,GM,Igor Kovalenko,UA,https://ratings.fide.com/card.phtml?event=14117908,2674.0,,0.0,2797,-61,2681,1500,0,0,2978,1500,,
asjen,asjen,WIM,Jenny Astrid Chirivi Castiblanco,CO,Liga de Ajedrez de Antioquia FIDE ID 4403061,2156.0,,,2293,1,1579,2286,4,44,2183,1541,,
gidropark,gidropark,GM,Artem Omelja,UA,"I am a chess coach.I am an International Grandmaster. Price 20 euros.
temiksstars@gmail.com",2515.0,,,2494,12,1483,1500,0,0,2696,1500,,
Korkmaz16,korkmaz16,CM,Necmettin KORKMAZ,TR,"Fide Trainer 2007  Coach Bursa Metropolitan Municipality  team ,Turkish chess Fedaration .",,,,2503,16,9401,2532,58,179,2601,1483,,
Fandorine_68,fandorine_68,FM,Sipetin Vlad,RU,"FIDE World School Chess Championship 2018 (3rd place)

coach page
https://lichess.org/coach/Fandorine_68",2300.0,,,2643,3,1101,1500,0,0,2811,1500,,
DJ-Logan,dj-logan,FM,,,,,,,2413,69,965,2191,32,164,2447,2168,,
crywolf1986,crywolf1986,IM,Malkhaz Sulashvili,GE,"I am 32 and I live in Tbilisi, Georgia.",2381.0,,,2489,-182,578,2026,0,8,2455,1500,,
Koukku,koukku,NM,Jyrki Kiltti,FI,"2025-02-19 status update: After more than half Year break from online chess, ready to play again (as signed in, I've played as guest). Last games (and logouts) before break: lichess 2024-06-05 (same); chesscom 2024-06-30 (2024-07-02); FICS 2024-07-31 (same).",2179.0,,,2389,10,2792,2490,-41,222,2519,2431,,
Fantasma94,fantasma94,IM,Carlomagno Oblitas,,,,,,2331,-9,2512,2207,0,1,2398,1500,,
handofprince,handofprince,GM,,CC,"“If wishes were horses, beggars would ride.”--Joanne Harris",,,,2761,-30,980,1500,0,0,3056,1500,,
SutorminDA,sutorminda,FM,Danila Sutormin,RU,"Профессиональный тренер по шахматам. Обращайтесь по номеру +7(914)662-52-46.

https://www.youtube.com/@sutorminchess/ - Youtube chanel",2411.0,,,2572,54,2076,2337,-205,79,2618,2279,,
aayaisyah,aayaisyah,WFM,Aay Aisyah Anisa,ID,ig: aayaisyah.a,,,,2228,-41,462,2373,124,25,2342,1500,,
Ediz_Gurel,ediz_gurel,GM,,,,,,,3025,5,224,1500,0,0,3365,1500,,
JRenatoMaranhao,jrenatomaranhao,NM,José Renato Ruiz Maranhão,BR,,1923.0,,,2182,19,1710,2174,0,6,2327,1500,,
PapaleguasMT,papaleguasmt,NM,Leonardo Tadeu,BR,"Máximo de Rating FIDE: 2122 - Cuiabá - MT - Consagrado à Maria!
https://imgur.com/dFJ9sNX.jpg",2004.0,,,2253,-14,10075,2360,-83,166,2468,1500,,
kfakta,kfakta,IM,,NO,"https://www.hf.uio.no/ilos/personer/vit/atleg/

IM, chess writer. I've been studying Slavic and Romance openings and grammars for 35 years. In 2017 I came up with the idea of organizing an unofficial Fischer Random World Championship match between Carlsen and Nakamura as part of my friend Dag Alveng's art exhibition outside Oslo. This worked out pretty well. Check out http://www.frchess.com/ for future events.",,,,2419,21,131,1500,0,0,2308,1500,,
Blind_mole1,blind_mole1,CM,Zdorov Egor,RU,,2090.0,,,2575,-22,1196,2253,23,33,2802,2024,,
ARuperez,aruperez,FM,Antonio Ruperez Benito,ES,,2328.0,,,2617,-9,833,2176,294,23,3000,2155,,
Juicy_Fork,juicy_fork,FM,,_earth,,,,,2530,26,162,2544,0,6,2798,2113,,
Patryk10,patryk10,CM,,IE,,2219.0,,,2501,36,4999,2447,-12,1846,2800,2180,,
FMedtiv,fmedtiv,FM,Eduardo Teodoro,CA,"1988 Manila kiddies champion 
Represent Philippines and Canada to world youth chess championship 



Support , follow and share : mobile chess club Philippines 
https://www.facebook.com/MobileChessClubPhilippines/",2355.0,,,2306,14,555,1664,0,2,2499,1500,,
NOELDelaCruz,noeldelacruz,FM,Noel Dela Cruz,PH,"I’m a 47-year-old professional chess player based in the Philippines, proudly holding the title of FIDE Master (FM). My current FIDE rating is 2176, with a peak rating of 2392, achieved in 2010.

I bring with me decades of competitive experience both locally and internationally.",2241.0,,,2434,17,18568,2405,11,2053,2643,2297,,
Gabi_G,gabi_g,IM,Gabriel Gähwiler,CH,,2401.0,,,2710,-65,2200,2681,21,307,2965,2372,,
dey2580,dey2580,WGM,Deysi Cori,PE,"Hello to everyone! My name is Deysi Cori. I am a WGM from Peru. 

Facebook:  https://www.facebook.com/deysicorideportista/
Instagram: https://www.instagram.com/deysicorideportista/
Twitter: https://twitter.com/DeysiCoriTello

Webside:
https://elcasillerodelrey.com/",,,,2452,-65,526,1997,21,17,2455,1500,,
severomorskij17,severomorskij17,GM,Aleksandr Moiseenko,UA,"Hi! I am Moiseenko Aleksandr,GM from Ukraine. My highest FIDE standart rating was 2726. I am available for lessons. Feel free to contact me.
",2635.0,,,2717,64,1017,2571,0,10,3012,1500,,
ivanrojo,ivanrojo,CM,,AR,,,,,2121,-20,11429,2275,95,100,2507,1500,,
C_K_G,c_k_g,CM,Chanchal Kumer Ghosh,BD,"I am not a professional chess player. I like playing Chess more than any pastime. My favorite opening is Sicilian, King's Indian and Petroff. My favorite player is Anand.",2025.0,,,2134,15,18269,2465,-25,640,2131,1951,,
Fischerev72,fischerev72,NM,Emerson Veiga,BR,Um cara legal e amante do xadrez.,,,,2132,64,2424,2337,0,10,2404,1500,,
racer478,racer478,IM,,,,,,,2711,-29,50,1500,0,0,2839,1500,,
boguszp,boguszp,CM,Bogusz,PL,,,,,1986,-12,1308,2305,11,718,1556,2124,,
arturchix,arturchix,GM,Arturs Neiksans,LV,"I am 5-time Latvian champion, chess coach, author, and commentator. 

Big news as of 05.05.2025! My Scandi course is out!! https://www.chessable.com/the-battle-tested-scandinavian-defense/course/307551/

All of my Chessable courses: 
https://www.chessable.com/author/GMNeiksans/

Twitch channel: https://www.Twitch.tv/gmneiksans",2615.0,,,2855,36,3075,1421,0,4,3001,1500,,
Brotello,brotello,NM,,RU,"Chess lessons 50€/h.
Systematic approach to teaching, working on every aspect of chess. Guaranteed improvement in positional understanding, tactical vision, opening preparation and endgame technique. Fluent English.",,,,2575,1,8664,2695,77,999,2795,2425,,
MFJoseClement,mfjoseclement,FM,,,,,,,2413,-20,5704,2622,142,68,2650,1500,,
Coraa29,coraa29,WCM,Coralys Michelle Alvarado Pérez,PR,Hola! <3,,,,1971,-19,3653,1847,61,29,2158,1500,,
Dflach,dflach,CM,Cm Daniel B. kolliemelen,LR,I am a single person with a degree in accounting. Not yet marry and with no kids. My interest is chess. And my favorite opening is stone wall,1831.0,,,1949,19,23349,1945,-96,390,1833,1348,,
sofiko-tereladze,sofiko-tereladze,WIM,Sopiko Tereladze,GE,,2141.0,,,2290,10,2212,2170,-166,32,2355,2101,,
A-Zubarev,a-zubarev,GM,Alexander Zubarev,UA,,2430.0,,,2341,-28,2077,2309,-55,82,2519,1500,,
aaryan_varshney,aaryan_varshney,IM,Aaryan Varshney,IN,I am International Master Aaryan Varshney with 2 GM norms. I am National (under - 13) Champion - 2018 and IIFL Mumbai Junior Champion - 2018. I am available for coaching and playing training games. You can send me a message here regarding coaching and training games.,2507.0,,,2582,-9,27013,2683,-41,137,3164,1500,,
NeonAssassin777,neonassassin777,IM,Khazar Babazada,AZ,,,,,2599,-42,292,2146,161,17,3065,1500,,
Mubi,mubi,CM,,,,,,,2485,47,315,2306,39,20,2717,1500,,
TheCountt,thecountt,GM,Cristian Chirila,US,"Hello everybody, my name is Cristian Chirila. Below are some of my accomplishments as a player, coach, and commentator.

Grand Master, World Youth Champion in 2007 at the age group Under 16.

Head Coach of the University of Missouri (Mizzou) Chess Team. Member of the coaching staff of America's #1 Fabiano Caruana throughout the 2018-19 World Championship cycle.

Chess Commentator",2536.0,2624.0,,2579,45,496,1500,0,0,2663,1500,,
Kuban23,kuban23,IM,Oleg Vastrukhin,RU,,,,,2757,-18,10076,2513,-32,226,2936,1500,,
veladrub,veladrub,FM,Kirill Burdalev,CZ,"FM Kirill Burdalev hraje v turnajích na lichess.org a komentuje u toho. Sledovat můžete https://www.youtube.com/channel/UCnUxVGWvDy-K1UCOqpQ2nwg
twitch.tv/kirill_burdalev
Hraju českou extraligu za Dopravní podnik Praha.  Současné elo 2394.
Мастер Фиде из Чехии проводит  обучающие стримы на своем youtube канале https://www.youtube.com/channel/UCnUxVGWvDy-K1UCOqpQ2nwg
twitch.tv/kirill_burdalev
Играю чешскую экстралигу за Dopravni podnik Praha",2394.0,,,2248,-96,861,2392,3,17,2246,1500,,
JoQueen90,joqueen90,WIM,Bushra Al-Shuaibi,JO,"I am Bushra Alshuaibi. 
WIM
Champion of Jordan 
Champion of Arab Women",2020.0,,,2259,-10,2523,2283,59,26,2410,1500,,
renathy,renathy,WFM,Laos,LV,,,,,2319,5,10702,2115,6,326,2512,2143,,
JohnnyAnto,johnnyanto,CM,,FR,,,,,2364,14,14412,2360,88,54,2538,1500,,
carlosibarra,carlosibarra,FM,Carlos Ibarra,SV,,,,,2399,8,4236,2202,-32,216,2522,1860,,
Fabsid,fabsid,GM,,,,,,,2832,24,1465,2729,114,30,2843,2373,,
Alex_Terzi,alex_terzi,FM,Alex Terzi,BY,Active player and online coach. I'm from Belarus and I'm 21 y.o. I I've been playing chess since I was 7 years old. FM since 2017. My Elo now is 2322. A winner of many international chess tournaments and festivals. I give online individual lessons in English and Russian. Specialized on beginning and intermediate level. My first principle is learning can't be bored.,2322.0,,,2557,-8,391,2563,-61,21,2405,1500,,
torre-64,torre-64,FM,Kelver Vera Farfan,PE,"MF Kelver Vera
Elo FIDE: 2306",2306.0,,,2382,10,5222,1853,0,6,2451,1743,,
Dynamikus,dynamikus,GM,Sebastian Bogner,CH,"If fighting is sure to result in victory, then you must fight! Watch out my stream: https://www.twitch.tv/GMDynamikus
available for online training",,,,2614,-40,4663,2668,80,17,2937,1500,,
Chancleta,chancleta,IM,,ES,,,,,2552,-10,3062,2258,102,18,2507,1500,,
schachinator999,schachinator999,CM,,NL,,,,,2527,3,4459,2649,22,1000,2873,2265,,
IvicKlasa,ivicklasa,FM,Matija Ivic,RS,"You can contact me for lessons also on my e-mail matijaivic18071@gmail.com
Looking forward to be Your coach!",2218.0,,,2538,0,1186,1892,0,9,2872,2157,,
adricalderon8,adricalderon8,IM,Adrian Suarez Uriel,ES,,,,,2292,-185,1486,2302,31,66,2495,1500,,
sonotranquillo,sonotranquillo,NM,,IT,,,,,2342,-17,1727,1500,0,0,2604,1647,,
McManow,mcmanow,NM,Paweł Kowalczyk,DE,Streamuje tutaj: https://kick.com/krolpaweltv,2300.0,,,2676,-9,2838,2409,-128,272,2825,1706,,
Magic_Chess_by,magic_chess_by,WFM,Varvara Poliakova,,,,,,2374,1,2711,2134,24,16,2710,1500,,
chessemyDE,chessemyde,GM,,DE,"https://imgur.com/zfojFT0
Wir sind das Team von chessemy.com, wo ihr zahlreiche hochklassige Lehrvideos zu den Themen Eröffnung und Mittelspiel findet! Hier spielen im Wechsel:
GM Ilja Zaragatski, WGM Melanie Lubbe und IM Nikolas Lubbe.",2522.0,,,2631,-40,1317,2522,72,71,2569,1778,,
The_Fawkes,the_fawkes,FM,,,,,,,2601,10,1057,1500,0,0,2900,1500,,
Zig_Zag_Zug_Zwang,zig_zag_zug_zwang,FM,Vidar Grahn,SE,"- 18 year old FIDE-Master
- 2024 Swedish Blitz Champion
- Join my discord server: https://discord.gg/JbvMyu2ud5
- Join my lichess team: https://lichess.org/team/the-zug-zwang-zone

https://i.postimg.cc/nhjtzGfD/Group-90-1.png",2302.0,,,2373,31,1225,2298,30,191,2456,1491,,
paleraven,paleraven,FM,,,,,,,2644,-32,1876,2272,0,10,2518,1500,,
BelBelTT,belbeltt,GM,,,"🎯Professional coach 


 ✉ Feel free to text for more details",,,,2554,-17,68,1500,0,0,3031,1500,,
Battery_bad,battery_bad,CM,Badrinath S,IN,,2200.0,,,2264,-8,544,2441,106,26,2440,1500,,
CoachBen,coachben,IM,Benjamin Gongora Montes,MX,International Master & FIDE Trainer,2198.0,2259.0,,2367,27,6765,2464,124,159,2079,2081,,
ErikBlomqvist,erikblomqvist,GM,Erik Blomqvist,SE,,,,,2532,-33,1338,2276,24,12,2686,1500,,
TienLinh02051990,tienlinh02051990,FM,Tien Tran Manh,VN,Pressures makes diamonds,2203.0,,,2475,14,1319,2239,0,11,2473,1500,,
Sergejs_Klimakovs,sergejs_klimakovs,FM,Klimakovs Sergejs,LV,"Correspondence chess Senior International Master since 2021 with actual ICCF ELO 2497.

Yes, I give chess lessons online.
 Feel free to contact me here, in skype (nickname Sergejs.Klimakovs) or in Facebook (https://www.facebook.com/sergejs.klimakovs)",2339.0,,,2386,-17,10216,2276,0,8,2591,1500,,
fr_callejas,fr_callejas,FM,Francisco Miguel Callejas Rojas,ES,,2317.0,,,2690,102,347,2209,5,12,2420,1500,,
colonelcassad,colonelcassad,FM,Борис Рожин,RU,"Чемпион Севастополя по шахматам, мастер FIDE",2315.0,,,2651,96,244,2367,32,12,2310,1500,,
jucAx,jucax,NM,,BR,"""It ain't about how hard you hit. It's about how hard you can get hit and keep moving forward"".",2010.0,,,2422,-34,2595,2002,0,9,2503,1500,,
abubakertagelsir,abubakertagelsir,FM,Abubaker Tagelsir,SD,,,,,2384,13,5329,2177,98,19,2412,1500,,
Krestoman,krestoman,FM,Mikhail Yashmetov,RU,"Обучающий канал на youtube
https://www.youtube.com/channel/UCmXAOxTyXIzaBTLIZhCy68A

Тренирую/ Coach
https://lichess.org/team/coach-yashmetov-mikhail",2325.0,100.0,1.0,2598,148,2554,2455,14,290,2867,1500,,
spriteball,spriteball,FM,Davis Zong,,Aspiring to be the best chess player among mathematicians and the best mathematician among chess players,2317.0,2318.0,,2558,12,789,2140,0,1,2627,1500,,
Al-Mudahka,al-mudahka,GM,,QA,,2542.0,,,2568,29,743,2225,0,2,2631,1500,,
csabcsab,csabcsab,FM,Csaba dr. Bognár,HU,"Attorney-at-law, LL. M.,
FIDE Instructor, FM, International Arbiter",2192.0,,,2269,30,74,1500,0,0,2206,1500,,
Urochess,urochess,FM,Pablo Venegas,MX,,,,,2271,-4,7184,2335,-14,134,2413,1500,,
mobil,mobil,NM,Liakh Vasyl,UA,,,,,2529,1,7619,2522,41,880,2747,1790,,
Kamaldaoudi,kamaldaoudi,CM,Kamal Daoudi,MA,,,,,2165,-16,9478,1397,-1,338,2336,888,,
LeninGuerra,leninguerra,IM,Lenin Guerra,EC,,2344.0,,,2595,6,5316,2189,-192,189,2574,1500,,
veni_vidi_vici2007,veni_vidi_vici2007,FM,Master Boreman,AT,,,,,2676,-50,1390,2682,54,54,2880,1500,,
Aborigen100500,aborigen100500,NM,Алексей Яровинский,UA,"Мастер спорта Украины, г. Харьков.
Имею опыт работы аналитиком на ведущих русскоязычных сайтах, публикации в издании ""64 - Шахматное обозрение"", а также опыт онлайн-комментирования ведущих соревнований.
Принимаю учеников. Цена занятия: 25 евро в час.
Группа: https://www.facebook.com/groups/246155952667493/
Контакт: https://www.facebook.com/alex.yarovinsky",,,,2766,33,17732,2802,11,4303,2720,2092,,
david_gomez,david_gomez,FM,Carlos David Gomez,AR,Ajedrez David Gomez en Instagram y Youtube!,2382.0,,,2451,15,11504,2346,-114,74,2571,1689,,
catchme-ifyoucan,catchme-ifyoucan,WFM,Марина Кузнецова,RU,,,,,2481,-21,269,1500,0,0,2424,1500,,
goldenstatewarrior,goldenstatewarrior,CM,,,My youtube channel https://www.youtube.com/@chessfictionchess,,,,2507,-15,16720,2403,98,39,2801,1703,,
SIDDHARTH_CHESS,siddharth_chess,IM,Siddharth Jagadeesh,SG,,,,,2745,19,750,2033,-325,37,3043,1974,,
DiseasedDonkey,diseaseddonkey,FM,,,,,,,2565,-80,513,2392,83,152,2903,2107,,
TrainToBusan,traintobusan,WFM,,_earth,,,,,2272,0,12778,2347,13,2336,2501,2223,,
andrewrun,andrewrun,NM,,US,,,,,2418,35,5128,2605,129,301,2670,2291,,
Sello-Mahlangu,sello-mahlangu,CM,Sello Mahlangu,,"Available for chess lessons
0781208734",,,,2344,-22,984,1937,25,17,2414,1279,,
tdf98pantani,tdf98pantani,GM,Pawel Jaracz,PL,"GM from Poland, cycling maniac.

Open for lessons.

If you are interested you can reach me via Messenger(Pawel Jaracz) or email.
email: pantaniagnel@gmail.com",2454.0,,,2371,-43,659,1500,0,0,2548,1308,,
LaLaLa1960,lalala1960,FM,,HU,,,,,2060,46,1632,1866,12,171,1428,960,,
Battle12,battle12,CM,,_united-nations,,,,,2293,-19,2935,1979,25,179,2407,1947,,
philipp77,philipp77,FM,,CH,,2325.0,,,2297,3,2743,2416,-36,1174,2178,2353,,
XuYL_1a,xuyl_1a,GM,,CN,defence,2558.0,,,2935,43,3384,1818,0,3,3129,1500,,
justiniano565,justiniano565,IM,Santiago Beltrán Rueda,ES,International Master,,,,2527,15,7415,2063,0,3,2334,1500,,
PusheenMeow,pusheenmeow,CM,,NO,,,,,2450,-1,5283,2381,51,68,2651,1876,,
kira1110,kira1110,GM,,,,,,,2693,13,2219,1500,0,0,2749,1500,,
Tyrann,tyrann,GM,Yuri Solodovnichenko,UA,"GM from 2007, victor of many open tournaments (classic, rapid and blitz). I offer chess lessons on various themes for reasonable price - feel free to contact me.",2518.0,,,2620,-85,2310,2391,3,98,2529,1500,,
Sasha,sasha,GM,,,,,,,2765,0,0,2700,0,0,3044,2700,,
Ksenia2005,ksenia2005,WGM,Xeniya Balabayeva,KZ,"FIDE ID:
13719688",,,,2535,25,2233,2455,2,360,3016,1932,,
DirikoluDeniz,dirikoludeniz,CM,,,,,,,2488,-45,143,1500,0,0,2808,1500,,
theblitzchamp,theblitzchamp,FM,,,,,,,2659,-70,1605,1500,0,0,2931,1500,,
ItalianMachine,italianmachine,NM,Christopher Pace,CA,"33 Years Old, National Master from Ontario Canada.",,,,2263,-24,2331,2339,-14,3516,2368,2145,,
pressive,pressive,IM,Nhat Minh To,HU,FIDE Trainer. Accepting new students. I can teach in English or in Hungarian for 30 euros/hour. If you are interested in learning with Minh fill in this form: https://forms.gle/WJxE6BtfmdGdFuw27,2352.0,,,2732,19,2648,2653,108,178,3106,2532,,
hyperreal,hyperreal,IM,,DE,,,,,2640,-17,11550,2083,0,2,2814,2210,,
DrVelja,drvelja,GM,Velimir Ivic,RS,,2581.0,,,2906,52,386,1500,0,0,3060,1500,,
Rsmon54Terrible,rsmon54terrible,FM,Raymond Daniel Azahares Serrano,CU,18 años cumplidos,2400.0,,,2393,7,2487,2740,-59,185,2904,2475,,
DonFulgencio,donfulgencio,IM,,,,,,,2487,-53,2416,2336,79,37,2446,1340,,
MirOBV,mirobv,CM,,_earth,"«Я не волшебник, я ещё только учусь!»",3000.0,,,2596,22,259,2257,-32,12,1500,1500,,
gmtalentoso,gmtalentoso,IM,Mariano Madrigal,NI,"I am Mariano Madrigal, International Master from Nicaragua. I got de title when I was 17 years old. I have represented my country in many tournaments including two chess olympiad, Istambul 2012 and Tromso 2014. In addition, I have been the coach of Enrique Herrera Montalván Chess Academy for more than 4 years, many of my students are members of Nicaragua chess team in different categories.
I am offering private chess lessons. Do not hesitate to contact me.  
Email: mjmadrigalb@yahoo.com
Number: +50582627332
Cost: 15$ per hour. 6 hours for 75$",2185.0,,,2368,-12,1406,2374,-33,14,2580,1500,,
Koshulyan_Egor,koshulyan_egor,FM,Egor Koshulyan,RU,,,,,2728,3,1802,2616,69,43,3117,1500,,
orishuas,orishuas,CM,,,,,,,2228,-128,19403,1079,-178,52,2168,1459,,
Brown_player,brown_player,GM,,,,,,,3030,95,1218,1500,0,1,2971,1500,,
Yeknafar,yeknafar,FM,Hadi Ghorbani,IR,"آموزش شطرنج حرفه ای آنلاین برای ایرانی های داخل کشور نیم بها می باشد 
لینک کانال آموزشی شطرنج حرفه ای در تلگرام
https://t.me/chesssecrets
The best way of learning chess online, fast and safe,new method of finding best moves",2218.0,,,2389,-15,10959,2553,-7,73,2346,2328,,
Manu_ChessExcelsior,manu_chessexcelsior,CM,Manuel Vidal del Río,_earth,,2102.0,,,2300,49,340,2289,-135,51,2227,1500,,
StackRabbit,stackrabbit,NM,,AQ,,,,,2406,-7,5166,2342,-80,32,2754,2296,,
Sergipe123,sergipe123,NM,Carlos Alberto Viana Jr.,BR,"Enxadrista sergipano, empolgado por estudar xadrez e aprender mais e mais sobre esse esporte-arte-ciência.
Meus livros favoritos: My best Games by Alekhine; Curso Build/Boost/Evolution by Yusupov; World Championship 1948 by Keres; Zurich Tournamente by Bronstein; Understanding Chess Middlegames by  Nunn. Mestre Nacional CBX, desde dezembro de 2018.",2132.0,,,2456,34,923,2220,36,81,2701,1500,,
GuilhermeDeola,guilhermedeola,NM,,,,,,,2300,-52,2133,2338,-111,116,2494,1500,,
KoronaVirusMaster,koronavirusmaster,NM,,,,,,,2405,-37,8056,1500,0,0,1500,1500,,
IamNeneu,iamneneu,NM,,ID,,,,,2307,-13,17304,2172,-71,213,2547,1500,,
Jumboland,jumboland,GM,Rinat Jumabayev,KZ,"Chess Grandmaster.
Kazakhstan #1. FIDE rating - 2654. TOP-100 player.
Highest rated player of Kazakhstan in history.

Training games and lessons are available. Feel free to contact me via email: rinat.zhuma@gmail.com",2654.0,2657.0,,2740,45,254,1711,0,3,2772,1500,,
Pachonpower,pachonpower,FM,Pachón ESNAJ,MX,"Pachón es el personaje principal de la metodología Aprendamos Ajedrez, iniciativa mexicana que busca masificar el juego a través de la fabricación de diversos materiales, así como composición musical, literaria y digital.",,,,2390,13,1551,2129,44,25,2659,2089,,
Fisher_The_Galactic,fisher_the_galactic,FM,,,,,,,2614,79,821,1500,0,0,2940,1500,,
mightypenguin,mightypenguin,FM,,,,,,,2580,177,57,1500,0,0,2535,1190,,
boorchess,boorchess,FM,Carl Boor,US,,,,,2554,1,1357,2559,60,149,2490,1387,,
MathiCasa,mathicasa,FM,Mathias Casalaspro,BR,"“Que meu rastro não brilhe — que ilumine.”
https://i.ibb.co/JRkt63k0/664d3b0d9341.png
https://i.ibb.co/HfR2Dh3K/d44ce4c7339e.gif",2330.0,,0.0,2381,29,1692,2193,7,793,2496,2128,,
Juanitochess,juanitochess,CM,Juan Taylor,,18//Tlx,,,,2545,-11,24650,1933,59,54,2755,1500,,
hollywood_chess,hollywood_chess,NM,,US,I'm a National Master based in Los Angeles CA.  I'm available for lessons.  Message me for more details.,2066.0,2258.0,,2319,5,1230,2654,73,36,2491,1500,,
Sandro88,sandro88,CM,Sandro Mikanovic,BA,"Greetings,

I am FIDE Master Sandro Marko Mikanović from Bosnia, born in 1988, and a four-time Country Champion. My FIDE Elo stands at 2281, reflecting my extensive chess experience and a profound skill set in teaching chess. As the founder of ""Velemajstor"" Chess Club (meaning Grandmaster), I am proud to mentor around 50 students, several of whom have earned the title of Country Champions.",2281.0,,,2389,-5,1088,2453,230,26,2600,1500,,
Satyapragyan,satyapragyan,IM,Swayangsu Satyapragyan,IN,"My favourite players are Anand,Aronian and Keres.",2394.0,,,2587,84,755,2363,-55,19,2634,1881,,
QueenEatingDragon,queeneatingdragon,NM,,GB,,2201.0,,,2500,12,6597,2506,73,810,2788,2316,,
Stoichess,stoichess,GM,,DK,,2512.0,,,2660,-13,13028,2179,0,4,2515,1500,,
Kaan1903,kaan1903,FM,,,,,,,2416,-49,3171,2376,101,114,2809,1832,,
alpltl,alpltl,NM,Ali Polatel,DE,"Chess w\o Boundaries: https://chesswob.org
Jja: https://git.sr.ht/~alip/jja
Operator of @caissa-ai, message me for feedback or if you want it to play your special opening variant!",,,,2272,-10,2608,2462,344,30,2400,1500,,
trizzy,trizzy,NM,,,,,,,2294,-117,1368,2018,9,65,2587,2289,,
fleyfort202,fleyfort202,CM,Oriyat,UZ,CM,2078.0,,,2298,71,647,1500,0,0,2393,1834,,
lopatka1234,lopatka1234,FM,,,,,,,2259,1,3150,2215,10,16,2451,1819,,
EmirSharshenbek,emirsharshenbek,CM,Emir Sharshenbekov,KG,https://ratings.fide.com/profile/13810634,2078.0,,,2590,8,9640,2369,0,429,3002,2183,,
SalainenErik,salainenerik,FM,Erik Rönkä,FI,"Finnish Championship medalist in blitz & rapid, peak FIDE 2360. I’ve defeated several GMs & IMs and coached for 6+ years, helping students rise from 1200→2000. Online lessons via Discord/Teams with Lichess. Teaching in Finnish, English & some Russian. Rate: €40/h. Contact: erikronka@gmail.com
 or Lichess.",2284.0,,,2514,-6,6664,2379,188,34,2752,1858,,
destroyernumber1,destroyernumber1,FM,Samuel Weber,DE,"Improve Your positional and structural understanding in chess and you will get better !!!

https://youtube.com/@chessometrix?si=oTc2JW_L8jvjuLaw",,,,2482,-5,4564,2567,-35,520,2634,1500,,
BurninggIce,burninggice,CM,Snehal Bhosale,IN,"YouTube channel:
https://youtube.com/channel/UC-T6yhd9oFCDmNBbzvmt4yg


I am a professional trainer and an active Chess player since past 12 years. I love to work with students who are willing to work hard and are passionate about the game.",2270.0,,,2450,-42,580,2240,0,5,2616,1808,,
Cazulo97,cazulo97,FM,Jesús David Cazulo Ramirez,CU,Soy MF y tengo 22años,,,,2275,18,4422,2083,-104,89,2509,1500,,
playaenmadrid8,playaenmadrid8,FM,Alvaro Bravo de la Vega,,,,,,2412,81,287,2247,-3,12,2570,1500,,
lh12345,lh12345,WCM,,,,,,,2187,33,678,2282,10,226,2049,2165,,
Benek77,benek77,CM,,,,,,,2606,-14,3131,1500,0,0,2823,1500,,
StrongKhaganaK1ller,strongkhaganak1ller,IM,,AZ,,2391.0,,,2658,38,1895,2466,-40,160,3024,2251,,
mdynl123,mdynl123,FM,,LK,,,,,2360,0,15578,2283,22,13,2570,1500,,
zeldol,zeldol,WFM,,LV,,,,,2283,26,725,2175,-12,21,2206,1500,,
Joshukid,joshukid,FM,,US,,,,,2641,13,320,2335,-12,38,2572,1500,,
meridaandres,meridaandres,FM,Andrés Eloy Pérez Candelas,VE,ID FIDE: 3905209,2302.0,,,2444,17,9045,2239,57,53,2550,1937,,
DrBoki,drboki,FM,,DE,,,,,2249,101,7649,2375,34,132,2352,1691,,
Trentosk,trentosk,IM,Lawrence Trent,GB,"Award winning commentator, author, streamer and trainer. International Master. Over 20 years in the game and loving it more than ever!",2439.0,,,2460,-23,490,2127,-33,49,2725,1500,,
TrompeterImEther,trompeterimether,FM,,AT,"#StandwithUkraine
I like to fossildoerns
Join this team if you want content: https://lichess.org/team/contentschuppen-2400",,,,2636,63,2790,2560,-30,478,2869,2204,,
Arfan48,arfan48,FM,Aditya Bagus Arfan,ID,THE TROUBLE IS YOU THINK YOU HAVE TIME,2341.0,,,2491,9,712,2610,111,74,2584,1500,,
Ibon_17,ibon_17,CM,,ES-EU,,1432.0,,,2603,18,277,1500,0,0,3000,1500,,
SuperPower2011,superpower2011,FM,,,,,,,2626,40,70,1500,0,0,3000,1500,,
Mazetovic,mazetovic,GM,Sebastien Maze,FR,GMI,2558.0,,,2501,-88,142,2452,-99,92,2520,2496,,
AlaaElhares30,alaaelhares30,CM,Alaa Elhares,EG,,,,,2548,40,7153,2616,-62,88,2689,1500,,
Saraswathii,saraswathii,WFM,,IN,,,,,2347,-22,3323,2251,101,25,2385,2002,,
Yerba_on_the_Board,yerba_on_the_board,IM,,HU,,,,,2541,1,3879,1500,0,0,2729,1500,,
NikolaGry,nikolagry,FM,Николай Гриценко,UA,Играю и тренирую,2309.0,100.0,,2704,5,4277,2658,32,195,2904,2017,,
NoFastDraw,nofastdraw,IM,,,,,,,2603,44,4650,2355,30,38,2700,1500,,
Benefactorr,benefactorr,GM,,RU,"El  Grande Moro, the Legend.Retired since 2015 restarted my inet activity here thanks to the total shutdown.Still very ambitious though already weak.Suitable for everyone. Ready to resign from move one.",,,,2846,10,5454,1628,0,1,2684,1500,,
athemm,athemm,FM,Jose Luis Castro Torres,VE,"Maestro Fide, Selección Olímpica 2024,  2022 y también en 2014, representando en varias ocaciones a Venezuela en categorías juveniles en eventos Panamericanos y Centroamericanos.  Información de contacto: Privado Lichess y Correo: jcastro.lt@gmail.com Tlf: +584129730956",2341.0,,,2293,-9,2840,1905,53,15,2403,1543,,
SuperMishutka,supermishutka,FM,Михаил Пашинский,RU,,2222.0,,,2334,10,48653,1500,0,0,2343,1500,,
kyart2,kyart2,GM,,,the known anonymous,,,,2884,7,1232,2464,172,22,2956,1500,,
Hunterrun,hunterrun,FM,,,,,,,2261,-21,1636,2584,0,9,2531,1500,,
dmjjmd,dmjjmd,NM,,,,,,,2286,50,2870,2297,6,221,2271,2270,,
CandraErly,candraerly,NM,MN Erly Candra Kurniawan,ID,,,,,2475,41,1899,2263,-25,123,2550,2026,,
Rybka89,rybka89,GM,Petro Golubka,UA,"Hi!
  My name is Petro Golubka,
strong GM,over 25 the years in chess  .
    https://archive.chess-results.com/tnr317554.aspx?art=1&transfer=J
, and rapid champion of Ukraine(2019).https://www.ukrchess.org.ua/turnir/Archive/Ukr_Champ/
Champion of Ukraine(most powerwul chess country ) in 2017.And 2019 champion of Ukraine of the rapid chess. The winner of the open Czech rapid championship(2020).",2400.0,,,2499,-39,4246,2124,-112,110,2754,1604,,
funny_chess,funny_chess,GM,Mikhail Demidov,RU,,2549.0,,,2667,36,6775,2447,193,40,2986,2099,,
QuasarQuest,quasarquest,FM,,,,,,,2514,-68,152,1815,0,2,2812,1500,,
ChessSwole,chessswole,FM,Derek Wu,US,,,,,2632,66,783,1763,0,3,3011,1500,,
Wanderlust_Indigo,wanderlust_indigo,FM,Prasannaa S,IN,Fide Master - Professional Chess Trainer,2195.0,,,2350,-32,120,2430,183,22,2434,1500,,
Jorge2400,jorge2400,FM,Jorge Luis Sánchez,PA,"MF. Jorge Luis Sanchez, desde 2004, Selecion Olimpica de mi país en 4 ocasiones, FIDE Instructor y ahora FIDE Trainer 2024",2106.0,,,2082,49,3953,1683,101,25,2258,1550,,
DK7887,dk7887,FM,Kirillov Dmitry,,,,,,2729,-34,242,1500,0,0,2820,1500,,
stomatolog13,stomatolog13,IM,Феликс Алиханов,RU,Я международный мастер,2449.0,,,2494,-7,3792,1500,0,0,2588,1363,,
Zhigalko_Sergei,zhigalko_sergei,GM,Sergei Zhigalko,BY,"European Blitz Champion (2017)
Официальный сайт:
https://zhigalko-sergei.com/
zhigalko-sergei@mail.ru
Youtube канал:
https://www.youtube.com/c/SergeiZhigalkoChess
Поддержка:
https://www.donationalerts.com/r/zhigalko_sergei

Официальный клуб на Lichess:
https://lichess.org/team/zhigalko_sergei-fan-club",2695.0,,,2723,-26,17452,2948,-37,446,3202,1500,,
Mikhailov_Viacheslav,mikhailov_viacheslav,IM,Viacheslav Mikhailov,RU,"ПРЕПОДАЮ шахматы онлайн для детей и взрослых, опыт работы 5 лет.
МЕЖДУНАРОДНЫЙ МАСТЕР по шахматам с 2017 года (звание присвоено в 21 год).
По всем вопросам занятий пишите.",2430.0,,,2704,28,9173,2709,-6,237,2906,2195,,
NocteSidus,noctesidus,FM,,,,,,,2522,5,4893,1500,0,0,2735,1500,,
Romanl88,romanl88,IM,Roman Lovkov,RU,IM,2419.0,,,2718,-37,265,1500,0,0,2853,1500,,
nocnypako,nocnypako,IM,Marcin Sieciechowicz,PL,"Hi, I am International Master from Poland. If you want to improve - don't hesitate to write me here or on nocnypako@wp.pl. I am also open for playing training games.

I have huge opening knowledge - I've created a lot of chess courses about French Defense, Sicilian Najdorf, Grunfeld, KID and many other. I can help you solve your opening problems.
We can also train middlegame or endgame.",2413.0,,,2629,8,1330,1709,0,4,2773,1500,,
kralj58,kralj58,FM,Muhamed Sisic,BA,,2296.0,,,2279,12,185,1500,0,0,2535,1500,,
messi-and-fischer,messi-and-fischer,FM,Levi Kalani A. Fogo Esquivel,MX,,,,,2395,46,1496,2124,53,76,2732,1500,,
yahytin,yahytin,FM,Jeorling Yahytin Batista Suarez,CU,"Soy Jeorling Yahytin Batista Suárez FM de ajedrez con una Norma de Maestro Internacional, logrando mi mayor Elo hasta los 2351.Participacion todos los años en los Torneos Internacionales José Raúl Capablanca in memoriam y Guillermo García, jugué la seminal del campeonato de Cuba en años anteriores. Actualmente mi Elo es de 2234 donde he jugado varios torneos recientemente y no he jugado bien.",2234.0,,,2323,-56,1109,2223,56,22,2493,1500,,
DamianLew95,damianlew95,IM,Damian Lewtak,,Never Surrender,,,,2427,-28,3867,2288,-7,42,2807,1500,,
Ellsyum,ellsyum,WFM,Nastase Andreea,RO,"Hi, I'm Andreea, I am 21 y.o and a multiple national and international champion.
Follow my twitch account:  https://www.twitch.tv/ellsyum",2071.0,,,2117,-2,1028,2155,-1,56,2202,2133,,
LaMoleGuines,lamoleguines,FM,,JP,,,,,2261,0,8017,2109,-122,151,2471,1500,,
comsac,comsac,NM,Ciprian Comsa,RO,,1893.0,2200.0,,2422,-19,7881,2567,69,286,2728,2119,,
Rivuza,rivuza,IM,Arif Abdul Hafiz,ID,"Passionate Chess Master---
https://rivuzachess.com/",2883.0,,,2721,14,4730,2604,-35,27,2931,1500,,
okchess1,okchess1,FM,,,https://lichess.org/team/amped-chess,,,,2440,2,3254,2423,120,98,2880,1500,,
jsl,jsl,GM,,ES,,,,,2788,-41,4458,2550,-14,199,2819,2574,,
L-M2024,l-m2024,NM,G M,US,If you need a coach DM me!,2238.0,2349.0,,2449,61,727,2455,17,22,2842,1500,,
SoyescoBar,soyescobar,WFM,,_earth,,,,,2201,-41,5347,2326,0,11,2289,1500,,
KlepikovNick,klepikovnick,FM,Nikita Klepikov,RU,,,,,2394,-49,1221,1500,0,0,2632,1500,,
Nicolochess,nicolochess,FM,Nicolò N.,IT,"https://i.imgur.com/MgCM54n.jpeg
Running chess projects in Ibiza!
https://www.instagram.com/nicolochess/
https://t.me/scacchipertutti",,,,2212,-61,2905,2291,-72,383,2631,1500,,
AleksandarSavanovic,aleksandarsavanovic,IM,Aleksandar Savanovic,BA,,2448.0,,,2556,-20,440,2211,0,8,2501,1500,,
Novoselski,novoselski,IM,Zoran IM Novoselski,RS,,2318.0,,,2367,18,12221,2423,113,53,2165,1500,,
Mar_12_Mar,mar_12_mar,FM,Mehrdad Sedaghati,IR,",استاد فدراسیون جهانی , قهرمان جشنواره کشور 

,مربی درجه یک فدراسیون
https://lichess.org/coach/Mar_12_Mar",,,,2299,31,6753,2234,182,72,2430,1182,,
Popovich2020,popovich2020,IM,,,,,,,2692,11,6676,1500,0,0,2894,1953,,
Hard_Utilizator,hard_utilizator,FM,Stanislav Kozlov,RU,24.09.1988,2348.0,,,2382,-3,9974,2309,64,254,2556,1829,,
user_silva2002,user_silva2002,FM,Luca Silva,AR,Jugador De JJ Urquiza. Maestro fide de Ajedrez. Finalista Argentino superior 2023,2301.0,,,2419,23,9119,2406,64,119,2495,2391,,
Prohorov_Olexandr123,prohorov_olexandr123,NM,Oleksandr Prokhorov,UA,"If you have questions, or you are interested in chess lessons, feel free contact me - prohorov@chessclub.lviv.ua.
https://ratings.fide.com/card.phtml?event=14105578",,,,2324,41,2869,2232,-17,85,2361,1832,,
Sergoy45,sergoy45,GM,Sergey Drygalov,RU,,2542.0,,,2590,0,1381,2636,-24,148,2970,1500,,
Anna_Ko_RnD,anna_ko_rnd,WFM,Анна Кострикина,RU,,,,,2100,-19,326,2181,234,32,1648,1500,,
totoroo,totoroo,NM,,,"Autistic/ADHD

Check out my LGBT+ friendly teams of pals and join! 

Transphobes, homophobes, racists and people behaving badly will be blocked. 

All cats are beautiful.

40+. 

she/her

https://i.imgur.com/gTXivWk.jpg

pic by @hurricane_freya",,,,2320,-20,18778,2411,94,40,2412,1500,,
Gooner08,gooner08,WGM,,,,,,,2477,84,798,2112,80,15,2406,1500,,
Nakano_N1no,nakano_n1no,FM,Suleimen Ergali,AF,2008,,,,2566,-46,18,1500,0,0,3002,1919,,
DanielDardha2005,danieldardha2005,GM,Daniel Dardha,BE,,2541.0,,,2764,8,843,1955,0,5,2829,1794,,
Rachees,rachees,WFM,Rachel Palmero Martínez,CU,,2099.0,,,2051,-47,3304,2190,-23,59,2142,1226,,
daaleksandrov,daaleksandrov,CM,"Aleksandrov, Danila (Александров Данила)",_earth,"https://ratings.ruchess.ru/people/173819, https://ratings.fide.com/profile/4133650
Клуб ""Ингрия"": https://lichess.org/team/0wzEK5As",2102.0,,,2489,19,55519,2391,-16,6859,2579,2347,,
Belka1989,belka1989,FM,,RU,,,,,2632,15,3325,2247,-48,21,2673,1500,,
LouiVos,louivos,GM,,_earth,"Available for coaching lessons.
Send me a message if you’re interested.",2550.0,,,2800,-59,2085,2032,0,4,2749,1500,,
tufferguy,tufferguy,NM,Shelev Oberoi,,"no in between, how unfortunate",,,,2702,0,591,2476,159,64,3002,1930,,
kakistos,kakistos,NM,Ilia Kakushadze,US,"I am a professional trainer with 18 years of experience and a certified Fide Instructor. In the past, I have worked in Greece for 8 years. I have been the Norwegian youth national team trainer for 3 years. My students have won the Norwegian youth chess championships over 25 times, the Scandinavian championship (Nordic) 4 times, the European championship once, and the Greek championship twice.",2177.0,2325.0,,2359,-12,780,2533,44,32,2645,1500,,
arimakat,arimakat,FM,Vladica Andrejić,RS,http://perpetualcheck.com/antichess/,,,,2314,0,11255,2398,173,21,2414,1500,,
Dedebas,dedebas,FM,Emre Emin Dedebas,TR,Hello everyone! I am FM Emre Emin Dedebas.Feel free to check my coach profile and contact for lessons!,2336.0,,,2350,-95,691,2121,-256,119,2684,2300,,
ShadowKing78,shadowking78,FM,,US,,,,,2712,-59,109,1500,0,0,3218,1500,,
Brookway,brookway,CM,Alan Walton,GB-ENG,,,,,2234,-14,4804,2215,-61,41,2233,1907,,
AAK203,aak203,IM,,KZ,,2227.0,,,2625,36,3176,2526,-32,89,2879,2251,,
Thekingdoctor,thekingdoctor,FM,Renzo rengifo,PE,"Soy Maestro Fide y con experiencia de más de 10 jugando ajedrez a nivel nacional e internacional. Así también entrenador por más de 5 años.
Puedes unirte a mi comunidad de whatsapp:
https://chat.whatsapp.com/LHxmWTGGdqUL4UGte4GBxd?mode=hqrt1

Nuestro objetivo es ofrecer estudios claros, prácticos y útiles, ideales para entrenar y avanzar en el nivel competitivo.",,,,2294,-24,714,2060,0,11,2620,1500,,
AlvinM,alvinm,FM,Joakim Nilsson,SE,,2164.0,,,2384,-23,4402,2442,139,60,2627,1500,,
Dreed1,dreed1,NM,,,,,,,2265,-16,5816,2538,21,82,2223,1500,,
MeteorCity,meteorcity,NM,,,,,,,2349,82,39,1914,0,1,2632,1500,,
Smellhead,smellhead,FM,,IE,"no pyro, no party!",,,,2382,-35,12693,2237,-2,570,2520,2015,,
Ceres_D,ceres_d,IM,,MD,,2453.0,,,2666,-19,354,1500,0,0,2838,1500,,
DuRuDiDo,durudido,FM,,,,,,,2605,22,4409,2505,6,48,2816,1500,,
Bengalas88,bengalas88,IM,,,,,,,2503,29,94,2111,0,2,2490,1500,,
HardDrive54,harddrive54,CM,,DE,,,,,2530,-3,2825,2481,-62,72,2773,2188,,
ivanmesquitaa,ivanmesquitaa,NM,Ivan Mesquita,BR,"Olá, meu nome é Ivan Mesquita, sou mestre de xadrez e estou disponível para ser seu treinador oficial. Ofereço uma metodologia sistemática, passo a passo, construindo sua evolução rumo a maestria!

Entre em contato para maiores informações: 11948704017

Porque Dele e por Ele, e para Ele, são todas as coisas; Romanos 11:36",2237.0,,,2596,-12,863,2362,74,13,2807,1500,,
heydino,heydino,WCM,,NL,,,,,2189,82,23,2116,0,3,2256,1500,,
vpsetter,vpsetter,FM,Timur Fakhrutdinov,RU,,2471.0,,,2557,26,960,2349,83,66,2600,1500,,
The-Iceman,the-iceman,NM,Iceman,,Hi there! I'm the Iceman (:,,,,2341,-22,250,2366,71,30,2416,2285,,
hamidtahmasebiii,hamidtahmasebiii,FM,Hamidreza Tahmasebi,IR,"hamidreza tahmasebi
fide rating 2354",,,,2631,-5,227,2582,0,4,2910,1624,,
kubalibre420,kubalibre420,IM,,,,,,,2590,0,2114,2363,20,149,2934,1500,,
Couvervan,couvervan,CM,,SC,,,,,2205,-6,3515,2327,-52,189,2585,1500,,
HSGM,hsgm,IM,HAMPUS SORENSEN,SE,"Hi, Swedish IM. I am chess player and a chess trainer!",,,,2688,85,2032,2532,57,179,2819,1500,,
Creative68,creative68,FM,Tikhon,,"За ГазМяс! 
https://lichess.org/team/AYmU6tgT",,,,2469,6,2047,2170,23,13,2825,1500,,
Poudini,poudini,GM,Pouya Idani,IR,"I am Pouya Idani, Grand Master from Iran. Standing as the world champion U18 is the proudest moment of my chess career so far! I've been a member of Iran's national team since 2012.
I am a versatile opening specialist! In the previous 4 years I devoted myself to chess coaching and I am delighted with the amazing results of my students in Women's World cup, Men's World cup, Tata Steel B etc..",2635.0,,,2901,77,629,1500,0,0,3054,1500,,
Shant7777777,shant7777777,GM,,AM,,2666.0,,,2880,12,3959,2369,91,62,3250,1500,,
Jules2021,jules2021,WCM,,,,,,,2057,45,83,1500,0,0,2004,1500,,
TomBus1960,tombus1960,CM,Tom Bus,NL,"In 1972 schaakregels geleerd. Vanaf 1975 in clubverband gespeeld.  
1975-2002 SV Hoensbroek ME (Max Euwe)
1979-1980 Eindhoven
1980-1984  GESS (Sittard)
1998-2001 Aachen Hörn
2002-2015 Voerendaal
2008-2026 Mülheim an der Ruhr
2015-2026 ASV Arnhem

Favoriete openingen 
wit: Spaans, Reti-opening, Engels
zwart: Spaans, Siciliaans, Benkö-gambiet

Favoriete speler: Carlsen en Fischer.",2098.0,,,2254,-24,24656,2453,148,103,2416,1750,,
Romulek,romulek,IM,Rakhim Pasiev,RU,,2421.0,,,2452,-34,442,1500,0,0,2494,1500,,
frankiejay,frankiejay,NM,,,,,,,2526,-2,3168,2610,86,196,2512,2254,,
nikto_ne_dolzhenznat,nikto_ne_dolzhenznat,CM,,,,,,,2428,-36,6930,2312,-145,223,2860,2429,,
cchoww,cchoww,NM,,,,,,,2445,98,204,2170,14,58,2280,1500,,
CristhianC92,cristhianc92,GM,CRISTHIAN ARNALDO CRUZ SANCHEZ,PE,"Clases personalizadas para todos los niveles. Academia Virtual de Ajedrez ""Formando Campeones"".
Contacto: GMCristhianCruz@gmail.com",2568.0,,,2612,54,2118,2399,-30,133,2887,2025,,
ZohiiiDD_10,zohiiidd_10,IM,Suyarov Mukhammadzokhid,,,,,,2738,-53,206,1500,0,0,3037,1500,,
Mammadyarova,mammadyarova,WGM,Zeynab Mammadyarova,AZ,"World champion18 girl
European champion 20 girl
Olimpiad medals silver,bronz
WGM ",2274.0,,,2053,62,533,929,82,30,2360,1500,,
chessdjw,chessdjw,GM,Dennis Wagner,DE,,,,,2720,-11,499,1500,0,0,2835,1500,,
GGplayer,ggplayer,FM,Artem Koval,UA,"Hello everyone! I'm FIDE Master, National Master and chess coach with 10 years experience. If you want to improve your level or just play, write to me. Also I can play in your team. Have a good game :)",2211.0,,0.0,2526,-9,6279,2402,95,630,2703,2413,,
Alex_Ivanov,alex_ivanov,IM,Alex Ivanov (Алексей Иванов),RU-TAT,"Международный мастер и тренер. Живу в Казани, шахматам обучался в Питере, в клубе им. Чигорина. 
Белыми играю Итальнскую партию и Гамбит Эванса (так Пол Морфи - один из любимых игроков с детства!). Черными - Скандинавскую и Сицилианскую защиту.",2415.0,,,2616,-19,712,2102,0,8,2853,1375,,
Bullet_House,bullet_house,WFM,Sara Adel,EG,"Welcome to my profile! With over 16 years of playing experience & a track record of victories in African and Arab youth tournaments, I bring a wealth of knowledge to the board. As a seasoned coach for 6 years, I'm dedicated to helping players of all levels improve their game. Let’s work together to elevate your chess skills, with rates starting at $15 to $20 per hour. Let’s make every move count!",,,,2051,-24,3996,2246,-9,456,2505,2116,,
chiwii,chiwii,WCM,Monserrat Morales,CL,:),,,,2044,-43,2167,1874,-6,21,2504,1500,,
Filipets_Egor,filipets_egor,FM,,,,2353.0,,,2540,-20,1097,2356,113,39,2761,2210,,
IronSharkNo1,ironsharkno1,CM,,US,Born to attack,,,,2010,0,5,2266,0,8,2440,1500,,
d-pawn,d-pawn,CM,Pawan Dodeja,IN,"FIDE Candidate Master!
CIS AICF Trainer 
FIDE Rating 2239*
Founder of dpawn Chess Academy!
Website: https://www.dpawnchessacademy.com/

https://imgur.com/ZeVT8V6",2192.0,,,2427,-43,16499,2507,-34,1273,2528,2436,,
Valery_Skatchkov2004,valery_skatchkov2004,FM,Valery Skatchkov,RU,,,,,2637,-12,521,1500,0,0,2928,1500,,
Wayzata-TitusA,wayzata-titusa,NM,,US,"If you go to Wayzata or if you are a Wayzata grad, then please join this team: https://lichess.org/team/wayzata-chess
Main: @Titus369 https://www.twitch.tv/Titus369

I played the legendary FFL! https://lichess.org/r2nJ2tBv/white",,2349.0,,2439,-2,710,2345,30,249,2581,2099,,
yackobaby,yackobaby,GM,Nodirbek Yakubboev,UZ,GM Yakubboev Nodirbek,2630.0,,,2723,0,1579,2300,76,17,2905,1500,,
GMshooter96,gmshooter96,IM,Luis Daniel Rodriguez Hernandez,CU,"Hola mi nombre es Luis Daniel soy IM de Cuba y tengo 27 años.Aqui les dejo mi coach profile
https://lichess.org/coach/GMshooter96
https://i.imgur.com/2InHMiS.jpg",2427.0,,,2512,-10,11531,2612,57,240,2905,1500,,
killer840,killer840,GM,,,,,,,2744,3,871,1318,0,4,2770,1500,,
RaphaeI,raphaei,GM,Matej Sebenik,SI,Follow us on www.twitch.tv/chessgrandmasterteam every day from 10.00 PM CET.,2541.0,,,2607,-2,4978,1954,0,3,2481,1500,,
Maksym_537,maksym_537,FM,Pankiv Maksym,UA,,,,,2500,5,5884,2386,12,506,2955,1500,,
xxysoul6,xxysoul6,GM,,CN,,,,,3014,63,567,2281,0,5,3090,1500,,
CyberLion,cyberlion,FM,,_earth,,,,,2590,-5,1148,2475,78,19,2707,1500,,
chrissyplaya,chrissyplaya,FM,,DE,Professional ChessKidsCoach :),2302.0,,,2179,2,8379,2199,31,176,1976,1738,,
buenafe,buenafe,FM,MAURO AUCAY,EC,,2213.0,,,2151,-121,2439,1237,0,2,2078,1500,,
Vandros59,vandros59,FM,,DE,,,,,2133,20,3381,2158,-88,221,1834,2163,,
Pyphax,pyphax,FM,,US,,,,,2473,-12,471,2438,-85,297,2603,2280,,
Kudrock,kudrock,IM,Serkan Soysal,TR,For coaching requests: serkansoysal.tr@gmail.com,2394.0,,,2436,22,1746,2690,-12,58,2823,1996,,
shadycharacter06,shadycharacter06,GM,,GE,,2427.0,,,2638,-22,781,2139,0,6,3060,1500,,
matrix12345,matrix12345,FM,,,,,,,2611,4,7135,2588,-36,22,2523,2222,,
sieica,sieica,WIM,Chelsie Monica,ID,"https://www.twitch.tv/chelsiemonica

https://www.youtube.com/c/ChelsieMonica

https://www.instagram.com/chelsie.monica

https://lichess.org/team/wim-chelsie-club",,,,2430,-48,1786,2053,176,16,2678,1701,,
satrancdelisi23,satrancdelisi23,CM,,TR,,,,,2469,-23,2411,2346,59,331,2692,2358,,
nkhrkan,nkhrkan,CM,Kan Nakahara,JP,"Welcome to my profile!
Please join my team!!
https://lichess.org/team/players-2200
https://lichess.org/team/the-samurai-chess-club",2171.0,,,2497,15,741,2691,29,158,2802,1715,,
chaijmait,chaijmait,CM,Miguel Eduardo González Ballén,CO,Club Ruy Lopez Zipaquirá,,,,2333,-8,14494,1970,0,2,2455,1970,,
Phurba,phurba,CM,,,,,,,2314,34,924,1500,0,0,2379,1664,,
RST2003,rst2003,IM,Rohan Talukdar,CA,Ambitious International Master from Canada.,2388.0,2448.0,,2640,19,898,2371,24,47,2710,1952,,
Aquiiles,aquiiles,IM,Yasel Borges Ferias,ES,"Maestro Internacional
Gmail: ibisaki95@gmail.com
WhatsApp: +5547996537914
Clases online con precios y paquetes inmejorables
Perfil de entrenador: https://lichess.org/coach/Aquiiles
Canal de YouTube: https://www.youtube.com/@YaseChess",2442.0,,,2840,14,645,2164,-302,16,3003,2134,,
mapebo94,mapebo94,WIM,María Adela Perera Borrego,ES,,2221.0,,,2164,-62,799,2182,87,62,2314,1500,,
Gatorchess,gatorchess,NM,,US,,,2350.0,,2336,-9,7326,1500,0,0,2423,1500,,
NrebGalas01,nrebgalas01,WIM,Bernadette Galas,PH,"Earned my WIM Title year 2013 and earned my WGM norm year 2015. I like to play aggressive and strategic chess. I urge to share my knowledge to the youth and be their mentor.

https://imgur.com/hAUeS16",,,,2441,58,1355,2001,-180,66,2402,1980,,
Vodoley,vodoley,IM,Azat Sharafiev,RU-TAT,,2431.0,,,2500,-50,1221,1500,0,0,2812,1496,,
Queen_07,queen_07,WCM,,RO,,,,,2207,-9,450,2441,3,92,2260,1500,,
Daniel1999,daniel1999,FM,Daniel Kozusek,GB,,2365.0,,2382.0,2472,11,1674,2389,103,33,2575,1971,,
Diego_Flores,diego_flores,FM,,PE,Diego,2245.0,,,2459,-40,4426,2449,222,18,2759,1967,,
anhao,anhao,NM,,,,,,,2756,50,17787,2523,0,4,2821,2033,,
muisback,muisback,GM,Rauf Mamedov,AZ,Manchester United is back!,2659.0,,,2848,-25,1788,1500,0,0,3206,1500,,
FakeBruceLee,fakebrucelee,GM,Zaur Mammadov,AZ,,,,,2727,-57,7592,2596,137,225,2854,2533,,
ElimChessKG,elimchesskg,CM,Keneshbekov Elim,KG,"Чемпион Кыргызстана

Чемпион Иссык-Кульской области

Лучший региональный шахматист Кыргызстана (2022,2021) 

Ссылки 
[2022](https://vesti.kg/obshchestvo/item/108284-v-kyrgyzstane-opredelili-luchshikh-shakhmatistov-goda-sredi-yunoshej-i-devushek-foto.html) 

[2021](https://sport.kg/main_news/74266-shahmatnyj-oskar-nazvany-luchshie-sportsmeny-goda-v-kyrgyzstane.html)",,,,2335,7,378,2329,-130,39,2691,2239,,
Tr_xter,tr_xter,CM,Felix Twist,AQ,"""Move in silence, only speak when its time to say checkmate.""",2230.0,,,2442,-10,405,1500,0,0,2758,1500,,
whatsmyageagain,whatsmyageagain,NM,,BR,,,,,2484,-11,2817,2280,81,39,2583,2016,,
lagardeduroi007,lagardeduroi007,FM,,,,,,,2355,44,5869,2367,8,514,2300,2055,,
LaraCroft_1,laracroft_1,WFM,Besa Masaiti,BW,Vene Spirictus Sancte!,1768.0,1842.0,,1907,-60,3675,1893,-85,123,2115,1728,,
WB2019,wb2019,IM,Collin Colbow,DE,,2433.0,,,2569,-2,2052,2343,55,75,2748,2184,,
LoneCypress,lonecypress,NM,,US,,,2450.0,,2574,4,11036,1857,0,1,2661,1500,,
DreadlordPawn3,dreadlordpawn3,NM,Aryan Balyan,US,,,2259.0,,2262,-6,1668,2058,-12,186,2480,1500,,
Din-don-dan,din-don-dan,FM,Faber Alberto Narvaez Ramirez,CO,"ID FIDE : 4403002  
CLUB DE AJEDREZ TORRE ACTIVA DEL MUNICIPIO DE FACATATIVA-CUNDINAMARCA

https://ratings.fide.com/profile/4403002",2104.0,,,2324,-1,19329,2215,66,97,2461,1406,,
KaiyrbekovRustam010,kaiyrbekovrustam010,IM,РУСТАМ КАЙЫРБЕКОВ,KZ,"Международный мастер по шахматам, призер и победитель неоднократных турниров.Обучаю профессионально на результат. Системный подход к каждому ученику.",2330.0,,,2495,13,3576,2346,6,78,2533,1985,,
kalantaryan,kalantaryan,IM,Norayr Kalantaryan,AM,,2383.0,,,2354,-2,42434,2470,3,133,2624,1500,,
T2016,t2016,FM,,,"I conduct training. All questions about cooperation in a personal message.
Тренирую.Все вопросы по поводу сотрудничества в личку.",,,,2582,33,3333,2460,-90,17,2536,1500,,
Cocowawa,cocowawa,IM,,,,,,,1948,3,3956,2313,-22,14159,1780,2178,,
mbachez90,mbachez90,IM,P Saravana Krishnan,IN,,,,,2555,-34,2364,2381,114,42,2602,1865,,
Kunk,kunk,NM,,,,,,,2222,-69,8450,2134,0,8,1951,1500,,
deni165,deni165,FM,,,,,,,2267,14,20659,2506,-31,711,2414,2046,,
arnaldofdelavara,arnaldofdelavara,IM,,US,,,2531.0,,2800,1,2549,2326,13,41,3000,1500,,
real64squares,real64squares,NM,,US,,,,,2373,3,302,2268,40,14,2381,1124,,
Pecevojvoda,pecevojvoda,IM,Orce Danchevski,MK,"Intermaster and Fide trainer from Skopje, Macedonia",2340.0,,,2478,-33,1538,2569,1,358,2175,1500,,
mircica,mircica,GM,Mircea Parligras,RO,"Play 1...d6! https://www.chessable.com/lifetime-repertoires-1d6-against-everything/course/282212/
Check out my  Ragozin course!
https://www.chessable.com/the-refined-ragozin/course/133951/
Take a look at my Benoni course!
https://www.chessable.com/lifetime-repertoires-modern-benoni/course/74441/",2591.0,,,2763,19,4003,1828,0,3,2735,2085,,
Novozhilov_Semyon,novozhilov_semyon,FM,,,,,,,2607,2,3822,2441,-15,26,3040,1351,,
YODITA,yodita,FM,Alan Borda,BO,"Miembro de la Comisión de Ajedrez Social de la FIDE, Ex Presidente de la Zona 2.4 de la FIDE, Maestro FIDE y Entrenador FIDE. ""Los peones son el alma del ajedrez"" (André Danican Philidor). Member the Social Chess Comision of FIDE, Former President of FIDE Zone 2.4, FIDE Master and FIDE Trainer. ""Pawns are the soul of chess"" (André Danican Philidor).",2116.0,,,2271,-13,1827,1500,0,0,2424,1500,,
Hripach007,hripach007,IM,,FO,,,,,2813,17,918,2045,0,11,3159,1500,,
BabaRamdev,babaramdev,GM,Akshat Chandra,US,"Available for coaching and training games, preferably 1400 FIDE/USCF and above.

Check out https://chessascend.com/ for more info on lessons.",2536.0,,,2626,-41,4380,2614,4,87,3153,2091,,
renanreis,renanreis,FM,Renan Reis,BR,"Hi, I am FIDE Master Renan Reis playing directly from Amazon Jungle. 
Support my training at http://goo.gl/Oz9boc
Visit my YouTube Channel  http://goo.gl/MpjeIS

Mestre FIDE Brasileiro.
Conto com seu apoio http://goo.gl/Oz9boc e conheça meu canal no youtube http://goo.gl/MpjeIS
Também dou aulas de xadrez pela internet! Interessados enviar mensagem.",,,,2322,-1,30086,2357,-8,3801,2373,2181,,
kstorn,kstorn,NM,,US,"I am a chess enthusiast, coach and player.",,,,2461,13,967,2471,-11,301,2545,2475,,
orange_fox_7,orange_fox_7,NM,,,,,,,2225,5,1917,2304,32,1329,2431,1500,,
r2r2525,r2r2525,NM,,MX,,,,,2117,-22,272,1500,0,0,2075,1500,,
almostadams,almostadams,GM,Adam Tukhaev,,a GM and a coach,,,,2535,-153,2021,2201,0,10,2745,1500,,
mamey78,mamey78,GM,Luis Manuel PerezRodriguez,CU,,2324.0,,,2655,61,2370,1246,0,1,2588,1500,,
Kampan,kampan,IM,Angel Gabriel Cordoba Roa,CO,,2396.0,,,2611,20,907,1500,0,0,2963,1500,,
Ghost-lupinx,ghost-lupinx,FM,,UZ,,,,,2562,-15,171,1500,0,0,2794,1500,,
Zairbek_k,zairbek_k,WFM,Begimai Zairbek kyzy,KG,,1932.0,,,2225,25,292,1850,-95,13,2599,1500,,
yjjga,yjjga,FM,Yeison Gutiérrez,VE,"Mi nombre es Yeison Gutierrez, nací en Venezuela, estudio ingeniería mecánica y soy maestro FIDE de ajedrez. Llevo 12 años en este deporte, me encanta enseñar y aprender más día a día",,,,2238,46,3308,2384,259,24,2311,1500,,
Den78,den78,FM,Denis Trifonov,BY,MF,2216.0,,,2268,30,21258,2323,-3,214,2436,1313,,
jarnott,jarnott,CM,Jonathan Arnott,GB,"ECF Level 3 (National - Advanced) chess coach. New book:  https://steelcitypress.co.uk/product/winning-at-chess-before-move-1/
https://www.amazon.co.uk/dp/1913047334/

Publisher, writer, lecturer, coach. Former Yorkshire captain. 4NCL White Rose. Stratego Team GB.",,,,2344,0,1409,2467,4,79,2386,2174,,
ChesslessGuy876,chesslessguy876,CM,Nathaniel Hope,JM,,2015.0,,,2330,-15,1626,2346,10,273,2499,2043,,
Partosian,partosian,FM,,,,,,,2425,-17,355,1500,0,0,2704,1500,,
AjusteSolido,ajustesolido,FM,German Spata,AR,"Soy German Spata , MF.
Visita mi canal de Youtube http://bit.ly/SuscribeteAjedrezconGerman  
Mi web de cursos: https://www.cursosintensivosdeajedrez.com/
Busco Maestro interesado en partidas de entrenamiento (+2300)",2376.0,,,2541,30,2386,2419,35,88,2727,1791,,
vangulio,vangulio,IM,Jorge Baúles,PA,"• Campeón absoluto de Panamá en 8 ocasiones.
• Representante de Panamá en torneos internacionales, incluyendo campeonatos continentales, eventos como el Subzonal Absoluto 2.3.C, Juegos Deportivos Centroamericanos y 8 olimpiadas mundiales.

Pasión por el ajedrez:
Comprometido con el crecimiento del ajedrez en Panamá, tanto como jugador competitivo como mentor.
Te amo Angie723.",2269.0,,,2556,21,9301,2236,41,16,2812,1500,,
linda_krumina,linda_krumina,WFM,,,,,,,2295,19,2337,2022,49,22,2282,1500,,
XenophiliusLovegood,xenophiliuslovegood,GM,Deivy Vera,PE,Gran Maestro de Ajedrez  / Clases y transmisiones de ajedrez / deivy1801@gmail.com / +51 948886861,2497.0,,,2555,35,4307,2394,132,103,2801,2029,,
Nuh-uh,nuh-uh,CM,,,nuh._.uh,,,,2420,-12,697,2483,-10,757,2528,1500,,
Atomyvaleria,atomyvaleria,WFM,Liliam Barbara Blanco Garcia,CU,"""El ajedrez, como el amor, como la música, tiene el poder de hacer feliz a la gente."" – Siegbert Tarrasch",2050.0,,,2111,52,9580,1994,0,5,2361,1656,,
beto_betun,beto_betun,CM,César Blanco,GT,Chess streamer.,2070.0,,,2302,-38,2192,2211,166,28,2118,1500,,
FelipeLobo,felipelobo,NM,Felipe Lobo,BR,"Sou Mestre Nacional Felipe Lobo, sou potiguar de Natal -RN e hoje vivo em Boa Vista- RR. Jogo xadrez desde de criança (6 anos) por causa do meu avô e comecei em competições aos 13 anos. Já fui campeão diversos torneios e de vários lugares!! Meu canal https://youtube.com/channel/UCrnUSBBF7A9ViUi6LoaiSNg",,,,2194,26,3986,2204,25,367,1973,1882,,
CasperyLiu,casperyliu,FM,Casper Yukun Liu,DK,"BSc Actuarial Science @ University of Copenhagen.

https://www.instagram.com/casperyliu/
https://www.chess.com/member/casper
https://ratings.fide.com/profile/1454153",,,,2568,26,1016,1500,0,0,2733,1500,,
Superdioni,superdioni,CM,Hector Fiori,AR,Fide Trainer  since 2024,,,,2529,30,887,2228,12,47,2450,1500,,
Axelfalke,axelfalke,FM,Axel Falkevall,SE,"Förutom att vara schackspelare är jag även rörmokare, astronaut, pizza delivery man, läkare, lärare, och tandläkare.",,,,2493,21,2472,2464,-21,474,2466,1815,,
Dragon700,dragon700,IM,,,,,,,2543,-31,2042,2260,0,8,2948,1500,,
Kudlatiypes,kudlatiypes,GM,Antipov Mikhail,RU,,2584.0,,,2731,15,259,2585,-9,63,2905,1500,,
CarlosPujol,carlospujol,FM,,US,"--NY Lower Lab Middle School Coach, 
**K6 National Team Co-Champions, Nashville 2012**.
--Success Academy Midtown West Middle School Chess Coach. 
**K6 National Team Champions, Columbus, Ohio 2022**
Favorite phrases:
""Mediocrity starts with deafness""
""The master has failed more times than the beginner has even tried""",,2386.0,,2480,2,1588,2545,-7,165,2437,1500,,
JayDee0305,jaydee0305,IM,,PH,"Chess is a game of emotions. You're sad when you lose, you're happy when you win. So keep on playing and aim on winning to make yourself happy.",2320.0,,,2597,23,998,2338,-27,137,3019,1500,,
promove2500,promove2500,GM,Vladimir Zakhartsov,_earth,"По вопросам обучения шахматам писать на vovantusik@yandex.ru либо вконтакте.
If you want to improve your chess skills with my help, please wtrite to vovantusik@yandex.ru.",2487.0,,,2709,-22,2461,2226,162,34,3033,1500,,
fj042009,fj042009,WIM,,PH,"There is no shortcut to success. Faith, Hard work, Confidence.",,,,2430,-16,1604,2325,30,57,2601,1500,,
Pythium,pythium,CM,,,,,,,1989,30,522,1739,-57,59,1911,1813,,
iakov98,iakov98,IM,Jakob Pfreundt,DE,"https://beta.chessmint.app/
https://www.chessable.com/author/JakobPfreundt/

https://x.com/jakob9876
https://x.com/chess_mint",2478.0,,,2584,-8,22832,2730,-19,921,2804,2373,,
XadrezSJP,xadrezsjp,NM,,BR,,,,,2243,-28,1798,2117,0,6,2413,1500,,
eragon11,eragon11,IM,Edoardo Di Benedetto,IT,Im an International Master and im available for lessons of all levels,2454.0,,,2550,24,957,1500,0,0,2921,1500,,
may6enexttime,may6enexttime,GM,Aleksei Sarana,RS,,2703.0,,,2872,-63,5237,1500,0,0,3103,1500,,
Colmen,colmen,FM,,CH,,,,,2466,13,10321,2283,6,319,2623,1981,,
STL_Moradiabadi,stl_moradiabadi,GM,,,,,,,2104,0,9,1500,0,0,2489,2591,,
Lvivianka23,lvivianka23,IM,,,,,,,2473,19,1093,2313,0,9,2530,1500,,
danielBEST,danielbest,NM,,_earth,,,2331.0,,2377,21,877,2170,-11,976,2518,2027,,
Simba7,simba7,FM,Siem van Dael,NL,"FIDE Master from The Netherlands, active coach and player.",2362.0,,,2317,-35,1772,2057,-114,87,2638,1779,,
Kyrie-Irving,kyrie-irving,FM,,,,,,,2156,-85,338,1381,0,1,2248,1577,,
chessiandoceo,chessiandoceo,GM,Carlos HA,US,,,2547.0,,2405,-87,473,2060,0,10,2911,1500,,
goofypenguin,goofypenguin,IM,,,,,,,2675,-3,313,1850,0,6,3000,1732,,
O-Almeida,o-almeida,GM,Omar Almeida Quintana,CU,"Soy el Gran Maestro Cubano Omar Almeida Quintana, actualmente mi elo es 2535 y represente a Cuba en la olimpiada mundial de batumi, Georgia, también soy entrenador FIDE. ",2535.0,,,2759,4,8792,2250,423,21,2761,1500,,
Paff_Morris_Twitch,paff_morris_twitch,CM,,DE,https://www.twitch.tv/paff_morris,,,,2443,12,1547,2351,-2,2086,2782,2273,,
Makalexa,makalexa,WIM,Aleksandra Makarenko,RU,https://lichess.org/coach/Makalexa,2200.0,,,2181,35,669,1989,0,9,2333,1500,,
Mangusty,mangusty,IM,Andrey Okara,AM,https://ratings.fide.com/profile/4181360,2340.0,,,2562,21,11439,2489,-87,1573,2598,2428,,
VojtaPlat,vojtaplat,GM,Vojtech Plat,CZ,"Crazy Aquarius :-))
I am Vojtech Plat, 31 yo, GM from Czech Republic. 
I am interested to play foreign leagues(and tournaments) and give chess lessons. 
My rating is around 2460. (Peak rating 2590). Feel free to contact me on mail: vojtechplat@seznam.cz  or Whatsapp: +420735920411

https://ratings.fide.com/profile/325740",2460.0,2565.0,,2701,11,1545,2526,-9,48,2806,1500,,
SamTakoj,samtakoj,FM,,US,,2411.0,2000.0,1900.0,2624,-14,12492,2557,48,614,3028,1500,,
Chinchin120dexter,chinchin120dexter,FM,Chinedu Benjamin Enemchukwu,VC,"Chess Coach, and the National Champion. 

I'm just another gentle and peace loving man you'll be so pleased to meet. Down to earth kinda guy. Nice to a fault most of the times. 
I love risky chess, adventurous moves. Mikhail Tal is my favorite G!!! Feel free to learn the game with me anytime. 
https://mastermindchessbrainery.net/",2001.0,,,2160,33,8825,2203,3,451,2312,2069,,
PushingPawnsNYC,pushingpawnsnyc,NM,Shawn Martinez,PR,"https://imgur.com/oInG1KH

https://www.twitch.tv/pushingpawnsnyc
www.instagram.com/pushingpawnsnyc/ 

 Master Shawn Martinez | From the 'School of the hard Knocks' NYC | Former member of Scholastic Dynasties I.S 318 & Edward R. Murrow | 10 + Years coaching in a variety of learning environments.",,2158.0,,2407,1,4642,2362,-106,418,2500,1707,,
Inventing_Invention,inventing_invention,GM,Arjun Erigaisi,IN,"For enquiries : reach@mgd.one
https://twitter.com/ArjunErigaisi
https://www.instagram.com/arjun_erigaisi/
https://en.wikipedia.org/wiki/Arjun_Erigaisi
I block keyboarders",,,,2869,-18,1245,1500,0,0,3201,1500,,
Zaxuriah,zaxuriah,IM,,,,,,,2340,5,24,2032,0,5,2584,1500,,
Catmilk,catmilk,WIM,Catarina Leite Oralová,PT,,2103.0,,,2021,48,82,1432,-78,24,1261,925,,
OursBulgare,oursbulgare,FM,,,,,,,2297,-8,61,2461,-21,351,2592,1500,,
febloh,febloh,GM,Felix Blohberger,AT,,,,,2652,43,465,1574,0,2,2923,1500,,
gus_fring,gus_fring,CM,,HR,,,,,2375,18,6547,2014,0,22,2409,2014,,
shlumpa,shlumpa,CM,,PW,,,,,2625,129,742,1500,0,0,2599,1500,,
VKMatta,vkmatta,FM,VINAY KUMAR MATTA,IN,i am MATTA VINAY KUMAR FIDE MASTER AND FIDE TRAINER WITH AN peak ELO 2326.,2326.0,,,2156,46,210,1855,0,9,2219,1705,,
SAInt_777,saint_777,FM,Roman Komov,RU,,,,,2462,16,1353,2469,-115,51,2850,1500,,
Ermito,ermito,GM,Ermes Espinosa Veloz,CU,,2508.0,,,2641,27,2124,2384,222,49,2574,1500,,
Amin_____tb,amin_____tb,GM,,,,,,,2866,24,2102,2215,59,14,3179,1500,,
Watergun7,watergun7,FM,,,,,,,2523,8,1319,1500,0,0,2452,1500,,
mikhailtal20100,mikhailtal20100,CM,,LV,Candidate Master,2256.0,,,2522,-4,4856,2426,102,128,2427,1500,,
OlgaGirya,olgagirya,WGM,Olga Girya,RU,,,,,2388,8,53,1500,0,0,2244,1500,,
kutiktau,kutiktau,GM,Mikheil Mchedlishvili,GE,"4 times champion of georgia,national team member from 2001,winner and co winner of many international tournaments all over the world.former coach of georgian national team,also some other national teams.i am a very experianced coach,now live in dubai and work as a head coach of a dubai chess and culture club.was many years in top 100,best rating 2659.feel free to coantact me",2593.0,,,2787,-6,1357,2402,0,10,2737,1500,,
Velis_23,velis_23,IM,Velislav Kukov,BG,"international Master, Fide Trainer",2348.0,,,2503,-3,1544,2384,-95,130,1500,1500,,
shantus,shantus,NM,Juan Perdomo,VE,"Soy Maestro Nacional. Actualmente con 2135 de elo Fide. Mas de 27 años de experiencia en los tableros. 
ID FIDE: 3903761",2135.0,,,2160,-267,5436,1860,63,101,2630,1441,,
Doubleb17,doubleb17,FM,Bruno Bouvier,FR,,2202.0,,,2436,3,30399,2451,105,39,2380,1940,,
Re_dei_matti,re_dei_matti,NM,,,,,,,2603,14,5319,2375,-31,311,2802,1500,,
Stein55,stein55,IM,,PY,,,,,2672,-85,4031,2351,-32,31,2601,1500,,
TreasureChess777,treasurechess777,NM,,US,,,,,2378,-43,6571,2418,122,37,2614,2011,,
ErnesticoCuba,ernesticocuba,FM,,CU,,,,,2444,-14,3244,2467,23,129,2700,1568,,
castle_2008,castle_2008,CM,,FR,,,,,2399,18,4887,2257,12,1180,2595,2221,,
ChessHobbits99,chesshobbits99,IM,Adrian Gschnitzer,DE,"IM Adrian Gschnitzer und FM Marco Riehle

Streamingaccount der ChessHobbits99
Schaut gerne mal vorbei;) 

Join the Team: https://lichess.org/team/chesshobbits99
Folgt uns auf https://www.twitch.tv/chesshobbits99  So verpasst Ihr keinen Stream
Ihr findet uns auch auf https://www.youtube.com/channel/UCdOGLy-MJrndM7Fwa2F2RmA",,,,2602,10,11606,2729,52,115,2960,2251,,
lisyender,lisyender,CM,Lisyender Teran Abreu,VE,3901793,2160.0,,,2411,-10,12888,2572,290,75,2530,2334,,
GG1223334444,gg1223334444,CM,Ding Dong Kapor,TF,"Please join to my team
https://lichess.org/team/firouzja-chess-friends-and-fans",2042.0,2777.0,2777.0,2139,7,1375,2301,3,1056,2132,1469,,
sisinyo7,sisinyo7,WFM,,,,,,,2277,53,1416,2020,1,15,2363,1500,,
NINDJAxx8,nindjaxx8,FM,.,GE,"MESSI IS GOAT!!!!
mykola korchinski",2030.0,,,2716,20,4195,2313,-18,154,3012,2195,,
Ty3oB,ty3ob,FM,Владимир Алачихин,RU,,,,,2298,-34,5951,1955,-28,27,2544,1254,,
topce,topce,CM,,,"My System ;-)
Les pions sont l'âme des échecs ;-)
https://topce.github.io/ngx-chessground/
https://ratings.fide.com/profile/939633
https://lichess.org/hvB20kxqAWJv",2233.0,,,2225,-30,19377,2336,0,7,2506,1883,,
Evargalo,evargalo,FM,,FR,,,,,2337,-6,5199,2117,-107,57,2357,1500,,
Grig95,grig95,WCM,,RU,,,,,2068,-7,1151,2297,7,124,2002,1207,,
Boglad,boglad,CM,,TR,,,,,2287,5,3648,2328,69,97,2503,1968,,
ChessAssist,chessassist,NM,Sahil Tickoo,IN,"Youtube Channel :- www.youtube.com/channel/UCnzdBGxRbY9OqwBo8E5uXcA

. Visit www.chessassist.com to take take your game to the next level.",2245.0,,,2373,-35,298,2012,0,4,2602,1500,,
ewa_mat,ewa_mat,WFM,Barwińska Ewa,PL,In chess as in life – strategy wins.,2106.0,,,2340,-20,707,2504,298,56,2514,1500,,
rasulovvugar,rasulovvugar,GM,,AZ,,,,,2679,-41,18037,2595,-63,210,3029,2474,,
Barbriaya,barbriaya,CM,,TN,,2177.0,,,2207,10,6195,2183,-25,345,2427,1500,,
chessbia,chessbia,WIM,Bianka Havanecz,HU,https://imgur.com/xlIyvjA,2257.0,,,2227,43,2159,2498,-20,144,2520,2043,,
D-Fernandez,d-fernandez,GM,,US,,2445.0,,,2730,41,517,2224,-24,89,2559,1380,,
e4-f4,e4-f4,FM,Nashik Champ,IN,,2222.0,,,2255,20,344,1500,0,0,2501,1500,,
Vagizovich,vagizovich,GM,,RU-TAT,,,,,2662,-37,8890,2447,18,260,2701,1345,,
FifideMaster,fifidemaster,FM,,_earth,Carpe Diem,2377.0,,,2513,-11,1546,2446,36,122,2705,1500,,
DraganSolak,dragansolak,GM,Dragan Solak,TR,"https://i.imgur.com/s1LAmbf.jpg

www.caissachessclub.com/home
www.caissachessclub.com/coaches",2598.0,,,2623,148,229,1533,-4,74,3044,1500,,
Player_06,player_06,GM,Mukhiddin Madaminov,UZ,muhhidinm02@gmail.com,2560.0,,,2744,-86,3328,1500,0,0,3048,1500,,
Furrumba,furrumba,IM,,IT,,,,,2514,-29,6197,2085,0,4,2700,2167,,
Dani097,dani097,CM,Daniel Frempong-Smart,GH,,,,,2197,-21,17348,2359,40,3160,2214,2092,,
Roaccutane,roaccutane,NM,Mustafa Berkay Özdöver,TR,"I'm not so active in chess tournaments,just play online sometimes.",2105.0,,,1500,0,0,1500,0,0,3003,1500,,
JS2606,js2606,FM,Jorah Soojay,,,,,,2218,3,223,1500,0,0,2190,1500,,
VladimirBelous,vladimirbelous,GM,Vladimir Belous,US,"Hey, I am GM Vladimir Belous. Currently, live in  TX, United States. I hope you enjoy watching my games and playing against me! You can watch me here https://www.twitch.tv/gmvladimirbelous
I love to teach chess, so if you want to improve your chess level, do not hesitate and message or e-mail me. belousvovis@gmail.com",2530.0,,,2848,-34,2225,2482,-237,71,2712,1989,,
ElHelvetico,elhelvetico,GM,El Nicolas,CH,,,,,2655,-14,1293,1500,0,0,2606,1500,,
Benonithisone,benonithisone,CM,,,,,,,2398,-2,558,2155,0,7,2383,1500,,
Punchableface,punchableface,FM,,AU,12 years mate,,,,2461,-141,1530,2412,0,8,2701,1500,,
AlexTriapishko,alextriapishko,IM,Alexandr Triapishko,RU,"Тряпишко Александр Сергеевич 2000г.р.

Пока вы молоды - прогрессируйте

Fide ID: 14122286

ФШР ID: 5886

https://ratings.fide.com/profile/14122286

https://ratings.ruchess.ru/people/5886",2508.0,,,2846,12,10169,2721,-64,142,3117,1500,,
AllInChessAcademy,allinchessacademy,FM,,,,,,,2303,16,146,1500,0,0,2281,1698,,
GG91,gg91,IM,Gkoumas Georgios,GR,"Chess coach from Greece!
For more details, you can check in
https://lichess.org/coach/GG91",2433.0,,,2808,118,496,2069,-1,104,2811,1276,,
SophieN,sophien,WIM,Sopio Nikoladze,GE,,2132.0,,,2063,-175,220,1500,0,0,2395,1500,,
Papagayo,papagayo,GM,Koen Leenhouts,NL,delangerokade.substack.com,2490.0,,,2481,-10,13085,2288,-79,113,2406,1568,,
zirkuspony,zirkuspony,IM,Christian Maier,DE,,2192.0,,,2463,26,5853,2360,4,29,2531,1500,,
luci087,luci087,GM,Lucian-Costin Miron,RO,,2484.0,,,2590,17,3088,2336,0,6,2667,1500,,
HaylerMFcuba,haylermfcuba,FM,Hayler David Chávez Estévez,CU,"Hola mi nombre Hayler David Chávez Estévez Maestro Fide desde 2015,acepto alumnos que esten interesados en dar clases.Saludos.",2239.0,,,2281,4,2388,2447,-129,130,2454,2103,,
t0gEtHeR,t0gether,FM,,AF,"You don’t even suspect how close I am, literally stretch your hand and you will touch me",,,,2661,138,160,1500,0,0,2738,1500,,
Gamza_Juventus,gamza_juventus,FM,,GE,,2310.0,,,2605,8,673,1500,0,0,2561,1500,,
alphafischer2019,alphafischer2019,FM,Francisco Fiorito,AR,,2434.0,,,2628,52,2909,2317,-28,235,2699,1235,,
Bibekthing,bibekthing,CM,,,,,,,2497,-90,11394,1847,0,5,2560,1791,,
Rezeknenian,rezeknenian,NM,Oļģerts Indričāns,LV,Feel free to contact me via e-mail: rezeknenian@gmail.com,,,,2368,25,8151,2432,6,223,2597,1976,,
cItOsOl04,citosol04,CM,,_earth,,,,,2108,10,2711,1934,0,5,2316,1500,,
ACT254,act254,CM,Elvis Likoko Wanasunia,KE,,1774.0,,,2258,20,3524,2088,-151,1944,2023,2024,,
Schemato,schemato,FM,,DE,,,,,2290,-5,8620,2384,-4,14033,2324,2413,,
LEV2310,lev2310,IM,Lev Zverev,,,,,,2603,-63,4365,2613,8,879,2989,2401,,
Angel_of_chess9,angel_of_chess9,CM,,GB,,2209.0,,,2440,-18,1481,2171,15,13,2490,2004,,
aLaCrItOuS,alacritous,NM,,US,,,,,2223,-15,2285,2343,66,66,2388,1500,,
LegendaryOM,legendaryom,CM,Oscar Mwenya,ZM,"Fide candidate master,Kings indian and Loy lopez expert,Deadly tactician,crazy attacking chess reminiscent of Tal and Alekhines!!.",2132.0,,,2366,22,33601,1370,0,3,2452,1326,,
THE-SPEAKER,the-speaker,FM,Prindggolem Vakhala,IN,"(born July 14, 1998, in Surat, Gujarat, India

Vakhala first gained national attention by winning the Indian Junior Championship in the U-14 category. From there, his career progressed rap",2368.0,,,2422,31,675,1500,0,0,2351,1500,,
nico29batista,nico29batista,FM,,,FM de mentirita,,,,2354,0,11625,2293,-17,1097,2572,2119,,
bluegalaxy4,bluegalaxy4,NM,,,,,,,2659,-29,1299,2217,-4,199,2615,2035,,
jomarag,jomarag,FM,,,,,,,2287,-31,9723,2466,-117,75,2636,1875,,
Lector118,lector118,FM,,RU,"Youtube-канал с обучающими видеороликами по дебюту, позиционной игре и многому другому: 
https://www.youtube.com/channel/UC0LBf0Rgjwqxm1zhCFM8mSA",2400.0,,,2570,-3,7005,1953,-157,33,2709,1852,,
THE_PLAYER2,the_player2,FM,,,,,,,2367,40,353,2182,0,7,2648,1500,,
Alexander_Donchenko,alexander_donchenko,GM,Alexander Donchenko,DE,,,,,2701,-36,1049,2375,0,10,2793,1500,,
hitter1999,hitter1999,GM,Aravindh Chithambaram,IN,,,,,2776,-44,1982,2242,0,5,2991,1500,,
LuisMarini,luismarini,IM,,GH,,,,,2532,-11,7182,1937,0,2,2568,1500,,
thaboelias1,thaboelias1,CM,,,,,,,2310,-1,9419,2288,-117,124,1980,2181,,
ald2,ald2,FM,Alexander Devaev,RU,FM,2325.0,2200.0,100.0,2353,-21,21938,2179,60,23,2650,1500,,
Fishfinger,fishfinger,NM,,,,,,,2272,107,2817,2152,133,30,1782,2223,,
onatog,onatog,IM,Ronald Bancod,PH,,,,,2459,-7,11465,2188,65,25,2334,1325,,
inear-gold,inear-gold,WNM,,,,,,,2400,66,2430,1267,0,6,2458,1333,,
SrBasulto04,srbasulto04,FM,Reyson Ricardo Rodríguez Basulto,CU,"Hey chicos o chicas. Bienvenidos a mi cuenta oficial. Mi nombre es Reyson Ricardo Rodriguez Basulto. Aprendí lo q era este maravilloso juego a los 5 años de edad gracias a mi PADRE  y desde entonces lo he jugado y perfeccionado. Llevo más de 13 años ya en este deporte, En mi perfil de entrenador están todos los datos necesarios, visítenlo** https://lichess.org/coach/SrBasulto04",,,,2443,-5,414,2298,0,6,2513,1500,,
AGmedina,agmedina,FM,Rafael Alejandro Medina Diaz,ES,Empecé a la edad de 11 años jugando y participando activamente en torneos escolares y juveniles de los cuales obtuve primeros lugares por equipo. A la edad de 15 años obtuve el titulo de Maestro Fide y consecutivamente una norma de MI en un fuerte torneo internacional. A mis 18 años pude alcanzar el segundo lugar en el Centroamericano 2018 y obtener un Elo de 2369.,2330.0,,,2476,45,865,2198,187,35,2628,1915,,
Miguelho67,miguelho67,IM,,,,,,,2535,0,16306,2579,115,24,2633,1500,,
Christ_is_alive,christ_is_alive,FM,Ramón Alberto Hernández Fernández,CU,Este es mi perfil de entrenador: https://lichess.org/coach/Christ_is_alive,2304.0,,,2371,-31,2172,1668,0,1,2522,2252,,
greennight,greennight,IM,Jakub Pulpan,CZ,,,,,2638,-33,8275,2520,94,281,2984,2386,,
razumihin07,razumihin07,FM,,,,,,,2400,-11,1532,1500,0,0,2465,1500,,
Dark_Knight_Rises13,dark_knight_rises13,IM,,_earth,,,,,2603,5,1932,2172,45,28,2817,1500,,
Misha_Melnichuk,misha_melnichuk,NM,Mikhail Melnichuk,_earth,"Провожу занятия по скайпу!!
Facebook - https://www.facebook.com/misha.melnichuk.9
Мой Ютуб канал https://www.youtube.com/c/Mishachess
Моя почта: 19popuga91@gmail.com

На своём канале я буду играть на разных платформах lichess.org, chess.com, а также  комментировать турниры разного уровня и разбирать партии.
Всем кому интересны шахматы, подписывайтесь!",2368.0,,,2492,2,8321,2077,-7,1735,2715,1997,,
backinaction,backinaction,FM,Mladen Gajic,SE,"Hi guys, if you are interested in some training, just to contact me here and we go further on.",,,,2421,-57,545,2428,41,96,2601,1500,,
kjjl,kjjl,FM,Koen Lambrechts,NL,"Zum Gottens, zum Gottens!",2336.0,,,2363,6,6230,2522,-7,122,2543,1500,,
Aditya404,aditya404,NM,,US,,,,,2266,16,353,2436,88,117,2337,1999,,
cuervo22,cuervo22,NM,Matias Antonio Carcamo,AR,", Cuervo desde la cuna",,,,2419,-9,5599,1500,0,0,2752,1500,,
luis-garcia,luis-garcia,NM,Luis Ernesto Garcia de Dios,MX,Entrenador de Alto Rendimiento y Árbitro Nacional.,2145.0,,,2122,9,17473,2225,55,360,2302,1947,,
EamonMont,eamonmont,NM,Eamon Montgomery,US,"Just how would you drag a hippopotamus out of the marsh?

Coaching: https://lichess.org/coach/EamonMont",,2264.0,,2501,37,10521,2415,-26,128,2701,2275,,
Vladimir_Simakov_81,vladimir_simakov_81,FM,Vladimir Simakov,RU,,2286.0,,,2289,-16,856,1742,0,2,2195,1500,,
Satscho,satscho,FM,,DE,ql^2/8,,,,2514,14,10909,2485,-1,326,2673,1788,,
Jungle_Jaguar,jungle_jaguar,IM,Mohammad Fahad Rahman,BD,"I’m Mohammad Fahad Rahman, a 22-year-old International Master from Bangladesh with a peak FIDE rating of 2440 and one Grandmaster norm. I’m currently ranked #1 in Bangladesh.",2440.0,2485.0,,2584,-14,278,2218,0,3,2862,1500,,
ka1ser,ka1ser,NM,,,,,,,2534,15,4802,1500,0,0,2622,1500,,
Thanozz,thanozz,GM,,,,,,,2720,-6,554,2501,-22,17,3022,1500,,
Sultai,sultai,CM,Sultai Chyngyz,KG,wow,1991.0,2217.0,,2387,-32,10875,2436,-40,881,2600,2177,,
kvaspi,kvaspi,NM,Cresencio Jr Aspiras,PH,,,,,2323,155,701,2205,80,94,2253,1500,,
Artchessplay,artchessplay,CM,Solymosi András,RS,"My name is András Solymosi, I hold the title of CM, and I work as a chess coach with students.",2202.0,,,2190,-36,1651,2412,47,13,2500,1500,,
GGTOURS,ggtours,WFM,Галина Новикова,,"Присоединяйтесь к моим стримам) Понедельник четверг 21.00.Join my streams on Mondays and Thursdays 9 pm Moscow time.Challenge me there. https://youtu.be/OsPOgRIEJ5g Подписывайтесь на мой ютуб канал Также приглашаю всех желающих в свою команду)
 https://lichess.org/team/creative-chess-channel Являюсь тренером по шахматам, обращайтесь)",,,,2460,11,35001,2442,39,624,2813,2315,,
Boterhoofd,boterhoofd,FM,Eelco Kuipers,NL,https://www.twitch.tv/boterhoofd77,2316.0,,,2404,45,9171,2283,23,38,2365,1500,,
bolatbey,bolatbey,NM,ahmet bolat,,,,,,2221,-94,273,1500,0,0,2295,1500,,
juandivc,juandivc,CM,Juan Diego Viasus Cuellar,CO,Candidate Master. ID FIDE: 4464346. Liga de ajedrez del Atlántico. https://ratings.fide.com/profile/4464346  Petrossian  Chess club. Please join my official team: https://lichess.org/team/cmjuandivc--friends. Im 15,1896.0,,,2025,-38,3053,1873,23,1150,2305,1759,,
Big_Problems,big_problems,FM,,IT,,,,,2530,-7,800,2468,-41,50,2762,1500,,
Pleurotus,pleurotus,FM,,HU,,2286.0,,,2475,32,1260,1745,0,1,2423,1500,,
Oburg007,oburg007,IM,,RU,,,,,2393,8,28001,2197,28,26,2612,1210,,
No_Enemy_MasterOfsh,no_enemy_masterofsh,FM,Petukhov alan,KZ,да да это  новый офицальный акк Ноэнеми мастера ),,,,2532,-25,1732,2532,53,176,3001,2102,,
ajedrez11,ajedrez11,FM,,,,,,,2509,48,767,1500,0,0,2676,1500,,
Just_aseke,just_aseke,FM,,KZ,,,,,2394,-16,708,2171,74,16,2658,1777,,
medela2019,medela2019,GM,,,,,,,2701,-19,2926,2564,-5,48,2619,1500,,
JonahWillow,jonahwillow,FM,,,,,,,2659,74,195,1500,0,0,2526,1500,,
ARMJoker,armjoker,GM,,AM,,,,,2942,8,104,2225,0,5,3196,1500,,
BoraCilek,boracilek,FM,Bora Çilek,TR,https://ratings.fide.com/profile/34502165,2293.0,,,2506,154,176,2015,10,17,3100,1771,,
zyxon,zyxon,FM,Mårten Aronsson,SE,,,,,2424,30,4285,2322,-22,27,2728,1500,,
ElGafas,elgafas,GM,,,,,,,2593,-161,105,1799,0,2,2970,1500,,
bacchus65,bacchus65,FM,,HR,,2120.0,,,1998,50,47695,2152,34,7093,1923,2143,,
FranklinAPalomo,franklinapalomo,FM,,VE,,2260.0,,,2711,35,9566,2465,-102,175,2801,2322,,
TiBreizh,tibreizh,IM,,,,,,,2410,-59,3012,1500,0,0,2428,1500,,
GAGIK_JAN,gagik_jan,CM,,AM,Hate this game tbh,,,,2600,-9,4868,2623,144,536,2981,1990,,
fireheart92,fireheart92,GM,,,,,,,2900,12,1566,1500,0,0,3118,1500,,
veteran75,veteran75,GM,,,,,,,2980,49,61,1500,0,0,1500,1500,,
pashpash,pashpash,NM,,,"lesson questions, dm me",,2320.0,,2601,27,4150,2594,25,290,2815,2240,,
Tahin_Pekmez,tahin_pekmez,CM,Halit Kaan Kesgin,TR,,,,,2532,0,2109,2495,-144,233,2823,1956,,
Aisha_zakirova,aisha_zakirova,WCM,Aisha Zakirova,KZ,"Almaty, 05/09/2008",1585.0,,,2101,-9,517,2120,66,37,1830,1500,,
Joker123chemp,joker123chemp,IM,Алешин Олег,RU,,2317.0,,,2413,19,7795,2557,105,36,2605,1500,,
plumal,plumal,WIM,Alicja Sliwicka,,,,,,2411,37,226,2146,254,20,2605,1500,,
PseudoBenko,pseudobenko,IM,,PW,,1864.0,,,2643,-23,6277,2350,192,87,3000,1983,,
alex108,alex108,FM,,,,,,,2388,41,475,1970,-42,55,2259,1781,,
vliegmachinist,vliegmachinist,CM,,NL,If chess is art then online chess is garbage,,,,2412,-23,27345,2390,-49,339,2600,2313,,
cmvicentuco,cmvicentuco,CM,Vicente Fernando Azúa Ávila,EC,,1924.0,,,2204,-48,4201,2149,20,44,2200,1500,,
escha,escha,WFM,Uliana Yeshchenko,UA,I won`t write here something serious. I just like cats and humor. P.S. I also like chess,2073.0,,,2257,18,1301,2177,6,537,2259,1500,,
blandula,blandula,FM,Mario Angelo Fiore,IT,I'm FIDE Master,2205.0,,,2228,-2,2124,1689,0,1,1824,1500,,
camivette,camivette,WFM,Ivette Catala Matienzo,CU,,2140.0,,,1993,-11,28134,1576,84,348,2292,1929,,
Davigator,davigator,CM,David Okike,GB,I am now a CM.   http://ratings.fide.com/profile/8500134,2170.0,,201.0,2405,-19,154187,2395,153,20,2111,1679,,
TomasSosa,tomassosa,GM,Tomás Valentín Sosa,US,"GM Tomás Sosa 2558 FIDE                                                      GM Tomás Sosa 2558 FIDE
Alumnos en +23 países diferentes                                             Students in +23 different countries
Todos mis alumnos suben ELO y disfrutan más el Ajedrez All my students raise ELO and enjoy Chess more",2558.0,,,2611,-51,1668,1825,0,4,3011,1500,,
Ural_bogatyr,ural_bogatyr,IM,Vladimir Demin,RU,https://ratings.fide.com/profile/4167457,2430.0,,,2607,13,3353,1500,0,0,2542,1500,,
Sibelius_92,sibelius_92,FM,Iván Tomeo,AR,"Jugador y entrenador de ajedrez. Compositor de finales artísticos.

Blog de finales: https://lichess.org/@/Sibelius_92/blog",2293.0,,,2433,15,10257,2227,56,41,2635,2206,,
zjfdxyikhn3,zjfdxyikhn3,FM,,,,,,,2199,-58,121,2381,-50,82,2360,1500,,
LordVeldergrath,lordveldergrath,FM,Some Guy,US,washed up American college student,2226.0,2357.0,,2665,9,1444,2655,-1,247,2748,2088,,
salim2017,salim2017,CM,Youness F.,MA,,2173.0,,,2099,-63,593,2086,10,78,2080,2055,,
toog,toog,IM,Tom O'Gorman,IE,,2377.0,,2428.0,2595,22,7009,2629,21,874,2719,2341,,
viachessmaster,viachessmaster,IM,Ihor Vypkhaniuk,UA,24/11/1985,2425.0,,,2561,-1,6599,2322,18,184,2641,1487,,
Alambique_veloz,alambique_veloz,IM,Iván Vallés Moreno,ES,"I usually play 1-2 games per opponent, more than anything for the sake of variety. So please don't ask me for non-ending rematches. 2 games, not more.
I also dislike unpolited chats. If u lose, bad luck, the same as if I lose. It's just a game, it's only internet blitz.",2417.0,,,2504,25,8679,1500,0,0,2362,1670,,
Z__chess,z__chess,NM,,,,,,,2059,-43,8826,1938,0,8,2138,1865,,
seanwinshand,seanwinshand,IM,,,,,,,1500,0,0,1500,0,0,2802,1500,,
moshakvar,moshakvar,CM,,IR,"Hey there!, im Benyamin babaniya Candidate Master (CM) in chess 🇮🇷♟
Been grinding the 64 squares for years and picked up a few shiny things along the way:
•🥉 3rd place at the legendary Khosro Harandi tournament
•🥈 Runner-up at the Hormozgan Beach Cup
•🥇 Team & individual medalist at Iranian University Nation",2095.0,,,2469,-24,10717,2547,-47,252,2765,2375,,
unsatisfied_Ahmet,unsatisfied_ahmet,CM,,IR,"یک درخت 20 سال پیش بود. پس از آن، اکنون است.
Available for games and lessons just contact with me",,,,2422,-15,106,1500,0,0,2768,1500,,
Podrebo,podrebo,FM,,ES,,,,,2653,14,20820,2344,154,23,2857,1500,,
DanMos,danmos,IM,Danyyil Mosesov,UA,,2434.0,,,2748,80,1764,2097,0,11,2955,1500,,
novik70,novik70,GM,,,,,,,2524,-18,47753,1500,0,0,2432,1500,,
gmboring,gmboring,NM,,MX,,,,,2266,22,1377,2278,24,26,2099,1500,,
yankitaspinar,yankitaspinar,FM,,TR,,,,,2815,48,6280,2524,68,582,3005,2257,,
CHEMPION-BG,chempion-bg,FM,Gara Baladjaev,AZ,,2404.0,,,2259,70,250,1500,0,0,1882,1500,,
Rickyrich,rickyrich,NM,"Rismanto ,Ricky",ID,"Posisi aman adalah ketika kita berada dalam lindungan yg maha kuasa
https://media.giphy.com/media/Hd5LO7KVT6Dy1bRURA/giphy.gif


https://lichess.org/swiss/hc7lzv4u
https://lichess.org/swiss/E27dtv4K",2126.0,,,2033,-15,15475,1823,-259,506,2459,1985,,
Goongtoback,goongtoback,FM,🍌,,,,,,2483,-10,3418,2225,69,13,2566,1500,,
grihabandi,grihabandi,IM,,IN,,,,,2427,-3,1520,2410,-33,13,2707,1500,,
LittlePawnFriends,littlepawnfriends,WFM,,GB-SCT,If you think about it the itsy bitsy spider is just Sisyphus for children,,,,2476,-9,9306,2562,47,708,2678,2287,,
Famous-Fighter,famous-fighter,FM,Yeganegi ' Barad,,,,,,2602,-30,71,1500,0,0,2866,1500,,
Titus369,titus369,NM,,US,,2246.0,2385.0,,2700,12,1591,2600,3,665,2900,2300,,
Drunkpawn2296,drunkpawn2296,FM,Nicolo Pasini,IT,"Fide Master from Italy, work as an opening preparator for some very strong GMs and IMs",2233.0,,,2282,-36,2892,2292,-28,82,2114,1500,,
banane_verte,banane_verte,FM,Ethan Saya,FR,Fide Master / chess player & chess coach,2275.0,,,2439,29,11324,2320,48,779,2730,2090,,
tornike_sanikidze,tornike_sanikidze,GM,Tornike Sanikidze,GE,I am working as a coach and I'm currently accepting new students. Contact me here for more details.,2515.0,,,2743,55,1723,2136,-149,16,2890,2119,,
Buddhichal,buddhichal,WFM,Sujana Lohani,NP,,,,,2081,-44,1699,2277,346,106,1873,1947,,
Renehp,renehp,FM,Rene Humberto Perera Alfonso,CU,3JatBdnPzEUYF8AYGPef4Lhi9mhJ1Ngs1ydon1vGLJHa,2354.0,,,2244,15,14669,2243,-10,229,2436,1436,,
alina0220,alina0220,FM,Randy Segarra,PH,"Hi I'm Coach Rands and have been coaching college players since 2001. Also coached kids and I believe that inspiring and sharing to the young generation and instilling passion is the key to success. Chess is fun for me and apart from the serious thing when playing tournaments it should be always be played with a happy heart! If you want to learn, have fun and improve just message me thru my email rands_29@aol.com. Thank you!😊",2321.0,,,2750,172,10683,2200,-124,29,2647,1500,,
KolSuvvin,kolsuvvin,FM,IV,,,1960.0,,,2057,-14,10424,2251,-17,1102,2062,2316,,
Bwert,bwert,CM,,DE,,,,,2044,-22,3153,2088,-37,322,2128,1900,,
Issa2005,issa2005,CM,Isara Dahanayake,LK,,,,,2131,21,1067,1192,-70,51,2202,1289,,
German308,german308,IM,Герман Кочетков,BY,,2275.0,,,2556,-42,17754,2404,-27,81,2609,1089,,
andresgv36,andresgv36,FM,Andres Guerrero,ES,"Equipo de Lichess: https://lichess.org/team/ajedrez-guerrero 

TWITTER: https://cutt.ly/AwwFeY6y 

TWITCH: https://www.twitch.tv/ajedrezguerrero 

INSTAGRAM: https://cutt.ly/HwwD70GN 

TIKTOK: https://cutt.ly/bwwD5Xst 

YOUTUBE: http://www.youtube.com/c/AjedrezGuerrero 

CURSOS: https://cutt.ly/P3SZITk 

WEB: www.ajedrezguerrero.com",2368.0,,,2549,1,6058,2526,0,176,2633,2321,,
elamier,elamier,FM,am fa,_earth,"FIDE ID:
10600396    FIDE title:
FIDE Master",2300.0,,,2458,-22,7004,2249,323,21,2506,1500,,
gvzade,gvzade,IM,,,,,,,2462,-6,97,2343,0,9,2403,1500,,
Ciencia_3214,ciencia_3214,FM,Luis Alejandro Mateus Urbano,CO,"Liga de ajedrez del Valle     ID Fide: 4402529
https://ratings.fide.com/profile/4402529",2353.0,,,2468,-37,3255,1500,0,0,2514,1500,,
BigAl1,bigal1,IM,Ali Mortazavi,GB,,,,,2446,28,15489,2116,0,10,2528,1500,,
Ashiev_Eduard,ashiev_eduard,FM,,RU,"Master FIDE,FIDE Instructor(2019).
I am a chess coach since 1991 year.",2201.0,,,2210,5,2621,1500,0,0,2212,1500,,
Chevrin,chevrin,NM,Marc Chevrin,,,,,,2302,-11,30997,1868,339,15,2516,1920,,
Ivan_Sarenac,ivan_sarenac,IM,,,,,,,2503,9,1287,2145,0,7,2709,1500,,
ViejoTortuga,viejotortuga,GM,,HT,,,,,2734,4,6544,1663,0,1,2954,1500,,
Eldrail,eldrail,FM,,DE,Fide Blitz rating: 2355,2344.0,,,2704,46,4884,2679,-4,136,2600,2723,,
cabezon1983,cabezon1983,CM,Santiago Rodríguez,UY,,,,,2249,-54,2502,2419,-76,151,2348,2186,,
besarquis,besarquis,WIM,María Belén Sarquis,AR,,,,,2188,-92,389,1500,0,0,2377,1500,,
CSB7,csb7,IM,Balázs Csonka,HU,"27 years old, International Master with 2 GM norms and peak rating of 2500.

Please have a look at my coach profile, too: https://lichess.org/coach/CSB7

blog: www.chess.com/blog/CSB7

interviews: https://www.youtube.com/playlist?list=PLS6UcKmu8_mv3jKMFhR6BasV_9s6abdBz",2481.0,,,2734,9,903,2516,19,12,2868,1500,,
UzbekTiger63,uzbektiger63,GM,Tair Vahidov,US,"I have been successfully teaching people of all ages and from different countries around the world for more than 20 years, with students achieving FM, IM, and GM titles.",2401.0,,,2709,3,2794,2243,-8,17,2595,1500,,
pedro_nascimento,pedro_nascimento,NM,Pedro Nascimento,BR,"Olá! Meu nome é Pedro Nascimento e sou Mestre Nacional de xadrez. Tenho um canal na Twitch. 
https://www.twitch.tv/mnpedronascimento
Segue lá!  
Valeu!",,,,2175,-5,2478,2309,34,629,2081,1975,,
dopolian,dopolian,NM,,AQ,,,,,2518,18,112,2057,0,11,2541,1915,,
Marcos2970,marcos2970,CM,Marcos Arturo Piña Rosas,PA,"Aprendí ajedrez empíricamente a los 15 años de edad. Nunca lo estudié, pero si atrapó mi atención y me influenció hasta el día de hoy. 
Después de tantos años, y ya no tan joven, descubrí que el sueño de alcanzar un mejor nivel de juego se obtiene ""estudiando y entrenando mucho"", claro está, con las herramientas correctas! **********    
ID FIDE:  6602380",1844.0,,,2143,-3,5904,2233,215,122,1906,1500,,
MingoDeLasCavernas,mingodelascavernas,NM,Leonel Alejandro Amato,AR,En la resistencia esta todo el hidalgo valor de la vida,2184.0,,,2285,51,4452,2288,76,77,2576,2371,,
pangazmat,pangazmat,NM,,,,,,,2486,-4,1228,2460,-129,121,2595,2315,,
Alexey_15,alexey_15,IM,,,,,,,2396,23,304,1500,0,0,2571,1738,,
SnekkerAndersen,snekkerandersen,FM,Gunnar Lund,NO,"Bah, c'est parti!",2335.0,,,2555,2,4016,2389,25,128,2911,1500,,
Vuk00,vuk00,IM,Vuk Djordjevic,,,,,,2771,12,7217,2502,0,4,3048,1500,,
WhiteBoader,whiteboader,FM,,,,,,,2605,17,5613,2394,-6,42,2815,1500,,
OlegPro1,olegpro1,CM,,ST,,,,,2739,29,3286,2459,6,288,2989,2073,,
Charilaos2,charilaos2,FM,,GR,"Ein Leben lang Königsindisch, wenn es manchmal auch weh tut",,,,2430,-28,16112,2401,-2,57,2503,2170,,
Kantanna,kantanna,WIM,Anna Kantane,PL,"Hi :) I'm an active player and a certified trainer with over 8 years experience in coaching. If you're interested in cooperation, dm me.",2260.0,,,2276,26,1479,2157,-121,69,2465,1500,,
Bocharov-Ivan,bocharov-ivan,GM,Ivan Bocharov,RU,"Тренер, мастер спорта России.

На мотив ""Он был прекрасен как Иисус""

Он был брутален и суров
И верный сын страны снегов
В морях тропических краёв
Он лишь родных ждал берегов

Когда на пальму он залез
То вспоминал сибирский лес
И было очень много грёз
О соснах, ёлках средь берёз

И среди шумных дискотек
Про Арктику он слышал трэк
Где мерзлота легла навек
И ветров северных разбег!",2500.0,,,2556,-27,8516,2582,11,937,2591,1891,,
Ramyres,ramyres,WFM,Ramyres Coelho,BR,,2204.0,,,2141,-89,662,1807,-88,18,2243,1500,,
rikchess,rikchess,FM,Ricardo Garcia Correa,MX,,,,,2256,16,16111,2255,51,22,2222,1500,,
Irina_Mikhaylova,irina_mikhaylova,WGM,Irina Mikhaylova,RU,,2169.0,,,2207,-75,392,1500,0,0,2422,1500,,
Saqochess,saqochess,FM,Manukyan Sargis A.,AM,"I am Chess Coach  with 10 year+ experience. About Teaching methodology you can read here https://lichess.org/coach/Saqochess

You can send DM or contact with me  with email: saqochess@gmail.com  
Telegram- https://t.me/Saqochess
https://imgur.com/O8FIG38",2356.0,,,2534,-9,10077,2683,9,718,2811,2401,,
samssky,samssky,FM,,,,,,,2504,75,1929,2533,7,180,2509,2117,,
AjedrezArmagedon,ajedrezarmagedon,FM,Mario Arias,PE,"FIDE Trainer árbitro internacional ,organizador y fundador de la Academia de Ajedrez Armagedón.",2368.0,2300.0,,2553,170,526,2540,0,11,2456,1500,,
Nuel1,nuel1,FM,Enmanuel de Jesús De la Fe Almeida,CU,,2341.0,,,2452,-32,1446,2437,31,137,2603,1500,,
Wea_pawn,wea_pawn,IM,,,"~Hard work beats talent when talent doesn't work hard~
-Tim Notke",2331.0,,,2525,30,18810,2609,52,235,2649,2237,,
richess2,richess2,FM,Richard Turčan,SK,,,,,2465,46,413,2216,-152,46,2639,1500,,
POLLOISRA,polloisra,FM,Israel Tovio Yepez,CO,Universidad de Cartagena,,,,2334,-19,4735,1059,0,4,2651,1258,,
ASVZ,asvz,FM,,,,,,,2422,8,2221,2159,3,13,2498,1910,,
Spongebobispro,spongebobispro,IM,,,,,,,2204,-30,427,2256,70,17,2472,1500,,
Squishy,squishy,CM,,,,,,,2301,31,2885,2205,0,61,2410,1650,,
Nyameba,nyameba,CM,BERNARD ANHWERE,GH,"https://imgur.com/mhVyY8Y


Follow my YouTube Channel for entertaining and educative chess content
https://www.youtube.com/c/ChessIntense",1906.0,,,2290,17,33024,2310,-3,1871,2423,2139,,
TanitoluwaAps116,tanitoluwaaps116,IM,Tanitoluwa Adewumi,CA-QC,,2421.0,2498.0,,2761,-45,1725,2200,-8,239,2887,1979,,
karthikeyan32,karthikeyan32,CM,Srivatsan Karthikeyan,IN,,,,,2204,-9,1987,2201,-60,177,2384,1615,,
Irizanin,irizanin,FM,Radoje Irizanin,RS,"Hello everybody! If you like to have a sparring partner for rapid or blitz games it can be me at a very reasonable price!
Starting from 8$/hour for playing without analysis.",2394.0,,,2360,48,1204,2258,66,16,2267,2260,,
OutOfCuriosity,outofcuriosity,WGM,,,,,,,1500,0,0,1500,0,0,1500,1500,,
Attila76,attila76,FM,Attila Barva,HU,,2367.0,,,2565,-15,23687,1500,0,0,2568,1500,,
Dubs123,dubs123,FM,,IE,,,,,2329,59,358,2386,82,33,2481,2298,,
SecretPieces,secretpieces,CM,,,,,,,2600,23,1967,1500,0,0,2786,1500,,
dreamsambitions,dreamsambitions,IM,Orlando Husbands,BB,"Do you seek consistent, rapid improvement? Ask about the different Coaching packages starting from $12 monthly.  If you're serious you can contact me on Skype for more info. https://join.skype.com/invite/wcPPbdy4Sip6",2374.0,,,2320,-28,5184,2307,-26,48,2377,1500,,
Shahaliyev,shahaliyev,IM,Ismayil Shahaliyev,,"https://chessprog.com

https://shahaliyev.org",2400.0,,,2645,-146,164,2164,0,6,2789,1500,,
LACPLESIS27,lacplesis27,FM,Nikolaj Katishonok,LV,"https://ratings.fide.com/profile/11600225
FM, pensionārs, man patīk spēlēt  1.a2-a3! 
bijušais šaha treneris.
Šaha zvaigznes Aļehins, Fišers, Karlsens.",,,,2305,-10,15559,2225,-29,2903,1994,1500,,
Erebuni91,erebuni91,GM,Hrair Simonian,AM,,2414.0,,,2618,4,3993,1869,0,9,2930,1664,,
invoker11,invoker11,CM,Anton Vasilenok,RU,"Привет Я Антон Василенок  
Вступай в мой клуб - https://lichess.org/team/46yOf5Dp

На YouTube вы найдете уроки и стратегии
https://www.youtube.com/@anton_vasilenok_cm/featured

Присоединяйтесь, чтобы учиться и наслаждаться игрой!",,,,2328,-65,1307,2115,0,7,2690,1500,,
Lomsa,lomsa,GM,Daviti Lomsadze,GE,"I was Born in Tbilisi,12.02.1991
GM from 2015",2303.0,,,2331,-55,96,1500,0,0,2112,1500,,
ok1975,ok1975,GM,Ori Kobo,IL,,2555.0,,,2579,-57,1584,2333,0,11,2880,2167,,
Rookie,rookie,IM,Rakesh Kumar Jena,IN,"Hello, I'm Rakesh,",2341.0,,,2404,-57,403,2558,0,5,2527,2164,,
Vagoff,vagoff,CM,Jose Antonio Chaluja,PA,,1917.0,,,2050,-66,2039,1245,0,1,2022,1844,,
MastacticaTeoria,mastacticateoria,CM,Yuliesky Rodríguez,CU,"https://imgur.com/gMgmzty
https://www.youtube.com/channel/UCYY_WkZVKMLwXGaIygG_hXg
https://chess24.com/es/profile/jessica18
https://www.chess.com/member/mastacticateoria
Solía atacar porque era lo único que sabía. Ahora ataco porque sé que funciona mejor». Garry Kasparov.   
El-laboratorio-de-aperturas-del-Gran-Maestro.zip",,,,2362,-91,2667,2407,-21,548,2515,2392,,
Shamatava_Nick,shamatava_nick,FM,"Shamatava, Nikolozi",,,,,,2691,-30,426,1500,0,0,2908,1500,,
DrMelekess,drmelekess,IM,Alexandr Ulanov,,training games,2463.0,,,2574,-5,26847,2313,-125,321,3024,1500,,
Champion3864,champion3864,FM,,,,,,,2512,-15,2727,2103,54,15,2801,2110,,
Draske,draske,GM,Luka Draskovic,ME,"Playing chess for more than 20 years. 
Current member of Montenegro national team (four Europeans and three Olympiads). 
Huge playing & coaching experience with world class players. National champion 2021.

Visit my coach profile! :)",2491.0,,,2655,26,1148,1500,0,0,2944,1500,,
wrosee,wrosee,CM,,TR,,,,,2210,-70,719,2117,-75,30,2441,1500,,
ferrari9182,ferrari9182,NM,,US,,,,,2394,43,2679,1942,0,9,2743,1500,,
hallita,hallita,CM,,LR,"My claim to fame is that I used to beat a great  sorcerer at chess  , (3+2 , 15+ 10  (world championship Time control)    90mins + 30secs bonus added   https://lichess.org/broadcast/national-friends-of-chess/round-2/iucylB5F",,,,2239,149,100,2254,0,2,2004,1500,,
Orlando_Gloom,orlando_gloom,GM,,RU,,2400.0,,,2567,-44,19197,2147,-35,94,2686,2466,,
Grandelicious,grandelicious,GM,Nils Grandelius,,"Author of The Magnus Queen's Gambit - a reliable and very easy-to-learn repertoire as Black against 1.d4. Check it out here: https://gingergm.com/library/the_magnus_queens_gambit

Author of The Grand Ruy Lopez - a complete in-depth strategic repertoire for White in the Spanish Opening that will last you a lifetime! https://www.chessable.com/the-grand-ruy-lopez/course/76698/",,,,2723,15,1886,2407,386,22,3139,1500,,
chaneli16,chaneli16,WFM,Chaneli Martínez Mesa,CU,"Me llamo Chaneli Martínez Mesa maestra fide de ajedrez cubana, campeona Centroamericana y sub campeona panamericana , jugadores preferidos magnus carlsen y karpov . 
JUGUEMOS, APRENDAMOS Y AVANCEMOS",1910.0,,,2047,-40,1026,2207,0,5,1947,1738,,
Azde,azde,CM,Azde,MX,,,,,2463,4,2625,1964,0,1,2601,1914,,
calcu_later,calcu_later,FM,Dachey Lin,US,"If you want to reach master level, I highly recommend https://lichess.org/@/BabakuliAnnakov! He has coached virtually all talented prospects in the DFW,Texas area including Xiong, Woodward, and many more.

Also, https://lichess.org/@/jjosujjosu has amazing opening expertise, I highly recommend him too!

Check out my new course: https://www.chessable.com/starting-out-1d4-d5/course/351858/",2352.0,,,2671,-22,3697,2704,18,249,3033,2210,,
WWJCD,wwjcd,NM,Joshua Grabinsky,US,"He. Would. Love. First.
""Perish the thought that the Truth could lie."" ~Augustine, City of God",2153.0,2296.0,,2631,-67,1449,2430,63,55,2703,2406,,
doberman_333,doberman_333,FM,Krasimir Dimitrov Brankov,BG,Мастер спорта Болгарии. Master of Sports of Bulgaria.,,,,2482,19,3831,2307,-112,208,2547,1500,,
Sofia_Zaitseva,sofia_zaitseva,CM,Sofia Zaitseva,RU,imgur.com/XlfnmPO,,,,2290,-64,171,1500,0,0,2543,1500,,
OhanyanEminChess,ohanyaneminchess,GM,Emin Ohanyan,AM,"DM me for coaching or training games.
More information: lichess.org/coach/OhanyanEminChess",,,,2787,14,14727,2689,-34,454,3210,1772,,
STL_Liang,stl_liang,GM,,,,,,,2842,72,27,2306,104,13,2979,2640,,
Lubov_Gordyk,lubov_gordyk,WFM,Любовь Гордык,RU,,,,,2571,-17,631,1500,0,0,2390,1500,,
TheRussianStudent,therussianstudent,FM,,RU,,,,,2498,30,1856,2289,196,39,2576,1500,,
CoachTimur,coachtimur,CM,Safin Timur,RU,"Твич https://www.twitch.tv/timurchessss
Телеграм https://t.me/timurdzhaaan
Ютуб https://www.youtube.com/@TimurrChess
Клуб на Личесс https://lichess.org/team/xAtOGMtU",2100.0,,,2445,3,1001,2077,26,20,2478,1500,,
Alenee,alenee,IM,Alejandro Needleman,AR,"Maestro Internacional Fide 
https://ratings.fide.com/profile/100730

Clases individuales y grupales sólo en castellano. Ex entrenador de Carla Adriana Herrera (3 veces representante Olímpica por Argentina), de Gastón Needleman (MI y una norma doble de GM) y Leonardo Duarte MI, entre otros, en mi carrera de 24 años de profesor.",2215.0,,,2327,-8,12094,2335,4,60,2308,1500,,
BucklingChess,bucklingchess,CM,,,,,,,2460,-18,4778,1457,0,4,2664,1667,,
admichael,admichael,FM,Adonay Delgadillo,BO,,,,,2391,-3,4398,1675,0,1,2529,1500,,
Akewjon,akewjon,IM,Saidakbar Saydaliev,UZ,,2473.0,,,2735,92,461,2380,93,18,2905,1500,,
DrowningPawn,drowningpawn,CM,JK,AT,Drowning,2183.0,,,2434,52,960,2352,0,2,2486,1500,,
smotherhubbard,smotherhubbard,FM,Andrew Hubbard,US,World Amateur Champion and 3-time Michigan State Champion,2140.0,2280.0,,2350,7,6087,2480,-24,261,2480,1500,,
A444cdef,a444cdef,IM,,,,,,,2460,65,4339,1500,0,0,2305,1500,,
Philosopherr,philosopherr,FM,,IR,,,,,2455,49,1301,1068,0,4,2516,1500,,
stevis5,stevis5,NM,Max Mottola,US,,2140.0,2230.0,,2425,-30,1267,1705,0,6,2599,1500,,
yobdc,yobdc,GM,,,,,,,2139,-1,777,2251,113,20,2751,1500,,
Moondust33,moondust33,IM,,US,,2512.0,,,2653,-8,1087,2525,0,11,2720,1500,,
incredible123,incredible123,CM,Atul Dahale,IN,"I am Atul Dahale, I am a Fide Candidate Master. Elo 2222, FIDE ID 5037794.
I am also a Certified chess coach with having ""FIDE Instructor"" title. 
For coaching contact me at: atuldahale64@gmail.com
I have my own YouTube Channel named ""Incredible Chess"".
Link: https://www.youtube.com/channel/UCT8U5YN_kvLI2TpJSsHPhvg",2222.0,,,2265,-31,1361,1929,0,9,2324,1500,,
totoarias,totoarias,CM,Toto Arias,AR,Circulo de Ajedrez de Ushuaia,,,,2033,-8,4867,2151,-226,427,1926,2034,,
PeredaM,peredam,CM,,,,,,,2000,13,515,1866,-58,114,2158,1500,,
spyker27,spyker27,FM,Rishpal singh,IN,"I'm FM & FT Rishpal Singh, i've 28 years of Chess playing and 18 years of coaching experience .helped many players right from beginner level to rated players especially between(1000-2300 range). For details visit my website www.deccanchess.com",2314.0,,,2273,95,530,1701,19,42,2339,1850,,
Creep30,creep30,GM,Hrant Melkumyan,AM,aka methodman30,2663.0,2734.0,,2650,-79,4377,1500,0,1,2942,1500,,
bro-2025,bro-2025,CM,Abdou Ahmed Alem,MR,,1950.0,,,2176,-16,759,1534,0,3,2336,1500,,
rapidoylancero,rapidoylancero,CM,,AR,,,,,2136,-4,551,1500,0,0,2051,1500,,
Ar4uha,ar4uha,FM,Arturs Bernotas,LV,,2366.0,,,2513,8,425,2545,0,6,2619,1500,,
Computercheat,computercheat,FM,,_earth,,1400.0,1460.0,,2587,0,12636,2603,8,84,2745,2424,,
rob188,rob188,IM,Robert Piliposyan,AM,https://lichess.org/fide/13309978/Piliposyan_Robert,2441.0,,,2725,-2,11596,2569,-63,182,3150,2028,,
Anwesh9792,anwesh9792,IM,Anwesh Upadhyaya,IN,"Doctor, IM :) ",2362.0,,,2434,-20,1601,2622,-46,131,2903,2160,,
SevanB,sevanb,IM,,,,,,,2502,12,14670,2475,53,143,2587,1500,,
Drthebigboss,drthebigboss,GM,José Gabriel Cardoso Cardoso,US,"Canal de twitch https://www.twitch.tv/thebigboss04c
https://kick.com/thebigboss04
20 años
GM   https://ratings.fide.com/profile/4430492
Liga del Valle del cauca
https://www.instagram.com/gabriel1004c/",2524.0,,,2541,-41,2282,2454,105,43,3015,1838,,
Ragehunter,ragehunter,FM,,,,,,,2754,18,6082,2729,-11,745,3018,2534,,
CashVampire,cashvampire,GM,Mikhail Panarin,RU,"Международный Гроссмейстер.Чемпион России по быстрым шахматам среди мужчин 2013г.
Тренер по шахматам.Основатель ШШ ""Гроссмейстер"".
      Канал YouTube: https://www.youtube.com/channel/UC-Q_z1Ns6JJ94XHPcJ8b8RA

Telegram: https://t.me/GrossChess

      Клуб подписчиков:  https://lichess.org/team/9mejo4ok",2562.0,,,2633,-26,1869,2228,89,16,2850,1565,,
AutHun,authun,IM,,,,,,,2420,3,4219,2547,50,65,2683,1500,,
Fins,fins,IM,John Bartholomew,US,"International Master, Entrepreneur, YouTuber, ex Chessable Co-Founder. Now building Chessiverse 🤖

Subscribe to the FREE Chess Mindset newsletter: https://johnbartholomewchess.com/the-chess-mindset-newsletter-im-john-bartholomew/",2446.0,2535.0,,2665,48,3456,2611,25,578,2681,2496,,
Biglindba,biglindba,IM,Balind Nadj Hedjesi,RS,"Born in 1985, peak ELO 2463.    Fide number ( ID ) : 934003
https://ratings.fide.com/profile/934003  
Check out my coaching page (https://lichess.org/coach/biglindba)
PROFFESIONAL CHESS COACH! Lectures 50 Euro /h! 
Training games 20 EURO/h!  Consultation for people who are searching for long term coach!
This is my website  (https://nhb-chess.com/)",,,,2484,-7,5451,2175,27,601,2820,1883,,
AndreyBelozerov,andreybelozerov,GM,Andrei Belozerov,RU,,,,,2653,3,7208,2622,4,383,2450,2347,,
KiKi2003,kiki2003,WFM,Kristýna Laurincová,CZ,"Hi everyone! 

My name is Kristýna Laurincová, I’m 22 years young and I’m multiple champion of the Czech Republic in various girls and junior categories. However, my greatest achievement would probably be the 10th place on EYCC 2019 in G16.

I’m currently studying Law at the Charles Uni in Prague. Although I am no longer actively playing, I would like to stay in touch with my beloved hobby.",2061.0,,,2202,9,1332,1733,0,9,2029,1500,,
Escudeyro,escudeyro,CM,,CL,,,,,2360,12,6584,2225,124,22,2614,1500,,
RobPeresian,robperesian,FM,Robinson Pérez,CL,,2240.0,,,2394,-2,17952,2371,-17,94,2349,1500,,
rhungaski,rhungaski,GM,Robert Hungaski,US,"Hello, my name is Robert Hungaski. I'm a Grand Master and professional chess player/coach. Originally from Stamford CT.

•	2012 Bachelor of Arts - University of Connecticut, Storrs, CT (USA). 
•	Fluent in English, Spanish and Portuguese.

Feel free to contact me via e-mail at: gmhungaski@gmail.com

https://gmhungaski.com/",2506.0,,,2476,-48,3898,2474,0,10,2542,1500,,
Arrayashike_23,arrayashike_23,NM,,,,,,,2037,-47,3857,2375,-37,177,2236,1954,,
Rain_Man,rain_man,GM,Samvel Ter-Sahakyan,AM,,2605.0,,,2772,24,1559,2369,96,39,2923,1998,,
Aries65,aries65,NM,Pablo Lopez O.,MX,"Senior NM retired since 2001.

I consider myself as a positional player. Not so good at middlegame tactics, not so bad at endings. I prefer classical or correspondence time controls because I'm not so fast to play. However, I enjoy playing Blitz.",2158.0,,,1991,-5,8741,2236,197,34,2024,2268,,
Hapaku24,hapaku24,CM,Charles Hapaku,ZM,"Zambian Candidate Master. 
Peak Fide rating 2242.
Inspired by capablanca,Lasker, Alekhine,kramnik, Kasparov. ",2190.0,,,2403,11,18828,2425,-15,96,2239,1895,,
GABUZYAN_CHESSMOOD,gabuzyan_chessmood,GM,Hovhannes Gabuzyan,AM,"Hello dear chess friends, I am GM Gabuzyan Hovhannes, a member of the ChessMood team.
On https://chessmood.com/ educational platform we offer you over 300 hundred  hour of step-by-step courses on openings, middlegames, endgames
Check out our full opening repertoire and all the courses here 
https://chessmood.com/courses
https://chessmood.com/become-a-pro",2580.0,2718.0,,2714,-16,2309,2389,163,73,3083,1871,,
Tacticotacotac,tacticotacotac,IM,Melkior Cotonnec,FR,"Maître International français depuis 2013. Je me consacre plus à l'enseignement des échecs ces dernières années, si vous cherchez un professeur.
Je m'adapte à tous les niveaux, à toutes les demandes particulières.",2315.0,,,2487,-1,3988,2589,8,341,2615,2129,,
chessmaster2006,chessmaster2006,GM,,,,,,,2888,45,2409,2635,51,98,3239,1500,,
filolog,filolog,IM,Pavel Shkapenko,RU,,2424.0,,,2737,-8,10033,2557,84,82,2777,1500,,
yamalchess,yamalchess,GM,Александр Потапов,RU,https://ratings.fide.com/profile/4115074,2424.0,,,2677,39,2767,2252,-23,186,2709,1549,,
DrCrashBandicoot,drcrashbandicoot,CM,,,,,,,2175,31,676,1985,0,5,2303,1500,,
chess_is_wonder,chess_is_wonder,WFM,Nasrin Babayeva,AZ,Hi! I'm Nasrin from Azerbaijan. I am 19 years old. I have more than 13 years of chess experience. I offer chess lessons. I love teaching because I can see improvement immediately. That's why you can trust me. I am enthusiastic about learning and teaching chess. I am here to help you become much better at chess. Please feel free to message me always.,2110.0,,,2146,22,881,2098,23,545,2312,2309,,
Davesondo,davesondo,CM,Gabriel Davidson,HT,,2073.0,,,2418,8,10951,2460,-49,3654,2368,2324,,
AdvantagePlayer,advantageplayer,GM,Dominik Horvath,AT,,2558.0,,,2374,-99,32,1500,0,0,2913,1500,,
mathapples,mathapples,FM,,,,,,,2393,-13,174,2245,69,18,1500,1500,,
kikoveiga,kikoveiga,IM,José Francisco Veiga,PT,,,,,2476,-19,958,2035,-8,13,2788,1500,,
KiKiKiRA,kikikira,IM,,_earth,,,,,2410,-21,2803,1926,0,8,2802,2066,,
NoRoadto2300,noroadto2300,CM,,,,,,,2306,69,1308,2401,63,240,2535,2122,,
mkoganov,mkoganov,NM,,,,,,,2211,43,14056,2102,-64,93,2335,2151,,
huig,huig,FM,,,,,,,2249,18,415,1500,0,0,2401,1500,,
MounikaAkshaya,mounikaakshaya,WIM,Mounika Akshaya Bommini,IN,"Hello everyone, I am WIM Bommini Mounika Akshaya, from Andhra Pradesh, India. Rating: 2135. I can speak English, Telugu fluently. I have been playing chess since 2008. I am available for giving training and playing practice games along with analysing it. I charge 25$ per hour.
Anyone who is interested can contact me through Email.Email: bomminimounika64@gmail.com",2176.0,2315.0,,2102,-114,587,2269,0,10,2209,1653,,
Odnoobraz,odnoobraz,IM,,RU,,2351.0,,,2558,-4,18745,2411,-18,620,2638,2134,,
nuagesgris,nuagesgris,FM,Tarik Selbes,TR,"Suffering from the chess fever since the age of 7 :) A chess coach and player but also a chess enthusiast. 

If you want coaching feel free to contact me via Lichess (https://lichess.org/coach/nuagesgris) 

Alekhine, Keres and Tal are my idols

Originally from Istanbul/Turkey, currently living in Poland",2287.0,,,2527,-4,5120,2616,33,252,2464,2115,,
Poet13,poet13,GM,Hagen Poetsch,DE,"I am a Grand Master from Hesse (Elo 2500) and the biggest fan of Giveaway Chess (Antichess).
I offer chess lessons. Feel free to contact me here or on gmhagenpoetsch@gmail.com",2525.0,,,2738,19,455,2219,68,14,2734,1780,,
jeigoth5,jeigoth5,CM,Jeigoth Pastor,US,"Twitch: https://www.twitch.tv/gothandcabchess
jeigothchess@gmail.com
+506 6316 4756
  🇭🇺 2024 Olympic Team
🏅 CR U16 Chess Champion
🏅 CR U17 Chess Champion
🏅 CR U18 Chess Champion
🏅 CR U20 Chess Champion
I also give chess lessons and training games",2125.0,,,2303,-42,3462,2430,-61,75,2534,1805,,
questingbeast,questingbeast,FM,,AT,,,,,2403,-12,998,2369,68,24,2562,1500,,
sulaimanashrafi,sulaimanashrafi,CM,,,,,,,2060,1,19756,1862,78,12,2292,1500,,
Sona_999,sona_999,WIM,Sona Asatryan,AM,Chess player.,2070.0,,,2281,11,217,1500,0,0,2370,1500,,
PlayForWinAlways,playforwinalways,CM,,,,,,,2416,-28,817,2176,0,11,2720,1500,,
kingrunner32,kingrunner32,IM,,,,,,,2781,-2,690,2722,142,63,2830,2346,,
algatar2020,algatar2020,CM,Khalid El Amin 12200174,SD,,2008.0,,,1984,-24,335,2011,0,6,1945,1500,,
msjust,msjust,FM,Juliana Terao,BR,,,,,2539,33,154,1500,0,0,2210,1500,,
Link-Click,link-click,FM,,,,,,,2617,8,321,1500,0,0,2792,1500,,
LosXodos,losxodos,IM,Roman Vidonyak,,FIDE Senior Trainer,2440.0,,,2600,16,3789,2782,79,89,2590,1500,,
Bardyk01,bardyk01,FM,Artem Bardyk,,,2370.0,,,2696,-7,11047,2355,-101,25,3147,1344,,
EOS37,eos37,WGM,Mitra Hejazipour,IR,"It has been 2 years since I have moved to France, I am a student of Computer Sciences.
I love learning new languages, reading books, and playing chess online...",2319.0,,,2417,0,266,1500,0,0,2070,1500,,
kiana_arab,kiana_arab,WCM,Kiana Arab,US,,,2087.0,,2284,97,1740,2229,33,80,2274,1500,,
GrigoriiTer-Saakian,grigoriiter-saakian,FM,Grigorii Ter-Saakian,AM,"Chess coach, work with players of any level :)",2338.0,,,2447,-45,2174,2241,69,75,2762,1995,,
petrik06,petrik06,FM,Petros Trimitzios,GR,http://ratings.fide.com/card.phtml?event=25808796,2365.0,,,2827,15,461,1670,0,1,2973,1683,,
Marohzevich,marohzevich,NM,Leon Marohom,PH,,2249.0,,,2516,-3,6456,2169,-28,20,2565,1500,,
sabke,sabke,FM,Goran Vajic,BA,"Want a free chess class? For more info, visit https://goranvajic.com/free-class/ or shoot me a message here on Lichess. (Spots are limited.)

https://imgur.com/ajCaWlu",2302.0,,,2432,5,6947,2499,-9,236,2666,2431,,
Dragonprem,dragonprem,FM,Premnath Ramanathan,US,,2263.0,2304.0,,2418,15,434,1500,0,0,2391,1500,,
Fengwi,fengwi,NM,,CA,,2200.0,,,2572,-20,1196,2644,106,72,2777,1500,,
Moon_Light19,moon_light19,WCM,,,,,,,2127,17,580,2295,70,169,2222,2260,,
Cyb3rFight3r,cyb3rfight3r,CM,,,,,,,1834,0,3,1500,0,0,2188,1500,,
TacticalMaster,tacticalmaster,IM,,IT,,2416.0,,,2472,-78,10243,1723,0,3,2709,1500,,
Domingos_Junior,domingos_junior,FM,Domingos Júnior,AO,,,,,2528,-16,3062,2144,0,8,2802,1904,,
Koenigsindisch,koenigsindisch,IM,,FR,,,,,2597,19,9182,2526,-31,58,2631,1541,,
CoachRoelAbelgas,coachroelabelgas,FM,Roel Abelgas,PH,Nothing happens easy and at once. Those who fight every day eventually succeed,,,,2411,-20,4527,2240,121,20,2753,1500,,
VocaturoDaniele,vocaturodaniele,GM,Daniele Vocaturo,IT,I’m GM Daniele Vocaturo. I love helping players improve - you can find more about my lessons on my coach profile.,2610.0,,,2601,6,82,1500,0,0,1500,1500,,
GUNNE_USER,gunne_user,FM,,PL,,2413.0,,,2641,-18,6293,2505,-15,297,2900,2172,,
WitteVanHaemstede,wittevanhaemstede,FM,Witte van Haemstede,NL,"https://en.wikipedia.org/wiki/Witte_van_Haemstede 

Bart Karstens (Friesen Lichtenberg)",2271.0,,,2425,-15,11734,2557,-51,273,2319,2494,,
Your-Coach,your-coach,CM,Ilya Gruzman,IL,"For chess classes:
https://lichess.org/coach/Your-Coach",2200.0,,,2272,-22,1939,1308,234,17,2535,2014,,
GaboSalazar,gabosalazar,FM,Gabriel Antonio Salazar Olchowski,VE,"“El ajedrez es un juego por su forma, un arte por su contenido y una ciencia por su dificultad. Pero si usted aprende a jugar bien, sentirá entonces una gran alegría”. T. Petrosian 

https://ratings.fide.com/profile/3920747",2159.0,,,2334,-58,2244,2087,167,34,2404,2003,,
Mr_Penings,mr_penings,NM,Daniel He,US,"Bullet specialist. Play style: Aggressive. Attacking skill: 10/10, Positional skill: 0/10

1st place 2025 WA Class Bullet Champs
2nd place 2025 WA Open Bullet Champs

I don't play much online chess besides casual games with friends with 1 exception: Summer 1+0 Marathon

Next event: 2026 Summer 1+0 Marathon (Date TBD)",,,,2654,63,523,2494,32,69,2907,2393,,
WhiteNightSky,whitenightsky,IM,,,,,,,2438,2,351,1500,0,0,2868,1500,,
PetrNeuman,petrneuman,GM,Petr Neuman,CZ,,,,,2547,0,1803,2270,0,11,2474,1500,,
suraji,suraji,NM,,ID,INUNG GENDUT,,,,2107,-109,1464,2212,133,32,2106,1500,,
Blackoperator,blackoperator,NM,,,,,,,2574,-19,8950,2691,223,42,2570,2073,,
BrigaDeRua,brigaderua,FM,Armen Proudian,BR,,2423.0,,,2238,-160,1136,1500,0,0,2643,1500,,
Shanem123,shanem123,CM,Shane Melaugh,IE,"Shane Melaugh Chess Coach/Candidate Master. 

I have played chess from the age of 3 and have consumed a wealth of experience and knowledge from playing across the world.",2223.0,,,2437,15,6846,2205,-113,313,2541,1908,,
Gmantrax,gmantrax,FM,Ivan Soriano,PE,,2283.0,,,2581,-1,3816,2311,92,45,2700,1899,,
Schachtrainer-Schuh,schachtrainer-schuh,IM,Dirk Schuh,DE,"Ich bin Schachspieler, Schachtrainer und Schachbelgier!",2363.0,,,2588,28,7104,2755,-11,334,2604,2417,,
Kamillo,kamillo,NM,Jose Genisson Camilo dos Santos,BR,,1971.0,,,2108,30,707,2097,168,83,2069,2101,,
I_aM_Javiiiiii,i_am_javiiiiii,IM,Ernesto Javier Fernandez Guillen,ES,"Hola soy Maestro Internacional de Cuba desde el año 2017,tengo 30 años .Para mas detalle puede contactarme a cualquiera de mis redes sociales .Resultados Notables:
• 5 Normas de Gm (Capablanca 2016,Open Sants 2022,La Nucia 2022),3rd Benasque Open 2024,5th Open Sitges 2023,5th Open Sants 2022
•  Campeon de la 51 Edicion Open Capablanca in Memorian 2016",2488.0,2501.0,2514.0,2709,-77,321,1500,0,0,2795,1500,,
Floman,floman,CM,Muhittin Büker,TR,"(1985 - Ankara Birinciliği 3ncüsü)
(2005 – İstanbul, TSF Şile Fed. Kupası 3ncüsü)
(2007 - Kırıkkale, Hasandede Bld Ulusarasi Satranç T. 1ncisi)
(2008 - Ankara, Türkiye Şamp. Finalisti)
(2011 -  Datça, TSF  Rapid Tr Şampiyonu)
(2011 - Ankara Samp 3ncüsü)
(2012 - Ankara Samp 2ncisi)
(2016 - İstanbul, Şişli Bld 3ncüsü)
(2017 - Antalya, TSF Emektarlar Samp. 4ncüsü)",1898.0,,,2186,5,26034,2099,-48,2422,2002,2072,,
Iran_Chess_Trainer,iran_chess_trainer,FM,Mehdi MahdaviRad,IR,"آموزش شطرنج حرفه ای توسط استاد فدراسیون جهانی، قهرمان جشنواره کشور و بازیکن سابق تیم ملی: مهندس مهدی مهدوی راد ***
* کلاسهای خصوصی آنلاین جلسه ای 10 تا 20 دلار برگزار میشود *",2212.0,,,2510,22,4455,1500,0,0,2658,2210,,
MithrasMonkey,mithrasmonkey,FM,,,,,,,2382,23,6193,1500,0,0,2331,1500,,
quelqn,quelqn,CM,,SE,,,,,2162,17,1912,2185,55,275,2025,1500,,
RobertoJBMolina,robertojbmolina,IM,,BR,,2400.0,,,2753,35,782,2426,28,21,2912,1500,,
odishka,odishka,WCM,Odishka,UZ,09.01.2009,1867.0,,,2045,-81,34,2078,0,5,2123,1500,,
snow_fairy14,snow_fairy14,NM,,,,,,,2454,70,94,1500,0,0,2480,1500,,
Zhalmakhanov_R,zhalmakhanov_r,IM,Ramazan Zhalmakhanov,KZ,,,,,2666,-114,3426,2562,-25,162,3108,2270,,
Jamorris94,jamorris94,IM,James Morris,AU,,2478.0,,,2731,22,4161,1500,0,0,2938,1500,,
Mokaz,mokaz,WGM,Mónica Calzetta Ruiz,ES,http://www.mallorcaisolani.com/MCalzetta.htm,,,,1987,-61,155,1664,0,5,1505,1500,,
monpri,monpri,WFM,Parimah jalali,,,,,,2278,-28,278,2044,0,4,2707,1500,,
Jup78,jup78,FM,,ES,,,,,2386,13,3441,1607,0,2,2392,1500,,
antonio96,antonio96,NM,,,,2253.0,,,2296,-11,10644,2304,-86,55,2314,1500,,
Fredericia,fredericia,WIM,Ellen Nilssen,DK,,2100.0,,,2273,-35,3204,2244,164,74,2520,1500,,
Mennyhagen,mennyhagen,CM,Anders Gjerdrum Hagen,NO,,,,,2354,6,2586,2374,6,384,2535,2115,,
king_of_australia,king_of_australia,CM,Tarush Jindal,AU,"https://media.giphy.com/media/HtSQolstQrGDqaCyIW/giphy.gif
Hi",1962.0,,,2173,-5,2135,2055,77,177,2197,2012,,
Iskusnyh_SV,iskusnyh_sv,GM,Сергей Искусных,RU,,2473.0,,,2486,-11,2649,1907,-168,25,2221,1500,,
timetofight33,timetofight33,CM,Utku Cengiz Acar,TR,,2056.0,,,2490,-54,393,1966,0,7,2532,1500,,
MilovanR,milovanr,IM,Milovan Ratkovic,RS,"Hello, my name is Milovan Ratkovic.
International Master from Serbia
Are you interested in sharp openings and interesting novelties? You want to learn basic endgames and how to improve your middlegame technique? Feel free to contact me. My email address is ratkovicmilovan@gmail.com",2440.0,,,2611,-18,8547,2665,123,70,2883,1500,,
bitter-cikolata,bitter-cikolata,WCM,,,,,,,2204,-62,26,1500,0,0,2554,1500,,
Positional-Squeezer,positional-squeezer,FM,,,,,,,2617,-39,293,1505,44,14,3025,1312,,
Blend99,blend99,IM,Jadranko Plenca,HR,"International Master (IM), FIDE Instructor, and economics student passionate about chess and teaching. I enjoy helping players of all levels improve their skills through patient and structured coaching. ♟ Feel free to contact me at jadrogm@gmail.com",2427.0,,,2552,20,4865,2257,222,18,2465,1500,,
Arash-Tahbaz,arash-tahbaz,IM,Tahbaz Arash,,"I am International Master Arash Tahbaz Elo(2462) From Iran
If you are interested in coaching, you can send me a message, here on Lichess",2462.0,,,2753,-7,479,1913,0,6,3066,1500,,
Mginsburg,mginsburg,IM,Mark Ginsburg,US,"International Master (1982).  Have battled all the greats (Spassky, Dzindzihashvili, J Polgar, Hammer, Dlugy, Benjamin, Christiansen, Rohde, etc.) for decades.   My favorite players are the clever Ljubomir Ljubojevic and his eccentric compatriot, Albin Planinc and these days Danill Dubov seems to have taken up the Ljubojevic creativity mantle.",2326.0,2373.0,,2563,-14,11740,2278,120,43,1500,2433,,
Dragon_Sword,dragon_sword,NM,Manuel Asis Campos Rosas,MX,,2155.0,,,2359,14,10175,2475,33,161,2631,2060,,
RaceKing_2022,raceking_2022,FM,,,,,,,2547,-45,1270,2537,58,73,2557,1500,,
cjota95,cjota95,GM,Jorge Moises Cori Tello,PE,"¿Quieres elevar tú nivel de ajedrez?... Mi escuela de ajedrez online cuenta con sesión de evaluación, clases semanales online, planes de entrenamiento, torneos quincenales, simultáneas quincenales, video-clases de todos los niveles, y mucho más. Para más información visitar https://ajedrezconjorgecori.com/",2652.0,,,2806,-10,1435,2778,-7,195,3095,2579,,
victor222244,victor222244,IM,,,,,,,2343,-23,2339,2456,31,98,2675,1500,,
Alexboy14,alexboy14,CM,Nakonechnyi Oleksii,,"https://imgur.com/Lxin4sW
Candidate Master
11 y.o.
 Under 10 Ukraine Champ 2023 -2024 (classic, blitz). Euro Champ 2023  (team rapid). World Champ 2024 (Rapid).
Under 12 Ukraine Champ 2024 (blitz).",2222.0,,,2598,-5,4277,2500,-19,1655,2801,2320,,
Uvall,uvall,FM,,,,,,,2729,-44,1402,2401,28,12,2768,1500,,
DianaDarchia,dianadarchia,WGM,Diana Darchia,GE,,,,,1982,0,2,1158,0,4,2048,1500,,
mango_madness,mango_madness,CM,,,i like mangoes,,,,2438,-6,158,1500,0,0,2624,1500,,
Frolov_Vitaly,frolov_vitaly,CM,Виталий Фролов,RU,"тренер из г.Балашиха, Моск. Обл. Даю уроки дистанционно(скайп+личесс) Тел +79031619064, мой ютуб-канал:  https://www.youtube.com/channel/UChx2t9nuGx3JqwEpVSuKcTg?view_as=subscriber , тренерский профиль на сайте РШТ: https://chessresults.ru/ru/trainer/116 , профиль ФИДЕ: https://ratings.fide.com/profile/24112747, профиль как игрока на РШТ: https://chessresults.ru/ru/ratings/player/profile/19014",1979.0,,,2232,-6,1515,2283,-159,69,2327,1500,,
Souky71,souky71,FM,Jiri Soukup,CZ,"I really like chess, play them more than 30 years. When I play a game, I am searching an open game, full of tactics. I also lead my children to chess, because it helps to create personality in a good way. ",2398.0,,,2303,-1,6803,2096,129,42,2459,1275,,
Saitamab,saitamab,FM,,,,,,,2306,-20,2325,1500,0,0,2174,1500,,
sakkozo01,sakkozo01,FM,,,,,,,2370,-74,6414,2350,2,13,2363,1500,,
Nohaypanduro,nohaypanduro,IM,,,,,,,2359,-3,4198,1901,0,7,2635,1500,,
Inci2019,inci2019,IM,Aghasiyev Kamal,AZ,"Professional Chess  Coach. Details:
https://www.kamalaghasiyev.com/


YouTube Channel:
www.youtube.com/@aghasiyevschess

Lichess Club : 
https://lichess.org/team/aghasiyevchess",2441.0,,,2555,7,3854,2433,35,1421,2605,2241,,
Buyofl,buyofl,FM,Manvelyan Mikayel,AM,,2362.0,,,2638,-36,2082,2739,69,1101,2834,1500,,
LagraveSamuell,lagravesamuell,FM,Tamerlan Bekturov,KZ,"Тренер по шахматам. Провожу индивидуальные занятия по скайпу и zoom, на русском языке.Возможны как регулярные занятия, так и периодическое сотрудничество. Email: bekturovtamerlan@yandex.kz
https://www.youtube.com/channel/UCIXv5QJ8YWUfuBkVCO9zbQw",2244.0,,,2505,-23,4479,2420,144,118,2848,1500,,
Lufidu,lufidu,FM,Dario Dutina,HR,"Fisher and Kasparov.
New ideas in old openings.",2244.0,,,2393,7,11588,2237,69,16,2164,1500,,
VB84,vb84,GM,Vladimir Belov,_earth,"Международный гроссмейстер, тренер.  

Групповые занятия. https://study-chess.ru/gruppovye-zanyatiya/



Приглашаю на свой youtube канал  - https://www.youtube.com/channel/UCkNNMk5eyF3zvm5DQ61DP2g
Twitch: https://www.twitch.tv/belovchess
Добавляйтесь в группу https://lichess.org/team/vladimir-belov-club

Телеграмм: https://t.me/belovchess",2599.0,,,2618,12,570,1748,0,1,2946,1500,,
KnightMaster88,knightmaster88,CM,,US,,2419.0,,,2426,49,256,2466,16,91,2539,1500,,
Moose959,moose959,GM,Peter Svidler,KN,"look at my dog, my dog is amazing",,,,2772,-19,457,1500,0,0,2213,1500,,
Aryan_Tamadon,aryan_tamadon,FM,Arian Baradaran Tamadon,IR,,,,,2429,7,2762,2048,0,11,2865,1500,,
AhnHongjin,ahnhongjin,IM,Ahn Hongjin,KR,한국체스대장,,,,2521,16,570,2353,-281,114,2854,1980,,
KedrSMedom,kedrsmedom,FM,Andrii Vachylia,UA,,2303.0,,,2393,-17,1406,2253,259,17,2364,1500,,
shav3184,shav3184,IM,Shashikant Kutwal,IN,"International Master Shashikant Kutwal. My passion is playing chess. My favorite openings are King`s Indian defence, Classical sicilan, 1e4. Kasparov,  Kramnik  are my favorite players. I won the 17th IPCA world chess championship at Slovakia.  ",2182.0,,,2413,2,243,1500,0,0,1384,1766,,
StiffMaster1,stiffmaster1,IM,José Daniel Gemy,BO,"MI desde el 2012, Elo máximo 2418,  Siete Veces Campeón Absoluto de Bolivia y participación de nueve Olimpiadas Mundiales desde Dresde-Alemania 2008 hasta Budapest-Hungria 2024.         
Clases y torneos al +59175304707",2380.0,,,2402,0,5697,2250,103,18,2805,1500,,
kapaccino,kapaccino,IM,.i .i,ES-CT,.,600.0,,,2683,-41,975,1993,0,5,2919,1663,,
joksi_03,joksi_03,WIM,Jovana Srdanovic,RS,,2207.0,,,2300,-5,122,2283,49,38,2553,1500,,
simplerxiao,simplerxiao,FM,Xiao Cheng,US,"(404) 482-0182

Making Chess Learning Awesomer: 
1-on-1 lessons: https://chess1000.com/lessons/
Group classes https://chess1000.com/class;",2285.0,2335.0,,2379,28,464,1455,0,8,2427,1500,,
safikiet,safikiet,NM,Alexander Fikiet,US,"Brooklyn based chess player and full-time teacher. 10+ years coaching experience. Many of my students have reached US top 100 lists for age group, as well as winning State and National level competitions. Offering lessons,Inquire message me. Current goals in chess are FM and IM title.",2249.0,2292.0,,2427,6,6402,2507,32,2191,2438,2243,,
Maci,maci,FM,,HU,,,,,2382,-7,10043,2508,78,75,2485,1500,,
ianfindlay2314,ianfindlay2314,FM,Ian Findlay,CA,Favourite opening Dragon and Benoni.,2118.0,2359.0,,2231,4,15205,2235,-8,1025,1938,2067,,
maxip32,maxip32,IM,Maximiliano Perez,AR,"Hello guys! I have worked with many different students and many different styles. If you want to learn about your mistakes and to get some  psychological tips contact me! :)
This is my youtube channel with free lessons and biographies!! : https://www.youtube.com/@maxiperezajedrez2239",2367.0,,,2759,166,1316,1500,0,0,2738,1500,,
Artyom-Odegov,artyom-odegov,FM,Artem Odegov,RU,"Chess coach/Тренер по шахматам lichess.org/coach/Artem_0degov 
also available for training games & solid offers to play for the teams.
Email: odegov.official@mail.ru - feel free to write me
""Chess is a complicated game - you don’t want it to be easy, you want to be good""
https://lichess.org/tournament/apr22lta - Top 5 in the TA",2308.0,,,2621,14,3083,2130,0,5,3000,1644,,
UddinJamal,uddinjamal,CM,Uddin Jamal,BD,,2060.0,,,2070,18,1921,1972,-9,75,2018,1500,,
DanilNajdin,danilnajdin,FM,Данил Найдин,_adygea,,2296.0,,,2518,17,5498,2419,-132,189,2668,1500,,
Agronom6428,agronom6428,IM,Roman Popov,RU,Agronom,2352.0,,,2521,-15,5529,2324,0,11,2215,1500,,
coventry,coventry,FM,Flavio Wisniacki,AR,"Maestro Fide, profesor de ajedrez y alta facha.",,,,2401,-15,58216,2278,-55,36,2423,912,,
Metallist2020,metallist2020,CM,,,,,,,2527,-30,485,2381,-13,73,2666,1500,,
dimkor,dimkor,IM,,RU,,,,,2500,28,7036,2631,105,33,2709,1500,,
Saif_2004_JOR,saif_2004_jor,CM,,JO,,2169.0,,,2615,-27,2242,2200,-272,40,3000,2200,,
Mischuk_D,mischuk_d,IM,Dmytro Mischuk,UA,.,2298.0,2420.0,,2670,-9,21325,2609,21,188,2809,2186,,
mikolka1985,mikolka1985,GM,nikita maiorov,,"My name is Maiorov Nikita and i am GM. My highest FIDE rating is 2596.I give chess lessons(30 euro 1 hour) via  Skype and Zoom.I speak English and Russian.I work with students from 1400 and higher  FIDE rating.I will help you to improve your level to IM.  One of my students recently got first IM norm. His current rating is above 2300, and we started two years ago from the level below 2100.",2495.0,,,2586,32,1901,2591,-157,432,1923,2383,,
Michael247,michael247,NM,Michael Romero,US,"Hello, I hope you are having a good day! Currently a junior at Moravian University. Been playing chess for about six years now. Have a great day!",,2265.0,,2341,-5,1649,2408,156,27,2659,2172,,
L04d1ng,l04d1ng,GM,Danyyil Dvirnyy,IT,"https://linktr.ee/Danyyil_Dvirnyy

Author of the ""Healthy Opening Habits for Middlegame Success"" course: https://www.chessable.com/healthy-opening-habits-for-middlegame-success/course/293053/

My Classical English Complete Repertoire: https://www.chessable.com/the-classical-english/course/177478/
My e-mail is danyyil.dvirnyy@gmail.com",,,,2730,5,3442,2498,89,32,2984,1192,,
fmshawnrl123,fmshawnrl123,GM,Shawn Rodrigue-Lemieux,CA,,2519.0,,,2834,47,2834,2612,-40,346,3014,2428,,
leilei8514,leilei8514,NM,,US,no club invites,,1342.0,,2285,119,323,2194,-21,392,2375,1966,,
jeppehaldfalk,jeppehaldfalk,FM,Jeppe Hald Falkesgaard,DK,,,,,2450,-23,2814,2235,31,1376,2795,1798,,
Vanellope04,vanellope04,WFM,Leannet Mariah Bosch Valls,CU,"Soy la WMF Leannet Mariah Bosch Valls, vivo en Santiago de Cuba, estudio Ingeniería en Telecomunicaciones. Hace un año fui Subcampeona de Cuba y obtuve mi primera norma de WMI. Actualmente entreno para completar mi título internacional. Trabajo además como la preparadora de aperturas del equipo infantil femenino de Stgo de Cuba. 
Disponible para clases online. 
WhatsApp +5356046816.",2145.0,,,2289,57,1187,1994,186,44,2667,1584,,
nikonovenik,nikonovenik,NM,Nicomedes Alisangco,PH,,,,,2343,-3,10121,2427,-54,1661,2378,2179,,
realandante,realandante,FM,,,,,,,2124,-23,27889,2222,-14,2509,2151,2410,,
Real-boy,real-boy,GM,,_united-nations,,,,,2778,11,1073,1978,0,3,2951,1500,,
lotrisking,lotrisking,CM,,,,,,,2476,10,7375,2519,67,160,2648,2173,,
neslraCsungaM77,neslracsungam77,GM,,UA,"I'm not Magnus, I just admire him.",,,,2722,-1,1423,1500,0,0,3301,1500,,
RoteKampfflieger,rotekampfflieger,IM,,DE,,2446.0,,,2587,-69,1741,1500,0,0,3011,1500,,
cyryd,cyryd,FM,Christopher guzman,DO,https://m.youtube.com/channel/UCL6VykBOi940E79Tan5M8mQ,2295.0,,,2532,1,8672,2621,-35,128,2461,2448,,
Albertstainit,albertstainit,FM,Alberto Landi,IT,,2299.0,,,2339,-3,5066,2354,67,101,2404,1891,,
thejokerjokic,thejokerjokic,FM,,TR,,,,,2456,-18,1405,1500,0,0,2425,1500,,
Djeser,djeser,GM,Cristóbal Henríquez,,,,,,2697,70,1852,2400,0,10,3089,1500,,
Dire_Promise,dire_promise,IM,Xiangyi Liu,SG,"IM and FIDE Instructor Liu Xiangyi. 24. Aim to improve both as a player and a coach. Message for training games/coaching rates.(baseline rates in coach page pls check) All time best rating : 2460 Current: 2370
Mainly playing on other accounts",2460.0,,,2742,21,823,2776,51,76,2903,2527,,
Linesman39,linesman39,FM,Denye,NG,Consistent chess growth,2288.0,,,2391,11,11707,2476,-39,757,2492,2125,,
federerchi,federerchi,FM,,_earth,"Entrenador de alto rendimiento, ajedrecista 100%. Clases escribe a Canalajedrezintegral@gmail.com

https://www.facebook.com/ajedrezintegral/

https://www.youtube.com/c/ajedrezintegral/",,,,2428,-41,4943,1611,0,5,2532,1500,,
CronosL,cronosl,CM,,MX,,,,,2184,-2,22361,2271,90,39,2408,1500,,
blank37,blank37,FM,,CN,,2366.0,,,2648,73,7584,2590,-2,541,2739,2461,,
UnknownSuperGM,unknownsupergm,FM,,GL,,,,,2603,5,7924,2690,-31,150,3053,2376,,
agripina1996,agripina1996,WFM,,CO,,,,,2140,-23,138,1500,0,0,1480,1500,,
wang5ter,wang5ter,NM,,,,,,,2240,3,2480,2387,59,80,2552,1500,,
VVD62,vvd62,IM,ВВД,RU,fair play (no cheater),2408.0,,0.0,2468,35,3849,2236,0,11,2332,1500,,
AGM_tapirus,agm_tapirus,CM,,SJ,,,,,2298,-42,1559,2259,29,196,2192,2093,,
SpanishFighter,spanishfighter,CM,,ES,,2200.0,,,2442,10,137,2176,0,3,2653,1500,,
MarveFleksnes,marvefleksnes,GM,,CX,,,,,2678,-114,116,1500,0,0,2784,1500,,
NigiriSushi,nigirisushi,CM,67,JP,Nigiri Sushi With Salmon so good,,,,2281,11,347,2370,-46,105,2478,1500,,
Bobbletrot,bobbletrot,FM,,,If you're looking for a coach jsut give me a message,,,,2638,6,131,1500,0,0,2973,1500,,
gammagramma,gammagramma,IM,VMU (Usmanov V.),RU,"Академия шахматного мастерства — Онлайн обучение по шахматам для детей и взрослых.
Telegram @gammagramma
chessplayer.spb@gmail.com",2450.0,,,2606,4,4728,2442,-229,162,2720,2361,,
Paralyzed2019,paralyzed2019,FM,Marlon Aspiazu,EC,"Maestro FIDE
Norma de IM
WhatsApp:+593939596977
Instagram: https://www.instagram.com/maspiazusibri/?hl=es-la/
Facebook: https://www.facebook.com/profile.php?id=100088541075451",2102.0,,,2561,36,3547,2390,76,15,2482,1500,,
Toro123,toro123,IM,Darko Doric,HR,"I am an International Master from Croatia, born in 1984. I gratuated at the Faculty of Economics in Rijeka, Croatia. After graduating I specialized in financial accounting and worked in two international companies.",2457.0,,,2664,-30,21702,1500,0,0,2853,1500,,
MKlenburg,mklenburg,IM,Michael Klenburg (IM),IL,,2346.0,,,2321,-3,1151,2131,-43,12,2389,1500,,
Armen_ChessMate,armen_chessmate,IM,Armen Barseghyan,DE,"A Warm Welcome,

I am a Distinguished Professional Chess Player and proud European Chess Champion, devoted to the art and science of chess at the highest level.


https://i.imgur.com/4y1cjlJ.gif",2333.0,,,2846,255,106,2366,0,9,2805,1500,,
Dynamicus,dynamicus,CM,,_earth,"After too many ''fishy experiences'', I don`t play against players with very few games. Sorry if I abort a game, just play a few more games and I am happy to play against you.",,,,2503,-13,1078,2473,15,480,2676,2448,,
Maxim_Zhukov,maxim_zhukov,FM,Максим Жуков,RU,,,,,2360,-3,906,2306,0,5,3179,1500,,
AdvikP,advikp,CM,Advik Prasanna,AQ,,2031.0,2159.0,,2404,6,1363,2504,-1,1711,2614,2311,,
MTurov,mturov,GM,Maxim Turov,RU,"Полная информации о сеансах и занятиях - https://vk.com/mturovchess

1) вступаем в группу в личесе https://lichess.org/team/j7DDRdf2
2) после этого заходим в сеанс https://lichess.org/simul/Ta1aweFy",2565.0,,,2756,70,817,2616,64,16,2402,1500,,
NobodyReally,nobodyreally,FM,Nobody Really,,,,,,2288,-111,280,2432,0,58,1500,1500,,
BirdSetFree7,birdsetfree7,CM,,IE,,2134.0,,,2556,16,4025,2578,-25,781,2606,2205,,
fQ-System,fq-system,FM,DR AS,DE,,2249.0,,,2291,-42,20730,2234,26,639,2436,2027,,
EnsnaredHag,ensnaredhag,CM,,NO,Menny,,,,2357,45,543,2213,44,15,2276,1500,,
scandalgod,scandalgod,FM,ezio toniutti,AR,,,,,2444,-22,15249,2293,55,13,2408,2192,,
ChessCh_ats,chessch_ats,FM,Christian Polster,DE,"""Ich hätte ja Remis bieten können, aber Remis ist was für Weicheier""

Schaut unbedingt bei https://lichess.org/@/Polstastisch ! Er spielt und streamt fantastisches Schach!
https://imgur.com/kZPPccj",2294.0,,,2419,152,3356,2472,-38,160,2650,1923,,
RazibM,razibm,GM,Enamul Hossain,GB,,,,,2514,14,1283,2323,189,22,1950,1500,,
JohnScott,johnscott,NM,,PA,,,,,2590,3,2419,2555,-8,1714,2766,2051,,
dilwending,dilwending,FM,Tze How Dilwen Ding,MY,,2222.0,,,2342,-41,1575,1500,0,0,2246,1500,,
AnishOnYoutube,anishonyoutube,GM,Anish Giri,NL,"AnishGiriOfficial on YouTube!
Grandmaster  Dutch #1 World Top 10",2764.0,,,2811,23,106,1500,0,0,2780,1500,,
AnIndianChessplayer,anindianchessplayer,FM,,IN,,,,,2765,-17,5473,2596,-30,920,3011,2475,,
diablanni,diablanni,CM,,MX,,2208.0,2314.0,,2515,-11,1642,1846,0,7,2801,1500,,
TimeToSmile,timetosmile,CM,,TR,"I've been a puppet, a pauper, a pirate, a poet, a pawn and a king. 
I've been up and down and over and out and I know one thing. 
Each time I find myself layin' flat on my face. 
I just pick myself up and get back in the race...",,,,2605,15,5977,2542,101,207,2814,2296,,
LastOfTheMohicans_89,lastofthemohicans_89,FM,N Z,RU,"FIDE Master,coach,player. Skype,zoom,discord.      

max elo: cl 2420,rp 2491",2400.0,,,2459,0,7467,2305,-38,127,2542,2312,,
FlyingPenguin06,flyingpenguin06,CM,,,,,,,2351,-15,3377,2421,48,140,2471,1703,,
Benavente,benavente,CM,,ES,,2100.0,,,2217,-69,1925,1766,0,11,2457,1627,,
Warlord_X,warlord_x,IM,,,,,,,2554,4,499,1500,0,0,2650,1500,,
Velociraptorblue,velociraptorblue,FM,Efren Ramos,PA,"Fide Master  y Instructor Fide, Programa de entrenamiento para ser un verdadero experto. clases online . Campeón Nacional de Panamá 2014 y  2024 .Selección  nacional  Olímpica Bakú 2016, Batumi 2018 y India 2022. Cel +507 63910528",2202.0,,,2407,-4,10810,2274,57,117,2401,1979,,
dozer01,dozer01,IM,Ömer Faruk ÖZER,TR,,,,,2569,-1,17722,1683,0,1,2703,1500,,
Chernov_M,chernov_m,FM,Mikhail Chernov,,,,,,2418,2,11916,2358,42,280,2499,2342,,
Atakishiyev04,atakishiyev04,IM,,AZ,,,,,2574,-35,3217,2189,-29,26,2925,1500,,
runittwice,runittwice,GM,,,,,,,2687,23,4759,2540,-18,89,2898,1500,,
Kroker,kroker,CM,Булат Халиков,,,2186.0,,,2500,-30,3052,2520,274,22,2601,1500,,
Nikolakis2014,nikolakis2014,GM,STELIOS HALKIAS,GR,,2512.0,,,2650,-31,752,1500,0,0,2527,1500,,
WillZeitnot,willzeitnot,NM,,BR,,,,,2536,10,5403,2672,95,87,3172,1500,,
Jobito,jobito,CM,Job Atabor,NG,A Chess Enthusiast who believes in Good moves on and off the Board...,1954.0,,,2183,-17,16925,2311,59,183,2180,1500,,
yearofrabbits,yearofrabbits,CM,,,,,,,2460,53,114,2351,-20,44,2578,2181,,
inSecOP,insecop,FM,,TD,peepoShy peepoShy peepoShy,,,,2425,-8,1628,2434,-29,61,2612,2279,,
Chess-om,chess-om,CM,,,,,,,2120,-20,5543,2244,20,227,2084,1500,,
ShakhiMaty,shakhimaty,FM,Konstantin,_earth,"Комментирую свои партии на канале / I discuss my games on Youtube channel, welcome!) https://www.youtube.com/channel/UCEmxnDm_7LcWEKd6nTkPz4A

Мой сайт: https://chess-boom.online Заходите на мой сайт Chess Boom, который будет интересен как новичкам, так и профессионалам. На нем вы найдете новости шахмат, статьи и видео о шахматных дебютах, биографии выдающихся шахматистов и т.д.",2314.0,,,2750,65,5124,1500,0,0,2950,1500,,
Sting2010,sting2010,FM,Levi,DE,,2321.0,,,2457,-4,7297,2377,154,1056,2719,2182,,
ypradafah,ypradafah,FM,Yoga Pradafa Harahap,ID,,,,,2585,28,2040,2202,0,10,2533,1500,,
Riquelme93,riquelme93,GM,Sanan Sjugirov,_earth,,2675.0,,,2728,-9,2636,2522,67,30,3071,1500,,
Slayerking03,slayerking03,FM,,EC,IM,,,,2559,-7,1231,2051,0,7,2767,1858,,
h1kk1,h1kk1,FM,Arman Geivondian,RU,"My name is Arman Geivondian, I am 20 years old. FM since 2015, Russian Master since 2016. All my chess skills I owe to IM Igor Yanvarjov, incomparable chess coach.
For me chess is science and art mostly. I like analysing openings and I have found some important novelties; used to study endings a lot, so I'm quite strong at this component.
Petrosian Tigran V is my favourite chess player for sure. His defensive skills and non-tactical sacrifices are really impresive, as well as his chess philosophy in general.
I'm working hard to achieve the IM title now. Wish me good luck=)",2382.0,,,2475,-3,5452,2371,-4,80,2929,1500,,
imblue00,imblue00,FM,Valerio Carnicelli,IT,,,,,2306,-160,572,2217,0,4,2639,1500,,
YulyaPishchal,yulyapishchal,WFM,Юлия  Леонидовна Пищаль,UA,"Детский  тренер.
WFM",2129.0,,,2192,31,8599,2157,-14,136,2216,1500,,
Kmpk,kmpk,CM,,PL,,,,,2420,-44,2338,2005,6,12,2678,2166,,
ftorodent,ftorodent,GM,Andrey Rychagov,,,,,,2728,-6,1248,2067,0,2,2503,2449,,
andro2,andro2,FM,Andrija Obad,BA,"GREAT NEWS! I’m officially BACK and now ACCEPTING NEW STUDENTS! A warm welcome to everyone. My name is Andrija Obad, and I'm a FIDE Master from Bosnia and Herzegovina. I've been in love with chess for years. I love romantic offensive play, but I also enjoy good positional ideas. Furthermore, I love healthy and delicate humor, computers, good music, and movies. I hate violence, war, and prejudices.",,,,2233,-1,18318,2473,162,31,2381,1500,,
Schachmatttrainer,schachmatttrainer,FM,,AU,Checkmate: The polite way to say ‘Gotcha!’,,,,2534,-9,390,2206,0,2,2587,1500,,
factorial14,factorial14,FM,Владимир Фотин,ES,,2401.0,,,2606,24,3921,2329,107,74,2823,1500,,
ikhasu,ikhasu,IM,,,,,,,2410,215,157,1500,0,0,1578,1500,,
Sonnyzc,sonnyzc,WIM,,,,,,,2119,-6,2303,1865,0,11,2059,1500,,
No_leas_mi_nick12,no_leas_mi_nick12,IM,,_earth,,,,,2509,10,1478,2411,163,43,2709,1500,,
Doritos57,doritos57,FM,,,,,,,2405,28,3911,2532,64,273,2460,2238,,
cukus,cukus,WGM,Petra Papp,HU,I have been on the Hungarian Women's National team since 2012 and won the Hungarian Women's Championship in 2012.,2333.0,,,2486,36,199,2299,213,17,2600,1500,,
khalilovchess2009,khalilovchess2009,CM,,,,,,,2415,-6,442,1191,0,2,2431,1500,,
J_Oneee,j_oneee,IM,,,,,,,2729,18,967,1500,0,0,3002,1500,,
Ivyblue,ivyblue,WGM,,IN,,,,,2275,31,342,1301,0,9,2251,1500,,
idelaria,idelaria,IM,Idelfonso Datu,PH,I am An International Master..I am offering an  online chess lessons individually or by group sessions..:) JUst feel free to email me..,2457.0,,,2472,-23,2175,2620,-67,165,2938,1500,,
Raden_Maafy,raden_maafy,NM,,,,,,,2452,45,1837,2188,-117,74,2493,2141,,
alanford,alanford,FM,,HR,,,,,2321,-10,6164,1791,0,1,2408,1810,,
huachiminga,huachiminga,WFM,María José Toro,CL,,,,,2056,-82,1918,2259,105,19,2500,1500,,
jishi03,jishi03,WFM,Jishitha D,,,,,,2521,14,116,2018,106,32,2533,1880,,
MidFoxxy,midfoxxy,FM,Timur Radionov,RU,"Организатор шахматных турниров CCL
chess-children-liga.ru",2321.0,,,2647,54,1281,2671,-89,175,2700,2245,,
NikolozTsomaia,nikoloztsomaia,FM,Nikoloz Tsomaia,GE,,2350.0,,,2446,-38,823,1500,0,0,2704,1500,,
EnergeticHold13,energetichold13,FM,,NO,,,,,2504,-44,3353,2328,0,343,2736,1993,,
lifemasteraj,lifemasteraj,NM,,US,,2235.0,2250.0,,2128,-3,2519,2029,-104,52,2172,1978,,
pablomatic,pablomatic,CM,Pablo Cesar Arias Ortega,,,,,,2231,-45,470,1011,0,10,2542,1500,,
rkurayan,rkurayan,IM,Ruslan Kurayan,UA,IM,2386.0,,,2541,1,659,2401,192,58,2783,1500,,
jlhammer,jlhammer,GM,Jon Ludvig Hammer,NO,www.twitch.tv/gmjlh,,,,2444,-112,94,2307,14,14,2532,1500,,
victor325,victor325,FM,Victor mendez,DO,el ajedrez es mi pasión,2192.0,,,2430,-7,35836,1760,-487,1034,2310,1757,,
Dregon_Defon,dregon_defon,FM,,,"Три вещи никогда не возвращаются обратно — время, слово, возможность...",,,,2499,-1,658,1500,0,0,2714,1500,,
ega2006,ega2006,FM,Yahor Silich,PL,,2330.0,,,2566,24,4168,2555,297,53,2712,1500,,
GrigorGrigorov,grigorgrigorov,GM,Grigor Grigorov,BG,I am a co-founder and managing director of Modern Chess.,2511.0,,,2720,25,2557,1500,0,0,2875,1500,,
MirMan,mirman,GM,,,,,,,2331,-11,435,2271,0,7,2603,1500,,
miepie777,miepie777,FM,,NL,,,,,2367,-16,8468,2411,11,343,2606,2269,,
Attacker123,attacker123,FM,,IN,,,,,2547,-62,162,1500,0,0,2874,1500,,
M-LutfiAli,m-lutfiali,IM,Muhammad lutfi Ali,ID,,2415.0,,,2442,-41,1355,2442,46,41,2777,1500,,
Polihisztor,polihisztor,FM,,,polychess.hu,,,,2391,-35,611,2006,45,12,2373,1500,,
waverunner07,waverunner07,FM,,,,,,,2167,-249,185,1394,17,16,2492,1500,,
bltn12y,bltn12y,NM,,,,,,,2243,-32,147,1500,0,0,2464,1500,,
Voinikonis_Nikita,voinikonis_nikita,FM,Nikita Voinikonis,RU,,2211.0,,,2586,-9,7060,2567,42,72,2793,1500,,
PoAslan04,poaslan04,FM,,TR,,,,,2395,-70,595,2479,149,43,2814,1500,,
DmitriyBiryuk777,dmitriybiryuk777,FM,Дмитрий Бирюков,RU,"Автор новейшей творческой шахматной теории 1.е4 и 1....d6. Сам ее придумал и самой правильной сделал, для себя. В шахматах я стараюсь играть творчески, ярко. Живёт, живёт в каждом доме Анаста:-) Шестикратный чемпион города Саратова, трехкратный чемпион области. Мастер ФИДЕ 39 лет",2109.0,,,2507,11,18573,2463,10,455,2830,1500,,
Byf,byf,WFM,,,,,,,2248,9,13848,1845,-71,39,2372,1500,,
BeTtA2004,betta2004,FM,Francesco Bettalli,IT,https://www.twitch.tv/betta2004,2440.0,,,2445,-57,8916,2479,41,1070,2868,2405,,
lmnop1305,lmnop1305,WGM,Michalina Rudzińska,PL,,,,,2456,59,210,1500,0,0,2421,1500,,
General_Zod_01,general_zod_01,IM,,,,,,,2597,-7,4026,2295,0,10,2530,1500,,
angelN14,angeln14,WCM,,BD,,,,,2112,3,1359,2205,4,241,2281,1956,,
BilanDanila,bilandanila,FM,Danila Bilan,RU,,2303.0,,,2315,11,2479,2380,-20,143,2804,2111,,
ABachmann,abachmann,GM,Axel Bachmann,PY,"El ajedrez siempre fue parte importante desde que tengo memoria. Saludos desde Ciudad del Este, Paraguay!!

Chess has always been an important part of my life. Greetings from Ciudad del Este, Paraguay!!",2582.0,,,2702,2,2961,2449,161,67,3026,1500,,
JhonCofee,jhoncofee,GM,Urfan Sevdimaliyev,,,,,,2361,23,2009,2367,0,4,2254,1689,,
Federtiu,federtiu,GM,,,,,,,2560,-63,3252,2386,20,75,2743,1500,,
Awesome_2,awesome_2,FM,,,If you believe in yourself you can achieve anything!!,,,,2285,29,126,2221,-27,30,2354,1500,,
Felini21,felini21,IM,,,"Contact me for lessons. Price and time are by mutual agreement.
Для занятий свяжитесь со мной. Цена и время по договорённости.
chassefelini@gmail.com",,,,2535,-5,5338,2329,52,75,2803,1500,,
ChessMood,chessmood,GM,,US,,,,,2533,36,196,1500,0,0,2887,1500,,
eldidi,eldidi,NM,Carlos Alejandro Didenot Chirinos,VE,"Saludos comunidad lichess:) Mi nombre es Carlos Didenot, tengo 33 años de edad, soy un joven apasionado por el ajedrez y estoy en este mundo desde los 8 años de edad; mi id fide es:https://ratings.fide.com/card.phtml?event=3912027 
 y soy partícipe de un solo método de entrenamiento para mejorar el nivel de juego el cual es..",2170.0,,,2419,-10,3386,2060,63,20,2734,1312,,
wildcoyote,wildcoyote,NM,,,,,,,2118,-95,729,2233,-13,69,2431,1756,,
Alexander_Domalchuk,alexander_domalchuk,IM,Aleksandr Domalchuk-Jonasson,IS,"Available for training games & offers to play for the teams. Email - domalchukjonasson@gmail.com - feel free to write me.
https://ratings.fide.com/profile/14142805",2412.0,,,2570,36,2086,2444,-11,475,2856,2248,,
superchess2002,superchess2002,GM,Iniyan Panneerselvam,IN,"Hello! I am Grand Master Iniyan.P.  20 years old from India. 
- Became Grandmaster in the year 2019.
- Won many international Opens
- Won medals in all levels such as World, Asian, Youth Olympiad, Commonwealth, National, State, and District championships.
- Participated in World Cup",2515.0,,,2713,-33,801,1500,0,0,3012,1500,,
MaurizioBrancaleoni,mauriziobrancaleoni,FM,Maurizio Brancaleoni,IT,"FIDE MASTER, FIDE TRAINER,  former
 Italian U16 Champ; Top Fide live rating 2345  e mail:mauribranca2013@libero.it   facebook account: https://www.facebook.com/maurizio.brancaleoni.18",,,,2366,-22,29991,2458,-50,939,2515,2100,,
Airopito2020,airopito2020,FM,,GE,Berserk-Ok,,,,2422,-28,500,1415,0,8,2537,1500,,
vish1080,vish1080,NM,Vishva Nanugonda,US,,2147.0,2228.0,,2434,-49,436,2193,224,25,2577,1999,,
mifisk,mifisk,FM,Evgeny Sapunov,RU,МАСТЕР ФИДЕ,2461.0,,,2659,78,4690,1955,0,1,2736,1500,,
DiegoMaciasPino,diegomaciaspino,IM,Diego Macías Pino,,,,,,1500,0,0,1500,0,0,3017,1500,,
nrvisakh,nrvisakh,GM,Visakh NR,IN,"Hi, Am Grand Master Visakh NR from India

I am open for leagues and tournaments in Europe .For any offers drop me an email.

I charge 50usd/hr for lessons.

You can contact me here or through email- nrvisakh@gmail.com 

Have a wonderful day!",2552.0,,,2761,-16,734,2288,-342,14,3006,1500,,
TongaHumungus,tongahumungus,IM,Gaston Needleman,AR,,2429.0,,,2390,5,1326,1427,0,1,2541,1500,,
HosaniOmran,hosaniomran,IM,,,,,,,2520,11,55,2494,70,18,2509,1500,,
chesslh,chesslh,CM,Hui Li,MO,"Hui Li, CM, Former Macau Champion (2011~2014)",2013.0,,,2377,16,4329,2519,5,4360,2393,1500,,
HydR,hydr,FM,Nihad HODZIC,BA,I prefer to play a positional game combined with attacking intentions and my favorite player is Garry KASPAROV!,2303.0,,,2337,51,2521,2542,72,78,2526,1310,,
Matesote,matesote,FM,Edwin Adrian Navia Alvarez,CO,Maestro Fide,2045.0,,,2390,26,7092,2297,-13,86,2331,1500,,
BrianShaw,brianshaw,GM,,NO,,,,,2552,31,11086,2461,95,12,2700,1500,,
HouseMartell,housemartell,FM,Giorgi Nikolashvili,GE,,2256.0,,,2514,-29,618,2002,122,14,2722,1500,,
Kipchoge71,kipchoge71,FM,Erik van den Dikkenberg,NL,"Hi, I am a Fide Master from the Netherlands.

Sometimes I post a chessvideo on my YouTube Channel, like this win over a Grandmaster: https://youtu.be/8-tmqXFLOW0
Enjoy!",2158.0,,,2136,-1,7753,2202,-103,48,2169,1500,,
Chess-Tales,chess-tales,IM,,,,,,,2541,-10,8473,2215,-337,57,2806,1500,,
RebelJohnny,rebeljohnny,CM,Daemon I Blackfyre,JM,"Not interested in coaching | 
Thematic Rapid Lichess Record: https://lichess.org/tournament/Tjy4ZROs",,,1516.0,2504,-24,4678,2454,-12,6542,2741,2304,,
Frutek,frutek,IM,Julijan Plenca,DE,"I'm a FIDE Trainer based in Hamburg, Germany, and I share an account with some of my dedicated students. Contact me at Plenca.Julijan@gmx.de for inquiries or assistance. You can also check my profile on lichess.org: lichess.org/coach/Frutek. Enjoy your chess games and don't forget to smile, even when you lose! :D  
Discover more about me on my website: https://www.rochadex0-0-0.de/",2460.0,,,2584,19,20763,2368,130,49,2832,1500,,
matteorf2b,matteorf2b,CM,Matteo Ratier-Fontana,FR,"https://lichess.org/coach/matteorf2b


Available to coach

Campionu di Corsica ; https://lichess.org/broadcast/finale-du-championnat-de-corse-individuel-2025/match-retour/PPHoixuK?fbclid=IwY2xjawOc_sBleHRuA2FlbQIxMQBzcnRjBmFwcF9pZBAyMjIwMzkxNzg4MjAwODkyAAEe7cyQW51cbxF4Vz1-oJVjyA",2300.0,,,2483,25,3664,2685,-2,304,2926,2537,,
mrchess2013,mrchess2013,GM,GM Roberto Mogranzini,IT,,,,,2582,-6,9797,1725,0,4,2600,1500,,
Olaffo,olaffo,CM,Emanuel Vaglio,US,"Available for training games with analysis or regular lessons.
Co-Founder: @BoostChess
https://www.youtube.com/@VaglioChess/shorts",2296.0,,,2573,-4,3765,2542,-9,40,3000,1238,,
Platy2,platy2,GM,Alan Pichot,ES,,,,,2856,-17,2071,2545,114,18,3129,1500,,
tunacem,tunacem,CM,,,,,,,2237,1,57405,2264,-35,91,2310,1500,,
Ugly_Toenail,ugly_toenail,CM,Rithvik Deepak Ambattu,GB-SCT,,2206.0,,2243.0,2361,25,200,2506,10,122,2364,2074,,
nfds,nfds,FM,,,,,,,2603,7,2892,2390,-176,278,2753,1258,,
titan00013,titan00013,GM,Namig Guliyev,AZ,,2555.0,,,2609,-14,12944,2339,-109,31,3000,1500,,
ahpek,ahpek,CM,,,https://gifer.com/en/9hij,,,,2233,-2,701,1500,0,0,2433,1500,,
Anjas_Novita-IM,anjas_novita-im,IM,,,,,,,2510,5,1056,2643,0,8,2542,1500,,
ChessHarborButcher,chessharborbutcher,FM,,,,,,,2258,-3,37,1500,0,0,2559,1500,,
SVODMEVKO,svodmevko,GM,,,,,,,2810,-46,1084,2554,0,6,3090,1500,,
fallingfatman,fallingfatman,FM,,,,,,,2553,-31,729,2475,-2,22,2769,2202,,
recapture,recapture,GM,,NO,"Aryan Tari

aryan.tari@hotmail.com for inquiries",2650.0,,,2750,79,784,1500,0,0,2871,1500,,
Lucasran,lucasran,FM,,,,,,,2571,-12,2194,2704,35,51,2873,1341,,
topin8,topin8,FM,Daniel Pinto,BO,,,,,2397,-10,1750,1008,0,2,2427,1500,,
KurisuMakise,kurisumakise,FM,,,,,,,2508,85,4866,2219,0,5,1500,1500,,
legend2014,legend2014,FM,Kagan Aydincelebi,TR,,,,,2667,-5,3703,2330,20,13,2891,1691,,
puzzleracer2007,puzzleracer2007,IM,Leduard Manuel González Soler,CU,"Hola , si quieres aumentar tu nivel mediante clases y conferencias personalizadas puedes escribir a mi lichess o a mi Whatsapp +5350192052 , para mas informacion revisa mi perfil de coach https://lichess.org/coach/puzzleracer2007",2356.0,,,2583,30,671,2281,0,2,2939,1500,,
stanbad1,stanbad1,FM,Stanley,GB,,2317.0,,2435.0,2705,4,13793,2576,39,8877,3043,2331,,
Perdomov,perdomov,CM,Juan David López Perdomo,CO,"FIDE ID: 4405137
Jugador adscrito a la Liga Caldense de Ajedrez. 
Club: Jaque
Elo Fide Clásico: 2029
https://ratings.fide.com/profile/4405137",2029.0,,,2185,-9,27248,2222,0,11,2502,1779,,
HanSchut,hanschut,CM,Han Schut,US,"Chess coach (certified in the Steps Method) and Author (Chessable, New In Chess)

www.youtube.com/c/hanschut
www.chessable.com/author/HanSchut/
https://bsky.app/profile/hanschut.bsky.social",,,,2209,16,4842,2374,-29,143,2340,2357,,
ThiesHeinemann,thiesheinemann,GM,Thies Heinemann,DE,,2438.0,,,2497,10,11489,2323,47,13,2815,1500,,
MarcinMolenda,marcinmolenda,IM,Marcin Molenda,PL,,2411.0,,,2444,47,526,2497,32,12,2633,1500,,
RD4ever,rd4ever,GM,Rustam Khusnutdinov,KZ,GM from Kazakhstan. Best blitz ELO 2684 (top-50 in the world). Current blitz ELO - 2571. Aviable for lessons. My e-mail is gmrustam@gmail.com,2571.0,,,2748,-8,1760,2383,0,10,2903,1500,,
oberschlumpf,oberschlumpf,NM,,_earth,"Let man's petty nations tear themselves apart,
my land's only borders lie around my heart!
(Anthem from the musical chess)

https://imgur.com/tgmVxAl

https://imgur.com/idb3xSC",2150.0,,,2307,6,98648,2271,3,9075,2325,2250,,
chessthapa,chessthapa,CM,Krishna Thapa,NP,I love chess. I m asian amateur champion.,1977.0,,,2086,-152,7100,2132,144,20,2050,1458,,
AwareIdea,awareidea,NM,,UA,"Привіт! Я Володимир твій особистий шаховий тренер.

Шахи - це більше, ніж гра. Це мистецтво, стратегія та виклик самому собі. Якщо ти хочеш навчитися мислити як гройсмейстер, уникати помилок і впевнено вигравати партії - я допоможу!
За більш детельною інформацією звертайтесь https://t.me/awareidea
Готовий вивести свої шахи на новий рівень? Записуйся на заняття та почнемо вже сьогодні!",,,,2419,-31,7314,2483,61,136,2804,1500,,
Milinanana,milinanana,WIM,Milagros Brizzi,AR,idfide: https://ratings.fide.com/profile/128350,2150.0,,,2188,13,3194,2209,-31,19,2159,1900,,
jlf287,jlf287,CM,Jacob Flynn,IE,,2275.0,,,2519,-11,20675,2494,20,763,2629,2260,,
irakliberadze,irakliberadze,IM,Irakli Beradze,US,I am an international master. My Fide rating is 2500 .,2502.0,2584.0,,2668,-5,2463,2668,-15,161,2872,2066,,
JakeDarmanin,jakedarmanin,CM,,MT,,,,,2387,-13,8236,2293,61,46,2503,1500,,
preparandotorneo2007,preparandotorneo2007,CM,,ES,,2089.0,,,2226,24,1049,2045,0,11,2163,1500,,
Maestro_Isa,maestro_isa,FM,Anton Isajevsky,,"https://www.twitch.tv/maestro_isa
Добавляемся : https://discord.gg/6QC3u5ZQeu",2403.0,,,2645,31,8117,2586,67,123,2803,1520,,
thujer,thujer,GM,,,,,,,2812,52,1661,1500,0,0,3002,1500,,
Jethro07,jethro07,IM,,,,,,,2451,44,2091,1500,0,0,2568,1500,,
iulikjulik86,iulikjulik86,IM,Iulian Baltag,MD,International master rated 2411,2393.0,,,2547,-87,679,2503,15,95,2618,2391,,
lukas_111111,lukas_111111,GM,Lukasz Jarmula,PL,lukaszjarmula.com,2434.0,,,2574,-76,5107,1500,0,0,2412,1500,,
Maestrocoach,maestrocoach,CM,Amithpal Singh,IN,"iam Amithpal Singh, my peak fide rating was 2274. Iam candidate master + Fide instructor and holds 1 IM norm. Iam Director & Head Coach of Maestro Chess Academy, have team of Professional Coaches who take online and offline classes. ping me on whatsap at +91 7406577878 for further details.",2144.0,,,2300,-21,6986,2369,116,148,2292,2065,,
Deepest,deepest,FM,Rashid Ishak,SD,"Ich nicht ich ,wenn ich nicht spiele",2148.0,,,2154,-31,2893,1651,0,3,2251,1500,,
IK_TARASOV,ik_tarasov,FM,,,,,,,2580,52,40,2043,0,4,2258,1500,,
DiazVelandia,diazvelandia,FM,Jose Manuel Diaz Velandia,ES,ID FIDE 3901939,2330.0,2398.0,300.0,2717,109,961,2283,0,11,2875,1500,,
maybe_maybe,maybe_maybe,IM,,FR,time !,,,,2713,-42,2730,2756,-31,134,3080,1500,,
DenishevM,denishevm,FM,,RU,,,,,2566,-35,10180,2354,97,205,2817,1500,,
besfighter,besfighter,FM,,RU,,,,,2444,-15,11473,1841,0,6,2656,1459,,
tutifrutty,tutifrutty,WFM,,ID,,,,,2342,19,914,2321,0,9,2555,1500,,
mrozek98,mrozek98,CM,Patryk Mrozowski,PL,,2219.0,,,2474,13,1644,2396,-102,14,2690,2460,,
MattyDPerrine,mattydperrine,FM,Dalton Perrine,US,twitch.tv/mattydperrine,2308.0,2274.0,,2418,-45,1090,2348,22,61,2528,1500,,
self_service,self_service,NM,Stephen Adams,US,"My YouTube channel where I make (hopefully) instructive videos: 
https://www.youtube.com/channel/UCjlmi0V6TR2iw6VkUpqJvwQ

My Twitch channel where I study and play slower time controls: https://www.twitch.tv/self_service/

My USCF: http://www.uschess.org/msa/MbrDtlMain.php?13184803

Now offering lessons for $70/session: see my coaching profile for details!",,2309.0,,2513,-13,12337,2638,-20,5814,2902,2498,,
JoseAvelino2002,joseavelino2002,FM,Jose Avelino Alvarez Calzadilla,ES,"Fide ID :3526151
https://lichess.org/coach/JoseAvelino2002",2420.0,,,2703,0,4212,2237,19,44,2904,1500,,
BridgeAndChess,bridgeandchess,FM,,,,,,,2428,-33,73,1500,0,0,2276,2295,,
Ersahin,ersahin,CM,Bülent Erşahin,TR,"Bülent Erşahin.
www.satrancdersi.com 
www.satrancsorusu.com 
Youtube: https://www.youtube.com/channel/UCGZJMgwu6fZuP1AXYWqx01w
 Twitch:    https://www.twitch.tv/bulentersahin",,,,2390,-13,12207,2360,-13,597,2580,1500,,
Turboplombir,turboplombir,FM,Sergey Sklokin,_earth,"TRIPLE WORLD CHESS CHAMPION (Rapid & Blitz & Solving) - U10 (Georgia 2023).
DoB:  June 10, 2013.",,,,2705,8,7287,2654,26,3307,3069,1927,,
ABARMOTT,abarmott,FM,Niyazi Naghdiyev,RU,"Postgraduate student at Moscow Engineering Physics Institute.
Have been teaching chess for more than 6 years.
Besides chess, I'm engaged in VR&AR programming.
Friendly and honest guy :)",2300.0,,,2552,91,195,1740,0,1,2615,1500,,
ikica77,ikica77,GM,Ivan Ivanisevic,RS,,2604.0,,,2712,15,6373,1500,0,0,2692,1500,,
Doctor_Luber,doctor_luber,CM,Алексей Тюханов,RU,,2222.0,,,2317,21,3465,2093,-258,59,2575,1046,,
Johanssc,johanssc,GM,Johan-Sebastian Christiansen,NO,"Check out my opening course on chessable! https://www.chessable.com/the-high-pressure-alapin-sicilian/course/45845/

Norway's 2nd best chess player",2661.0,,,2785,2,2781,2330,421,19,2827,2464,,
papa_lubercy,papa_lubercy,FM,,,,,,,2401,22,1199,2343,-30,316,2390,2318,,
So0o0o0zi,so0o0o0zi,IM,Amirmohammad Soozankar,IR,I am International Master From Iran and also coach...,,,,2524,12,1392,2380,5,85,2817,2475,,
SigitukasK,sigitukask,FM,Sigitas Kalvaitis,LT,Chess trainer from Lithuania. FM . 2 IM norms. Available for online lessons. Contact me via email jergusss@gmail.com,2205.0,,,2321,28,3537,2224,-80,101,2607,2150,,
BilodeauA,bilodeaua,GM,,,,,,,2619,21,349,2107,0,5,2557,1500,,
ApexTheBest06,apexthebest06,CM,,UA,,2521.0,,,2401,5,5152,2341,-25,76,2766,2437,,
BUITRONGHAO,buitronghao,FM,HAO BUI TRONG,VN,,2207.0,,,2746,175,303,2098,0,3,2704,1811,,
Watneg,watneg,GM,,,,,,,2800,10,594,1500,0,0,3182,1500,,
GERAmini,geramini,NM,Gerardo Reséndiz Hernández,MX,,,,,2263,2,15101,2314,-2,139,2335,1933,,
KOKid101,kokid101,NM,,US,,1947.0,2200.0,,2300,-12,112,1804,-7,12,2717,1500,,
benko_008,benko_008,IM,Petar Benkovic,RS,"https://i.imgur.com/Bevf0Ev.png
About me:  https://benkochess.wixsite.com/pbenkovic
Benko Chess Club:  www.benkochess.com",,,,2604,3,585,2513,331,24,2536,1500,,
enmQ,enmq,GM,Nikita Meshkovs,LV,"https://www.modern-chess.com/trompowsky-attack-top-level-repertoire-for-white-5h-and-48min-video-running-time-520

https://imgur.com/j2QDVd7",2571.0,,,2794,19,4883,2782,1,159,3022,2203,,
Khem,khem,GM,Toms Kantans,LV,"Hi, 
I am a Grandmaster from Latvia. Latvian champion 2023
Information about lessons see in my coach profile",2549.0,,,2650,-3,9277,2599,7,171,2756,1500,,
black_knight22,black_knight22,IM,,,"*For enrollment,*
https://bit.ly/40aETQI

Fan Club-
https://chat.whatsapp.com/DCpT0uvb7p6DF5tficry1k


or mail dragomanovapsix@gmail.com

Join Our Lichess Team
https://lichess.org/team/online-world-chess-lovers",2632.0,,,2759,75,627,1903,0,2,3105,1500,,
tactinhos2900,tactinhos2900,FM,,,,2316.0,,,2611,41,19398,2451,269,43,2655,2174,,
liordis31,liordis31,IM,Liordis Quesada Vera,CU,,2407.0,,,2488,23,13911,2312,36,26,2481,1500,,
ArnieChipmunk,arniechipmunk,CM,,ES,https://lichess.org/@/ArnieChipmunk/blog/how-i-managed-to-finally-beat-leelaknightodds-with-black/b05EcHdk,,,,2463,4,15420,2029,68,13,2624,1500,,
MonkeyDiDragon,monkeydidragon,CM,,TN,الفلوكة فلوكتنا و البحر على ذمتنا,,,,2311,14,2654,2278,32,33,2523,1500,,
Diamantidis,diamantidis,IM,Epaminondas Kourousis,GR,,,,,2353,-65,1149,1500,0,0,2652,1500,,
gpel,gpel,IM,,GB-ENG,,,,,2501,-48,387,2419,-121,20,2722,1500,,True
adypady,adypady,IM,Advait Patel,CA,,2478.0,2609.0,,2711,-15,201,1500,0,0,2938,1500,,
BeStRoMaNo,bestromano,NM,Davide Cappai,IT,"Hi everybody I'm Bestromano!! I've been playing chess since I was 8 years old, I began to teach when i was 18 and actually I follow many students.
Follow me in Lichess or Instagram and contact me in private https://www.instagram.com/_bestromano_/
Ciao a tutti Io sono Bestromano!  https://lichess.org/coach/BeStRoMaNo
TOP  BULLET PLAY CHESS: 2754   & BULLET LICHESS: 2741",,,,2526,7,2873,2463,50,151,2700,1500,,
alumno,alumno,FM,,,,,,,2606,19,1333,2396,171,29,2923,1685,,
Tello71,tello71,IM,Sven Telljohann,DE,,2380.0,,,2522,13,8901,2333,-38,12,2609,2181,,
DefiantChair,defiantchair,FM,,,,,,,2415,29,5999,2376,296,31,2788,1500,,
mysterial,mysterial,IM,,,,,,,2287,-145,352,1500,0,0,2078,1500,,
ensoleiller,ensoleiller,NM,Derek Z.,US,,,2329.0,,2566,-40,738,2545,57,104,2732,2293,,
dr_crypt,dr_crypt,IM,Araz Al-Saffar,IQ,,2387.0,,,2416,4,5877,2531,178,25,2369,2178,,
LittleChessRook,littlechessrook,WCM,,RU,,,,,2308,-132,426,1500,0,0,2700,1500,,
Former_Player,former_player,GM,,,"Retired from orthodox chess   ----------   Chess960 is the real chess: it encompasses SP #518 (aka ""chess"", orthodox chess, regular chess) as one of its 960 variants   ---------   Chess needs a major reform to survive in this ""brave new world"", although the situation might be hopeless anyway",,,,2634,-14,528,1917,0,11,2701,1500,,
ClassPlayer04,classplayer04,CM,,,“A mind that is stretched by new experience can never go back to its old dimensions.”,,,,2644,2,575,2726,12,130,2604,1500,,
ilyeschess22,ilyeschess22,FM,🐈🧠,,,,,,2413,-2,1388,2364,107,14,2304,1500,,
BelyakovBogdan,belyakovbogdan,IM,Bogdan Belyakov,RU,"Набор новых учеников временно прекращен.
Recruitment of new students has been temporarily suspended.",2355.0,,,2547,-16,2148,2608,-2,427,2724,2012,,
newbie87,newbie87,FM,Alessandro Santagati,IT,"https://media.giphy.com/media/U4A96Vl8OW7xS1COfU/giphy.gif

Hi, I'm the fide master Alessandro Santagati from Italy.
Take a look at my youtube channel in which you can find a lot of free videos!
https://www.youtube.com/user/alexsuper1987",2169.0,,,2413,14,1513,2480,112,483,2465,2150,,
AlexanderJasinski,alexanderjasinski,NM,Alexander Jasinski,US,"3-Year in a row member of US National team (2023 2024 2025).
2025 USCF National Master at 10 Years old.
2024 Pan-American Youth U10 Blitz Champion.
2024 USCF Candidate Master at 9 Years old. 
2023 Arizona Scholastic 3rd Grade Champion. 
2023 International chess youth championship U9 champion. 2022 American Open Scholastic K-6 2nd Place.
2014 I was born :) Hello, World!",,2215.0,,2399,-1,151,1500,0,0,2600,1500,,
nonsopolo,nonsopolo,FM,Chukwunonso Oragwu,NG,"African Amateur Chess Champion 2019. 
",2241.0,,,2334,-9,11649,2351,160,75,2428,1500,,
pollocuba2019,pollocuba2019,GM,Aramis Alvarez Pedraza,CU,"MI NOMBRE ES ARAMIS ALVAREZ PEDRAZA , NACI EN CUBA Y SOY GM DE AJEDREZ DESDE EL AÑO 2010 , SOY LICENCIADO EN CULTURA FISICA Y DEPORTE , MI ELO MAS ALTO FUE 2565 EN LISTA DE ELO FIDE Y DESDE EL AÑO 2016 TRABAJO COMO ENTRENADOR  DEL EQUIPO OLIMPICO FEMENINO DE CUBA 
https://www.youtube.com/channel/UCGta1y6HDGzrX6iCDy87gaQ?view_as=subscriber
https://www.facebook.com/aramis.alvarez.9404
https://www.twitch.tv/gm_cuban_chess
INSTAGRAM GM_Cuban_Chess
https://lichess.org/team/gm_cuban_chessgm-aramis-alvarez",2440.0,,,2393,-22,1891,1500,0,0,2612,1500,,
elaniquilador,elaniquilador,IM,Héctor Delgado Ramos,CU,"Aprendí a jugar ajedrez a los 6 años de edad, siendo capacitado con métodos de la escuela rusa. Actualmente soy MI y con una norma de GM.",2447.0,,,2571,12,3801,2442,63,36,2830,1980,,
Alex-31,alex-31,FM,,,,,,,2298,-18,9014,1500,0,0,2620,1500,,
Khoshal_Mohenzai,khoshal_mohenzai,FM,Khoshhal Moeinzai,AF,,1824.0,,,2073,9,6238,2007,0,3,2135,1500,,
GustiFirmansyah,gustifirmansyah,NM,Gusti Fred Firmansyah,ID,"Hi! I am National Master from Indonesia. I am 53 years old (born 13 Pebruary 1966). I am a proffesional chess player and coach. I teach chess with Indonesian languange, Fide id: 7123035 ,Rate: 2062",,,,2248,1,9784,2485,115,311,2097,2185,,
Tyoma888,tyoma888,CM,Artyom Manukyan,AM,,2155.0,,,2435,2,3138,2536,157,35,3004,1500,,
zabivol_mc,zabivol_mc,IM,Alina Bivol,,"International Master, Woman Grandmaster, opera singer and musician.

Streamer, chess commentator
YouTube channel: https://www.youtube.com/channel/UCSgTMyMQGOG01ygQd41TmKg",2356.0,2440.0,,2593,54,799,2283,0,9,2502,1500,,
Darmin_D,darmin_d,FM,Dmitry Darmin,RU,Тренер по шахматам для детей и взрослых! По всем вопросам обращайтесь в ЛС.,2382.0,,,2344,19,1606,2510,82,85,2455,1500,,
Alena-1979,alena-1979,FM,,AF,"https://imgur.com/pH8UMLH
Alena Razumovskaya
Don't look for me, I'm no longer in this world.....
Не ищите меня, меня больше нет на этом свете....",,,,2517,7,2502,1756,281,17,2627,1500,,
Chessninja482,chessninja482,CM,,JP,Drake glazer,,,,2451,-6,1272,2463,58,72,2802,2289,,
VladaSviridova,vladasviridova,WFM,Vlada Sviridova,RU,,2144.0,,,2191,16,1659,1500,0,0,2272,1500,,
WildCactus,wildcactus,WFM,,_belarus-wrw,,,,,2484,67,1280,1500,0,0,2475,1500,,
zanbato,zanbato,NM,,US,hi,,,,2443,1,1444,2507,47,389,2700,2293,,
MAsTerhec,masterhec,CM,,FR,I like gambits and dubious openings.,,,,2339,11,15522,2475,66,202,2424,2195,,
KillerAnaconda,killeranaconda,FM,Oliver Stork,DE,"Fide Master, German Under 18 Champion 2020,
chess coach",2373.0,,,2504,15,14091,2628,20,115,2682,2485,,
GwapingsAttack2002,gwapingsattack2002,IM,Eric Jr. Labog,PH,"Hello fellow chess enthusiasts!
I'm International Master Eric Jr. Labog from the Philippines. With a passion for chess since age 10, I've competed internationally, earning my IM title in 2019.
I tailor training to each student's strengths and weaknesses, focusing on rapid improvement through personalized programs.
https://imgur.com/qaxJoj5",2291.0,,,2537,-21,4438,2475,17,198,3004,1664,,
Harrytong,harrytong,CM,,,,,,,2226,-91,239,2557,15,14,2384,1337,,
PablosEscobar,pablosescobar,FM,Elvin Bayramov,AZ,,2207.0,,,2425,-19,239,1492,97,95,2770,1500,,
Gianmarco_es,gianmarco_es,IM,Gianmarco Leiva,,,,,,2616,5,547,1709,0,1,2926,1500,,
Sigma_Tauri,sigma_tauri,GM,,,,,,,2795,2,1138,2740,52,53,3027,1500,,
Morgran,morgran,FM,,PL,I am playing chess in my favorite cafe SamaSlodyczMogilska :),2300.0,,,2377,-8,2231,2191,-110,89,2700,1724,,
VerdeNotte,verdenotte,GM,Gawain Jones,GB,,2670.0,,,2788,4,1386,1675,0,1,2962,2155,,
Bimaniv,bimaniv,CM,Gusev Mikhail,RS,"https://lichess.org/team/BTt0Eh1a (Даня и его друзья) https://lichess.org/team/timur_chess-2012--chess-friends (Тимур и шахматные друзья)
https://lichess.org/team/xaj9uK9X (Торпедо Москва)
Клубы за которые я в основном играю.",2251.0,,,2295,-41,1236,2234,67,32,2578,1500,,
Quest_to_3000,quest_to_3000,FM,Jacob Furfine,US,,2298.0,,,2550,-54,617,2730,72,51,2823,1500,,
Kvaidan,kvaidan,CM,Alexander Spichkin,RU,,2131.0,,,2306,-1,24364,1673,0,1,2162,1622,,
SupelPatty,supelpatty,WFM,Patricia Castillo,DO,""" It always seems impossible until it is done""
Mi canal Youtube: https://www.youtube.com/channel/UC0_6ZSy___oyud_N7dMPL1A?view_as=subscriber",,,,2072,6,2415,1945,0,2,2205,1500,,
SuperPlatypus,superplatypus,NM,,US,,,,,2403,18,1572,1500,0,0,2527,1500,,
Oldblanket,oldblanket,NM,Przemysław Koc,PL,NM,2346.0,,,2410,42,2799,2524,289,39,2365,1500,,
RuslanN88,ruslann88,CM,Руслан Незамятин (Ruslan Nezamyatin),RU,"Год рождения 02.03.1988, ID FIDE: 24153451",2070.0,,,2362,-24,7330,2330,-52,331,2349,1500,,
TricksOnlyNL,tricksonlynl,IM,Stefan Kuipers,NL,,,,,2581,-36,2955,1987,-192,22,2734,1500,,
SanthoshAyyappan,santhoshayyappan,NM,Santhosh Ayyappan,US,Hi ☺,2001.0,2262.0,,2331,0,2661,2415,4,1990,2708,2296,,
ferch1n1,ferch1n1,FM,,BO,,1400.0,,,2390,-20,4948,2258,168,19,2844,1500,,
TormentaNegra,tormentanegra,FM,,ES,"https://www.tormentanegra.es/
https://www.instagram.com/tormentanegra_ajedrez/?hl=es
https://www.tormentanegra.es/cursos-verano/

MAESTRO FIDE.
PROFESOR DE AJEDREZ.",,,,2367,-151,2989,2384,-109,181,2494,2230,,
lEcillEjanE,lecillejane,NM,,AE,,,,,2486,-118,1117,1648,-119,43,2743,1471,,
bazar-wokzal,bazar-wokzal,IM,Николай Vlassov,_earth,https://www.youtube.com/channel/UCXi84HdEgzronsv58hcA9CQ,,,,2509,8,11509,2397,36,163,2592,1527,,
Kodrut,kodrut,IM,Stefan Solonar,DE,"Goldene Eröffnungsregeln

1.Besetze mit Bauern das Zentrum.

2.Achte auf gegnerische Drohungen.

3.Entwickle die Leichtfiguren.

4.Übe mit der Entwicklungszügen Druck auf das Zentrum aus.

5.Ziehe mit den gleichen Figuren nicht mehrmals in der Eröffnung.

6.Führe so schnell wie möglich die Rochade durch.

7.Entwickle die Dame nicht zu früh.",,,,2620,70,151,2509,-67,455,2308,1500,,
HrvojeZagreb,hrvojezagreb,CM,,,,,,,2183,-29,26867,2291,-86,185,2200,1669,,
Zorbos,zorbos,FM,José Santos,PT,"2379 FIDE, Portuguese National Champion. Message me if you want to have classes ! I speak english, portuguese and spanish",2379.0,,,2542,-9,2876,2349,20,50,2836,1500,,
Lukinio,lukinio,IM,Luka Oboladze,GE,"I'm an International Master in Chess, Placed in the Top 10 in World Youth Chess Championships Under 12
Section, Two times top 5 in European Chess Championship and 4 time Champion of Georgia.
https://ratings.fide.com/profile/13608207",2405.0,,,2687,44,1600,1500,0,0,2619,1500,,
anonymus_123,anonymus_123,IM,,,,,,,2582,-18,221,1500,0,0,2716,1500,,
Tuzakli_Egitim,tuzakli_egitim,FM,Rustam Rustamov,AZ,,2334.0,,,2869,21,5286,2731,-23,1573,3163,1642,,
gmspideribarra,gmspideribarra,GM,José Carlos Ibarra Jerez,ES,"-Gran Maestro de ajedrez, actual Campeón de España en varias modalidades.
-Contacta conmigo en info@gmspideribarra.com
-ACADEMIA: https://www.gmspideribarra.com/",2640.0,,,2676,-5,1124,2414,69,35,2827,1100,,
elchechereche,elchechereche,CM,Jose Fernando Mata Gonzalez,MX,,2249.0,,,2497,-30,5736,2382,82,22,2643,1500,,
bdr2002,bdr2002,FM,Borna Derakhshani,GB-ENG,"British Youth Champion. I Will be delighted to offer you coaching lessons to help you master the middle and endgame, improve your calculation skills, and personalize your openings",2373.0,,2418.0,2187,96,50,1500,0,0,2284,1500,,
BAziukAs,baziukas,CM,,LT,,,,,2477,-3,5889,2302,8,511,2769,1966,,
Magek,magek,FM,Maxim Korobkin,,no rematch,2361.0,,,2579,20,5623,2633,-33,174,2642,1321,,
paruchi,paruchi,FM,Farukh Karimov,UZ,https://ibb.co/PZwDc1nm,2222.0,,,2320,-27,697,1493,-52,21,2525,1500,,
Chamaeleon3,chamaeleon3,GM,,,,,,,2851,-57,817,1500,0,0,3219,1500,,
SmeagolRadiatori,smeagolradiatori,CM,,DE,,,,,2289,22,414,2531,-132,26,2074,2000,,
BIZOO,bizoo,GM,PC's FAN,,"https://imgur.com/TAuBCko
Retired GM",,,,2774,4,8230,2894,-54,339,2923,2453,,
omw_up,omw_up,CM,Florian Atzl,AT,"Hey everyone; welcome to my lichess page! My name is Florian Atzl and i am a chess streamer on twitch, so make sure to check out my next stream: https://www.twitch.tv/fatzl

Don't be afraid to DM me on lichess or write something in the twitch chat if you have any questions :)",2197.0,,,2176,-52,3637,2346,-40,1013,2311,2289,,
Azuolas1,azuolas1,CM,,PL,,2045.0,,,2425,-6,276,2016,0,8,2544,1500,,
Hariputter,hariputter,FM,Tajus,US,"Hi! I'm your friendly cog sci guy, playing bullet for fun.
I was a Silver medalist in the 2009 World Youth Championship and earned my FM title that year.

Feel free to offer me a friendly match!",,,,2629,46,267,1500,0,0,2759,1500,,
Terminator2018,terminator2018,CM,,MW,,1830.0,,,1943,-90,10066,1374,32,481,2351,1500,,
Mndapoett,mndapoett,IM,Dao Minh Nhat,VN,"20 y/o. International Master.
Contact for working:
mndapoet@gmail.com
https://www.facebook.com/mndapoet/
https://www.chess.com/member/mndapoetzz04",2174.0,,,2420,-38,569,2361,-95,14,2797,1500,,
higescha,higescha,GM,Gennadi Ginsburg,DE,,,,,2491,-35,3013,1500,0,0,1826,1500,,
mikromurks,mikromurks,CM,,GB,,2228.0,,,2357,13,15300,2396,-16,76,2426,1733,,
q_een,q_een,CM,,CA,,3000.0,,,2205,17,1330,1998,109,116,2800,2261,,
PurpleAvocado,purpleavocado,IM,,RS,,,,,2516,4,912,1500,0,0,2744,1500,,
Mesa_1,mesa_1,IM,Fernando Valenzuela Gomez,CL,Chess player and chess coach! Former mathematician,2403.0,,,1938,0,2,1500,0,0,2910,1500,,
MarcTheSpark,marcthespark,NM,Marc Christian Nazario 💎,PH,"Started playing chess at the age of 8. I taught myself how to play chess as I found it very interesting. I earned my CM title at the age of 10, earned my NM title 10 years later. Check out my new YouTube at https://www.youtube.com/channel/UCYITV9CBfbSEOUS92gn-wIQ !",,,,2326,-1,1459,2241,-30,79,2737,1681,,
BryanL,bryanl,FM,,,,,,,2501,-8,2999,2256,21,630,2891,1853,,
legato,legato,FM,,,,,,,2628,7,11170,2298,71,111,2586,1882,,
pneumatico94,pneumatico94,NM,,,,,,,2373,-9,9890,2378,-2,27,2701,1500,,
khaledYousef22,khaledyousef22,CM,Yousef Khaled,EG,,1902.0,,,2410,-14,3882,2379,20,292,2552,1778,,
MiroMiljkovic,miromiljkovic,GM,Miroslav Miljković,RS,"chess lessons for all levels

https://ratings.fide.com/profile/922722

https://lichess.org/team/trio-fantastico-and-friends",2404.0,,,2458,-3,6194,1743,-16,40,2737,1683,,
shtrubi,shtrubi,IM,,IL,"International Master
Searching for toutnaments on June and July",,,,2464,27,5625,2559,-60,288,2750,1500,,
Varinius,varinius,CM,Tadeáš Baláček,CZ,"Looking for an opportunity to play in a german league.

https://ratings.fide.com/profile/327646",2354.0,,,2619,34,4450,2578,20,47,2709,1969,,
emese,emese,WFM,,HU,,2080.0,,,2146,-24,2391,2349,0,11,2236,1500,,
Artem_Sadovsky,artem_sadovsky,IM,Artem Sadovsky,CY,Freedom24 Chess Academy,2473.0,,,2541,20,2078,2222,0,6,2853,1748,,
torrentec,torrentec,FM,Alejandro J. Torrente C.,CO,,2178.0,,,2448,-14,7914,2411,-47,82,2637,1500,,
caktchess,caktchess,NM,,US,,,200.0,111.0,2408,-17,216,2315,92,53,2531,2010,,
pedrada88,pedrada88,IM,Jose Camacho Collados,KR,,2408.0,,,2531,14,3153,1500,0,0,2619,2390,,
Tintirito,tintirito,GM,,,,,,,2822,-43,517,2679,58,30,3023,1500,,
tapu21,tapu21,IM,,,,,,,2634,24,1167,1283,0,1,2883,1500,,
Thej11,thej11,GM,Thej Kumar,IN,,2433.0,,,2471,23,835,2388,132,100,2207,1912,,
GoodKnightRookie,goodknightrookie,NM,Connor Clarke,GB-ENG,,2244.0,,,2446,3,20201,2433,-8,4584,2685,2108,,
SuperbAmir,superbamir,FM,AmirHossein Jamshidi,,Hey there! I'm 26 years old Fide Master & Fide Instructor available for lessons and Training games and also for leagues and tournaments all over the world. Have fun!,,,,2752,19,1284,1500,0,0,3017,1500,,
almatyonelove,almatyonelove,IM,Evgeniy Pak,KZ,,2384.0,,,2581,-37,620,2403,-95,84,2487,1500,,
SILVERKNIGHT101,silverknight101,NM,BRAYAN ANGEL AMAYA,US,"https://imgur.com/G8e2Swp
20 yr old National Master
https://www.youtube.com/@LMBrayanAmaya  
https://www.twitch.tv/blitzwizard94  
https://discord.gg/7bRGtrgg9Z
https://lichess.org/team/blitzwizard94-ghost-clan",1972.0,2262.0,,2529,10,6001,2234,93,171,2808,2326,,
Mescalero81,mescalero81,IM,Daniele Genocchio,IT,,2381.0,,,2527,-19,15063,2105,0,7,2722,1334,,
bluemint,bluemint,WFM,Melissa Rodriguez,,,,,,2018,1,3943,2063,-65,89,2047,1500,,
liczner,liczner,IM,Łukasz Licznerski,PL,"IM 2460, still growing^^

Professional chess coach, my prize is 30E/hour.

I'm highly interested to play leagues and tournaments all over the world.
Feel free to contact me trough:
https://www.facebook.com/liczner95/  
or
licznerski95@gmail.com
Have fun!",2460.0,,,2832,-10,7514,2593,78,34,3001,1680,,
Horobetz,horobetz,NM,Graham Horobetz,US,"If you have any questions on lessons - please feel free to message me! I enjoy working with motivated players!

https://lichess.org/coach/Horobetz",,2416.0,,2592,19,3561,2559,6,2542,2753,2323,,
FightYourself,fightyourself,GM,Barış Esen,TR,www.gmolmahayalim.com,2478.0,,,2600,-5,321,2004,0,1,2900,1500,,
Tendency,tendency,WIM,,,,,,,2387,-13,406,2237,0,9,2624,1500,,
SD63,sd63,FM,,RU,,,,,2574,20,3499,2676,128,258,2783,1500,,
vincentmasuka,vincentmasuka,GM,,,,,,,2463,11,6017,2581,-45,370,2501,1947,,
bouzidian,bouzidian,CM,Ahmed Bouzidi,TN,https://imgur.com/iRcvoZx,2241.0,,0.0,2297,5,19629,2347,46,303,1963,1930,,
samisahi,samisahi,IM,Samir Sahidi,AF,https://i.imgur.com/eC8qGME.jpg,,,0.0,2649,1,24054,2678,29,616,3059,2317,,
Candramawa_Meong,candramawa_meong,IM,,ID,,,,,2402,-43,1258,2035,-33,34,2298,2286,,
QWERT0808,qwert0808,CM,,LB,,,,,2572,-6,2785,2198,0,10,2780,2389,,
polishmozart,polishmozart,CM,,PL,,,,,2387,-45,1578,2160,123,15,2645,1707,,
chesslismab,chesslismab,IM,LISANDRO FERNANDEZ,MX,O,2357.0,,,2429,-50,1780,2408,64,20,2537,1726,,
KAPUTVSEMU,kaputvsemu,IM,Erik Obgolts,,https://ratings.fide.com/profile/24199044,2455.0,,,2769,5,6108,1500,0,0,3074,1500,,
Dapsay,dapsay,IM,Oladapo Adu,US,,2225.0,2354.0,,2536,29,37572,2518,33,521,2536,2109,,
Respectful_Dave,respectful_dave,FM,David Maycock,GB,YouTube: https://www.youtube.com/@RespectfulDave,2308.0,,,2498,9,2199,2405,43,152,2854,1500,,
laguun,laguun,FM,,,,,,,2454,-1,9641,1500,0,0,2833,1500,,
hari2209,hari2209,IM,FT Harikrishnan A Ra,IN,Grand Master and FIDE Trainer from India,2536.0,,,2603,-52,6659,2503,71,96,2827,1500,,
BobbyFisher_1943,bobbyfisher_1943,CM,,DO,,,,,2089,-20,1114,2338,60,65,2001,1500,,
onlychesss,onlychesss,FM,Jeet Jain,IN,"I am a fellow enthusiast of the royal game! As a FIDE Master with a peak rating of 2361 and two IM norms, have clearly demonstrated a significant level of skill and dedication to chess. Achieving norms at the International Master level is a testament to my strong performances in high-level tournaments, and achievements at Asian, World, and international tournaments.",2334.0,,,2670,13,3527,1985,-12,30,2725,1500,,
Weerasekara,weerasekara,FM,"Weerasekara, Dishal Nimsara",LK,https://imgur.com/0gzGpvs,2109.0,,,2457,-44,4897,2548,-9,4167,2652,2367,,
Noves,noves,NM,Leonardo Correa Braga Camara de Almeida Neves,BR,"""Chess, like love, like music, has the power to make men happy."" - Siegbert Tarrasch",2161.0,,,2501,10,13236,2468,-42,1818,2542,2125,,
Jhezz02,jhezz02,FM,Jean Zambrano,EC,"https://i.imgur.com/bPfGOjl.gif
La mente humana es limitada, pero la estupidez humana es ilimitada.  – W. Steinitz",2083.0,,,2385,11,1994,2003,0,9,2603,1500,,
Apjoshua,apjoshua,FM,,,,2304.0,,,2641,33,9818,2745,26,198,2639,2415,,
dawtonlms,dawtonlms,FM,,,,,,,2361,-8,1820,2334,148,24,2684,1877,,
disto,disto,CM,,GR,,,,,2313,-47,5326,2395,12,533,2577,2148,,
Felix_Kuznetsov,felix_kuznetsov,FM,Феликс Кузнецов,RU,Chess coach. Индивидуальный тренер по шахматам. Подробности в личные сообщения.,2328.0,,,2631,8,4607,2609,8,238,2877,2112,,
IwkooO,iwkooo,FM,Iwo Godzwon,PL,,2411.0,,,2555,47,1508,2362,-6,24,2809,1500,,
Eliteplayer4,eliteplayer4,WCM,,,,,,,2202,-50,3390,2312,9,373,2421,1975,,
sumsar42,sumsar42,GM,Rasmus Svane,DE,"https://www.twitch.tv/gmrasmussvane
https://www.youtube.com/@GMRasmusSvane42",,,,2876,26,9663,2925,22,168,3062,1500,,
FedirBohatyrchuk1892,fedirbohatyrchuk1892,NM,Oleksandr Matlak,UA,https://ratings.fide.com/profile/148061879,2235.0,,,2503,34,8758,2601,42,468,2600,2248,,
vvchessli,vvchessli,IM,,US,,,,,2700,-15,9871,2757,-7,1199,2900,2430,,
koziororo,koziororo,FM,,,,,,,2466,-43,1564,2606,-27,140,2831,1394,,
ScrewlessMachine,screwlessmachine,NM,,,,,,,2265,-52,120,1500,0,0,2522,1500,,
amrsobh,amrsobh,IM,عمرو صبح,EG,,2217.0,,,2348,-47,11723,1152,0,6,2268,1500,,
ariosp,ariosp,IM,Alejandro Rios Parra,CO,https://ratings.fide.com/profile/4400348,2247.0,,,2423,-14,3815,2387,8,331,2308,1283,,
Ceejay24,ceejay24,FM,,,,,,,2403,-111,926,1769,0,3,2343,1500,,
Katarina0TP,katarina0tp,GM,Katarina,DE,"https://imgur.com/zglIXXd

GM EUW

too many cheaters in chess. very sad.",,,,2769,42,948,1500,0,0,3052,1500,,
kudryashka,kudryashka,WFM,,RU,,,,,2541,130,2293,2442,29,78,2496,1500,,
larso,larso,GM,Lars Oskar Hauge,NO,,2439.0,,,2501,-36,1830,2308,130,39,2936,1327,,
fighter18,fighter18,IM,Parviz Gasimov,AZ,,2362.0,,,2259,29,2286,2362,-6,153,2434,1497,,
G0DZILLA,g0dzilla,FM,,JP,,,,,2700,40,15321,2659,113,37,2944,2210,,
rachidhuilda,rachidhuilda,CM,raphael mayaud,FR,,2202.0,,,2375,17,810,1549,0,2,2140,1298,,
Matetricks,matetricks,NM,Andrew,US,:D,,2350.0,,2488,-11,989,2428,-27,81,2902,2430,,
TruenoChess,truenochess,NM,Nery Junior,BR,"https://www.youtube.com/user/neryxadrez/videos .........
(NM) Mestre Nacional  (AGM) Arena Grande Mestre.
Campeão Brasileiro Absoluto pela Internet 2017.
Campeão Brasileiro Amador.
Treinador que já ajudou na formação de: 
Campeões Sul Americanos.
Mais de 50 campeões Brasileiros de categoria 
Aulas, cursos ou dicas de xadrez:
Contato: (34) 99272-8551 whatzapp ou 
neryxadrez@gmail.com",2217.0,,,2322,20,3229,2331,8,812,2451,2442,,
Marticafierro,marticafierro,WGM,Martha Fierro,EC,WGM-IM,,,,2460,-30,549,2111,0,9,2700,1500,,
Davjan,davjan,GM,David Arutinian,GE,Fide Senior Trainer and International Grandmaster,2551.0,,,2723,-7,1191,1817,0,11,2907,1500,,
ragetilt,ragetilt,FM,,DE,,,,,2680,-14,3948,1500,0,0,2779,1500,,
Abtron,abtron,IM,Orkhan Abdulov,AZ,"IM Abdulov Orkhan 
Available for online lessons and training games. (english,russian,turkce)I  Email:abdulovorkhan@hotmail.com",2401.0,,,2597,26,249,2363,-8,13,2497,1500,,
Premier_Chess,premier_chess,NM,Evan Rabin,US,"I am the owner of Premier Chess (www.premierchess.com), which offers school programs, corporate classes and private lessons. 

I have played in 850+ tournaments in 9 countries.",2050.0,2181.0,,2323,-66,6109,2309,1,490,2427,1624,,
macko06,macko06,FM,Marek Karas,SK,Available for chess lessons: marek.karas@vdp.sk,2305.0,,,2413,-1,5885,2543,59,261,2708,1258,,
Zazuliak,zazuliak,FM,Andriy Zazuliak,UA,"FIDE Master(FM) , National Ukraine Master (NM)
Chess player and chess coach",,,,2494,-29,9277,2284,-34,16,2701,1500,,
candychessboard,candychessboard,WFM,,,,,,,2339,49,1099,2378,-27,1155,2575,2128,,
peoncito19,peoncito19,FM,Benjamin Falcon,AR,Maestro Fide,,,,2505,20,8331,2563,140,55,2679,1500,,
PracticalChessBeauty,practicalchessbeauty,FM,Practical Chess Beauty,DE,"https://www.twitch.tv/practical_chess_beauty

Our main accounts: @destroyernumber1 and @MariusBajorski",,,,2478,-8,278,2311,195,20,2411,1500,,
elextranjero00,elextranjero00,IM,Ernesto Real de Azúa,AR,"Maestro Internacional con dos normas de GM y Fide Trainer, disponible para clases.
International Master with two Grandmaster norms, available for lessons
https://ratings.fide.com/profile/108154
Canal de youtube-Youtube channel: https://www.youtube.com/channel/UCw4CSMoATnwRmlF4bU0nVOQ
correo electronico-email: ernestorealdeazua@gmail.com

https://i.imgur.com/Xqt235U.jpg",2440.0,,,2616,-22,861,1781,0,1,2713,1500,,
wateenellende,wateenellende,IM,,_earth,"Good luck & have fun.
I don't beserk in bullet or in hyper btw.
https://lichess.org/FT0fcgQE My study where black get 6 pawns from the same colour on the same file in a sound game.
I hope that the house can finish the blitz liga with a single relegation this season.
If i play the daily hyper arena it will be once in every new week.",2346.0,,,2736,-1,7242,2305,0,3,2940,1500,,
tsakos27,tsakos27,FM,,GB,,,,,2384,-51,8392,2296,-57,14,2630,2240,,
DrAgnevstein,dragnevstein,GM,Valentin Dragnev,AT,"Grandmaster & Coach

https://linktr.ee/valentindragnev",,,,2694,-17,1066,1500,0,0,3000,1500,,
Garv1008,garv1008,CM,,IN,,,,,2359,-58,3662,2569,17,2289,2628,2071,,
Markus_Ragger,markus_ragger,GM,Markus Ragger,AT,,2601.0,,,2657,13,626,1500,0,0,2815,1500,,
Coolfish814,coolfish814,NM,Fedor Polyakov,LV,"Здравствуйте! Я — шахматный тренер из Риги, национальный мастер с рейтингом FIDE 2187.

📌 Более 5 лет опыта преподавания
📌 Сертификат тренера категории C

🏆 Среди учеников — чемпионы Латвии, первые разряды, рейтинг до 1700

💻 Индивидуальные онлайн-занятия — 35€/час
👥 Групповые занятия (для игроков от 2 разряда / Lichess >1600 / Chess.com >1250) — 10€ за 90 мин",2117.0,,,2312,17,918,2408,-6,638,2512,1500,,
pipita09,pipita09,IM,Miragha Aghayev,IT,"Masterclass di scacchi con il nº1 d’Italia GM Lorenzo Lodici e l’IM Miragha Aghayev, inizio il 15 dicembre, completamente online e con tutte le lezioni salvate e disponibili da studiare in qualsiasi momento: https://docs.google.com/forms/d/e/1FAIpQLSehbZjRp19hCjiilvpbmS_ve1OTDuOLPfZKYVc6Zqfe3bMTCg/viewform?pli=1

INFO: miragha.aghayev53@gmail.com",2434.0,,,2752,47,2457,1720,0,1,2903,2286,,
Pelageya,pelageya,WFM,Полина Гуткович,RU,,2105.0,,,2265,30,1839,2400,-75,104,2466,1631,,
YessssssDoooooThat,yessssssdooooothat,FM,MR. Private,NO,,2088.0,100.0,2.0,2638,-2,1943,2651,-47,260,2812,2265,,
katarinaostojic,katarinaostojic,WFM,,,,,,,2419,-39,755,2241,33,12,2405,1500,,
Niclas,niclas,GM,Niclas Huschenbeth,DE,"Hey hey! Mein Name ist Niclas Huschenbeth, ich bin Schachgroßmeister und Trainer. In meiner Online-Schachschule Chessence helfe ich Schachspielern ihre Ziele zu erreichen. Hier geht's zu Chessence: https://chessence.de

Und hier veröffentliche ich meine persönlichen Eröffnungs-Repertoires: https://modernchess.de",2607.0,,,2679,-87,1677,2526,34,41,2514,1500,,
Sankalp_Gupta,sankalp_gupta,GM,Sankalp Gupta,IN,,2536.0,,,2596,28,371,1500,0,0,3000,1500,,
Dr_Zee,dr_zee,FM,Aaron Paul Guthrie,,,,,,2336,-7,9821,2375,18,2574,2606,2171,,
TreinadorBR,treinadorbr,CM,Nery Junior,BR,"www.youtube.com/user/neryxadrez/videos ......... (NM) Mestre Nacional (AGM) Arena Grande Mestre. Campeão Brasileiro Absoluto pela Internet 2017. Campeão Brasileiro Amador. Treinador que já ajudou na formação de: Campeões Sul Americanos. Mais de 50 campeões Brasileiros de categoria Aulas, cursos ou dicas de xadrez:
Contato: (34) 99272-8551 whatsapp ou neryxadrez@gmail.com",2217.0,,,2324,-6,1676,2324,-30,228,2604,2412,,
DrChampionstein,drchampionstein,GM,,,,,,,1500,0,0,1500,0,0,3082,1500,,
caissa12,caissa12,WFM,Anahí Meza,AR,"👑 WFM Anahí Meza (Argentina)  
🎓 FIDE Trainer | FIDE Instructor (2024)  

🎥 YouTube: Gamblers del Tablero
👉 https://www.youtube.com/@GamblersdelTablero  

♟ Clases online| Entrenamiento personalizado",,,,2180,19,3174,2084,333,21,2219,1500,,
Roenko_Artur,roenko_artur,NM,Artur Roienko,UA,National master and chess coach,2213.0,,,2422,1,4536,2242,72,65,2602,1828,,
Weetik,weetik,FM,Vjacheslav Weetik (Витик),RU,Fm Rating std-2423 rpd-2445 blz-2469 Мой канал- goo.gl/zfaAvS,2423.0,,,2683,40,8681,2248,292,87,2855,1780,,
malkalmardgh,malkalmardgh,CM,,,,,,,2106,-9,26878,2058,-3,405,2267,1773,,
Henry_Onyekuru_21,henry_onyekuru_21,CM,,NG,,,,,2465,-6,3318,2441,88,110,2562,2333,,
lvlUIS10,lvluis10,FM,Leo Valle Luis,ES,"FM 
1/3 IM norm
18",2383.0,,,2595,-37,744,2094,53,64,2670,1500,,
Vladislav89,vladislav89,FM,Vladislav Chizhikov,RU,Coach,2242.0,,,2584,1,3390,2497,-22,510,2570,2119,,
elsas,elsas,FM,Sahebali Atanejhad,TR,,2050.0,2050.0,,2421,-16,24422,2522,28,339,2349,1562,,
NoGoaloKente,nogoalokente,FM,,,,,,,2301,-1,302,2299,0,2,2588,1500,,
supersipke,supersipke,GM,Sipke Ernst,NL,,2541.0,,,2744,91,373,2612,0,3,2530,1500,,
suyu28,suyu28,IM,Suyog Wagh,IN,Follow my youtube channel: https://www.youtube.com/@imsuyogwagh,2415.0,,,2722,37,1097,2468,112,30,2904,2029,,
chef26,chef26,FM,,,,,,,2341,-8,3389,2315,0,8,2032,2195,,
Millionaire_19,millionaire_19,FM,Daler Vakhidov,AU,"World Fide Master and CEO of RoyalChess 


https://i.postimg.cc/cHYL9gxj/IMG-3973-2.jpg",2313.0,,,2668,-2,1769,2502,-22,225,2708,1871,,
killer3333,killer3333,IM,,,,,,,2575,7,1049,2514,-53,55,2707,1500,,
Wild_of_luck,wild_of_luck,CM,,RU,,,,,2644,44,12999,2611,155,377,2805,2349,,
Dannyyi,dannyyi,FM,,DE,,1958.0,,,2417,-49,616,2381,-20,14,2501,1500,,
Lussuria,lussuria,NM,,,,,,,2472,33,2896,2504,237,38,2680,1500,,
Slmctk,slmctk,FM,Selim Citak,TR,FM Selim Citak,,,,2567,112,208,2378,0,6,2526,2066,,
Kirill_Klyukin,kirill_klyukin,IM,Kirill Klukin,RU,"Индивидуальные занятия для детей и взрослых!
lessons for children and adults!

Курсы для любителей:
https://klukin-akademy.ru/

Сайт:
https://klyukinchess.ru/

Youtube: https://www.youtube.com/channel/UCaWKsXy5RRwrIwieEUdTTog",2440.0,,,2756,22,5156,2694,4,415,3115,2343,,
ExcitingTrap,excitingtrap,WIM,Isha Sharma,IN,"Living in the 64 squares!
https://lichess.org/team/raos-corner
https://i.imgur.com/VaPpHr6.jpeg",2325.0,,,2291,-35,130,2368,62,16,2468,1500,,
kwchez,kwchez,IM,Kevin Wang,US,"International Master: currently accepting students, msg me for lessons!",2417.0,2500.0,,2474,-144,1771,2237,137,27,2715,1500,,
Nitratochess,nitratochess,GM,David Lariño,ES,"David Lariño Nieto más conocido como el Fo

Stremeo de vez en cuando en mi canal de twitch: https://www.twitch.tv/nitratochess",2477.0,,,2620,47,2041,2646,175,37,2852,1500,,
emonmarley,emonmarley,FM,,TR,,,,,2405,1,1180,2434,229,81,2715,2197,,
speshu,speshu,FM,,US,,2405.0,,,2201,12,24656,1500,0,0,2320,1500,,
michelyglesias,michelyglesias,CM,Michel Yglesias Herrera,CU,,2100.0,,,2227,-11,51996,1937,-112,226,2462,1801,,
Ratnakaran,ratnakaran,IM,,,,,,,2603,55,863,1500,0,0,2800,1500,,
krivoy1973,krivoy1973,FM,Александр Кривоногов,RU,,,,,2521,-16,2350,2325,135,46,2803,1749,,
santig8,santig8,CM,,MX,,,,,2335,62,3681,2002,44,697,2287,1485,,
SoFie1010,sofie1010,WCM,,TT,,1790.0,,,1737,-89,326,1727,-131,39,1680,1500,,
SindarovGM,sindarovgm,GM,Javohir Sindarov,UZ,"https://www.instagram.com/javokhir_sindarov/
My gmail sindarovjavohir01@gmail.com",2659.0,,,2828,37,3426,2204,-130,65,3231,1500,,
azchess21,azchess21,WFM,anahita zahedifar,,,,,,2312,55,3827,2232,77,73,2512,1258,,
Viktoriya1,viktoriya1,WIM,Виктория Тарасова,RU,Женский международный мастер по шахматам,2226.0,,,2380,-50,1570,2319,32,26,2199,1756,,
Noki102,noki102,NM,Nicholas Ladan,US,I am not going to participate in this moral degradation show :),,,,2464,-12,4334,2400,0,446,2655,2360,,
CrispinKream,crispinkream,CM,Darvi Abraham Crispin Ferreras,DO,"Darvi Abraham Crispín Ferreras

Mi ID FIDE: 6402771",2168.0,,,2257,22,9037,1892,-181,191,2573,2006,,
TimofeevAr,timofeevar,GM,Artem Timofeev,RU,,,,,2743,-13,1669,1500,0,0,1500,1500,,
chesskid111,chesskid111,IM,Ming Lu,US,,,2305.0,,2417,126,311,2320,35,56,2634,1859,,
Elfugitivo,elfugitivo,GM,,,"If you're going to cheat on me, don't play with me.",,,,2700,-22,5959,1500,0,0,2932,1326,,
ditkin,ditkin,NM,,,,,,,2454,12,7507,2046,0,5,2687,1500,,
wgmnikolova,wgmnikolova,WGM,Adriana Nikolova,BG,"WGM Adriana Nikolova current rating 2243. I started playing chess when I was at 4 years old. I became WFM 2007, WIM 2008 and WGM 2011.
Woman champion of Bulgaria on standard , rapid and blitz for 2011; Women champion in 2008 and 2012. 1st place for women at 1st Grand Open Golden Sands 2012. Many years youth champion until the age of my group in the country. 
Wins against strong players: GM Anna Ushenina-2492-when she was Women World Champion2012, GM Brkic Ante-2580, IM Potapov Pavel-2468, IM Vlasecchi Alessio-2428, WGM Girya Olga-2447...",2352.0,,,2472,-32,310,1980,0,3,2570,1500,,
richdataanalyst,richdataanalyst,FM,,,,,,,2612,-15,116,1500,0,0,2619,1500,,
Belezky,belezky,IM,Alex Belezky,DE,,2377.0,,,2447,18,1496,1648,0,1,2629,2127,,
Matlakov,matlakov,GM,Maxim Matlakov,RU,,,,,2795,-3,679,2099,0,1,2910,1500,,
RapiderSL,rapidersl,WFM,Newansa M Esandi,LK,,,,,2239,-5,744,2108,68,1838,2303,2172,,
subham777,subham777,NM,,US,,,,,2543,50,3446,2323,-15,310,2753,2081,,
StasSB,stassb,FM,Bukreev Stanislav,RU,,2405.0,,,2604,13,697,2167,67,30,3072,1949,,
Checksum,checksum,FM,Sean Vibbert,US,"Ph.D. in Electrical Engineering.

https://imgur.com/c9qqib5",,2436.0,,2734,115,2439,2455,-18,57,2815,2293,,
bizzaredovez,bizzaredovez,WCM,,,,,,,2183,0,8992,2002,0,11,2272,1500,,
sellaturcica97,sellaturcica97,GM,,,,,,,2800,-1,1884,2504,0,8,3068,1500,,
BlunderPandaZz,blunderpandazz,GM,,GB-WLS,Try to be the best at everything you undertake...,,,,2622,-6,6976,2104,0,7,3102,2565,,
HpRmDrNsT,hprmdrnst,CM,Cheapo Master (CM) - FIDE Certified Troll,SE,A good stalemate prolongs your life and a swindle a day keeps the doctor away!,,,,2466,0,23032,2283,153,152,2703,1500,,
Flawless_Fighter,flawless_fighter,WGM,Polina Shuvalova,RU,"IM Polina Shuvalova

Junior Wolrld Champion;
World&European Team Champion;
Online Olympiad Champion;
Bronze medal of Women's Wolrld Blitz Championship",2508.0,,,2547,-53,1460,2279,0,9,2799,1500,,
AVolodin,avolodin,GM,,,,,,,2631,4,1324,1500,0,0,2900,1500,,
Oleksiy_Gross,oleksiy_gross,NM,Oleksiy Solovchuk,UA,,2300.0,,,2536,6,7132,2547,-159,142,2653,2429,,
Doppelbauer01,doppelbauer01,FM,,,,,,,2609,30,4494,2524,-40,63,2748,1500,,
kasparicy,kasparicy,FM,Cristian Clement Daianu,RO,,2224.0,,,2127,-33,7924,2243,-54,118,2345,2252,,
second_life,second_life,GM,,,,,,,2518,6,6126,2282,3,20,2501,1500,,
Doomfist,doomfist,NM,Akande Ogundimu,NG,,,,,1963,-45,12,1609,0,3,2358,1533,,
MagzyPotato,magzypotato,FM,Saint Nicholas,CX,i like potatoes,,,,2471,-15,2297,2471,3,560,2906,1500,,
baslyabaslya,baslyabaslya,IM,,,,,,,2466,-119,785,1500,0,0,2654,1500,,
Knorthern_Knight,knorthern_knight,CM,Heskiel,NA,Just for fun,2095.0,,,2186,-55,4136,2201,-13,212,2219,2205,,
DO_2002,do_2002,FM,Dejan Omorjan,RS,,2319.0,,,2603,44,203,2427,0,8,2603,1500,,
Drunkenight,drunkenight,FM,,,,,,,2249,-16,16976,2012,0,2,2459,1500,,
Art-Vega,art-vega,CM,Mafaaz Khalid,,"I love Chess because it helps me in understanding life. Plus its tons of fun :)

Check out my YouTube Chess channel https://www.youtube.com/channel/UCcdWYFMXmjIrUsbXSOUo5FQ

Fide profile: https://ratings.fide.com/profile/7818424",2118.0,,,2454,-11,21347,2487,19,12059,2250,2355,,
ZugZwangTR,zugzwangtr,NM,,TR,,,,,2377,12,5129,2060,-120,82,2681,995,,
lucsart016,lucsart016,NM,Lucas Mendes,BR,"https://lichess.org/coach/lucsart016

2115 FIDE STD 2289 FIDE blitz 2214 FIDE rapid",2115.0,,0.0,2374,23,5214,2437,26,391,2482,2239,,
AlvaroHalay,alvarohalay,IM,,,,,,,2263,20,582,2394,136,36,2058,1500,,
donateIIo,donateiio,GM,,SI,,,,,2574,7,6244,2317,0,59,2897,1500,,
Keti_Tsatsalashvili,keti_tsatsalashvili,WGM,Keti Tsatsalashvili,GE,,2363.0,,,2278,-39,166,1500,0,0,2486,1500,,
Arisha_Kiseleva,arisha_kiseleva,WCM,,RU,"Привет! Меня зовут Арина/Ариша. Играю в шахматы с 5,5 лет и обожаю эту игру с первого дня. У меня свой Ютуб-канал Chess Ballerina https://www.youtube.com/channel/UChI1Sfjypo7lQZ_qdEqD8ZQ, Twitch-канал https://www.twitch.tv/chess_ballerina и клуб на Lichess: https://lichess.org/team/chess-ballerina Подписывайся и следи за анонсами!",,,,2277,-2,2006,2261,-118,28,2263,1500,,
Outsourcer,outsourcer,CM,,DE,,,,,2224,34,6514,1999,0,11,2503,1500,,
abhijeet1610,abhijeet1610,GM,Abhijeet Gupta,IN,"Hi,

I am currently taking new students, if you are interested ping me here!",2612.0,,,2699,-31,1128,2117,0,2,2745,1500,,
agvega14,agvega14,FM,Alejandro González Vega,US,"Chess has been my passion since I was a little boy. I never had a coach, so I strive to be the best coach I can to help those who, like me, love this beautiful sport and aspire to achieve mastery.  It is my pleasure to offer my chess and methodological knowledge to anyone who seeks a committed coach with their athletes.",,,,2301,29,4147,2280,0,7,2407,1500,,
Parkour1,parkour1,IM,Alejo Ismael Gimenez Aguirre,AR,,2275.0,,,2493,-5,15298,2518,25,174,2700,2062,,
masmos97,masmos97,GM,Masoud Mosadeghpour,IR,"https://imgur.com/mD3o86B

Hi guys . Thanks for following !

World champion U18 (2015) - Asian juniors champion (2015-2017)

Best Asian junior of the year (2015)

ready for online classes! you can message  me here and also on facebook",2500.0,,,2600,-41,3413,2663,32,111,3001,1861,,
FerDIINaNDo,ferdiinando,NM,,BR,,2262.0,,,2602,10,2284,2435,22,168,2605,2014,,
yuuki-asuna,yuuki-asuna,CM,Joseph Wan // 윤채,TW,"FIDE Candidate Master with 1 IM norm 
----------------------------------------------------------
#1 Classical (07/25/25); #1 Rapid (09/21/25); #1 King of the Hill (10/22/25); #3 Three-Check (11/10/25); #10 Crazyhouse (11/11/25); #10 Chess960 (09/10/21)
----------------------------------------------------------
• eyekon! 🐱👁 (bias[es]: sophia + yoonchae)
• blink! 🖤💗 (bias: rosé)",2255.0,2359.0,,2570,-3,1241,2873,21,241,2904,2627,,
Camilla_Lee,camilla_lee,NM,,CA,"Hello, I'm a National Master that plays chess for more than 15 years. I started streaming my online chess games pretty recently, check this out : https://www.twitch.tv/auroranight95",2218.0,,,2653,88,253,2502,-106,36,2828,1500,,
ShcheglovGleb10,shcheglovgleb10,FM,,AF,,2460.0,2558.0,2587.0,2556,0,1248,1500,0,0,2830,1500,,
Satranc_Youtube,satranc_youtube,GM,IM Satranc,TR,"https://imgur.com/QeyuOK1

YouTube: https://www.youtube.com/imsatranc ...............       
Twitch: https://www.twitch.tv/imsatranc .........................
Insta: https://www.instagram.com/imsatrancyoutube
Arkadaşlar biz iki Uluslararası Usta IM Deniz Özen ve IM Cem Kaan Gökerkan.
Satrancınızı geliştirmek ve kaliteli videoları kaçırmamak için Youtube ve Twitch'ten bizi takip etmeyi unutmayın.,",,,,2847,10,962,2522,-169,47,3033,1500,,
NiviAttack,niviattack,WFM,,,,,,,2289,-31,100,1500,0,0,2391,1500,,
Tanmaychopra,tanmaychopra,FM,Tanmay Chopra,GB,"20 years old - FIDE: 2387 + 2 IM norms

Coaching inquiries - here or at tanmay230804@gmail.com",2387.0,,,2507,40,1266,2409,68,684,2549,2043,,
ChSalas,chsalas,FM,,CL,,2370.0,,,2515,7,21063,1500,0,0,2618,1500,,
YegoryoCh,yegoryoch,FM,Egor,RU,,2255.0,,,2544,-43,369,2041,0,2,2619,1500,,
gakashchess,gakashchess,GM,Akash Ganesan,IN,,2495.0,,,2626,-12,325,1869,0,2,2723,1500,,
Alamzhi,alamzhi,FM,,,,,,,2576,-26,7310,2463,-14,21,2929,1500,,
kaissapy,kaissapy,WIM,Gabriela Vargas,PY,Curso en chessable: https://www.chessable.com/course/115553,2188.0,2228.0,,2350,-44,1198,2166,185,25,2448,1710,,
bubeng01,bubeng01,IM,,,,,,,2318,21,2189,2227,104,24,2206,1500,,
jmpion7,jmpion7,CM,,,,,,,2579,-27,10587,2452,-50,122,2713,1643,,
Heringit,heringit,FM,,BG,,,,,2383,-124,358,2112,-121,31,2401,1500,,
CALCMRGFM,calcmrgfm,FM,,,,,,,1964,-4,12123,993,0,5,1823,1683,,
Kazmin_Semyon,kazmin_semyon,FM,Семён Казьмин,RU,,2222.0,,,2753,11,299,2658,221,29,3014,1500,,
StoreySniper,storeysniper,FM,Charles STOREY,AE,"FIDE Master / FIDE Trainer Charles Storey.
My best book on The White Sniper 
https://charlesstorey.com/ols/products/the-white-sniper-manual
England International Junior Team Coach
Skype 1-1 chess Lessons book them https://www.charlesstorey.com
Chessbase Author of The Sniper and The White Sniper    
Course creator of:
Super Human Chess Engine
40 Types of Tactics",2300.0,,2342.0,2451,34,17115,2309,-81,290,2535,1918,,
IapIap,iapiap,FM,,,,,,,2044,-2,843,2287,-88,258,2045,2087,,
coach_armin_khajavi,coach_armin_khajavi,FM,Armin Khajavi,IR,A good chess player has a good personality.,2312.0,,,2466,-31,267,1483,0,7,2574,1248,,
GinoNZ,ginonz,CM,,NZ,,,,,2423,15,4521,2183,19,60,2530,2167,,
Antelacus,antelacus,NM,Alberto Fabris,IT,"Italian NM, 2230 Elo FIDE.
Twitch streamer.
Youtube channel owner.
Official chess coach.",2230.0,,,2380,16,2516,2237,-45,326,2205,2144,,
ZoubkovaVila,zoubkovavila,IM,Jan Vykouk,CZ,,2516.0,,,2612,-68,4771,1500,0,0,2768,1500,,
dabee,dabee,FM,Adegboyega Adebayo,NG,Reactivated,,,,2509,-28,19139,2328,83,96,2574,1500,,
Akylbekov_Nasir,akylbekov_nasir,FM,Nasir Akylbekov,KG,FIDE-Master,2208.0,,,2368,10,1162,2358,-64,32,2610,1500,,
Ketchup,ketchup,FM,,,,,,,2415,43,2326,1881,0,7,2375,1927,,
sodabread,sodabread,FM,,IE,https://www.easypeasyfoodie.com/wp-content/uploads/2019/03/IMG_4812-3.jpg,,,,2360,44,8060,2279,-48,154,2700,1909,,
bigmaster24,bigmaster24,NM,,,,,,,2580,-90,2710,1500,0,0,2818,1500,,
Amazon_A,amazon_a,FM,,,"https://www.youtube.com/c/ChessAmazon

https://i.postimg.cc/GtGw2ttP/image.jpg",,,,2442,-13,6187,2506,30,24,2511,1500,,
ummi_fisabill,ummi_fisabill,WIM,,,,,,,2371,-7,933,2229,-178,18,2408,1500,,
Krunchmaster,krunchmaster,CM,Kudakwashe Sibanda,ZW,"Chess is war, it is no ground for the weak and cowardly.",2021.0,,,2294,-6,9265,2196,111,16,2327,1656,,
Devil_Sun,devil_sun,CM,,,,,,,2325,8,1013,1491,0,3,2728,1500,,
DZLethal,dzlethal,NM,,,,,2200.0,,2328,1,84,2253,-123,143,2403,2210,,
Ulterior_Motive,ulterior_motive,NM,,,,,,,2372,-28,159,2507,37,12,2561,2116,,
alekhinejaja05,alekhinejaja05,NM,Adrián Matias Moldovan,AR,El esfuerzo mismo para alcanzar las cimas basta para llenar el corazón de un hombre,2156.0,,,2503,-21,812,1500,0,0,2747,1500,,
StasKoronaGdansk,staskoronagdansk,CM,,DZ,,2126.0,,,2363,13,1295,2046,34,51,2663,1676,,
virapo,virapo,FM,Victor Ramon Polo,CO,,2213.0,2334.0,,2270,31,19505,1924,-173,20,1949,1500,,
zoranp,zoranp,IM,Zoran Petronijevic,RS,"International master, Professional chess coach. If you want training feel free to ask me: zpetronijevic2004@yahoo.com",2405.0,,,2599,-43,1151,1500,0,0,2594,1500,,
Tactical-Attack,tactical-attack,NM,,,,,,,2235,18,249,1500,0,0,2413,1500,,
Vitamixbrand,vitamixbrand,NM,Pupu Churru,,"https://twitch.tv/professordaddi

Tell me what you'd rather do than stick your hog into a Vitamix (TM) brand high performance blender?

Titled player(s)
https://www.vitamix.com/

#rus
#gre
#ind
#fra
",,,,2805,32,1181,2430,-5,23,2700,1500,,
xAloneRebelx,xalonerebelx,FM,,_earth,,,,,2612,30,2810,2727,52,319,2958,2379,,
Giannatos,giannatos,FM,Peter Giannatos,US,"Founder and Director of the nationally recognized Charlotte Chess Center.

In 2004, at the age of 13, I competed in my first tournament. Reached 2000 in 2008, NM (2200+) in 2013, FM (2300 FIDE) in 2017. Adults can improve but must keep their minds open to learning new things.

In 2014, I graduated from UNCC with a Bachelor's Degree in Economics, and in the same year, I founded the CCC.",,,,2482,44,4612,1729,0,3,2604,1500,,
mariaesthergranados,mariaesthergranados,WIM,Maria Esther Granados,NI,-Penta Campeona Nacional de Nicaragua,,,,2050,-17,1659,1672,0,8,2247,1500,,
Durarbayli,durarbayli,GM,Vasif Durarbayli,AZ,"https://i.imgur.com/95MLDFLt.jpg
durarbayli.com
chessever.com",2638.0,2700.0,,2805,26,1237,2977,64,506,2600,1500,,
S_DM,s_dm,FM,,EU,,,,,2544,25,917,2257,-3,35,2690,1500,,
chechereche,chechereche,FM,,,"FM, 2 IM norms. Available for lessons and training games also. Feel free to contact me via private on lichess.",2400.0,,,2487,-37,1314,1990,0,7,2738,1500,,
Saymone,saymone,IM,,FR,,2300.0,,,2425,-6,311,1500,0,0,2248,1500,,
ZivkovicN,zivkovicn,IM,Nemanja Zivkovic,RS,"https://www.risingstars-chess.com/ 
Chess coach- IM Zivkovic Nemanja from Serbia.
Standard fide rating 2411 
I am 31 years old and also a master professor of sports and Physical Education.
Feel free to contact me on e-mail   nemanjazivk1992@gmail.com

Discord  -ZivkovicN#6889
 https://www.risingstars-chess.com/   - website",2411.0,,,2368,-41,2600,2340,85,34,2636,2296,,
Haydon,haydon,FM,,GB,,,,,2574,-58,5956,1500,0,0,2894,2122,,
Khamzat_BChimaev14,khamzat_bchimaev14,CM,,RU,,,,,2422,43,119,1500,0,0,2472,1500,,
Marachris,marachris,WFM,Marianna Stefanidi,GR,"I am a chess enthusiast (ok, a Woman Fide Master - peak: 2178 some centuries ago)",2012.0,,,2005,-117,3625,2182,51,155,1989,1490,,
Roelax,roelax,GM,Roeland Pruijssers,NL,,2537.0,,,2737,163,124,2207,0,1,2511,1500,,
PchelkinVK,pchelkinvk,CM,Andrey Ermolaev,UA,"Добавляйтесь в Команду! - https://lichess.org/team/pchelkinvk-team
Всем привет!  profile/14112825 
 I rarely play rematches
Реванши играю редко независимо от результата, но 1 партию сыграю точно!
I don’t play for teams. В команды не вступаю и соответсвенно ни за кого не играю!",2246.0,,,2666,-20,37667,2429,-24,4440,3002,2437,,
sunloong,sunloong,FM,Alex Davies,CA,"https://imgur.com/WYwOWEn.jpg

Chess Federation of Canada rating: 2242; sunloong on chess.com; xanda on FICS (freechess.org) and ICC (https://www.chessclub.com/help/CFC3.01); favourite game: Karpov-Miles, Skara 1980 (1.e4 a6, 0-1 in 46, http://www.chessgames.com/perl/chessgame?gid=1068157)",2147.0,,,2037,2,422,1979,7,301,1856,1500,,
effefe,effefe,WIM,Florencia Fernández,,,,,,2305,-2,2012,1922,0,1,2506,1670,,
SavvaVetokhin2009,savvavetokhin2009,GM,Savva Vetokhin,RU,"16 лет, GM. My club
https://lichess.org/team/savva-vetokhin-2009-team",2572.0,,,2713,10,3434,2825,49,415,3061,2572,,
Andrey-Ivanov2011,andrey-ivanov2011,CM,Andrey Ivanov,IE,,2074.0,,,2228,-30,463,2303,17,25,2425,1500,,
venajalainen,venajalainen,GM,Klementy Sychev,,Hi all! I'm GM  Sychev Klementy from Russia. Fide:2572 . Available for online coaching and training games. email me if you are interested: clim96@mail.ru,2574.0,,,2800,-8,3265,1893,83,17,2988,960,,
NelsonLinda,nelsonlinda,CM,,,,,,,2655,-46,1054,1500,0,0,2936,1500,,
Jotheboss,jotheboss,FM,,DE,,,,,2346,10,9824,2302,-69,1536,2402,2045,,
johngalt1618,johngalt1618,WFM,,,,,,,2196,16,437,2221,84,184,2362,1500,,
Charlie_nic,charlie_nic,IM,Carlos Dávila Lopez,NI,,,,,2556,19,4060,1892,0,8,2483,1848,,
DarkAlekhine,darkalekhine,GM,Stamatis Kourkoulos,GR,,2532.0,,,2750,27,7132,2365,0,108,2979,2355,,
eva2012,eva2012,WFM,Evangelia Siskou,GR,,2026.0,,,2069,30,216,2122,42,1321,2029,1964,,
Ilmiron,ilmiron,FM,,BY,,,,,1500,0,0,1500,0,0,2357,1500,,
TrappedPiece,trappedpiece,FM,,,,,,,2598,25,3157,2352,40,276,3008,2381,,
Asaf_Givon,asaf_givon,IM,Asaf Givon,_earth,"International master,2 GM norms, and a chess coach.
https://www.youtube.com/asafgivon",2470.0,,,2672,14,9431,2581,8,224,2960,2588,,
KillerR00k,killerr00k,NM,Goodwill Khoa,MX,"NM
NATIONAL CHAMPION 2013",1850.0,,,2166,38,5889,2159,130,24,2170,1999,,
sorito,sorito,FM,,,,,,,2460,-97,3725,1500,0,0,2566,1500,,
slp04,slp04,FM,,,,,,,2622,-16,8240,2562,100,92,2599,1500,,
facu14101998,facu14101998,NM,Facundo Domínguez,UY,,2167.0,,,2342,16,3417,2499,75,139,2761,2113,,
AFAZ,afaz,CM,,PE,,,,,2469,32,13729,2306,-47,384,2727,1736,,
Leon_Blanco,leon_blanco,NM,Arauz,US,,,,,2426,13,50462,2312,252,50,2535,1500,,
Playwellsometimes,playwellsometimes,FM,vedant goswami,IN,"web.chessgurus.com

Subscribe to my channel
 https://www.youtube.com/@BangaloreChessAcademy

Fide Master and Fide Trainer

Love playing a few casual games sometimes.

Other hobbies long distance biking and lawn tennis",2103.0,,,2209,44,1995,1596,-24,199,2286,1486,,
LastGladiator2,lastgladiator2,GM,Aydin Suleymanli,AZ,Contact: suleymanliaydin1@gmail.com Available for training games.,2637.0,,,2806,-5,1173,2576,3,41,3230,1500,,
Gnechko_Ruslan,gnechko_ruslan,NM,Руслан Гнечко,,https://i.imgur.com/J6kKcQD.jpg,,,,2482,-7,14504,2230,-274,165,2423,2161,,
mEmoRabLesLUISITo,memorablesluisito,CM,,ES,,,,,2383,-2,51,1500,0,0,2379,1500,,
VladislavKrasikov_FM,vladislavkrasikov_fm,FM,Vladislav Krasikov,NO,"Hi everyone!My name is Vladislav Krasikov!I am a Fide Master.My rating in classical chess is 2314.
I became the champion of Moscow (in 2014) and of Moscow region (in 2016, 2017)
Achieved the title of FM in 2016.
Now I am working as a chess tutor, the price of a lesson in SKYPE costs 40€/an hour. Classes are conducted in English,Russian and Norwegian.If you are interested,feel free to contact me",2314.0,2314.0,,2439,17,12730,2407,-56,428,2887,2450,,
Patzel,patzel,IM,Patrick Zelbel,DE,"King's Gambiteer ☺
instagram.com/patzelchess

Press Officer of the International Dortmund Chess Days
YouTube: https://www.youtube.com/channel/UCxV0ITPKLXwqLTLAVA026zw/",2448.0,,,2608,10,1698,2550,30,13,2769,1500,,
ChessWizard521,chesswizard521,GM,,US,,,,,2655,9,594,2577,100,24,2922,2178,,
Alexr58,alexr58,IM,,,,,,,2448,-44,24236,2303,-7,3746,2607,1500,,
MeneerMandje,meneermandje,GM,Thomas Beerdsen,NL,Nobody said it was easy,2533.0,,,2620,41,8261,2340,-84,421,3115,1500,,
robertoyepez,robertoyepez,NM,Roberto Carlos Yepez Rodriguez,MX,Maestro Nacional,,,,2256,4,66440,2210,-1,2798,2259,1672,,
defense57,defense57,CM,,,,,,,2124,-4,30336,2260,5,2286,1842,2202,,
Ednsia,ednsia,WFM,Ednásia Júnior,AO,,1895.0,,,2088,22,2312,2154,-25,71,2128,1500,,
skilledassassin04,skilledassassin04,CM,Gurbanov Ismayil,AZ,https://www.chess.com/member/skilledassassin4,,,,2532,-29,1618,2606,23,73,2979,2259,,
Profxibanga,profxibanga,IM,Rui Dâmaso A.,PT,Talvez um outro dia...,2429.0,,,2567,86,147,2106,96,22,1491,1500,,
Shivananda1964,shivananda1964,FM,Roman Goldin,IL,FM,2288.0,,,2305,-15,11107,1201,0,1,2448,1500,,
Glek_Igor,glek_igor,GM,Igor (Игорь) Glek (Глек),_russia-wbw,"Grandmaster, FIDE Senior Trainer, Arbiter FIDE, FIDE International Organizer. 
Number 12 in the World by rating in Year 1996 (2670). Autor of the school chess books (1.Basic course 2. Tactics 3. Strategy; Moscow 2018). 
Several openings systems called Glek Variation:
in 4-Knights Opening (4.g3) in KingsIndian Defence (Classical line, 7...Na6) 
The winner of more than 150 int tournaments",2670.0,,,2496,15,6293,2338,0,10,1901,1604,,
masterr_yi,masterr_yi,FM,,ID,,,,,2484,0,3452,597,0,9,2602,1352,,
davidwinns,davidwinns,CM,,DE,"If it doesn't challenge you, it won't change you.",,,,2248,4,3536,2235,-36,1151,2246,2222,,
Lefleau,lefleau,IM,Marius Amba,CM,J'aime énormément la philosophie et le lien qui existe entre le jeu d'échecs et la vie réelle. Mon ouverture préféré c'est e4 !,,,,2204,-44,33028,2297,-39,114,2268,2033,,
Godzillator,godzillator,FM,,DE,,,,,2401,23,11824,2167,0,7,2503,1500,,
Unmillondejaques,unmillondejaques,FM,,ES,,,,,2437,-41,4765,2429,54,254,2657,2242,,
Stanmaster14,stanmaster14,FM,Stanisław Osiecki,PL,lubię grać FM.,2082.0,,,2112,29,5633,2100,-72,116,2040,2087,,
EminovOrkhan,eminovorkhan,FM,Orkhan Eminov,TR,,,,,2559,-28,5725,2563,13,78,2813,1500,,
titanshahmat2003,titanshahmat2003,CM,Maxim Snigurov,UA,"https://lichess.org/team/A8wK2UAK
Чемпион города Одесса (2024) (2025)  насчет тренировок, пишите в личные сообщения
https://lichess.org/fide/14143488/Snigurov_Maxim",2371.0,,,2683,-28,6541,2467,-13,325,2946,2537,,
TheLlamaLord,thellamalord,NM,bendy cable,US,,2119.0,2186.0,,2357,-92,13193,2456,-110,1182,2701,2299,,
blundermary,blundermary,WFM,,,,,,,2154,-78,885,2230,13,38,2198,1500,,
Nagimov_Artiom,nagimov_artiom,FM,Артем Нагимов,RU,"https://ratings.fide.com/profile/4171128
https://ratings.ruchess.ru/people/5432",,,,2468,-34,1690,2423,-68,20,2737,1500,,
querencia,querencia,IM,,,DM me for training or practice games,,,,2492,-135,535,1500,0,0,2826,1500,,
Supelyel,supelyel,NM,Yelfry Torres,DO,Suscribete a mi canal de YouTube: https://www.youtube.com/c/supelyel/?sub_confirmation=1,,,,2410,17,9460,2416,85,31,2668,1500,,
Blixiron22,blixiron22,NM,,,,,,,1996,-134,515,1974,-206,68,2324,1500,,
LongLiveTheKnight,longlivetheknight,NM,,US,,,,,2370,-24,1047,2633,53,103,2549,1500,,
CrusherMachine1908,crushermachine1908,FM,Crusher Machine,_earth,"Just a common bullet machine
https://i.imgur.com/vgij8Nh.jpg",3000.0,,,2599,-22,2176,2471,-21,217,3039,1500,,
coco_cr,coco_cr,NM,Edwin A. Urbina,US,"Hello there! It's Edwin.
High-Performance Chess Coach and Yoga enthusiast.
I am also interested in Physics, and human behavior.

Book a coaching session at: https://on.sprintful.com/edwinurbina",2132.0,,,2280,-1,5765,2291,-69,106,2514,2274,,
hirnloserverlierer,hirnloserverlierer,IM,,,"If you offer me a draw, I will find you, come to your house, and replace all of your stupid Berlin opening books with Najdorf ones.",,,,2653,-24,1661,2811,42,210,3009,2301,,
EunaaaXinn,eunaaaxinn,WFM,,US,,,,,2412,103,128,2384,46,12,2441,1500,,
wLh26,wlh26,IM,,,,,,,2592,18,391,1500,0,0,2975,1500,,
elm20o7,elm20o7,FM,,DE,,,,,2470,-170,331,1171,0,4,2811,1500,,
dl154,dl154,NM,,,,,,,2215,-40,462,1963,0,3,2329,1500,,
A-AE,a-ae,FM,,,,,,,2535,11,4588,1782,0,1,2604,1500,,
gameadventure,gameadventure,FM,,GL,,,,,2541,-47,543,2283,0,7,2652,2122,,
fighter098,fighter098,FM,Panesar Vedant,IN,,2419.0,,,2558,-51,1074,2384,37,29,2825,1500,,
Itachi_Ut,itachi_ut,FM,Матвеев Владимир,RU,"Мастер ФИДЕ по шахматам. Начинающий стример. С 2014 года по сегодняшнее время  являюсь тренером по шахматам. Обучаю детей  уровня от начинающих до КМС. Мой канал: https://www.youtube.com/channel/UCaSi0ZY-qt4keVP-mBRlvGg?view_as=subscriber
https://www.twitch.tv/matveev_vladimir",2368.0,,,2537,7,16487,1724,0,8,2676,1500,,
giram,giram,CM,,,,,,,2088,-31,2848,2120,25,119,2103,1500,,
entrenador_Lcst,entrenador_lcst,NM,Luis Carlos Sánchez Trejo,MX,"Entrenador de ajedrez con más de 20 años de experiencia, apasionado de la belleza del juego y un eterno aficionado con elo fide, promotor, difusor e ingeniero en sistemas, en prime.",1882.0,,,2058,-44,199,1963,0,10,2157,1500,,
LGchessmaster,lgchessmaster,FM,Levon Galoyan,AM,I love play chess,2227.0,,,2409,-22,1261,2258,-1,112,2603,1334,,
TriniCupid,trinicupid,FM,Kevin Cupid,TT,"Here to get you to the next level. Message me for coaching services from beginner all the way to 2200, I am here for you.",2189.0,,,2299,20,9902,2026,0,10,2471,2068,,
ploddingpawn,ploddingpawn,WFM,Cindy,CA,,,,,2356,-9,1931,2344,129,43,2655,1162,,
Kildepiotr,kildepiotr,IM,Piotr Piesik,PL,,2427.0,,,2406,28,14475,2256,0,1,2638,1500,,
oaao-2011mf,oaao-2011mf,FM,,CU,,2272.0,,,2164,-17,910,2321,35,337,2653,2092,,
InnocuousMate,innocuousmate,NM,,NG,I am no one. A boy has no name,,,,2503,19,8725,2287,17,12,2642,1500,,
Sabreena,sabreena,WCM,Sabreen abdelhameed mouawd oraby,,,,,,1891,-24,7816,1973,70,447,1807,1354,,
Lekelementos,lekelementos,FM,,TR,,,,,2219,-101,1458,2003,-216,338,2459,2375,,
Bamboccione,bamboccione,FM,,IT,,,,,2798,3,963,2110,0,6,2937,1500,,
Khromkin,khromkin,FM,Андрей Хромкин,RU,,,,,2330,16,26112,2283,43,45,2575,1500,,
gameoverbro,gameoverbro,NM,Maroun Tomb,CA,"Never cheated, never will... Have fun reporting me when I play like a boss...
2018 & 2020 Olympiads - Team Lebanon... 
2018 & 2019 Pro Chess League - Team Chessbrah...",2177.0,,,2529,34,10915,2536,73,219,2731,1932,,
HovmoellerHest,hovmoellerhest,FM,Kristian Hovmøller,DK,,2260.0,,,2307,25,371,2060,0,9,2498,1500,,
LazyCat11,lazycat11,IM,,RU,,,,,2489,39,6280,1911,-252,15,2373,1500,,
VincentKeymer2004,vincentkeymer2004,GM,Vincent Keymer,DE,,2700.0,,,2918,22,3767,1500,0,0,3258,1500,,
tamojerry,tamojerry,IM,Reza Mahdavi,IR,,,,,2816,-6,8159,2544,64,21,3171,2448,,
thaytoancovua,thaytoancovua,CM,De Toan Le Trong,VN,i love chess,1974.0,,,2422,42,54,2331,-111,21,2372,1500,,
Avenger82,avenger82,IM,,,,,,,2933,24,4249,2346,-64,91,2824,1500,,
Slea,slea,FM,,,,,,,2458,10,12596,2398,-138,388,2665,2156,,
vinceyoung15,vinceyoung15,NM,,,,,,,2181,-88,159,1663,0,6,2323,1500,,
MrGreen08,mrgreen08,CM,,GB-SCT,,,,,2395,4,3798,2378,36,57,2576,1919,,
Ilostagain2,ilostagain2,FM,Nayem haque,BD,I am Fide Master Nayem haque from Bangladesh,2184.0,,,2267,17,950,2079,0,6,2312,1500,,
NCMM,ncmm,CM,Nelson Carlos Muñoz Misselis,PA,,1718.0,,,1834,-20,7497,1811,-24,207,1891,1867,,
TheBigGreek,thebiggreek,IM,Georgios Souleidis,GR,"TBGs Kalaschnikow-Sizilianer: 
https://www.chessemy.com/tbgs-kalaschnikow-sizilianer
Der Zauber von Endspielstudien:
https://www.chessemy.com/der-zauber-von-endspielstudien
TBGs Geheimwaffe gegen Sizi: https://www.chessemy.com/tbgs-geheimwaffe-gegen-sizi
Spiele 1.e4 wie The Big Greek: https://modernchess.de/spiele-1e4-wie-the-big-greek/",2418.0,,,2622,20,10481,2500,-20,653,2640,2402,,
patito2014,patito2014,CM,Enzo Leto,AR,,2148.0,,,2254,-80,2832,2229,51,58,2348,1779,,
Piscean64,piscean64,GM,,,,,,,2766,150,188,1500,0,0,2912,1500,,
Moro182,moro182,GM,Luca Jr Moroni,IT,,2556.0,,,2627,-35,2028,2193,-270,41,2897,1587,,
vlaxaki,vlaxaki,CM,,,,2206.0,,,2439,-6,1982,2567,1,1437,2632,2434,,
skif134,skif134,IM,Sergey Grishchenko,RU,,,,,2416,-11,2616,2415,-70,171,2774,1740,,
mezat,mezat,IM,mohamed elsherief,EG,"i am I.M mohamed ezat from egypt,",2401.0,,,2483,-36,3035,2266,85,13,2464,1500,,
NeymarSSJ,neymarssj,FM,,BR,Neymar da Silva Santos Junior,,,,2672,2,320,1500,0,0,2866,1500,,
GeographyMaster1,geographymaster1,FM,,,,,,,2525,8,167,1500,0,0,2678,1500,,
LuisMCPSantos,luismcpsantos,IM,Luís Santos,PT,"Mestre Internacional (Fide) desde 1986
Grande Mestre (Iccf) desde 1994
Coordenador de xadrez jovem e escolar no concelho de Loures, desde 1985 a 2006 e desde 2015 a Outubro 2022
Treinador escolar do Sporting Clube de Portugal desde Outubro 2022 onde lidera os Peões Irrequietos Mágicos. Esta organização tem também acordos de ensino nos Colégios Campo de Flores (Almada) e Moderno (Lisboa).",,,,2046,4,12,2132,-98,195,2402,1500,,
neverwin16,neverwin16,CM,,FR,"Available for lessons , ask me dm",,,,2497,43,208,2215,34,29,2642,1500,,
Mideden,mideden,CM,,,,,,,2166,-37,1634,2320,-34,190,2436,2136,,
guillan,guillan,CM,Dalson Holanda,BR,FIDE Candidate Master and Brazilian National Master,2047.0,,,2180,30,5902,2243,-13,106,2301,1209,,
patzerplay,patzerplay,NM,,,,,,,2418,-7,1337,2480,40,82,2687,2182,,
danesz2014,danesz2014,IM,Baratosi Daniel,RO,,2360.0,,,2427,11,4169,2402,87,196,2637,1555,,
franksa,franksa,FM,Franciszek Sernecki,PL,"""The future can always be changed""",2342.0,,,2476,9,1179,2390,211,14,2727,1500,,
gingerlover101,gingerlover101,CM,,AT,back in business,,,,2230,-17,2537,2302,35,25,2177,1500,,
Wild-King91,wild-king91,GM,,,,,,,2365,29,12,1500,0,0,3217,1500,,
sanjaypune,sanjaypune,FM,,IN,,3000.0,,,2614,-36,6088,2623,-27,397,2958,2069,,
erdalars6565,erdalars6565,CM,Erdal Arslan,,,,,,2128,-19,4164,2366,-19,108,2417,2077,,
straybullet,straybullet,IM,Sergey Koutsin,UA,,2481.0,,,2417,-18,12398,1500,0,0,2613,1573,,
Strelok2222,strelok2222,FM,,RU,,,,,2600,36,31315,2443,136,42,2806,1500,,
Andrey_Esipenko,andrey_esipenko,GM,Andrey Esipenko,,,,,,2883,57,472,1500,0,0,3111,1500,,
Misi_95,misi_95,GM,Misratdin Iskandarov,AZ,,,,,2731,15,5270,2571,143,13,2974,2256,,
BHARATH_SUBRAMANIYAM,bharath_subramaniyam,GM,BHARATH SUBRAMANIYAM HARISHANKKAR,IN,Fide id 46634827,2437.0,,,2444,184,1954,2480,74,180,2230,1500,,
nau64,nau64,FM,Jose Riverol,UY,"Maestro FIDE (MF)
www.nau64.com
Clases de Ajedrez por Internet.
https://www.twitch.tv/nau64ajedrez 
http://www.youtube.com/user/nau64",2304.0,,,2269,227,30,1683,0,1,2261,1500,,
hectorjose02,hectorjose02,FM,FM Héctor José Linares Orellana,,"La belleza de un movimiento no se refleja solo en su apariencia, sino en el pensamiento detrás de él. - Dr. Siegbert Tarrasch - 

The World is a chessboard and I am a patient player.",,,,2441,16,1541,2213,183,736,2612,1883,,
Lion-Al-Messi,lion-al-messi,FM,,,,,,,2579,-5,2527,2204,0,7,2725,1500,,
hugo314,hugo314,FM,,DE,,,,,2506,-12,9052,2428,1,37,2500,1500,,
prakharbajaj,prakharbajaj,CM,Prakhar Bajaj,,,,,,2414,-44,3683,2487,40,183,2600,1695,,
tigress123,tigress123,WIM,,,,,,,2150,-55,1981,2115,176,22,1954,1500,,
IMFAR,imfar,IM,,,,,,,2727,-22,13603,2246,-64,47,3029,1500,,
ThePatrick27,thepatrick27,FM,Patrick Aizpurua,PA,"Lichess coach, check out my public studies!

I started playing chess as part of my high schools after hours chess program . After a couple of years I became part of the Panamanian national team and played several Olympiads (2010,2012,2014). I'm a big fan of Vishy Anand's understanding of chess and Carlsen's fighting spirit.",2321.0,,,2658,30,15216,1979,0,5,2752,1500,,
HabibAmini,habibamini,CM,,,,,,,2308,-14,30209,2188,-50,78,2199,1500,,
nuadvaga,nuadvaga,CM,Nürnberg VaGa,CO,"Soy fan de Alexandre Alekhine (Y de Batman )...  Por su poderosa facultad para la combinación y la táctica, unidas a una desbordante fantasía, así como por sus tendencias agresivas: tal vez haya sido el más peligroso atacante de todos los tiempos. Junto a ello, una tenaz voluntad de victoria y una capacidad de trabajo.",2076.0,,,2245,23,5211,2280,-122,50,2194,1789,,
DJ_Haubi,dj_haubi,GM,Thorsten Michael Haub,DE,"GM since September 2015
My clubs:
SV Letmathe 1933 e.V. (Germany)
Schachfreunde Wirtzfeld (Belgium)
Stanislas Echecs (France)
De Sprénger Echternach (Luxembourg)",2303.0,,,2491,7,22025,2329,-3,3449,2491,2225,,
PaulfromSPb,paulfromspb,GM,,ME,GM,,,,2563,18,3212,2188,-139,60,2847,1500,,
AuraZ0,auraz0,IM,Erick Zhao,,,2412.0,,,2576,-24,298,2309,-49,22,2951,1500,,
Finally_I_Won,finally_i_won,CM,,BD,,,,,2287,-16,6747,2260,-192,161,2288,1500,,
lyaguwka_kvakuwka,lyaguwka_kvakuwka,IM,Roman Kezin,RU,"Провожу занятия,играю тренировочные партии.Пишите в личные сообщения.",2492.0,,,2627,39,4057,2363,-19,63,2790,1500,,
zorch81,zorch81,NM,Francesco Sorcinelli,IT,,2083.0,,,2114,39,27378,2100,-1,831,2400,1500,,
SarahLongson,sarahlongson,WFM,Sarah Longson,GB,"I started playing chess at 7 years old and appeared on Blue Peter with Garry Kasparov after winning the U7 Girls UK Chess Challenge.
In 2010 I made my England Women Olympiad Debut and scored 7.5/9 (unbeaten)
In 2013 I became British Ladies Champion. 
I now run the UK Chess Challenge and offer chess training sessions to children. 
sarah@ukchess.co.uk
Check out lesson schedule : lu.ma/ukchess",,,2185.0,2214,22,2269,2320,69,134,2215,1500,,
Jpgx,jpgx,CM,Juan Pablo Gamboa,AR,En la actualidad juego como esparcimiento.,2224.0,,,2133,-6,5974,1908,0,3,2178,1500,,
Kannkeen,kannkeen,NM,Daniel Yoshito Ikejiri,BR,"Mestre Nacional (MN)
Professor e Treinador de Xadrez 
Contato para aulas: https://www.instagram.com/mestreyoshi

FIDE rating: 1900+",,,,2205,10,161,2224,49,32,2209,2043,,
Kosto_Riko0608,kosto_riko0608,IM,Konstantin Nikologorskiy,RU,"Chess School CHESSWAY.RU . Hi, I'm Konstantin. I'm an International Master, a Champion of Russia, Europe and an Olympic champion. I have been a teacher in  the chess world for more than 10 years.",2413.0,,,2586,-29,1777,2538,25,44,2792,2077,,
Marjoirerdr,marjoirerdr,WFM,Marjoire Bocángel Chávez,PE,,,,,1907,49,3160,1740,-26,996,1844,1539,,
chessdex101,chessdex101,NM,,,,,,,2445,6,1352,2361,33,139,2446,1764,,
KuzubovY,kuzubovy,GM,Yuriy Kuzubov,UA,Academy of Olympic Champions www.chessua.com,2642.0,2736.0,,2681,-67,745,1838,0,9,2748,1500,,
Nipunxz,nipunxz,CM,Nipun Perera,LK,,1699.0,,,2006,9,792,1867,-47,57,1841,1500,,
Vlad__Lukiyanchuk,vlad__lukiyanchuk,NM,Vladyslav Lukiianchuk,UA,,,,,2477,52,166,1500,0,0,2861,1500,,
vampirenergetik,vampirenergetik,IM,Julian Estrada,MX,"Julián  Estrada
Maestro Internacional,2 Normas de GM
Entrenador de alto rendimiento.",,,,2319,-17,8260,2157,5,14,2356,2207,,
foldesmarci2009,foldesmarci2009,FM,Foldes Marton Gabor,HU,,,,,2445,186,1180,2337,-6,273,2621,1774,,
karinachess11,karinachess11,IM,Karina Ambartsumova,RU,"Hello everyone! I am Woman Grandmaster/International Master (top 50 women players in the world).
I am professional chess player and coach. My website is http://chesscoach.ru/en/glavnaya-en/ Мой канал на Youtube https://youtube.com/@karinachess, где вы найдете обучающие видеоуроки, стримы моей игры и комментарии. Подпишитесь, чтобы не пропустить обновления :)",2418.0,,,2612,2,2158,1500,0,0,2756,1500,,
Jemimapaulo2007,jemimapaulo2007,WFM,Jemima Paulo,AO,"U18

https://i.postimg.cc/sDmqdv5w/file-000000000830620abdc03730ca3d14b5.png",1970.0,,,2203,-6,9148,2141,-65,303,2367,2014,,
gokmet,gokmet,NM,,TR,,,,,2194,-14,128,1689,74,234,2790,1429,,
armsatellite,armsatellite,GM,Vahe Baghdasaryan,AM,,,,,2422,46,373,2501,154,23,2611,1433,,
Dsanchez1973,dsanchez1973,NM,,CA,Canadian NM,2095.0,,,2213,-10,5294,1411,0,1,2124,1500,,
VadimCernov,vadimcernov,IM,IM Vadim Cernov Anatolych,RO,,2434.0,,,2412,-1,31255,2693,22,1130,2683,2616,,
Jjjf,jjjf,IM,Ilia Martinovici,IT,________,2455.0,,,2621,-60,1032,1500,0,0,2954,1500,,
surreyking,surreyking,CM,Mark Josse,GB,Played Chess for 42 years,2235.0,,214.0,1482,-824,5963,2146,-93,268,2095,2215,,
DG_001,dg_001,FM,,AM,,,,,2460,-28,2111,1778,310,37,2724,1379,,
Sultanjr,sultanjr,IM,,PE,,2378.0,,,2488,3,10461,2412,-42,159,2644,1560,,
Supra_FM,supra_fm,FM,,,,,,,2449,-13,1816,1500,0,0,2101,2005,,
ded_moped,ded_moped,FM,,RU,,,,,2489,2,1374,1792,0,5,2657,1500,,
baguliches,baguliches,FM,,MX,,2397.0,,,2432,-62,4744,2312,-48,13,2804,1500,,
papadosor,papadosor,FM,Milan Jocev,RS,Available for coaching (contact me on milanjocev@gmail.com) and training games on boltchess.com,2219.0,,,2627,-21,6450,2648,14,332,2743,2191,,
anasta10,anasta10,WIM,Anastasia Avramidou,GR,,2267.0,,,2531,45,1565,2102,-103,54,2836,1500,,
WesleySoFTW,wesleysoftw,IM,,,,,,,2621,86,1111,2601,-12,333,1500,2284,,
andyrodri,andyrodri,GM,Andres Rodriguez Vila,UY,"Gran Maestro -Entrenador Profesional  desde el año 1997

Andrés Rodríguez Vila es el mejor jugador en la historia del ajedrez uruguayo. Aprendió a jugar a los 4 años contemplando las partidas que su padre disputaba con su tío. Inició su carrera deportiva a los 10 años.",2484.0,,,2487,-94,182,2204,-300,20,1500,1637,,
Hadza_3,hadza_3,FM,Amir Hadzovic,BA,"https://www.chess.com/article/view/coach-of-the-month-fm-amir-hadzovic
https://i.imgur.com/67tYNGY.jpg",2344.0,,,2379,-37,10924,2453,-68,196,2626,2265,,
Alindsay,alindsay,WIM,Ann Chumpitaz,PE,"Hi! I'm Ann Chumpitaz, Woman International Master from Peru :)",2270.0,,,2415,44,3101,2234,15,39,2783,1302,,
adi2944,adi2944,FM,aditya vikram paul,IN,"hi i am aditya , love to play chess and welcomes challenge to play.",2408.0,,,2334,33,109,2121,-120,68,2768,1500,,
daubon,daubon,IM,Dau Khuong Duy,VN,decent,2490.0,,,2862,-19,2808,2719,-9,347,3137,1717,,
Lavrik87,lavrik87,IM,,,,,,,2377,-11,9970,2384,154,57,2549,1500,,
beccra,beccra,WCM,,ZA,,,,,2012,-29,1488,1922,-20,107,1767,1976,,
IwantToBeGood,iwanttobegood,CM,,CC,"Hello! My name is Ahhmed Larssen. ? years old. I am just a player who wants to be good at chess, that""s all.",1069.0,,,2430,49,1968,2530,0,9,2628,1500,,
chessRoMania,chessromania,IM,Valentin Raceanu,RO,,2410.0,,,2547,34,1639,1736,0,1,2471,1500,,
SergerBeurier,sergerbeurier,IM,Floryan Eugène,FR,,2398.0,,,2724,86,2995,2399,69,378,2946,1683,,
Minty0209,minty0209,WFM,Thuy Nguyen,VN,,1874.0,,,2236,-38,1616,1968,28,158,2397,1465,,
lama17,lama17,NM,Horacio Pereyra,AR,,2153.0,,,2431,33,16607,2300,-30,28,2680,1846,,
MichaelOratovsky,michaeloratovsky,GM,Michael Oratovsky,ES,"Former student of Botvinnik-Kasparov chess school (1986-89)
max elo 2588 (2003)
Available for lessons. Details: mishelorat@hotmail.com
skype mishel74 WhatsApp +34657861920",,,,2688,37,496,2088,0,7,2710,1726,,
Train_Your_Dragon,train_your_dragon,NM,Rishabh Gokhale,IN,,,,,2578,-10,221,2490,-19,52,2703,1500,,
Ranindu___chess,ranindu___chess,IM,Ranindu Dilshan Liyanage,LK,,2353.0,,,2475,49,2487,2291,-49,30,2903,1500,,
Kanthecarowin,kanthecarowin,NM,,US,Not recapturing pawns,,,,2468,-13,7165,2509,-73,589,2527,1647,,
Nextlevel4naija,nextlevel4naija,IM,Isaac Okeke,NG,"Founder of LaddrChess.

Laddr makes it easy and exciting for you to learn and improve your chess skills.

Check it out at www.laddrchess.com


Climb the laddr🪜",,,,2300,-102,5168,2239,-38,67,2497,1500,,
wgraif,wgraif,FM,William Graif,,"FM William Graif
(DM for lessons!)

- The Gambit Man
- Current New York State Chess Champion
- Future World Chessboxing Champion

www.williamgraif.com

I currently have availability for a couple additional private students. If you are interested, please message me on Discord to discuss for free :)
https://discord.gg/qTgzNPrSkY  (my username:  wgraif)",,,,2315,-11,5109,2393,-68,144,2707,1960,,
Jernej_Skuhala,jernej_skuhala,FM,Jernej Skuhala,SI,Looking for teams in Europe to play leagues. DM if you looking for player.,2378.0,,,2498,67,223,2455,-77,80,2725,1500,,
Pandochka,pandochka,WGM,Maria Fominykh,RU,"Добро пожаловать на канал Формула шахмат! https://www.youtube.com/channel/UChMyNGGQh0WAeMQAG9pJxRA
Принимаю вызовы от тех, кого не знаю лично, только на стримах!",,,,2429,15,3928,2274,127,16,2500,1500,,
Olexiy_Bilych,olexiy_bilych,IM,Oleksii Bilych,US,,2460.0,2554.0,,2671,-61,980,2694,98,30,3003,1500,,
Eduiturri,eduiturri,GM,Eduardo Iturrizaga,ES,"Spanish Champion x3 (2021-2022-2023)
Venezuelan Champion x4 (2005-2006-2007-2008)
Olympic Medalist (Bronze) Turin 2006
Peak FIDE Ratings: Classic: 2674 Blitz: 2733 Rapid: 2700
Lessons, games, simultaneous please contact: eduiturri@hotmail.com
ID FIDE: 3901211",2600.0,,,2879,7,596,1715,0,1,3072,1500,,
Oresto,oresto,FM,Orest Vovk,UA,,2315.0,,,2512,17,1367,1500,0,0,2446,1500,,
Tuzibaba,tuzibaba,IM,,_earth,,,,,2278,0,31765,2126,158,357,2338,1500,,
Agontuk,agontuk,GM,Sayantan Das,IN,Fide ID: 5034426,2516.0,,,2557,52,4608,2367,64,47,2729,1500,,
extremeLearner,extremelearner,FM,Tahsin Tajwar Zia,BD,"""be a light unto yourself""",,,,2500,-17,1660,2435,212,24,2821,2046,,
kaissa10,kaissa10,WFM,,_earth,,,,,2221,61,78,1500,0,0,2276,1500,,
mango_toxico,mango_toxico,GM,,,,,,,2549,-33,1296,1500,0,0,2809,1500,,
holtchess,holtchess,CM,Matías halac,AR,"Greetings from Argentina, my name is Matias Halac.
I am fluent in Spanish, English, and Portuguese (I also lived in Brazil).
I've been playing chess for most of my life. I started with the basics at age 6 and participated in my first tournament at age 9.
At 48 years old, I have extensive experience in the world of c",2263.0,,,2627,5,11901,1696,0,2,2689,1500,,
hesham-a,hesham-a,GM,Abdelrahman Hesham,EG,,2435.0,,,2635,-16,6207,2521,0,2,2805,1500,,
Roman_Yanchenko,roman_yanchenko,FM,Roman Yanchenko,,,2466.0,,,2693,-4,6903,2822,12,221,2955,1500,,
Fermier1,fermier1,CM,,,,,,,1987,62,1119,1910,-91,274,1549,1335,,
Yemenchess,yemenchess,IM,بشير القديمي,YE,,,,,2597,37,777,2356,49,12,2567,1500,,
Tenamu,tenamu,WGM,Nafisa Muminova,UZ,,2274.0,,,2400,23,395,2077,0,8,2276,1500,,
Kevingeorgemicheal,kevingeorgemicheal,IM,Kevin George Micheal,EG,,,,,2342,29,1317,2210,31,343,2541,2080,,
l8pawn,l8pawn,FM,,,,,,,2373,-35,2484,2363,-16,834,2538,2041,,
Glupander8,glupander8,FM,,US,,,,,2524,4,973,2510,10,55,2642,1500,,
purposeless_73,purposeless_73,WIM,,,,,,,2526,132,630,1500,0,0,2670,1500,,
FISHER418,fisher418,NM,,,,,,,2536,-28,2291,1500,0,0,2518,1500,,
WelshWhiteSinge,welshwhitesinge,FM,Jonathan Blackburn,GB,"Enjoying the mental battle that chess gives us.
Welsh International
FIDE Master
Favourite opening: French Defense
Follow me on youtube: https://www.youtube.com/@JonnyChess64",2205.0,,2312.0,2379,-2,3191,2192,-26,60,2152,2016,,
K-Georgiev,k-georgiev,GM,,BG,,2592.0,,,2775,10,2251,2742,339,19,2910,1500,,
Gabdrakhmanov_Azat,gabdrakhmanov_azat,FM,Azat Gabdrakhmanov,RU,,,,,2542,-20,1265,1870,0,11,2773,1500,,
Blitzmachine2003,blitzmachine2003,IM,,,,,,,2659,-16,2435,2389,110,29,2801,1500,,
tigurones,tigurones,IM,Danylo Shkuran,UA,,2347.0,,,2510,42,495,1540,130,17,2378,1406,,
Som2310,som2310,GM,,,,,,,2808,-20,1088,2434,243,20,2784,1500,,
IGMGataKamsky,igmgatakamsky,GM,,FR,,,,,2729,-40,3450,2543,53,33,2769,1500,,
makeareason,makeareason,FM,Enrico Ghersinich,HR,,,,,2517,-16,16778,2225,-27,164,2821,2339,,
Mezioud-Amina88,mezioud-amina88,WGM,Amina Mezioud,,"Je suis Amina Mezioud ,Grand Maître International Féminin.Je pratique les échecs depuis 26 ans. Décrochant la première place dans plusieurs tournois internationaux. Qualifiée à 5 Coupes du monde Dames. Capitaine d’équipe de mon pays dans 5 Olympiades.
J’ai entraîné dans ma propre école d'échecs des enfants entre 4 à 14 ans pendant 8 ans de l’initiation au niveau avancé. J’ai aussi travaillé dans des clubs, universités et par internet.
Actuellement, je suis Conseillère Dames dans le siège de la FIDE.",2104.0,,,1613,28,76,1883,0,2,1095,1500,,
TheInfinityStone,theinfinitystone,WIM,,,,,,,2231,37,2064,2158,28,55,1867,1312,,
Jerome_Cooking,jerome_cooking,CM,,,,,,,2110,7,1870,2064,48,36,2560,1500,,
Schachmalanders,schachmalanders,CM,Jann,DE,"Ich spiele Schach. Nur anders.
https://www.youtube.com/Schachmalanders",,,,2503,12,4597,2545,23,233,2727,2356,,
alireza2003,alireza2003,GM,Alireza Firouzja,FR,"Instagram.com/AlirezaFirouzja
Twitter.com/AlirezaFirouzja
https://www.twitch.tv/alirezafirouzja",2778.0,,,2906,-3,530,1427,0,3,3241,1500,,
trainerm,trainerm,NM,,,peak: 2119 fide 2258 uscf 2311 cfc,,,,2431,-28,750,2513,104,110,2605,1500,,
MTN2020,mtn2020,CM,Daouda Ethmane,MR,,2040.0,,,2112,-14,3435,2460,91,63,2116,1500,,
JungBoss123,jungboss123,FM,Marek Pniaczek,PL,,,,,2371,-74,39,1362,0,6,2495,1761,,
Piterskii_KMC,piterskii_kmc,FM,Khodko Yurii,RS,ID Fide 24264717,,,,2550,7,13062,2386,27,953,2891,1496,,
jbj,jbj,NM,,,,,2410.0,,2662,-60,2791,2353,11,51,2742,2235,,
Oliver_Cromvel,oliver_cromvel,FM,,RU-TAT,Шахматист универсального стиля. В своей игре сочетаю активную позиционную игру направленную на достижение доминации и ограничение игры противника.,,,,2500,-36,11335,2308,81,368,2543,1500,,
brough,brough,FM,Arkadi Syrov,DE,,,,,2395,-91,3664,2253,-60,946,2306,1886,,
ChessTurner,chessturner,GM,,,,,,,2644,78,2030,2266,-12,269,2424,1954,,
AbdUllah1989,abdullah1989,CM,,,,,,,2282,-35,903,2243,243,19,2403,2039,,
Kyle_Reese,kyle_reese,CM,,DE,"I can't. Nobody goes home. Nobody else comes through. It's just him - and me.""",2147.0,,,2254,-28,19924,2162,0,2,2127,1500,,
NguyenDucHoa,nguyenduchoa,GM,Duc Hoa Nguyen,VN,,2415.0,,,2528,-27,11016,2165,-48,145,2838,2146,,
Muslim_player_05,muslim_player_05,FM,,,,,,,2403,106,61,1500,0,0,2737,1500,,
PrydunAndrii2004,prydunandrii2004,FM,Prydun Andrii | Pandr,UA,"Power of hopelessness | poh

Lichess chat: https://lichess.org/inbox/PrydunAndrii2004",2160.0,,,2314,-47,4117,2372,-64,255,2519,2197,,
halberdier77,halberdier77,NM,,,,,,,2277,-12,4661,2408,-37,56,2391,1500,,
Alimpic,alimpic,FM,Aleksa Alimpic,RS,"Are you looking for a chess coach? Check out my website: https://alexchessacademy.com

https://www.chessable.com/sidestep-the-kings-indian-grunfeld/course/283966/",2313.0,,,2619,-54,1392,2667,151,278,2770,2223,,
matols1992,matols1992,WIM,Olga Matveeva,RU,,,,,2369,31,2326,2322,4,82,2579,1873,,
CombativeEnemy,combativeenemy,FM,,TR,,,,,2719,-2,230,2497,-60,69,2730,2073,,
leplusfaible,leplusfaible,CM,Tanio NEDEV,FR,,,,,2434,41,5938,2404,48,86,2391,1500,,
BetulCemreYildiz,betulcemreyildiz,WGM,BETUL CEMRE YILDIZ KADIOGLU,TR,"13 times Turkish Women Champion.
World U20 Girls Championship 3th place
World U18 Girls Championship shared 1st place
www.betulcemre.com",,,,2421,72,79,2154,160,14,2390,1500,,
elefantemito,elefantemito,NM,,BR,NOVA LENDA DE SC,,,,2329,-11,653,2425,-19,200,2420,2097,,
ShavageShark,shavageshark,FM,,,,,,,2374,-42,656,2177,0,10,2509,1500,,
holy_ghost,holy_ghost,GM,,,,,,,2806,43,277,2632,-3,16,3041,2210,,
mr_lolipop,mr_lolipop,CM,knock knock,TR,,,,,2598,-30,1612,2370,-94,25,2829,1204,,
JasperDeGrote,jasperdegrote,FM,Jasper Beukema,BE,,2398.0,,,2447,2,3091,2587,47,201,2624,2386,,
KanalSzachowy,kanalszachowy,CM,Radek Szczepanek,PL,"Русский военный корабль, иди на хуй!",2215.0,,,2497,16,5969,2518,33,408,2601,2322,,
RussianBlizzard,russianblizzard,CM,Egor Baskakov,RU,,2215.0,,,2836,36,18175,2515,23,65,3023,1440,,
Ellaijio,ellaijio,IM,Badmatsyrenov Oleg,TH,,2432.0,,,2590,4,8799,2460,6,107,2914,2145,,
kleopl81,kleopl81,NM,Maciej Świcarz,PL,,2326.0,,,2654,63,666,2416,-101,61,2548,1500,,
removsky,removsky,IM,Remo Bassan,VE,"International Master 
ID: 3901564",2315.0,,,2544,-60,809,2207,0,1,2732,1500,,
xasid,xasid,IM,Юрий Жизмер,IL,https://lichess.org/team/zhizmer-chess-club,2348.0,,,2523,-27,5711,2029,-59,39,2525,1500,,
Robert_Sava,robert_sava,CM,Sava Robert Gabriel,RO,,1782.0,,,2352,-5,1388,1920,-133,86,2629,1647,,
gmmoranda,gmmoranda,GM,Wojciech Moranda,PL,Available for individual chess lessons,2541.0,,,2778,-10,2415,1500,0,0,2855,1500,,
Barbashinigor,barbashinigor,FM,Игорь Барбашин,RU,"Жизнерадостный, целеустремленный, уравновешенный человек, занимаюсь саморазвитием. К.М.С по шахматам, вживую играю редко, интересно слушать комментарии С.Шипова.Можно попробовать поиграть в блиц.)))",2169.0,,,2357,-5,47276,2231,19,24,2252,1500,,
IngOscarArdila,ingoscarardila,CM,Oscar Ardila,CO,,2017.0,,,2325,19,9767,2253,151,19,2509,1500,,
TonySoprano8,tonysoprano8,FM,,,,,,,2372,-4,2159,2396,-90,35,2357,1500,,
Rekcul,rekcul,FM,,_earth,"Head of data science.
Open for communication.",,,,2716,-12,11392,2192,-126,99,3078,1683,,
MAMAYOQUIERO,mamayoquiero,FM,,CN,,,,,2336,-3,8980,2193,21,38,2160,1452,,
octopus_assassin,octopus_assassin,FM,,,,,,,2379,-61,147,2249,0,3,2580,1500,,
myrcellatoc8,myrcellatoc8,CM,Garth Ian Owen,GG,,1840.0,,,1927,-40,3365,2098,12,1637,1954,2059,,
ubiq,ubiq,FM,Andrey K,,"I play too much bullet on my phone, so my rating fluctuates a lot...",2290.0,2290.0,,2415,56,1102,2425,-11,157,2330,2080,,
PChernomordik,pchernomordik,FM,Pavel Chernomordik,IL,FM from 2002,2167.0,,,2394,10,26915,2279,-34,58,1500,1500,,
ChessExplained,chessexplained,IM,Christof Sielecki,DE,"IM and Author on Chessable, please see https://www.chessable.com/author/Chessexplained/ for my latest releases.",2390.0,,,2506,-32,18479,2385,1,65,2815,2187,,
Tremil_2,tremil_2,NM,Tremil Anderson,US,"Aiming for top 700 in standard time controls, and top 150 in variants.",2009.0,2185.0,,2262,1,2393,2379,-66,270,2690,2203,,
kasztan_10,kasztan_10,WCM,,PL,,,,,2251,-70,77,1500,0,0,2442,1500,,
jdrc,jdrc,GM,Joshua Ruiz,US,http://ratings.fide.com/card.phtml?event=4400704,2502.0,2551.0,,2499,15,3881,2406,-19,69,2680,1500,,
akinator11,akinator11,NM,,,,,,,2306,13,1355,2259,8,311,2418,2094,,
blitzcopter,blitzcopter,NM,,US,,,2250.0,,2281,-27,362,1500,0,0,2420,1500,,
Tanaz_Azali,tanaz_azali,WFM,,IR,,,,,2383,-22,3562,1551,205,62,2376,1675,,
Zilleruelo,zilleruelo,CM,Diego A Zilleruelo Irizarry,PR,"https://www.twitch.tv/zilleruelo24
https://www.youtube.com/channel/UCl4lJjiMPtRq0A-t7iNXqhA
https://www.facebook.com/profile.php?id=61555843003803",2079.0,,,2401,-8,4513,2262,-101,115,2505,2102,,
JakaBrilej,jakabrilej,FM,,,,,,,2587,67,671,2586,82,74,2678,1500,,
krasavchik96,krasavchik96,CM,,TJ,"Тем кто ложится спать, спокойного сна.",,,,2563,15,402,1500,0,0,2765,1500,,
PolishEngland,polishengland,CM,.,PL,,,,,2377,18,2988,2474,137,323,2484,2181,,
hepyeke,hepyeke,FM,serkan yeke,TR,,,,,2245,-89,2826,2278,65,60,2446,1500,,
slowdumb,slowdumb,WGM,alexandra obolentseva,,https://giphy.com/gifs/penguin-antoinette-haebom-eMOmLrDdmw520R8Sqw,,,,2632,55,1720,2514,-11,147,2700,1500,,
Unkreativ3,unkreativ3,FM,,ID,"Rekor koordinat: 55,

Rekor Tumbuhan vs. Zombies Pemecah vas: 46",,,,2524,1,11640,2505,2,371,2824,2525,,
tesla960,tesla960,FM,,,,,,,2373,3,2535,1500,0,0,2494,1500,,
Number_1734,number_1734,FM,,RU,,2360.0,,,2478,17,4670,2596,-18,85,2492,1500,,
blue_tiger98,blue_tiger98,CM,Gasan Guliev,AZ,"Youtube: https://www.youtube.com/@Leo_Galante27
Обучаю шахматам. Цена договорная. По цене - в личные сообщения. I teach chess.  For the price - in private message. Chess courses are available, in pdf format, pgn for players rated 1000-2000. For the cost, please contact your personal messages. В наличии имеются шахматные курсы, в формате pdf, pgn для шахматистов рейтингом 1000-2000. Подробно в ЛС.",2123.0,,,2302,15,4975,2222,195,19,2524,1500,,
Patetico,patetico,IM,Huseyin Can Agdelen,TR,"Hello! I'm available for private lessons and training games, feel free to message me for more details.",2405.0,,,2844,15,1735,1500,0,0,3216,1500,,
FanniBanni,fannibanni,FM,,TR,"Der trank starb, der nicht trank auch, aber nicht gleichzeitig, denn der trank ihn überfuhr",,,,2312,23,654,1500,0,0,2591,1500,,
Eliclax,eliclax,CM,Tony Wang,NZ,,1908.0,,,2049,34,1163,2210,-22,104,2172,2098,,
gerla,gerla,IM,,,,,,,2577,25,1395,2616,87,168,2555,2361,,
MalatiaGM,malatiagm,GM,Levon Babujian,AM,,,,,2649,-21,1259,1695,0,3,2718,1500,,
guillembaches,guillembaches,IM,,,,,,,2434,-13,706,1500,0,0,2537,1500,,
PetrHollan99,petrhollan99,FM,,CZ,,1100.0,1000.0,1000.0,2436,19,303,1500,0,0,2484,1500,,
njskaras,njskaras,NM,Nicholas Karas,US,,,2269.0,,2292,-24,1477,2429,22,90,2600,1500,,
StephenWilly,stephenwilly,CM,,US,,2333.0,,,2497,-14,4187,2537,-23,1917,2839,2264,,
Fibromyalgia,fibromyalgia,NM,,_russia-wbw,,2997.0,,,2325,-17,5784,2463,-26,552,2501,1500,,
Yarebore,yarebore,GM,Paweł Teclaf,PL,@azumilover my coaching page : https://lichess.org/coach/Yarebore for lessons you can DM on lichess or email me at yarebore2003@gmail.com I always play here with a phone so if you're slower than me something is wrong,2570.0,,,2982,26,13825,2565,8,41,3106,1752,,
darsen_dancer,darsen_dancer,IM,Darsen Sanzhaev,RU,,2411.0,,,2366,8,1123,2416,-52,122,2648,2365,,
DND_Me,dnd_me,WFM,,CN,,,,,2221,21,42,1944,0,8,2048,1500,,
Arad_Nazari,arad_nazari,IM,Arad Nazari,,Fide Rating 2425,,,,2734,15,7839,2281,29,65,3000,1500,,
mbodek,mbodek,IM,Michael Bodek,US,,,,,2589,-55,961,2585,-92,103,2667,2048,,
AlekseyBorisovich,alekseyborisovich,FM,,RU,FM,2302.0,,,2079,-82,9278,1928,-55,40,2184,1500,,
AP_86,ap_86,IM,Anatoliy Polivanov,,"Join my free chess magazine Chess Now:
https://t.me/ajedrezahora",,,,2544,-21,533,2040,0,4,2380,1500,,
cldng,cldng,NM,Ernest Colding,US,,2043.0,2214.0,,2309,18,8445,2363,17,297,2156,1481,,
lattykk,lattykk,IM,,US,,2401.0,,,2587,8,434,1903,0,4,3010,1335,,
jimakos,jimakos,FM,,GR,"the person who really deserves a second chance will never have to give it to him.. 

I would appreciate if you follow me on my account on kick I need to reach 75 followers so i can become affiliate there... 
https://kick.com/jimakos0909",,,,2511,-33,3937,2473,18,70,2918,2227,,
IncredibleFast,incrediblefast,CM,Kindor King,PL,Professional Bullet Player,2051.0,3000.0,,2307,-57,777,2270,-6,38,2607,2013,,
THDNiki,thdniki,WCM,T H D Niklesha Tharushi,LK,Professional Chess Player,1711.0,,,2244,234,107,1923,0,4,1743,1500,,
Kosnl,kosnl,IM,Borsuk Konstantin,UA,,2431.0,,,2597,16,2621,2268,83,23,2671,1978,,
kostya24,kostya24,NM,,CA,,,,,2438,-43,2829,2049,0,6,2595,1500,,
vishwa_vijeta,vishwa_vijeta,CM,,_earth,,,,,2570,-45,253,2464,0,6,2801,1500,,
DrPulcher,drpulcher,CM,Dr. Ralf-Alexander Schön,DE,"""Schach hat wie die Liebe, wie die Musik die Fähigkeit, den Menschen glücklich zu machen“ (S. Tarrasch)",2255.0,,,2274,11,13905,2185,-198,62,2100,1500,,
FredFertig_fuer_Arme,fredfertig_fuer_arme,FM,,,Die stärkste Kanalratte des Universums,,,,2505,-8,1749,2095,0,8,2739,1500,,
Andriy2006,andriy2006,FM,Andrii Palchuk,UA,,2360.0,,,2621,29,7524,2476,19,207,2824,2238,,
Aaron_Whitney,aaron_whitney,NM,,PL,,,,,2334,-33,9337,2354,71,759,2304,2349,,
ferdipy,ferdipy,NM,Fernando Díaz Santacruz,PY,,,,,2284,111,9409,2202,0,11,2500,1500,,
toninhojit,toninhojit,NM,,BR,,,,,2506,14,14236,2354,53,51,2603,1500,,
WhiteRabbit00735,whiterabbit00735,IM,,,,,,,2785,-27,2409,2274,0,7,2880,1500,,
shaheus,shaheus,FM,Алексей Лызлов,RU,"Быть ТРЕНЕРОМ и уметь УЧИТЬ – не одно и тоже! 
Уверен на 100% ШАХМАТЫ – должны и обязаны занять свое место в общеобразовательной школе. Разговоры об этом идут давно, получается плохо. 
I work under the program ""Chess at school"", I have about 700 children of different ages. I will consider job offers abroad.
shaheus@mail.ru 
МОЙ КАНАЛ: https://dzen.ru/id/622f576a73bcea5acee49a86",2304.0,,,2448,19,6426,2274,-12,7084,2337,2342,,
Beast64chess,beast64chess,IM,Muthaiah AL,IN,This is Muthaiah AL and I am an International Master with 2 GM norms and a FIDE Trainer as well. I have been playing chess for the past 13+ years. And I am also offering online coaching. Those who are interested can check my profile here https://lichess.org/coach/Beast64chess. You can also reach me at my email - muthaiahalagappan1999@gmail.com,2460.0,,,2653,0,6846,2223,-83,95,2407,2221,,
rsalcedoiii,rsalcedoiii,IM,Richelieu Salcedo III,AE,"Looking to level up your game? Come on!

International Master | Professional Chess Coach |

Message me on whatsapp - 0551034919",2315.0,,,2491,-52,2146,2343,3,22,2770,1500,,
Urkis,urkis,GM,Frode Urkedal,NO,Lazy GM ,2571.0,,,2793,34,5181,2728,20,328,2593,2195,,
Hanbutaev_2012,hanbutaev_2012,NM,,US,,,,,2452,-5,2767,2623,29,1094,2728,2191,,
Chop-That-Wood,chop-that-wood,NM,,GB,,2180.0,,203.0,2163,0,18987,2327,43,61,2193,1680,,
maxneo,maxneo,FM,Максим Омариев,RU,"Founder https://www.youtube.com/user/ChessMasterClub

Основатель проекта ChessMaster. 
Вступайте в наш клуб на Lichess.org, для участия в турнирах и командных битвах стримеров! 

Мой инстаграм - https://www.instagram.com/maxomariev/
Инстаграм школы ChessMaster - https://www.instagram.com/chessmaestro/
Канал со стримами - https://www.youtube.com/channel/UC9DazlnG7oG_J6Z8AJJaIqA",2304.0,,,2452,18,2840,2397,0,11,2607,1882,,
calinsah,calinsah,FM,Calin Gheorghiu,RO,Let's play a game and have fun on my Twitch channel!,2283.0,,,2436,92,1752,2376,45,28,2356,2159,,
whiteprocess,whiteprocess,FM,Tuna Özateş,TR,,2225.0,,,2510,-19,3459,1724,0,8,2702,1500,,
Adeeel,adeeel,FM,,,,,,,2561,-5,2391,2083,-70,21,2640,1500,,
adjorno,adjorno,FM,Mykhailo Dorokhin,UA,,,,,2452,-18,2521,2684,0,5,2602,1500,,
ASKA538,aska538,FM,Agustin Nieto,CO,"ID FIDE: 4435109
Universidad de Manizales",2110.0,,,2362,-18,3815,2249,97,31,2462,1500,,
UST_B,ust_b,FM,Andrea La Manna,US,"FM, 2184

Available for online lessons. Check out my page! https://lichess.org/coach/UST_B

Also looking for IM norm tournaments in US and Canada",2184.0,,,2515,29,4852,2568,26,263,2651,2435,,
RIPOL,ripol,IM,Richard Polaczek,,"Born 1965
IM (FIDE 1989)
IGM (ICCF 1993)
I like to play leagues.",2304.0,,,2145,-18,800,2469,84,55,2140,2216,,
PoppingCheckmates,poppingcheckmates,NM,Samuel Song,JP,"Favourite Chess Piece: King | Favourite Opening: Sicilian | Favourite Player: Garry Kasparov

Coach page: lichess.org/coach/PoppingCheckmates",,2300.0,,2703,85,2447,2877,183,79,2801,2279,,
Orlov_Oleg,orlov_oleg,FM,Олег Орлов,,Enthusiastic and ambitious chess trainer and coach with proven,,,,2511,18,3503,2402,4,2974,2720,2395,,
mutdpro,mutdpro,GM,Minh Le,VN,"Hello chessplayers! My name is Minh Le Tuan, GM 2567 from Vietnam.

Good luck and Greetings for all the players! 

I am available to play online training games at all time controls (may have brief analysis). Please contact me if you are interested.
I  stream on twitch.tv/gmminhle. I also have a Youtube channel: https://www.youtube.com/channel/UCLU-X2VEE9eu7VqNCDI5gHA  . 
Have a good day!",2514.0,2607.0,,2822,13,3491,2290,37,120,3206,1974,,
BXMSChess,bxmschess,NM,,US,,,,,2244,0,9052,2448,29,381,2394,2247,,
KingsCordial,kingscordial,FM,,,Meowington,,,,2471,-24,687,2530,-17,110,2520,1500,,
Kabeljaukrieger,kabeljaukrieger,IM,,DE,,,,,2500,-14,14944,2539,-60,164,2601,1500,,
alexcoach,alexcoach,FM,,IL,,2313.0,,,2560,-7,652,1500,0,0,2800,1500,,
Mastropierov,mastropierov,FM,Daniel López González,ES,,2278.0,,,2367,33,4189,2357,145,40,2213,1500,,
NonSens,nonsens,IM,,FR,,,,,2347,10,298,2167,0,2,2511,1500,,
PLUS_ULTRA22,plus_ultra22,CM,,PE,,,,,2361,-12,4658,2034,-120,204,2606,1500,,
smurf42,smurf42,NM,,TR,Konyali degilim,,,,2618,6,25342,2257,291,19,2886,1620,,
JaackCamel,jaackcamel,NM,,,,2050.0,,,2231,-42,5751,2295,4,1177,2148,1500,,
Hey_Shrimp,hey_shrimp,IM,,,,,,,2654,-105,1148,2159,0,6,2746,1500,,
C9C9C9C9C9,c9c9c9c9c9,GM,Andrew Tang,,"happy birthday hitesh
https://discord.gg/penguingm1
@penguingim1
lag switching = blocked
rejoicing for kb is banned

https://www.twitch.tv/penguingm1

https://i.imgur.com/UXscGr2.gif",,,,2679,-95,643,2803,68,16,2905,1500,,
Atom5,atom5,FM,Carlos Squella Lavín,CL,,2230.0,,,2342,-3,6045,1322,0,1,2393,1086,,
Ranaroek66,ranaroek66,GM,,,,,,,2735,-1,5143,1500,0,0,2763,1500,,
Dodosha_Rah,dodosha_rah,WFM,Dayane,AM,,2102.0,,,2145,-13,2782,1982,-1,56,2214,1898,,
BrightFalcon,brightfalcon,FM,,ER,,,,,2817,-19,1525,1500,0,0,2845,1500,,
Kavri,kavri,NM,,TR,,,,,2628,-21,5297,2532,-26,446,2906,2300,,
Logmann72,logmann72,IM,,,,,,,2342,52,7381,1919,0,1,2517,1500,,
JoeAssaad,joeassaad,CM,,LB,,,,,2683,-23,42876,2594,53,923,3006,2052,,
Sergeiaza,sergeiaza,GM,Sergei Azarov,_belarus-wrw,"International Grandmaster, peak rating of 2667
2x Belarusian Chess Champion (2001, 2002)
Chess World Cups: 2011, 2013, 2023
Vice-Champion, U-20 World Championship (2003)
5 Chess Olympiads (2000–2008)
Finalist, Corsica Circuit (2019)
Winner, Club Championships in Belarus, Ukraine, Turkey, and Slovakia
Training games and lessons: Sergeiaza@gmail.com",2600.0,,,2789,26,4311,2673,-7,48,2535,2293,,
Ivanchucky1609,ivanchucky1609,CM,Angel Ivan Quiroga Jaquez,MX,"Te invito a suscribirte a mi canal de youtube :

https://www.youtube.com/channel/UCJkWRNmKqn8F02cLbdZKGEA 
https://imgur.com/Dphussm",2118.0,2312.0,,2539,2,10497,2381,23,224,2469,1500,,
Trader72,trader72,FM,,,,,,,2673,36,2257,2654,-10,206,2800,2601,,
parajuli1982,parajuli1982,CM,Rajendra Kumar Parajuli,NP,"Hi its me Rajendra K. Parajuli from Nepal. A chess player and lover to this game. I started playing at the age of 16 without any coach. I earned Fide CM Tiltle in the year 2017 at Asian Zonal 3.2. My favourite chess players are many. To name some Kasparov, Aanand, Kramnik, Morphy and now Aronian. And from my countryman I am a great fan of Badrilal Nepali - a three time National Champion of NEPAL.",1777.0,,,1980,17,955,1939,0,1,1657,1721,,
Unicornz,unicornz,NM,Matt O,_earth,started playing tournament chess actively as an adult at 20 yrs of age. i often miss chat bc play on iPad and use zen mode.  like trying new positions and berserking so my rating fluctuates like btc.  hope to have instructive and fun games.,2188.0,2341.0,,2501,20,3925,2547,18,532,2708,2353,,
LionSatranc,lionsatranc,FM,Lion Satranç | Lion Chess Club,,Lion Satranç rehberliğinde doğru hamleyi yapın!,,,,2312,3,137,2162,0,11,2864,1500,,
petincash,petincash,FM,Petr Timagin,SI,Mikhail Tal,2340.0,,,2586,24,1102,2508,28,106,2693,1500,,
Fighter008,fighter008,IM,Nitin Senthilvel,IN,"International Master | India | 13 International Medals |
B.E.,Computer Science Engineer",2341.0,,,2457,76,999,1500,0,0,2679,1500,,
vladvg1972,vladvg1972,NM,Гончаров Владислав,RU,,,,,2491,4,4416,2363,126,75,2538,1500,,
SpeedMonkey,speedmonkey,IM,,,https://imgur.com/slgFSQx,,,,2576,-6,8308,2820,138,536,3002,2445,,
JacksterThePro,jacksterthepro,FM,Jacob Templen Grave,NO,"Hey! I am Jacob, a 22 year old FM from Norway with a great passion for chess. I offer private lessons for a reasonable price, please check out my coaching page and feel free to shoot me a message if you have any questions!",2371.0,,,2470,-19,4046,2670,33,445,2596,2427,,
skavpl,skavpl,FM,,PL,,,,,2575,-13,799,2429,-34,43,2377,1500,,
mihajlovskij,mihajlovskij,NM,,,,,,,2405,-35,1389,835,0,1,2587,1500,,
Smirnov_Pavel,smirnov_pavel,GM,Павел Смирнов,RU,Веду занятия по шахматам.Информация на сайте titanchess.ru.,2600.0,,,2687,65,3539,2524,0,3,2735,1500,,
Mr_Grey,mr_grey,FM,Максим Рудометов,,"lichess.org/coach/Mr_Grey
FIDE master.
Провожу индивидуальные занятия по шахматам со всеми желающими любого уровня от начинающего.
Помогу разыгрывать хорошо любой дебют, научу разыгрыванию позиций миттельшпиля (середину партии), пополню Ваши знания об эндшпиле (окончание партии).",,,,2335,-59,766,2446,118,63,2865,1500,,
Tematico,tematico,FM,Juan Camilo Arango,CO,"Liga: Valle
English and Spanish
www.twitch.tv/strongmoves",,,,2436,6,24317,2594,64,94,2712,1858,,
Funkmaus,funkmaus,WFM,She who dares wins,DE,"@LaDiva & @ZerkingQueen, they play so much better :-)
There is just no fear in them - they will always berserk and/or lefong you, if they get the chance!
Livestreams: https://www.twitch.tv/suitedconnect
Moderation questions, appeals and user support: lichess.org/contact or via discord: https://discord.gg/lichess",,,,2375,-12,4113,1500,0,0,2402,1500,,
Alex_Sahakyan,alex_sahakyan,IM,Alex Sahakyan,AM,,2405.0,,,2652,-17,5962,2575,48,217,2951,2040,,
Ruediger1,ruediger1,FM,,,,,,,2419,-41,7774,2223,17,12,2813,1991,,
YasseQuesada,yassequesada,GM,Yaser Quesada Perez,US,"Soy  GM entrenador y jugador activo con bastante experiencia. Doy clases por internet, tambien tengo una comunidad de ajedrez llamada Check! Donde podran entrenar con y como un GM. Informes x mensaje.

Este 2022 Campeon Nacional de Cuba y 3er lugar del Continetal San Salvador
Lugar 19 en la Olimpiada Mundial chennai en el 1er
Tablero
Supere los 2600",2604.0,,,2581,-1,1292,2345,73,12,2675,1500,,
Zenekritikus04,zenekritikus04,CM,,,,,,,2504,9,3539,2372,-21,92,2620,1500,,
Wizzy-D,wizzy-d,CM,Coach Wizzy,AU,https://lichess.org/coach/edit,2276.0,,,2138,-23,6149,2115,-138,119,2522,2256,,
AnnaSchach,annaschach,WIM,Anna Rudolph (Anna Onischuk),UA,"https://lichess.org/team/annaschach
https://i.imgur.com/owQ0aVH.jpg


Мой канал на РУССКОМ языке:
https://www.youtube.com/channel/UCciBGE5_jZbJ6RxHfEttavg?sub_confirmation=1",2200.0,,,2318,-2,3968,2522,142,261,2604,2240,,
balaverde,balaverde,IM,Pablo Almagro Llamas,ES,,,,,2608,20,17981,2753,40,110,2672,1500,,
sANdeEP2007,sandeep2007,IM,Sandeep Sethuraman,US,"I grew up in the United States and became an International Master at 15. I have over 4 years of experience coaching, and am always looking for more passionate students. I went through the process of improving as a young player very recently, so I have unique insights and many positions that will be beneficial for chess understanding. Send a DM to discuss lessons.",2418.0,2507.0,,2488,-40,2061,2650,75,357,2676,1741,,
WEPKINS,wepkins,IM,,US,,2372.0,2445.0,,2550,16,1707,2331,87,176,2849,1990,,
rodionolya,rodionolya,WIM,Olga Karavaeva,RU,Педагог по шахматам.,2281.0,,,1944,-198,3980,1361,-375,332,2061,1324,,
Faridder,faridder,FM,,AZ,,,,,2564,-32,1932,1948,-414,29,2856,1500,,
Ideika,ideika,WIM,Anna Novikova,RU,WIM,2247.0,,,2366,42,1748,2427,57,581,2402,2230,,
AAponte,aaponte,CM,Argimiro Aponte Ramos,VE,Entrenador Online.,2113.0,,0.0,2286,51,16990,2379,-56,169,2494,1500,,
Gdmonster22,gdmonster22,CM,,US,,2208.0,,,2541,39,3615,2138,-34,19,2458,1500,,
IgorMizinov,igormizinov,FM,Игорь Мизинов,RU,"Профессиональный тренер по шахматам.
Провожу индивидуальные онлайн/оффлайн уроки.",2275.0,,,2378,14,577,2178,-22,71,2390,2250,,
malkomilovich,malkomilovich,CM,,,,,,,2328,10,3478,2277,34,23,2230,1500,,
orrbaverlekszarnyon,orrbaverlekszarnyon,FM,,,,,,,2210,-12,64,1500,0,0,2135,1500,,
AperaciumNocturne,aperaciumnocturne,CM,Marcel,NL,,,,,2054,-33,719,1567,0,3,1905,1500,,
chessasuke,chessasuke,GM,,US,,,,,2517,-17,934,2283,87,37,2816,1991,,
Papillon64,papillon64,IM,,CO,,,,,2224,-13,484,1500,0,0,1493,1500,,
Mitrabha,mitrabha,GM,Mitrabha Guha,IN,"Follow In :- Twitch- https://www.twitch.tv/gmmitrabha
KICK- https://kick.com/gmmitrabha         

Join my team 
https://lichess.org/team/gm-mitrabha--friends",,,,2758,9,10858,2574,125,89,3080,2190,,
coachalexis,coachalexis,NM,,US,,,,,2345,17,964,2195,-79,14,2565,1841,,
Snapedidnothingwrong,snapedidnothingwrong,FM,Severus Snape,GB,I am the Half-Blood Prince!,2300.0,,,2438,9,543,2051,0,8,2499,1500,,
mmmike11,mmmike11,FM,Darko Mitrović,RS,"Euro2024 discount, available for training games",,,,2263,105,76,2431,-72,59,2347,2429,,
Lil_D,lil_d,WIM,,,,,,,2567,30,381,1552,0,1,2637,1500,,
JungleViking,jungleviking,GM,,,,,,,2719,151,167,1500,0,0,3106,1500,,
ExploringChess,exploringchess,IM,Christian Braun,DE,"Kingsindian-Attack-Player! :-)
https://www.chessemy.com/shop/eroeffnung/koenigsindischer-angriff/
https://www.youtube.com/channel/UCFCdQirxThuPKBY6Uf1KU-w",2453.0,,,2588,30,1745,2325,-41,170,2578,2100,,
Daskevich,daskevich,IM,,NO,,2458.0,,,2635,-22,12814,2292,-140,74,2832,1500,,
tiresias64,tiresias64,NM,,,,,,,2332,-17,6069,1500,0,0,2531,1500,,
marljivi,marljivi,FM,Jan Gombač,SI,I offer online chess lessons to everybody who are interested in making progress. I'm ready to teach anything about chess.,,,,2257,13,138,1500,0,0,1500,1500,,
Ajedrezczu,ajedrezczu,NM,,PY,Club de Ajedrez de caaguazu,1650.0,,,1847,-8,124,2014,0,3,2105,1500,,
Manuela004,manuela004,WFM,Manuela Hernández,CO,"ID FIDE 4483103
Liga: Risaralda
Club: GM Alder Escobar
http://ratings.fide.com/card.phtml?event=4483103",1950.0,,,2171,40,1082,1969,-77,92,2502,1454,,
arkadan,arkadan,CM,,,,,,,2386,-25,2418,2300,80,38,2822,2170,,
Grancanarias,grancanarias,FM,Victor Ramirez medina,ES,Soy entrenador de ajedrez doy clases personalizadas más información: 689221666,2301.0,,,2412,-3,10569,1756,0,8,2942,1500,,
Oganian_Miran,oganian_miran,IM,Miran Oganian,RU,,,,,2641,-3,3554,2654,-109,130,3012,1500,,
arvids_andrejevs,arvids_andrejevs,CM,Arvids Andrejevs,LV,"youtube.com/channel/UC4YQ1I_9lWmsDZkAjwQCrjg/live                                                                                                                                                                  
/
https://www.twitch.tv/pikabuchess",2200.0,,,2369,31,7524,2399,-35,519,2275,2125,,
rb1994,rb1994,IM,Ronald Brizuela,VE,"IDIOMA: Spanish, English.
Mi nombre es Ronald Brizuela , tengo 27 años de edad práctico esta disciplina desde los doce años. Me pueden contactar en:  ronaaldbrizuela@gmail.com. También por privado",,,,2726,-31,3681,2397,0,6,2901,2221,,
Jcrossover,jcrossover,NM,,,My claim to fame is that I used to be better than Raskerino,,,,2360,15,7259,2484,-29,1070,2519,1500,,
Resha1988,resha1988,IM,Alexey Reshetnikov,RU,"Связаться со мной можно: https://t.me/Reshetnikovchess

Шахматная платформа для обучения https://chessup.ru

YouTube https://www.youtube.com/@Reshetnikovchess

Клуб : https://lichess.org/team/reshetnikovchess",2492.0,,,2782,37,2552,2082,187,13,2742,1500,,
smealow,smealow,CM,Smilo Hlophe,SZ,....,1710.0,,,2046,-16,16990,2095,-43,3844,1899,1873,,
ondra2004,ondra2004,FM,,CZ,,,,1.0,2447,73,832,2234,126,38,2699,2047,,
Souhardo,souhardo,IM,Souhardo Basak,,,2393.0,,,2415,-7,457,2076,0,3,2862,1384,,
phenomen54,phenomen54,IM,,RU,Пройди курс начинающий шахматист https://bit.ly/2VBFCIx,,,,2172,-29,695,2258,242,17,2726,1280,,
tgk59,tgk59,GM,,,,,,,2824,41,1005,1500,0,0,2769,1500,,
Chesssaga,chesssaga,NM,,US,,,1894.0,,2384,74,423,2354,4,747,2556,2000,,
CaptainJackSparrow71,captainjacksparrow71,GM,,,,,,,2651,-9,230,1858,0,1,3084,1500,,
AvitalTotahat,avitaltotahat,GM,Avital Boruchovsky,IL,,,,,2612,-11,617,2299,52,14,2572,2082,,
Thunderbolt1909,thunderbolt1909,GM,Aditya Mittal,IN,"""If you wish to succeed, you must brave the risk of failure"".
-Garry Kasparov",2624.0,,,2594,-17,1564,2599,16,32,3008,1500,,
bryantman2014,bryantman2014,CM,Seyed Kian Ghoreishi Amiri,IR,,2082.0,,,2555,-33,84,1621,0,1,2722,1500,,
afarsek,afarsek,GM,Ilya Smirin,,IGM,2612.0,,,2596,6,49,1500,0,0,1500,1500,,
Queen_Ah,queen_ah,WFM,,US,,,,,1976,-20,1180,1938,-68,44,2117,1282,,
tritarov1960,tritarov1960,IM,mauricio jimenez,CO,,2299.0,,,2317,-7,14282,1927,91,17,2451,1699,,
Engr_arellano,engr_arellano,NM,Robert Arellano,IE,"National Master /
Arena Grand Master /
Fide National Instructor",2082.0,,,2262,16,8767,2377,29,704,2305,1945,,
Gigantobear,gigantobear,WFM,,,"I never accept unsolicited challenges - anyone who does so will be blocked. If you want to play me, join the arenas I play in.",,,,2398,-10,2958,2317,-12,362,2496,2331,,
dclasby,dclasby,FM,Derek Christopher Clasby,US,,2339.0,2426.0,,2649,-27,881,2036,0,1,3099,1500,,
borocotoajua00,borocotoajua00,CM,Matías Ianovsky.,AR,"Hi! I am Matías Ianovsky (FIDE Trainer. ELO FIDE: 2218). 
I coach students of all ages and skill levels. If you are thinking about lessons, I would be happy to setup a free 30 min lesson to discuss your strengths, weaknesses, study goals and craft a work plan. 
You can see legit reviews of my lessons in my coach profile. 



Contact me if you want to start improving your chess!",2218.0,2253.0,,2602,52,980,1500,0,0,2819,1500,,
cofre,cofre,FM,Néstor Cofré,MX,,2343.0,,,2386,-33,3601,2226,-205,104,2572,2180,,
anantone,anantone,FM,,ES,,2401.0,,,2451,4,10819,2556,100,52,2611,1500,,
Phillipe1995,phillipe1995,CM,Robin Midy,FR,,,,,2421,-16,5907,2260,24,56,2785,2099,,
ramakrishna64,ramakrishna64,FM,,IN,,,,,2320,32,9191,2102,-101,143,2245,2160,,
The_Machine04,the_machine04,IM,,DE,,2524.0,,,2532,14,7217,2523,34,144,2860,2416,,
MetreveliG,metrevelig,NM,Metreveli Georgii,UA,07.10.2009,,,,2318,-8,1281,2220,-16,68,2420,1500,,
MLev0907,mlev0907,FM,,TW,,,,,2433,-48,5359,2021,-48,343,2461,2135,,
JonasPradoLobo,jonaspradolobo,IM,Jonas Prado Lobo,ES,"https://www.youtube.com/@JonasPradoLobo?sub_confirmation=1

Seeking Invites to Closed GM Tournaments & Leagues 



https://lichess.org/team/effective-chess",2408.0,,,2612,-31,2696,2480,-144,21,3034,1500,,
srihari241105,srihari241105,GM,Srihari L R,IN,"IM Srihari LR
Fide : 46617116
City: Chennai
India



Chess is Life!!",2503.0,,,2637,30,9262,2537,95,111,2817,1500,,
JuliusCeres,juliusceres,FM,,BR,,2174.0,,,2439,17,4020,2150,34,395,2301,1500,,
darkhorse_98,darkhorse_98,IM,Yuriy Krykun,US,Enjoy playing this wonderful game!,2398.0,2502.0,,2644,13,1822,2560,105,34,2581,2005,,
Boudicca64,boudicca64,WIM,Giovanna Arbunic,CL,,,,,2008,-6,11988,1981,-69,71,1765,2039,,
James78,james78,IM,Jaime Valmana,ES,,2414.0,,,2357,-20,5643,2115,1,49,2668,1500,,
eskivelito,eskivelito,FM,Luis Esquivel Golcher,PA,"Panama City, Panama",,,,2291,6,1879,1500,0,0,2372,1500,,
VolcanoExplorer,volcanoexplorer,FM,,US,,2300.0,2380.0,,2588,19,1469,2528,70,18,2784,1500,,
AlainBruxelles,alainbruxelles,FM,,US,,2219.0,,,2332,-4,14028,2195,-4,83,2360,1500,,
harunov,harunov,FM,Haruna nsubuga,UG,"An established chess trainer from Uganda majoring in logical studies of the game. Available to all levels,beginners ,intermediate and advanced players.",,,,2223,-16,27421,2247,-41,573,2187,1794,,
chesslatte64,chesslatte64,CM,,US,,,,,2452,17,4330,2524,65,70,2566,2006,,
gaho2005,gaho2005,CM,,RU,,2210.0,,,2657,72,3944,2587,176,41,2944,1526,,
Kcnock2004,kcnock2004,IM,Saksham Rautela,US,,2401.0,,,2356,78,58,2350,-67,48,2442,1500,,
Lucachess20003,lucachess20003,FM,,,,,,,2515,61,1780,2360,98,32,2596,1500,,
molodoiataker,molodoiataker,FM,,PT,,1654.0,,,2581,-26,1141,2274,5,557,2603,1500,,
bancsoo,bancsoo,GM,Tamas Banusz,HU,"Hello, everyone! I'm Tamas Banusz, a Hungarian Grandmaster with a FIDE rating of 2623 and a proud member of the Hungarian Olympic team. Recently, I’ve embarked on a new adventure in the world of streaming. Join me at twitch.tv/gmbancsoo for exciting chess content, live games, and insightful commentary. Let's create an amazing chess community together. Come join the vibe and be part of the journey!",2623.0,,,2821,-25,2044,1500,0,0,2893,1500,,
Alexandr_KhleBovich,alexandr_khlebovich,IM,Alexander Khlebovich,RU,Индивидуальный тренер по шахматам. Частное обучение игре в шахматы взрослых и детей . Преподаю удаленно по Skype . Подробности в личных сообщениях или https://vk.com/id52478295,2446.0,,,2827,29,21383,2823,18,101,2800,2032,,
JustAnAppleToday,justanappletoday,FM,,UA,,2306.0,,,2450,-13,3799,2125,-133,24,2413,2113,,
spidernv,spidernv,IM,julian Nahuel Villca,,,2424.0,,,2526,7,4334,2297,77,38,2409,1500,,
Boydia-Sidi,boydia-sidi,FM,Sidi Boydia,US,"I'm here to be happy.. to fight to practice chess more and more to feel that I'm in life.
 
FM Boydia Sidi",2113.0,,,2292,-30,16315,2439,80,413,2456,1500,,
DrawDenied_Twitch,drawdenied_twitch,GM,,DE,,2564.0,,,2835,36,9859,2812,10,5896,3100,2619,,
Gabrielian,gabrielian,GM,Артур Габриелян,RU,,,,,2592,5,9573,2590,138,62,3005,1500,,
serendipitymate,serendipitymate,WIM,,_earth,Work in progress,,,,2204,22,447,2373,-31,38,2183,1500,,
Black_Winter_Day,black_winter_day,IM,Дмитрий Суманеев,RU,,2450.0,,,2542,2,31339,2422,-6,999,2621,2412,,
CleverTacticButFail,clevertacticbutfail,GM,Andrew Tang,KP,lichess.org/@/penguingim1,,,,1500,0,0,1500,0,0,3162,1500,,
MatthewG-p4p,matthewg-p4p,IM,Matvey Galchenko,RU,"Professional chess coach. Details:  
http://matveygalchenko.com 
Обучающие курсы: https://matveychess.ru/
Тг: https://t.me/matveygalchenko/



                                                               YouTube channel: 
https://www.youtube.com/@matveygalchenko1 




                                                        Lichess club: 
https://lichess.org/team/im-matvey-galchenko",2465.0,,,2845,4,7073,2648,-60,595,3167,2595,,
Garrincha1,garrincha1,FM,,CO,,2120.0,,,2337,21,3799,1765,0,1,2630,1500,,
Samra,samra,GM,,,,,,,2721,60,998,1500,0,0,2981,1500,,
StormMan67,stormman67,CM,,,,,,,2253,-66,1903,2199,-5,128,2338,1500,,
superior2017,superior2017,NM,,US,,,,,2349,24,11417,2408,23,2037,2334,2221,,
Oleg_Papayan,oleg_papayan,FM,Oleg Papayan,RU,"По занятиям пишите в личные сообщения. Ready for offers and inquiries!

Для друзей, коллег и учеников - https://lichess.org/team/chess_profi и https://www.chess.com/club/chess-profi и группа CHESS PROFI VK - https://vk.com/spbchessprofi
https://imgur.com/iVm0ZFs

https://imgur.com/qTGA4tF

Предлагая играть за команду - пишите условия",,,,2550,25,2534,2289,56,49,2925,2344,,
cxrjs,cxrjs,WIM,Javiera Gomez,CL,Marinela es mi carry<3,,,,2410,64,2590,2313,-12,48,2750,1900,,
hansontwitch,hansontwitch,GM,,,,,,,2876,-39,282,1670,0,1,3052,1500,,
Starlight_at_night,starlight_at_night,FM,,,,,,,2552,72,202,1500,0,0,2901,1500,,
Jorgeluis86,jorgeluis86,FM,Jorge Luis Castañeda,CO,"Te invito a suscribirte a mi canal de YouTube https://www.youtube.com/@PupiloChess donde encontrarás cientos de videos de ajedrez de alta calidad para mejorar tu juego.
Si quieres aprender conmigo en profundidad, adquiere mis cursos en mi página web  pupilochess.com 📚
También puedes ver mi perfil y clases como entrenador aquí en Lichess https://lichess.org/coach/Jorgeluis86",2179.0,,,2653,23,5066,1780,0,2,2818,1500,,
AntonSmirnov01,antonsmirnov01,GM,Anton Smirnov,AU,,2597.0,,,2848,26,420,1500,0,0,2902,1500,,
eibanezt,eibanezt,FM,Eduard Ibanez Tarradellas,ES,,2200.0,,,2174,-12,11923,1838,0,10,2335,1500,,
SargisM,sargism,FM,Sargis Manukyan,AM,,2282.0,2391.0,,2429,-20,7428,2376,78,27,2652,1811,,
TurkishPro2008,turkishpro2008,FM,,,,,,,2425,1,4192,2600,56,514,2686,1500,,
VacheH009,vacheh009,CM,Vache Hovakimyan,AM,,2289.0,2211.0,205.0,2532,5,5539,2354,-32,169,2857,1586,,
buki23,buki23,IM,Vladimir Bukal,HR,"My name is Vladimir Bukal.I'm 50 years old International Master and Fide Trainer from Croatia.I started playing chess at the age of 4 and i love it ever since.Besides chess I'm interested in all sorts of sports,especially football which in my youth (until the knee injury) i trained seriously and NBA.Also,I'm an avid reader and filmophile.",2340.0,,,2402,-23,2176,2326,0,10,2077,1500,,
AmazingChess202,amazingchess202,NM,,,,,,,2092,11,643,1500,0,0,2113,1775,,
Asasinn,asasinn,CM,,GB-ENG,,,,,2312,-54,869,2510,16,757,2617,2211,,
istdiesernamefrei,istdiesernamefrei,FM,,DE,,,,,2451,-67,1336,2424,65,130,2625,2001,,
zolidernas,zolidernas,FM,,SE,,2300.0,,,2624,-30,666,2500,30,97,2689,1500,,
lionking15,lionking15,IM,Mushini Ajay,IN,"IM Mushini Ajay (FIDE 2402)
Co-founder of Sky Chess Academy, Hyderabad 🇮🇳
I personally train players above 1500 FIDE at $30/session.
Our professional coaching team trains others from $8–$25/session, based on level and expertise.
📧 ajayunclear@gmail.com


lichess.org/coach/lionking15",2402.0,,,2420,-23,2403,2352,-53,162,2606,2026,,
Babay81,babay81,FM,,,https://ratings.fide.com/profile/4162390,,,,2264,14,4434,2253,35,173,2352,1500,,
Olenahess,olenahess,WIM,Olena Hess,DE,Chess-Trainer,,,,2219,-11,27449,2277,163,16,2091,1859,,
manitodeplomo,manitodeplomo,IM,Daniel Barria Zuñiga,CL,"- Internacional Master - Professional player and coach.-  https://lichess.org/coach/manitodeplomo

https://lichess.thijs.com/rankings/all/titled/list_players_points.html   

welcome to my channels !  https://www.twitch.tv/im_manitodeplomo 
https://www.youtube.com/channel/UCR2Jd5uvBqZZWhB_fH4Z6xA",2452.0,,,2515,14,31401,2548,-41,498,2803,2426,,
anna-maja,anna-maja,WIM,Anna-Maja Kazarian,NL,20-year-old chess player from the Netherlands,,,,2341,79,296,1588,0,2,2606,1500,,
nemanja123456,nemanja123456,FM,Nemanja Vukcevic,ME,,2308.0,,,2456,-5,5223,1500,0,0,2434,1500,,
Lucky___123,lucky___123,CM,,,,,,,2657,38,690,2431,7,318,2787,1950,,
Homino,homino,WFM,Elena Homiakova,_belarus-wrw,,2113.0,,,2376,14,2062,2413,-34,14,2229,1500,,
alwayssforwardd,alwayssforwardd,CM,,TR,,,,,2367,-5,572,2566,24,299,2308,1500,,
CosmicVision,cosmicvision,NM,,,only playing prized events,,,,2619,-30,583,2479,-151,35,2977,2087,,
NatWill,natwill,NM,Will Moorhouse,US,Ggs,2084.0,,,2578,96,2162,2543,112,1310,3000,2400,,
VictorAntonBologan,victorantonbologan,GM,Victor Bologan,MD,https://en.wikipedia.org/wiki/Victor_Bologan,,,,2585,-47,1893,2108,0,3,2646,1500,,
Budapestupendo,budapestupendo,GM,,,,,,,2645,2,749,1500,0,0,2412,1500,,
CHAMPIONN-9,championn-9,NM,,US,,,,,2450,-72,1828,2403,-93,156,2709,1500,,
nissousspou,nissousspou,FM,,,,,,,2416,-7,5069,2442,187,95,2648,2287,,
Nick122,nick122,NM,,,,,,,2416,1,4000,2439,153,261,2379,1500,,
Krutoiizekb2003,krutoiizekb2003,NM,,CA,,,,,2514,8,2265,2544,50,52,2803,1882,,
twofoxniel,twofoxniel,FM,,PH,"Fide Master with more than 10 years of coaching experienced. Currently living in Bangkok, Thailand. I'm working at Double Bishop Chess Academy as the head coach. My peak rating was 2410.",,,,2621,30,2794,2043,33,15,2741,2129,,
eruge2020,eruge2020,FM,EDISON RUGE,CO,,2201.0,2263.0,,1962,-7,12302,1003,0,3,1942,1090,,
sawkito,sawkito,CM,Carlos Abiad,VE,"ID FIDE: 3910202

Visita mi sitio web: www.chessbrothers.com 
Si estás interesado en clases de ajedrez contáctame por mi redes sociales.
For chess lessons, contact me by:
FACEBOOK: https://www.facebook.com/carlos.abiad

IG : https://www.instagram.com/cjabiad/?hl=es-la",2202.0,,,2294,-4,2917,2218,-52,29,2723,1500,,
Arnacman,arnacman,FM,,,,,,,2280,-56,2798,1500,0,0,2457,1500,,
Bacallao2019,bacallao2019,GM,Yusnel Bacallao Alonso,ES,"Antes que largas variantes prefiero entender las posiciones con palabras, con conceptos antes que matemática.
https://www.youtube.com/channel/UCagiWPGJrqV7oHP2oYcg8cA",2605.0,,,2627,-83,1955,2515,178,30,2916,2333,,
Shahoviy_Komentator,shahoviy_komentator,NM,Георгій Содоль,UA,"Веду youtube канал  ""Шаховий коментатор"" 

Національний майстер",,,,2332,-25,6544,2351,-42,1243,2525,2430,,
Goldenfange,goldenfange,FM,,,,,,,2455,3,698,2360,-125,137,2601,1500,,
FRAM3D_T,fram3d_t,CM,Kaieem Elizee,,,,,,2119,-14,16285,2146,-55,341,2197,1500,,
Trikos,trikos,IM,,AZ,,,,,2661,-5,2070,1500,0,0,2715,1500,,
NaderaIM,naderaim,IM,Barlo Nadera,PH,"International Master. Played in Philippine Chess Team since 1990 up to 2008. I've been playing Chess since grade school and eventually helped me to sustain the needs of my family. https://media.giphy.com/media/jIRyzncqRWzM3GYaQm/giphy.gif

https://i.imgur.com/zk3w6Af.jpg",2285.0,2285.0,2285.0,2326,24,18246,2393,-40,1013,2294,1824,,
justwanttoplay0,justwanttoplay0,FM,,,,,,,2633,2,406,1500,0,0,2786,1500,,
talk2uee,talk2uee,FM,,,,,,,2235,-1,28637,2397,3,1151,2313,2221,,
chessmem,chessmem,FM,Alex,RU,"Админ паблика ""Шахматные мемы"", подписывайтесь!
https://vk.com/chessmem
Уроки шахмат:
https://alexchess.ru/",,,,2555,5,3621,2722,20,708,2705,1500,,
GKANSK,gkansk,CM,,,,,,,2488,0,27610,2508,129,18,2553,1990,,
Barys74,barys74,GM,,,,,,,2627,12,6753,2158,-118,22,2654,1258,,
Lorenzo1624,lorenzo1624,CM,Lorenzo Alberto Pérez Alvarado,CU,"""El mayor reto de tu vida no es superar a alguien más, es superarte a ti mismo todos los días.""",2233.0,,,2400,-24,14493,2296,110,990,2557,2083,,
DmitriiZakurdaev,dmitriizakurdaev,CM,Dmitrii Zakurdaev,,,,,,2362,-29,3908,2548,-11,1201,2553,2368,,
Donnko2311,donnko2311,CM,,BA,,,,,2236,68,699,2147,0,7,2537,1500,,
beatles_21,beatles_21,IM,Jurica Srbis,IE,"29 years old, chess player and coach",2412.0,,,2702,5,13389,2669,69,105,3002,2055,,
CristianS27,cristians27,FM,,,,,,,2512,7,12319,2436,38,234,2802,2232,,
Djager97,djager97,IM,Dashgyn IBADOV,RU,,2391.0,,,2496,-23,6524,2498,-90,409,2722,591,,
LamazeSimon,lamazesimon,IM,Simon Lamaze,FR,Lamaze Simon,2465.0,,,2555,-8,476,2469,-61,76,2875,1500,,
UntilItIsOtherwise,untilitisotherwise,NM,Antoni Kozak,PL,"Zapraszam na mój kanał na YouTube po ciekawe materiały!
https://www.youtube.com/channel/UCdT6hQkr2dC0b7vRD59tVLg/videos",2422.0,,,2702,3,2144,2593,-2,285,2957,1500,,
Melkonyan_Vardan,melkonyan_vardan,CM,Vardan Melkonyan,AM,,2113.0,,,2324,-6,6780,2344,87,175,2436,1592,,
hessed26,hessed26,GM,gabriel flom battaglini,FR,"Gabriel Flom
27\01\1986
France",2514.0,,,2430,-13,1452,1931,-121,33,2872,1042,,
MIM64,mim64,CM,,_belarus-wrw,,,,,2356,-4,7244,2245,27,96,2503,1500,,
dragan961,dragan961,IM,Dragan Tesic,RS,International master,2313.0,,,2368,16,47170,2336,-47,961,2523,2212,,
DeinSchachtrainer,deinschachtrainer,IM,,DE,,,,,2605,-9,4800,1500,0,0,2604,1500,,
Ogloblin,ogloblin,IM,Николай Оглоблин,RU,Международный мастер,2354.0,,,2547,32,30133,2048,106,19,2614,1500,,
CentrumSakkiskola,centrumsakkiskola,IM,Armin Juhasz,HU,"I am a young chess player, analyst and coach from Budapest, Hungary.
My teaching method is inspirational, fun and exciting at the same time.
Do you want to get better in chess? Let me recommend my books: https://thinkerspublishing.com/product/1-d4-the-chess-bible-mastering-queens-pawn-structures/ and https://thinkerspublishing.com/product/sharpen-up-your-chess-boost-your-chess-results/",2391.0,,,2630,13,1039,2739,5,62,2344,1500,,
Dr_Martic,dr_martic,GM,Nogerbek Kazybek,KZ,,2543.0,,,2759,16,7069,2634,95,586,3052,1890,,
Smile_2011,smile_2011,WFM,Diana Preobrazhenskaya,,,,,,2384,-76,30,1500,0,0,1500,1500,,
Erottev,erottev,IM,,,,,,,2560,3,4275,2456,65,54,2431,2195,,
Ogrilla,ogrilla,GM,Grigoriy Oparin,US,Graduate Student at the University of Missouri-Columbia,2671.0,2747.0,,2834,28,2684,2600,56,75,2852,1500,,
leon2807,leon2807,IM,Rafael Antonio Mendoza Vega,CO,"Maestro Internacional de Ajedrez, Liga de Ajedrez del Magdalena, ID FIDE 4400119
https://ratings.fide.com/profile/4400119",2300.0,,,2529,23,10843,2084,-88,48,2642,1231,,
pepechess1,pepechess1,CM,Juan Alejandro Leon Acevedo,CO,"Campeón Panamericano Sub 13 - Campeón Suramericano sub 12. 
Pan American Under 13 Champion - South American Under 12 Champion. Playing chess since he was 5 years old.
Liga de ajedrez de Antioquia, Club Paul Keres.  https://ratings.fide.com/profile/4459261",1959.0,,,2395,23,4160,2054,20,114,2194,1342,,
chechess888,chechess888,FM,,PH,,,,,2291,-75,5297,2275,-45,418,2486,1425,,
JBakker,jbakker,NM,,,,,,,2454,-41,2174,1500,0,0,2761,2300,,
AnuarT,anuart,CM,"Tureshbayev, Anuar",IE,,2199.0,,,2354,-23,3469,2230,128,2291,2734,2052,,
RanchoWangdu,ranchowangdu,WIM,Tien Nguyen,VN,"I'm WIM Nguyen Thanh Thuy Tien from Vietnam, FIDE peak rating 2124, USCF peak 2208https://www.facebook.com/ngthanhthuytienContact me by sending an email to ngthanhthuytien@gmail.com. Very nice to play chess with you!""Make your passion your profession, and work will become a game. Pursue excellence, and success will follow you.""""Hãy theo đuổi đam mê, thành công sẽ theo đuổi bạn""",2124.0,2103.0,,2533,5,2661,2337,60,210,2706,2251,,
ubdip,ubdip,FM,Fabian Fichter,DE,"chess variant enthusiast and engine developer, author of Fairy-Stockfish https://github.com/fairy-stockfish",2250.0,,,2210,11,1596,2317,0,6,2401,1500,,
Legendary-Phiri,legendary-phiri,IM,,,,,,,2414,-17,4539,2226,18,37,2130,1500,,
Blunder_111,blunder_111,CM,,UZ,,2094.0,,,2493,35,110,2103,0,6,2529,1500,,
ANTUCO69,antuco69,IM,Ricardo Kropff,PY,www.twitch.tv/abfchess,,,,2189,141,577,2011,34,68,2289,1887,,
kirotori,kirotori,WCM,,,https://imgur.com/d6PpeTq,,,,2195,-36,118,1500,0,0,2415,2185,,
Darkness-of-Fischer,darkness-of-fischer,FM,,MR,No information needed I wanna only play..,,,,2479,19,1506,2250,-26,78,2331,1500,,
michalred,michalred,FM,Michal Redzisz,PL,,2259.0,,,2436,-1,876,1634,0,1,2684,1500,,
EvilGenius94,evilgenius94,GM,,,,,,,2820,-29,400,1500,0,0,3089,1500,,
kadek_iin,kadek_iin,WFM,,,,,,,2277,114,552,1922,0,4,2300,1500,,
jonashacker1,jonashacker1,IM,Jonas Hacker,DE,"My Chessable course (English):
https://www.chessable.com/the-romantic-italian/course/249198/

Youtube 
https://www.youtube.com/channel/UCBDDbQd5xrNls8H20f9JxnA

Beating the Sicilian main lines, everymanchess.com/collections/new-paperback-books/products/opening-repertoire-beating-the-sicilian",2421.0,,,2457,22,2958,2647,8,183,2585,1979,,
RomanK_13,romank_13,FM,,,,,,,2603,3,995,1876,0,3,2830,1500,,
SomeMightSay,somemightsay,IM,,FM,"Standing at the station in need of education in the rain

https://www.youtube.com/watch?v=LdCeYIIM9Js

This account is closed due to violations of the terms of Jergel

Es lebe der Zentralfriedhof",,,,2800,22,2411,1500,0,0,3000,1500,,
gmadham,gmadham,GM,Adham Fawzy,PS,#Free_Palestine,2523.0,,,2655,-14,6250,2541,-71,299,3063,2217,,
JANS172009,jans172009,FM,Jose Alberto Sanchez Negreiros,PE,,,,,2399,-12,2381,2267,288,18,2561,1500,,
Revan_2002,revan_2002,FM,Ravan Aliyev,AZ,Ozel ders icin iletisime gecebilirsiniz.,2389.0,,,2644,-12,10979,2544,-169,171,2877,1500,,
Anam_Jeddut,anam_jeddut,NM,,MY,,,2199.0,,2214,13,1386,2137,-5,15,2178,2162,,
Dr_Targarian,dr_targarian,FM,,RU,Maestro,2323.0,,,2143,0,5,1740,0,1,2162,1500,,
RD-2,rd-2,GM,,,,,,,2609,-98,108,2758,0,11,2919,1500,,
xxEuroticAxx,xxeuroticaxx,IM,,,,,,,2463,-23,443,1597,0,4,2701,1500,,
Arystanner23,arystanner23,IM,Arystanbek Urazayev,KZ,FIDE ID: 13709810,2490.0,,,2504,8,4187,2556,82,187,2977,2237,,
Nozdrachev_Leonid,nozdrachev_leonid,IM,Леонид Ноздрачев,RU,"Тренер. Город Подольск.

https://www.youtube.com/channel/UCQJzG2DZIdo-DvNyTTkVJNg/featured",2372.0,,,2493,-9,3844,2192,15,186,2466,1534,,
Karlos_ulsk,karlos_ulsk,FM,,,,,,,2669,15,27244,2727,57,148,2752,2316,,
camilochess,camilochess,CM,,,,,,,2301,16,1921,1337,0,1,2421,1673,,
KotPiratik,kotpiratik,FM,,,,,,,2110,24,7224,2129,64,55,2083,1500,,
Gazola,gazola,NM,Vanessa Gazola,BR,,,,,2468,-53,258,1906,0,8,1500,1500,,
dr_xStranger,dr_xstranger,IM,Eray Kilic,BG,"@Erow
training games 30$/h",,,,2700,-15,11579,2498,-5,168,3029,2082,,
Dr_Chessrob,dr_chessrob,GM,Robert Aghasaryan,US,"I am Grandmaster Robert Aghasaryan, from United States .
I was Junior European (U10 at 2004), World (U12 at 2006) And Olympic Chess Champion (U16 at 2010).Winner of U.S Pacific Coast Open in 2016.
Also Coaching professionally for several years. Among students were Talented players like (in the past,GM Martirosyan Haik M. (U16 World Champion at 2016 . Also the Youngest Armenian Championship Winner,   FIDE-2586))
 
I offer private lessons online .  If you have any  questions, feel free to message me here , email me at chessrob1994@gmail.com ",2537.0,2581.0,,2619,-26,922,2122,-3,128,2818,1835,,
Chigorinez,chigorinez,IM,Evgeny Egorov,KZ,IM,2350.0,,,2607,-18,11676,2403,-47,47,2572,1994,,
jarming,jarming,FM,Julian Rojas,DE,,2400.0,,,2478,6,2902,2396,31,45,2806,1500,,
Omnivor,omnivor,IM,,CH,IM from Switzerland playing for fun,2404.0,,,2414,32,7284,2378,28,32,1809,1732,,
KingsChessAdmin,kingschessadmin,NM,,GB,,,,2245.0,2324,13,15694,2311,87,111,2324,2112,,
NoerAzizah,noerazizah,NM,Fachrul Raji,ID,National Master (NM) Fachrul Raji from Kalsel-Indonesia. Specialist Rapid and Blitz chess,,,,2306,-25,5406,2188,45,157,2339,1500,,
Idrisova_Roza,idrisova_roza,WFM,Roza Idrisova,RU,"WFM, https://ratings.fide.com/profile/4146662",1988.0,,,2195,0,29157,2155,12,478,2176,1800,,
MardakerXXX,mardakerxxx,GM,Karen Grigoryan,AM,In Top 30 of the world with my blitz rating! https://2700chess.com/blitz,2621.0,2712.0,,2752,110,532,2328,0,8,3037,1500,,
lagartodeleyende,lagartodeleyende,IM,Fernando Miguel Fernandez Sánchez,PE,,,,,2734,6,5181,2143,-99,28,2889,1500,,
Chess_Trainer_Caq,chess_trainer_caq,FM,,CA,FM 2411,,,,2486,-14,804,2322,-91,92,2656,2249,,
NTDVAN,ntdvan,GM,Thai Dai Van Nguyen,CZ,,2629.0,,,2781,21,1932,2388,-108,15,2885,1500,,
simplethinker,simplethinker,FM,,US,,,,,2412,4,2305,2126,-16,101,2492,1500,,
Munkhgal_Gombosuren,munkhgal_gombosuren,GM,,,,,,,2531,-32,753,2197,0,6,2529,1500,,
ClaudiaAmura,claudiaamura,WGM,Claudia Noemi Amura,AR,Claudia Noemí Amura,2183.0,,,2265,39,1392,2185,-179,23,2259,1330,,
IsogonalConjugate314,isogonalconjugate314,NM,,US,https://lichess.org/study/tSsqxkjx,,286.0,,2601,-4,1168,2518,-79,50,2856,1500,,
Pon4ik2006,pon4ik2006,GM,Denis Lazavik,BY,,2529.0,,,2987,25,3897,2553,362,21,3079,1500,,
ShcufNaiRolf,shcufnairolf,FM,,_united-nations,,,,,2410,-19,3001,2451,10,865,2440,2139,,
Radagast-the-Brown,radagast-the-brown,FM,,SV,,,,,2319,86,660,2226,21,13,2115,1500,,
knyazmyshkin,knyazmyshkin,FM,,,,,,,2365,21,479,2121,0,3,2552,1500,,
PlemSovhoz,plemsovhoz,IM,,TR,,,,,2785,26,5661,2608,72,274,2831,2602,,
hajeko,hajeko,CM,,CZ,,,,,2460,9,12568,2571,-45,1351,2756,2068,,
Langua-Chess,langua-chess,FM,Juan Rottenwöhrer,ES,"Youtube: LanguaChess

Looking to improve your chess? ""The key is not the will to win. It is the will to prepare to win that is important"". Contact me via lichess! The classes can be in english, spanish, french or german.",2359.0,,,1500,0,0,1500,0,0,2616,1500,,
bcn000,bcn000,FM,,ES,,2294.0,,,2262,-33,1359,1511,0,1,2167,1701,,
chakin,chakin,FM,,MX,,,,,2578,-42,2618,2482,16,119,2748,2071,,
Disturbed01,disturbed01,FM,Adrian Secheres,RO,,,,,2658,-4,1388,2200,0,11,2696,1500,,
Berettar,berettar,CM,Arvid von Rahden,DE,,2200.0,,,2429,61,400,2405,0,18,2295,1500,,
KRUMMEL2008,krummel2008,IM,Jan Karsten,ZA,Available to play paid training games (price negotiable).,,,,2373,4,7015,2554,69,284,2670,1646,,
ChesscularGodofChess,chessculargodofchess,CM,,DE,,,,,2404,67,1697,2422,209,24,2486,1500,,
GIFCM2007,gifcm2007,FM,,,,,,,2505,0,119,2324,26,19,2713,1258,,
snoozer,snoozer,NM,,AQ,"I play exclusively with a touchpad \\\\\\\\ 

https://lichess.org/kBWrX5AIhuuR?fbclid=IwAR3F8biMy7p2NG3FkNQIw9NzQCQdOPgPGDP7zvlPquzjAHLI1cD8KiCXYv0",1401.0,,,2525,45,652,1500,0,0,2807,1500,,
Rakhmanov_Aleksandr,rakhmanov_aleksandr,GM,Aleksandr Rakhmanov,_earth,"Lessons: aleksrakhmanov@gmail.com
Improve your chess: https://www.chessable.com/grandmaster-training-advanced-chess-fundamentals/course/107587/",2585.0,,,2831,14,3970,2882,45,511,3061,1500,,
RonenHarZvi,ronenharzvi,GM,,,,,,,2630,-28,46,1500,0,0,2880,1500,,
KingRAZOR,kingrazor,CM,,MW,,1989.0,,,2140,-19,30708,2328,14,281,2228,1421,,
oezs95,oezs95,IM,Oscar Zavarce,VE,"Maestro Internacional, Campeón de Venezuela 2018 y Equipo Olímpico Batumi-Georgia 2018. 

ID Fide 3902501
https://lichess.org/coach/oezs95",2391.0,,,2419,1,823,2136,0,6,2667,2210,,
Liem_Chess,liem_chess,GM,Liem Quang Le,VN,"2728 FIDE classical, world #20, World Blitz Champion 2013. Head Coach of Webster University Chess Team, the #1 ranked collegiate chess team in the United States. Learn more about our team at https://webster.edu/spice/

For media requests, business inquiries, tournament/event invitations: email info@liemchess.com",2728.0,2807.0,,2954,10,1051,2055,0,5,2913,1500,,
Aaryan98,aaryan98,CM,Aryan Ali,IQ,choas..,,,,2472,-5,10856,2426,-2,67,2609,2195,,
Carow-Kann,carow-kann,IM,Johannes Carow,,,,,,2234,0,5,1500,0,0,2566,1500,,
opperwezen,opperwezen,IM,,EU,,2346.0,,,2792,1,4730,2628,3,275,3000,2422,,
walaasarwat,walaasarwat,IM,,,,,,,2411,13,37793,2375,85,41,2039,1360,,
Afisky,afisky,NM,,,,,,,2660,20,785,1500,0,0,2919,1500,,
Icchan,icchan,NM,Isacco Ibba,IT,Istruttore di scacchi,2205.0,,,2401,14,1351,2413,254,34,2401,1500,,
UnknownM8,unknownm8,FM,Cristian Machidon,MD,,2286.0,,,2450,-61,7433,2206,29,18,2725,1500,,
Norman-Who,norman-who,NM,,,,,,,2252,-71,38,2114,0,4,2432,1500,,
ASargsyan,asargsyan,IM,Anna M. Sargsyan,US,Chess Coach,2361.0,2452.0,,2488,-64,1652,2360,-68,39,2673,1612,,
fmchesskid2,fmchesskid2,FM,,,,,,,2453,20,461,1998,0,6,2625,1500,,
EFHA71,efha71,CM,,,,,,,2409,36,1069,2347,-12,27,2765,1500,,
baovu,baovu,CM,,VN,,1756.0,,,2318,237,21,1956,0,2,2522,1500,,
QuesadillaGrande,quesadillagrande,FM,,,,,,,2554,10,164,1500,0,0,2708,1500,,
Annachess96,annachess96,WIM,Ana Flavia Roca Rojas,CU,,2147.0,,,2277,-22,861,1500,0,0,1952,1500,,
UnholyCrusade,unholycrusade,FM,,,https://i.imgur.com/F9STrld.png,,,,2547,38,3579,2741,77,130,2894,2494,,
specialsunflower,specialsunflower,NM,,,,,,,2445,-40,285,1799,0,4,2653,1500,,
Chopper1905,chopper1905,GM,Mustafa Yılmaz,TR,"Interested in playing different leagues. Feel free to contact.

mustafa_yilmaz92@hotmail.com",,,,2816,69,1816,1771,0,4,3013,1828,,
Hovik7,hovik7,GM,,AM,,2484.0,,,2833,34,5780,2874,124,66,2934,2466,,
Cuchulin,cuchulin,CM,,,,,,,2153,-115,6321,1500,0,0,2214,1500,,
kandiladham,kandiladham,IM,Adham Kandil,EG,"IM Kandil Adham

Fide Rating 2332

I’m open to playing training games and/or working as a coach with promising players.",2320.0,,,2541,88,1090,2492,76,15,2628,1500,,
Wolfito11,wolfito11,NM,El italiano,MX,"Disfruto la vida, el ajedrez y estar con personas que me aman.
Persigue tus sueños, nadie más lo hará por ti.",2052.0,,,2353,20,9022,2375,52,36,2572,1248,,
SamTheKid,samthekid,NM,Самуэль,PT,,,,,2456,-12,2397,2226,195,41,2465,1864,,
SpeedyFalcon,speedyfalcon,CM,,,,,,,2317,11,1052,2287,0,10,2707,1500,,
Mikhail_Belous,mikhail_belous,IM,Misha Bilous,AT,"Welcome! I'm a coach and an author. 
I will teach you how to think from the first principles. You will learn how to think and not what to think!
Co-host of the Back Rank Podcast https://www.youtube.com/@backrankchess",2423.0,,,2567,-45,645,2678,0,2,2686,1500,,
Palachev_Petr,palachev_petr,FM,Petr Palachev,_earth,,2307.0,,,2630,22,1510,1500,0,0,2910,1500,,
suhani99,suhani99,CM,Amardeep Bartakke,IN,,2116.0,,,2224,9,2168,2318,95,49,2604,1858,,
csati17,csati17,FM,Levente Papp,HU,,2400.0,,,2513,100,2217,2297,4,35,2770,1710,,
gsoppe,gsoppe,IM,Guillermo Gustavo Soppe,AR,,2389.0,,,2482,36,23980,2395,-7,355,2230,2306,,
Arnold-2005,arnold-2005,IM,,,,,,,2594,-34,4617,2495,-37,53,2976,1500,,
kinggizzard,kinggizzard,NM,Daniel Brandão Mariani,BR,PENSE xadrez,2074.0,,,2240,0,9114,2256,-23,1036,2300,2232,,
warmoatmeal,warmoatmeal,NM,,NZ,,,,,2122,-27,1124,2218,-39,50,2323,1500,,
Nf6player,nf6player,FM,,JP,ネコと和解せよ,,,,2504,54,1604,2575,-60,29,2704,2050,,
ViktorN,viktorn,FM,Viktor Haarmark Nielsen,DK,,2330.0,,,2591,57,4854,2526,-95,107,2582,1500,,
grandprixgambit,grandprixgambit,WCM,bwoah,SG,"""You just wait, sunshine, you just wait"" ~ Seb Vettel",,,,2206,7,99,2064,0,4,2210,1500,,
ChessMood_Star,chessmood_star,IM,,,"I invite you to join our growing big chess community. On the website chessmood.com/ becoming a PRO member you will get so many exciting benefits! You can find courses about different very interesting openings and build your strong opening repertoire for both colors! Also, we have deep courses about different middlegames and endgames!
https://chessmood.com/?r=BeAwesome",,,,2625,6,703,1500,0,0,2880,1500,,
GuadalupeBesso,guadalupebesso,WIM,Guadalupe Besso,AR,"Maestra Internacional de ajedrez. 
Tengo 26 Años . Me dedico a la competición y enseñanza del ajedrez online,
Tres veces Integrante del equipo Olímpico Argentino. / Transmisora  Ajedrez Hispano Online.

Conoce mi historia en: https://lichess.org/coach/GuadalupeBesso",,,,2118,19,782,2146,-54,304,2505,1845,,
odxn,odxn,FM,,,,,,,2399,-15,6149,2210,0,1,2474,1500,,
markb0716,markb0716,NM,Greg,US,,2350.0,2450.0,,2550,-6,3220,2016,-37,12,2680,2099,,
firemonkey11,firemonkey11,CM,Jan Helmer,DE,,2236.0,,,2603,22,12413,2405,0,897,2806,1500,,
Pirulillo19,pirulillo19,FM,,ES,,,,,2370,-17,2177,2309,-40,20,2302,1500,,
Zaven_ChessMood,zaven_chessmood,GM,,AM,,2606.0,2713.0,,2701,-3,5349,2331,133,161,3067,1568,,
kachelsona,kachelsona,GM,,,,,,,2682,13,1015,2379,183,18,2703,1500,,
Ruslan_Sezdbekov,ruslan_sezdbekov,FM,Ruslan Sezdbekov,KG,26.10.2002,2291.0,,,2509,14,1461,2426,24,134,2834,1500,,
Matador99,matador99,NM,Luca Varriale,IT,For coaching check out my coach profile https://lichess.org/coach/Matador99,2200.0,,,2254,-10,1719,2399,0,5,2483,1688,,
AndreyKvon,andreykvon,GM,Andrey Kvon,UZ,"Hey! I am a GM who was born in Tashkent (Uzbekistan), and currently living in Singapore.",2513.0,100.0,0.0,2859,28,688,2350,-75,84,2808,1830,,
AlfredoAguilera3000,alfredoaguilera3000,FM,Alfredo Aguilera Rodríguez,CU,"Aprendí desde temprana edad a jugar, lo que me permitió jugar multiples torneos, en cierto momento de mi vida me atrajo el entrenamiento deportivo y empece a ejercerlo hasta crear mi propio estilo y método.",2348.0,,,2516,-13,3496,2558,43,58,2705,1500,,
globito,globito,IM,Jacques Blit,AR,https://ratings.fide.com/profile/114839,,,,2462,75,3319,2454,87,96,2806,2073,,
elliotchess1,elliotchess1,IM,,FR,"19 y/o
Socials:
https://www.instagram.com/elliotchess
https://twitter.com/EPapadiamandis",2407.0,,,2709,22,2187,2759,93,19,2906,1500,,
Na_Ferrari,na_ferrari,IM,,IT,,2260.0,,,2575,-8,1733,2426,10,45,2769,1500,,
Budisavljevic1,budisavljevic1,GM,Luka Budisavljevic,RS,"Youngest Serbian Grandmaster ever
2x World Juniors Bronze medalist
Current Pan-American Collegiate Champion",2524.0,,,2529,-50,51,2604,83,13,2770,1500,,
ElConejoPeludo,elconejopeludo,FM,,CO,https://imgur.com/GVeUyjk,2301.0,,,2310,-58,415,1500,0,0,2576,1500,,
SashaKuzhilniy,sashakuzhilniy,CM,,,,,,,2703,31,7771,2678,6,2523,2703,1500,,
Cisterciense,cisterciense,CM,,,,,,,2703,47,12618,2625,101,68,2502,1669,,
Progress27,progress27,CM,MM,MD,,2178.0,,,2232,-10,4273,2356,-47,75,2030,1905,,
fiumedk,fiumedk,CM,,HR,,,,,2196,-25,15666,2379,49,14,2507,1500,,
Wilsonpalencia,wilsonpalencia,IM,Wilson Guillermo Palencia Morales,VE,del ajedrez me gusta la oportunidad de aprender algo nuevo despues de cada partida! entrenador profesional contacto whatsapp +573052414729  lograndolo2010@gmail.com facebook wilson guillermo palencia morales,2359.0,,,2470,-3,24295,2250,-6,83,2605,2056,,
Udar59,udar59,FM,Andreev Vladislav A.,RU,,2346.0,,,2377,-16,34533,2504,44,252,2313,2321,,
CarlosGodoy,carlosgodoy,CM,Carlos Godoy,AR,Dedicado al entrenamiento de jugadores NR y sub 2000. Trabajo intensamente en ese aspecto con dedicación y responsabilidad sobre mis alumnos.,2165.0,,,2231,-30,484,1500,0,0,2114,1500,,
Verrra,verrra,NM,Vera Konovalova,,"FIDE ID:    14129140

Тренер-преподаватель по шахматам.",2101.0,,,2183,25,1201,2300,34,107,2172,1612,,
noggis,noggis,NM,Mauri Lehtosaari,FI,,,,,2541,6,8326,2385,-13,2667,2802,2306,,
ChessisEternal,chessiseternal,FM,Ankit Gajwa,IN,Ankit Gajwa is a FIDE Master (FM) and a FIDE Instructor (FI) from India. He has won numerous international open tournaments and represented India in prestigious events such as the World U-20 Championship and the Asian U-20 Championship. Ankit has successfully trained numerous titled players and medal winners at both national and international levels. He can be reached at ankitgajwa02@gmail.com,2335.0,,,2451,13,747,2141,-91,15,2634,2246,,
dcann0n88,dcann0n88,FM,,,,,,,2305,-26,397,1809,0,3,2317,1500,,
wrapchess,wrapchess,CM,Alarcón Príncipe Wilfredo Ruy,PE,Aprendi a ajugar el ajedrez a los 03 años me gusta el ajedrez porque puedo crear muchos planes. La Defensa siciliana.,2230.0,,,2410,2,2146,2377,-13,404,2708,1500,,
XizAhk,xizahk,WCM,,,Cat enjoyer,,,,2276,125,593,1500,0,0,2305,1500,,
giftedcreation,giftedcreation,NM,,JM,,,,,2327,-50,5742,2384,81,20,2504,1500,,
kartoGM,kartogm,IM,,,,,,,2702,38,1624,1500,0,0,2763,1500,,
RodTwinkz,rodtwinkz,IM,Roderick Nava,PH,"Hello! Im International Master Roderick R. Nava from the Philippines
https://imgur.com/ckEmTVz
FIDE ID: https://ratings.fide.com/profile/5201730
I have huge coaching experienced. Producing Masters from different levels. Besides handling individual players, currently handling big Universities in The Philippines as a Coach. I'm also a singer and came from a musical family.",2381.0,,,2575,11,1869,2449,221,27,2818,1500,,
viniciustine,viniciustine,FM,Vinícius Tiné Martins,BR,,2268.0,,,2245,32,1797,2452,30,72,1816,1500,,
EvergreenSF,evergreensf,WNM,Florencia Semprevivo,AR,"Profesora de Matemática y Ajedrez.
""Quien no asume un riesgo nunca ganará una partida"". GM Paul Keres.
''Chess for me is an escape from reality''~WK



https://imgur.com/C4xbxeG",,,,2095,-16,3766,2002,11,51,2302,2180,,
Infinity-Stones,infinity-stones,GM,Raja Rithvik R,IN,,,,,2704,109,895,1500,0,0,3042,1500,,
isobelligkomakiruika,isobelligkomakiruika,IM,,,,,,,2659,-5,30,1500,0,0,2466,1500,,
VS99,vs99,FM,Shakhzod Vakhidov,US,The CEO and Head Coach of Diamond Chess Academy in New York. Feel free to contact me regarding online chess lessons. My email is onlinechessusa@gmail.com,2312.0,,,2559,61,1092,1500,0,0,2888,1500,,
DaargaatJoop,daargaatjoop,CM,,,,,,,2179,-105,1493,1500,0,0,1647,1500,,
Patolindo,patolindo,NM,,BR,,,,,2239,-3,3607,2527,122,212,2275,2211,,
Azat_Galiev,azat_galiev,FM,Азат Галиев,RU,"Мастер ФИДЕ, тренер по шахматам. Подписывайтесь на мой YouTube канал https://www.youtube.com/channel/UCu9id5rV_OyQfUP5UKHDGIg/featured?view_as=subscriber",2300.0,,,2338,-34,912,2299,119,106,2649,1500,,
FirstKnight,firstknight,IM,Nico Zwirs,NL,To be the best you have to beat the best,2494.0,,,2806,55,7304,2597,100,93,2842,2182,,
LSChessonTwitch,lschessontwitch,NM,Logan C Shafer,,16 year old NM and CM. I  am a chess coach who coaches players up to the rating of 2000 OTB ratings.,2291.0,2306.0,,2236,22,281,2523,8,174,2503,2080,,
Wittke,wittke,FM,René Wittke,DE,"Hi, feel free to challenge me to a casual real-time game!
However, I will ignore invitations to tournaments or teams.",2309.0,,,2451,-27,5395,2562,4,662,2559,2405,,
FussyKitten,fussykitten,FM,,PL,"FIDE id 
21023786",2302.0,,,2466,-7,495,2387,-79,24,2542,1500,,
shnitez,shnitez,FM,Javier Benitez,MX,Strike first * Strike hard * No mercy,2375.0,,,2534,16,8611,2500,27,554,2900,2500,,
josiur,josiur,FM,,,,,,,2449,6,17558,2287,-73,37,2397,1500,,
KZYB08,kzyb08,WCM,,,,,,,2121,157,114,2236,47,130,1948,1651,,
G_Max,g_max,FM,,RU,,,,,2573,9,3983,2367,94,153,2820,2086,,
Vostanin,vostanin,FM,Вадим Останин,_earth,"Мои трансляции:  https://www.twitch.tv/v_ostanin

ЮТУБ:  https://www.youtube.com/channel/UCnoUSmNILAGOdf4JpMYBb3w

Сообщество личесс: 
https://lichess.org/team/1qgg7eok
https://lichess.org/team/oG4ZnScA",2317.0,,,2758,31,2970,2703,49,207,3000,2311,,
agsjgm,agsjgm,FM,Jesús González Mata,MX,,2289.0,,,2260,10,48138,2414,0,6,2067,1698,,
WizardSA,wizardsa,CM,,NO,"Nobody ever won a chess game by resigning.         
- Savielly Tartakower",2246.0,,,2274,-46,374,2008,51,13,2278,2175,,
Frankie_Badacsonyi,frankie_badacsonyi,FM,Frankie Badacsonyi,GB,,2284.0,,,2516,22,74,1500,0,0,2567,1500,,
chulainn71,chulainn71,WFM,,,,,,,1932,-111,38,1726,0,4,2055,1325,,
Monsieur3044,monsieur3044,CM,,,😅,,,,2353,-19,1055,2488,-83,139,2669,1500,,
MagicianFromRiga8,magicianfromriga8,NM,,PE,El Gran Ricolas,,,,2601,22,721,2084,334,15,2901,1546,,
pollovsky,pollovsky,IM,,,,,,,2312,-17,41464,2389,-68,108,2409,1500,,
CMHopellov35,cmhopellov35,CM,Hopewell Fakude,ZA,"A Candidate Master, who has represented South Africa in various events",1733.0,,,2197,31,3107,2178,86,20,2147,1500,,
kostyayloyan,kostyayloyan,FM,,,,,,,2472,-20,449,1500,0,0,2643,1500,,
SabinoBrunello,sabinobrunello,GM,Sabino Brunello,IT,,2550.0,,,2648,4,777,2234,98,16,2534,1500,,
EduardoMChess,eduardomchess,NM,Eduardo Mesquita,BR,,,,,2158,-48,4903,2218,36,237,2437,2081,,
supermanA,supermana,CM,,US,,2400.0,,,2611,-19,1027,1500,0,0,2827,1500,,
FernandoArauzAlonso,fernandoarauzalonso,CM,Fernando Arauz Alonso,ES,"Presidente del Club Jaque Mate (Boadilla del Monte)
Profesor de Ajedrez",2197.0,,,2234,1,1555,2369,67,64,2478,1563,,
theSchlumpf,theschlumpf,CM,,,,,,,2416,26,8338,2162,198,29,2489,1733,,
JuleVerne,juleverne,FM,,,,,,,2527,-78,3969,1500,0,0,2540,1500,,
LexiavSlayer,lexiavslayer,CM,Domantas Klimčiauskas,LT,,2150.0,,,2494,35,990,1532,0,1,2456,1686,,
picklebick,picklebick,IM,,,,,,,2639,-10,4370,2283,68,47,2566,2454,,
Roseberline,roseberline,WCM,Rose Berline SEINE,HT,,1804.0,,,1979,-4,4921,2107,-58,448,1865,1590,,
mkllnd1517,mkllnd1517,FM,,ES,,,,,2501,15,929,1500,0,0,2527,1500,,
E4bestbytest1,e4bestbytest1,CM,,,,,,,2174,9,356,1500,0,0,2057,1500,,
licg,licg,IM,,,Christ is king,,,,2517,-7,13832,2710,11,130,2847,2308,,
fabsylla,fabsylla,WFM,Sylvia Johnsen,NO,"Chess for 40+ years, and going for 40+ more.",,,,1952,-37,4080,1908,-73,133,1370,1959,,
turtlechess55,turtlechess55,IM,,,,,,,2536,-19,6918,2445,-105,114,2567,1751,,
yonaltimur,yonaltimur,FM,,TR,,,,,2241,16,1631,2238,79,358,2581,1947,,
rey_jacinto,rey_jacinto,NM,Ronald Fernando Avellaneda Arevalo,CO,,2004.0,,,2046,16,5191,2244,58,194,2019,1500,,
MATHEUSMDR2005,matheusmdr2005,NM,,ES-EU,Hi ! My name is Mdr and my dream is to live playing chess. I went from 2200 to 20 years old and today I'm looking for Mestre Fide. Thanks for showing up here!,2245.0,,,2320,-11,9417,2324,18,1971,2456,2148,,
baratheont,baratheont,NM,Joaquin Castro Castro,CO,,,,,2380,12,1216,2379,96,20,2668,1784,,
ly4o,ly4o,FM,Lachezar Yordanov,BG,,2307.0,,,2556,-9,1849,1683,0,13,2904,1500,,
IQc2Ng5,iqc2ng5,NM,Vedat Ali AKSU,TR,"National-Master & chess enthusiast &Admin of satrancokulucom's &Senior Editor& Locksmith & I.T.U & tea addict
I always play the Siberian Trap theme with both black and white if the opportunity arises.
I like this ...Apparently I understood the  truth    ""Not only I was, but also my opponents were afraid.    ''Michail TAL''",,,,2237,28,21543,1675,0,1,2412,1976,,
Rvera,rvera,GM,Reinaldo Vera,CU,"""El talento es la pasión"" GM Ljubojevic
""El talento es también capacidad de trabajo. entrega"" Garry Kasparov.",2584.0,,,2294,-28,9984,2161,-81,74,2003,1577,,
Sansa92,sansa92,FM,,,,,,,2558,23,733,1500,0,0,2711,1500,,
Viacheslav92,viacheslav92,FM,Malyi Viacheslav,UA,,,,,2531,47,530,2445,-26,34,2644,1500,,
jkbk,jkbk,NM,,US,,,,,2312,13,7843,2389,-12,105,2497,2221,,
Andrey11976,andrey11976,NM,Trushko Andrii,UA,,,,,2812,9,17414,2749,9,1421,3103,1852,,
prettyScream,prettyscream,CM,,DE,Available for play in various otb team competitions across Europe,,,,2540,12,2543,2581,77,203,2853,2206,,
loiters,loiters,FM,Mariano Loiterstein,AR,"Maestro Fide, desde el 2009.
Libreria especializada en ajedrez.",1978.0,,,2320,17,13647,1500,0,0,2285,1500,,
nick_nisperos,nick_nisperos,NM,Nick Nisperos,PH,National Master in the Philippines,1979.0,,,2318,-18,12698,2525,1,1268,2168,2248,,
Tulachessroom,tulachessroom,NM,,RU,,,,,2696,-27,8251,2600,-48,131,2889,1500,,
CrouchingTiger,crouchingtiger,NM,,,,,,,2213,-41,1589,2213,51,33,2421,1500,,
Dragonjoo,dragonjoo,CM,Elton Joseph,BS,,1783.0,,,1854,17,700,2084,-60,384,1724,1573,,
Chess_Horse,chess_horse,CM,,RU,,,,,2606,79,1920,2379,-15,163,2702,1500,,
Satarsa4772,satarsa4772,GM,Alexei Shirov,ES,Next event - https://lichess.org/swiss/OAfllioM,,,,2750,5,338,2263,69,22,2585,1500,,
Matviy2009,matviy2009,NM,Matviy Faryma,PT,"https://lichess.org/team/team-matviy-vs-whole-world join this amazing club!
""Why I have to be like others,if I can be the best?""
https://i.imgur.com/14vVfza.jpg",2216.0,,,2700,12,7423,2531,-4,5169,3000,2410,,
wizard98,wizard98,GM,Narayanan.S.L,IN,,,,,2753,44,1678,2219,0,5,3100,1500,,
AnEnd93,anend93,WFM,,,,,,,2171,-63,306,2028,0,7,2140,1500,,
HelgiGretarsson,helgigretarsson,GM,,,,,,,2530,17,2801,2054,0,7,2595,1500,,
Mig_31,mig_31,IM,,KP,,,,,2565,6,4182,1500,0,0,2718,1500,,
Puerco,puerco,NM,Arvizu Borchardt David Ivan,MX,"Rtg máximo 2089
Experto en la Siciliana Najdorf con ambos colores:
https://i.imgur.com/6BPhFNN.jpg",2048.0,,,2300,17,2672,2502,78,66,2444,1999,,
Afshari_M,afshari_m,FM,Mohammadreza Afshari,IR,,,,,2610,67,63,2653,24,18,2474,1500,,
SuryaYuanaSMN,suryayuanasmn,NM,MN Sidharta Surya Yuana,ID,"Chess Trainer
VIRTUOSO CHESS CLUB",2176.0,,,2592,20,1276,2600,159,100,2517,1500,,
Manvel_Arakelyan,manvel_arakelyan,FM,Manvel Arakelyan,,,,,,2572,-21,460,1500,0,0,2933,1500,,
playablecharacter,playablecharacter,NM,Ethan Bashkansky,,Chess lessons: www.bashkansky.academy,,,,2500,5,1474,2500,-14,217,2600,2200,,
PabloChess32,pablochess32,CM,,_earth,,,,,2268,12,8216,2251,159,67,2500,1699,,
littleplotkin,littleplotkin,IM,Mark Plotkin,CA,"26 years old, Chess Coach and one of the top chess players in Canada.",2435.0,2406.0,,2800,33,9513,2713,21,696,3004,2405,,
Nikitaka16,nikitaka16,FM,,RU,,,,,2445,-45,203,2468,0,6,2832,1500,,
Sasageyo,sasageyo,IM,,,,,,,2502,30,1801,1500,0,0,2522,1500,,
Didici12,didici12,GM,Lorenzo Lodici,,,,,,2648,-47,1604,2630,-22,111,2928,1500,,
Dinamo81,dinamo81,IM,,RO,,,,,2730,7,570,2727,212,33,2774,1500,,
EnesMaruflu,enesmaruflu,NM,Enes Yusuf Maruflu,TR,"Özel ders için yazabilirsiniz
https://lichess.org/team/marufluchess",2181.0,,,2403,-96,3606,2403,-90,46,2579,1500,,
Bardiya___Daneshvar,bardiya___daneshvar,GM,Bardiya Daneshvar,IR,"https://ratings.fide.com/profile/12576468

https://www.chess.com/member/bardiya_daneshvar",2597.0,,,2799,-34,3735,1459,0,5,3087,2115,,
MisterBalck,misterbalck,NM,,US,,,,,2197,-8,9337,1800,-81,37,2486,1682,,
Tuatara2020,tuatara2020,CM,David Guthrie,NZ,,2165.0,,,2252,11,4018,2327,-46,46,2394,2102,,
realcontender,realcontender,NM,,,,,,,2117,0,8,1500,0,0,2701,1500,,
Arka50,arka50,GM,,CH,Atomic World Champion (2017-2019) (15/11/20),,,,2948,18,1250,2698,190,58,3226,2496,,
BSambuev,bsambuev,GM,Bator Sambuev,CA,,2514.0,,,2601,-14,8243,2672,15,130,2386,1500,,
Gannibal84,gannibal84,IM,Victor Trushelyov,RU,"Международный мастер по шахматам. Начальник отдела по шахматам спортивной школы ""Спорт-индустрия"", тренер, организатор турниров в Новгородской области.",2407.0,,,2547,-92,494,2014,0,6,2398,1500,,
athena-pallada,athena-pallada,GM,,GE,,2603.0,,,2912,-12,15522,2837,23,242,3053,2522,,
BardurOrn,bardurorn,CM,Bárður Örn Birkisson,IS,,2320.0,,,2345,69,1413,2187,0,11,2534,1500,,
kiketf,kiketf,IM,,ES,,2417.0,,,2727,83,2755,2408,98,32,3003,2136,,
KarolK05,karolk05,FM,,PL,,,,,2730,-11,1898,2770,272,101,3002,1173,,
koreanjett,koreanjett,FM,,,,,,,2407,-2,289,1822,0,2,2644,1500,,
MetiForce,metiforce,GM,Mahdi Gholami Orimi,IR,https://lichess.org/team/gm-mahdi-gholami--friends,2507.0,,,2574,15,2938,2471,69,13,3074,1500,,
davidb2,davidb2,GM,David Brodsky,US,,,,,2588,51,1120,2395,-163,68,2910,1923,,
ava1411,ava1411,FM,,RU,,,,,2254,3,2482,2251,-154,114,2582,2296,,
Peacefulwarrior1996,peacefulwarrior1996,GM,Arman Mikaelyan,US,GM Arman Mikaelyan,,2624.0,,2760,6,2430,2381,0,9,2965,1926,,
zuro22,zuro22,IM,,US,I just want to smash heads,,,,2485,69,2933,2445,-3,52,2639,1669,,
Gvetadze,gvetadze,IM,Sofio Gvetadze,GE,"International Master, Woman Grandmaster  and Fide Instructor",2298.0,,,2543,-21,484,1500,0,0,2629,1500,,
MATAGORDO,matagordo,IM,Jonny Manuel Cueto Chajtur,BO,,2241.0,,,2375,-3,17790,1557,297,52,2487,1500,,
yellowdragoon,yellowdragoon,FM,Henry Li,IE,"Specialties: Endgames, Calculation Training, King's Indian Defense, Ruy Lopez",,,,2316,-169,3312,2309,-29,703,2687,1609,,
PawnEatingZombie,pawneatingzombie,NM,,,,2105.0,2220.0,,2238,12,12175,2225,-22,989,1967,2271,,
Mikkel_Vinh,mikkel_vinh,CM,Mikkel Loftgaard,DK,"https://lichess.org/team/cm-mikkel_vinh-club
https://www.twitch.tv/mikkel_vinh

I don't join teams for free so don't ask

Contact me at my Mail: mikk527r@gmail.com",2336.0,,,2572,-17,15670,2462,-27,2723,2826,2104,,
nikola1988,nikola1988,FM,Nikolay Maevskiy,RU,,,,,2615,18,1858,2301,-158,78,2637,1647,,
StarChief,starchief,FM,,,"Who is the man who desires life, and loves many days, that he may see good? Keep your tongue from evil, and your lips from speaking deceit. Depart from evil and do good; Seek peace and pursue it. (Psalms 34:12-14)",,,,2574,125,272,2542,47,64,2360,1500,,
GuadalupeBesso198,guadalupebesso198,WIM,Guadalupe Besso,AR,"Tengo 26 años soy Maestra Internacional de ajedrez. 
Integrante del equipo Olímpico Argentino 2020 2021 2022. Clases online enviar mensaje privado.
Conoce mi historia aqui: https://lichess.org/coach/GuadalupeBesso 
Sigueme : https://www.instagram.com/bessoguada/",,,,1928,-42,3284,2235,-77,214,2226,2189,,
marasmus01,marasmus01,FM,Walter Okas,UG,,2207.0,,,2375,23,8426,2334,-193,79,2710,1675,,
lacampora,lacampora,FM,Martin Herrera,AR,,2198.0,,,2227,-8,6377,2251,26,176,2274,2019,,
cubanoases,cubanoases,IM,Ariel Marichal,VE,"Hola, soy maestro internacional 2339 comence a una edad muy tardia el ajedrez 22 años , me gusta entrenar a jovenes y a cualquiera que muestre ganas de progresar , tambien jugar torneos por supuesto , la investigacion es un punto importante para mi",2339.0,,,2303,62,16585,1684,-200,121,2349,1447,,
MgaPR,mgapr,NM,Gabriel Tortola Flores Vieira,BR,"Atomic chess enthusiast!
Playing Shogi in lishogi.org 
.
.
.
https://lichess.org/MH3uzhrk5ggm

MgaPR 1/2 x 1/2 DrNykterstein (GM Magnus Carlsen)!!!",2154.0,,,2426,-3,11312,2448,15,122,2647,1500,,
eltenedor,eltenedor,CM,David Bennett,_earth,"Hi there, I'm a US national master and coach. I've trained 6 DC Scholastic Champions but teach all ages. One of my main goals as a coach is to make quality chess learning available to all. Check out my site for the International Adult Class each Sun (1pm UTC). Everyone enters free & tips only what/if they can. The Ghanaian HS Champion does Sat @5 now. I stream on YouTube in both English & Spanish.",,,,2255,18,1394,2355,-1,262,2401,1500,,
venturaMF,venturamf,FM,,BR,,2325.0,,,2263,9,19194,2346,-10,315,2554,2314,,
Jessejames88,jessejames88,NM,,_earth,"Hey guys Im Jesse James Lozano National Master and business owner of CompleteChess. I own a chess club in San Antonio, Tx. I host tournaments, camps, lessons and after school programs.

Check out my youtube for 3 weekly videos and any ideas you have for me please let me know.
https://www.youtube.com/channel/UC7_Tm6UVKUomwPAIs62OkAg",,2300.0,,2327,11,4408,2201,15,184,2738,2033,,
PotapovaM,potapovam,WIM,Маргарита Потапова,,,2289.0,,,2568,7,2779,1738,0,3,2802,1500,,
MAHanif,mahanif,CM,Md. Abu Hanif,BD,"https://imgur.com/6kPRkv1

I love rapid and blitz chess.
Fide ID : 10200835.
Rating : Standard 2066, Rapid 2086 and blitz 2169 (on October 2023).
I am a Computer Operator in an Autonomous Organization in Bangladesh.",2054.0,,,2317,-12,12167,2212,-28,176,2354,2065,,
Elretornodelmore,elretornodelmore,FM,,IR,,,,,2606,9,7682,1500,0,0,2878,1500,,
highlama,highlama,FM,Alexander Chua,US,"Sometimes successful chess player, aspiring professional chess amateur

FIDE Master, Life Master

I enjoy teaching motivated chess players.",2308.0,2404.0,,2459,-52,945,2477,236,20,2474,1500,,
IMaDale,imadale,IM,,AU,,,,,2543,14,3105,2439,-57,19,2802,1500,,
lakilive,lakilive,IM,Andrii Shankovskyi,UA,"Професійний тренер-викладач з шахів. Міжнародний майстер, майстер спорту України.",2406.0,,,2473,-47,2923,2505,37,61,2740,1500,,
samrat300,samrat300,FM,Manish Hamal,NP,,2021.0,,,2172,-26,4948,2261,36,37,1958,1500,,
Mrios,mrios,FM,MAURICIO RIOS,CO,"ID FIDE: 4401204. 

Me encanta el Ajedrez y todo lo relacionado con él, es decir, su positiva influencia en el desarrollo cognitivo, su aspecto competitivo, su lado artístico y también como recreación, para momentos de ocio, entre otros.",2267.0,,,2266,-3,19907,2355,-140,166,2227,1258,,
Abelguzin_Dinar,abelguzin_dinar,FM,Динар Абелгузин,RU,,,,,2386,-5,520,2242,0,5,2486,1500,,
TokChess,tokchess,FM,Ariel Nicolas Tokman,AR,"Maestro FIDE. Buenos Aires, Argentina. Autor del libro ""Táctica avanzada-entrenamiento avanzado por conceptos"".

Disponible para clases individuales y juegos de entrenamiento.

Enlace FIDE: https://ratings.fide.com/profile/117420",,,,2602,29,4911,2380,56,29,2709,1500,,
Macrofago,macrofago,GM,José Carlos Ibarra Jerez,ES,"Gran Maestro de Ajedrez (ELO 2570).
Streamer de Twitch & Youtuber.
allmylinks.com/gmspideribarra
-Clases de ajedrez: https://www.chessenigma.com/ataque-jaque-y-mate-en-ajedrez/",2567.0,,,2784,23,5558,2126,0,8,2883,1500,,
Sunrisebyself,sunrisebyself,NM,Леонид Шамчук,RU,"Мс РФ ,
Личный рекорд рейтинг FIDE  достиг 2445
День рождения 26 июль 1964",2357.0,,,2300,3,7502,2252,-122,28,2286,1173,,
zajka-molotok,zajka-molotok,IM,Yuliia Osmak,UA,"I am Osmak Yuliia, top 19 woman in the world!
IM, WGM
Olympic champion 2022
World and European champion among girls (2010, 2016)
Women vice-European champion (2021)
20 times  times Ukrainian women champion
Chess streamer: https://www.youtube.com/channel/UCHZGNIGyWJVRKX6MCaqR3UQ
Chess coach:
50€ - 1 hour; 35€ per an hour for playing chess.",2451.0,2468.0,,2453,-61,1817,2301,-101,56,2394,1500,,
Matthew-Fishbein,matthew-fishbein,NM,Matthew Fishbein,US,5x Maine State Chess Champion and Chess Enthusiast,,2286.0,,2449,-3,10610,2305,150,28,2508,1500,,
Georgihno,georgihno,CM,George Mwale,MW,,,,,2252,-14,3233,2076,41,49,2310,2063,,
Samc12,samc12,CM,,DK,"""El camino al éxito está pavimentado de fracasos.""
-Walter Bazar",,,,2405,54,568,2233,-13,64,2400,1961,,
jgeg,jgeg,FM,Jürgen Gegenfurtner,DE,,2326.0,,,2621,-13,21546,1500,0,0,1500,1500,,
Chessfis,chessfis,GM,Frederik Svane,,Twitch profile: https://www.twitch.tv/GMFrederikSvane,,,,2766,-20,6970,2799,9,319,2833,2203,,
Novocane,novocane,CM,,NL,"https://lichess.org/team/tijdnood -> club i made mostly for people that played in my Simuls, gonna look at some games there! (But really anyone can join)",2198.0,,,2288,-35,5503,2392,18,303,2440,2221,,
TheOneTrapMan,theonetrapman,CM,Gireman Jagadeesan,IN,"Peak Live Rating : 2308

Link to my fide profile:
https://ratings.fide.com/profile/5043794

Link -coach's page:
https://lichess.org/coach/TheOneTrapMan

Without music, life would be a mistake.
Yuvan ❤ Ilayaraja ❤ 

Learn->Play->Enjoy->Learn",,2388.0,,2593,-33,2735,2428,13,60,2959,2260,,
HallucinatingIQ,hallucinatingiq,FM,,,,,,,2573,22,4067,1691,0,1,2617,1500,,
rus_pressF,rus_pressf,IM,Денис Першин,RU,,2390.0,,,2617,-1,2696,2520,-25,12,2818,1500,,
OneAndAHalph,oneandahalph,FM,,,,,,,2474,9,10100,2460,21,61,2568,1500,,
DenianCXI2,deniancxi2,NM,,BR,"2000 classic
2024 blitz
1974 rapid",2000.0,,,2285,-25,8114,2438,122,260,2502,2348,,
temp006,temp006,GM,,,,,,,2881,-4,1486,2365,0,7,3043,1500,,
EloXadrez23,eloxadrez23,NM,Eloy Cruz Bolaños,MX,,,,,2213,9,13332,2273,-13,1489,2258,2065,,
AjedrezInteligente,ajedrezinteligente,CM,Gumersindo Fernandez Garcia,ES,,2222.0,,,2444,-7,1403,2430,148,81,2573,1500,,
GmenLudo,gmenludo,NM,,AR,,,,,2289,1,13430,1968,-464,55,2620,1500,,
Kastorcito,kastorcito,GM,Rodrigo Vasquez,CL,"Grand Master from Chile 2554 Elo rating. I give Chess Lessons, if you are interested tell me or write to kastorgm@hotmail.cl
  I invite you to my academy online ! 


Te dejo invitado a participar en mi academia Online!",2554.0,,,2747,-24,16682,2256,224,57,2880,1500,,
SaraciNderim,saracinderim,IM,Nderim Saraci,XK,"You Tube Channel - IM Nderim Saraci
https://www.youtube.com/watch?v=4aQBUZHM6AM",,,,2822,27,7583,2399,99,24,3101,1500,,
pedromartinez91,pedromartinez91,IM,"Martínez Reyes, Pedro Ramon",VE,El ajedrez alimenta mi espíritu y por ello lo recomiendo como estilo de vida.,2328.0,,,2434,-68,2300,2263,5,153,2660,1531,,
Idontcare600elo,idontcare600elo,CM,,US,,,,,2395,-13,54,1500,0,0,2721,1500,,
gasimov_00,gasimov_00,FM,,PT,,,,,2382,-32,863,2347,0,11,2660,1500,,
MG_broker007,mg_broker007,CM,,,,,,,2606,30,376,1782,0,1,2906,1500,,
VictorMMagoP,victormmagop,NM,Víctor Mago,VE,"Clases y Matches de Entrenamiento 5$/h, escribir al Whatsapp +584264828211",2148.0,,,2502,10,4962,2502,51,248,2507,2363,,
bmartin,bmartin,IM,Martin Bitelmajer,AR,"Juego al ajedrez desde los 7 años y cada día me siento más apasionado por este juego hermoso. Desde hace 15 años me dedico a jugar y enseñar en forma profesional es lo que más me gusta ver la evolución en el juego (no solo en su ranking, sino en su forma de evaluar, comprensión de la posición, estudio e investigación de posiciones y etc).
Mi jugadores favoritos son Morphy, Capablanca, Alekhine, Bronstein, Petrosián, Stein,Fischer, Karpov, Kasparov, Carlsen, Ivanchuk, Eljanov.
",2475.0,,,2562,15,4014,2272,10,12,2719,1500,,
Shiraas,shiraas,IM,Soham Kamotra,IN,"https://lichess.org/coach/Shiraas
Twitch- https://www.twitch.tv/sohamkamotra",2430.0,,,2670,27,955,2307,75,64,2642,2387,,
Gallito64,gallito64,FM,,,,,,,2167,-54,3258,2045,173,76,2608,1943,,
Grammnik,grammnik,FM,,RU,,2288.0,,,2357,21,7994,2248,-95,18,2273,2207,,
Srinath_rao,srinath_rao,IM,Srinath Rao SV,,,2437.0,,,2602,7,838,2338,-50,146,2751,1871,,
RMchess04,rmchess04,FM,Ronny Manuel Lafont,CU,"Conseguí mi título de FM a los 18 años y me gusta mucho el ajedrez táctico con sacrificios brillantes,soy entrenador en la plataforma y en mi pais ,ya con 3 años de experiencia y alumnos de gran parte de latinoamerica, algunos ya tienen resultados importantes después de trabajar conmigo https://Wa.me/5356466448",2265.0,,,2412,-5,7659,2414,-27,609,2425,2221,,
Sandro970,sandro970,FM,Sandro Šafar,HR,"I help beginner / intermediate adult chess players break rating barriers using an innovative structure. DM for more info.

Check out my YouTube for free instructive content: https://www.youtube.com/@Lionchess",2354.0,,,2472,12,1077,2517,35,98,2665,1924,,
Harsha_bharathakoti,harsha_bharathakoti,GM,Harsha Bharathakoti,IN,"Hello Guys. I am grandmaster Harsha Bharathakoti.
I am former National junior champion and Asian junior Medalist, and I have won International open tournamenets.
I am available for taking classes and playing training games.
Anyone who is interested can contact me through Email/Whats app
Email: bharathakoti.harsha@gmail.com
Whatsapp: +918500881100",2509.0,,,2853,32,1201,894,0,1,3087,1500,,
gmman88,gmman88,NM,,,,,,,2519,22,8255,2533,-91,267,2713,1500,,
VitorBronson,vitorbronson,NM,Vitor Ferreira,BR,,,,,2506,14,6430,2403,7,25,2600,2220,,
FIRE2006,fire2006,NM,Дмитро Білецький,,Звання:МС  12.03.2006,1905.0,,,2444,-28,6822,2478,28,297,2701,1892,,
Viscam24,viscam24,CM,,,,,,,2425,-6,7770,2303,0,367,2500,2325,,
Rasul_Musaev,rasul_musaev,FM,,RU,,2252.0,,,2428,-87,1157,1107,0,2,2764,1500,,
ricaurte55,ricaurte55,FM,Juan Carlos Ricaurte Lopez,EC,"Titulo de MF,  ID 3600327 . Fecha nacimiento 8 Marzo 1955
He participado en 2 Olimpiadas Mundiales representando a  Ecuador",2226.0,,,2034,-42,7543,2427,33,380,2552,1500,,
DianaMirza,dianamirza,WFM,Diana Mirza,IE,"Smiley Streamer https://www.twitch.tv/dianamirza 
https://giphy.com/gifs/dance-spongebob-bob-nDSlfqf0gn5g4",2000.0,,,1896,-57,4808,1901,-37,169,2274,1848,,
Bultenibo,bultenibo,IM,,,,,,,2550,-12,355,2342,-86,33,2621,1500,,
imsorrycheckmate,imsorrycheckmate,NM,,IT,,2201.0,,,2630,-23,5221,2416,-55,174,2817,2408,,
AJSF2020,ajsf2020,IM,,,,,,,2464,-19,6509,2524,76,125,2850,2024,,
refresher,refresher,FM,,,,,,,2540,11,16558,2514,12,157,2701,1500,,
Rockstar83,rockstar83,GM,Leonardo Tristan,AR,,2537.0,,,2564,-11,1662,2338,15,16,2860,1500,,
universalchess247,universalchess247,WFM,Pragnya HG,,,,,,1500,0,0,1500,0,0,2379,1500,,
Lelatoreli,lelatoreli,IM,Lela Javakhishvili,GE,,2473.0,,,2550,-17,574,1500,0,0,2436,1500,,
BIG_Pirate,big_pirate,NM,,UA,"Вітаю https://lichess.org/@/dariy7  з Чемпіонством!
 ____________02.04.2023 Чемпіон Ірландії до 10 років.
13-2",,,,2476,-3,19493,2541,43,761,2621,2527,,
DarkKnight97,darkknight97,GM,,,,,,,2672,-13,2795,2199,-71,28,2738,2202,,
DuccDuccDucc,duccduccducc,FM,,,,,,,2700,57,832,2673,73,159,2800,2030,,
seb54749014,seb54749014,NM,Sebastien Azar,CA,National master from Canada,,,,2343,2,3209,2420,10,718,2666,2241,,
El_Gran_Gonzalez,el_gran_gonzalez,CM,,AR,Chess is the same as mathematics,,,,2425,16,2134,2339,62,288,2562,1500,,
supertfc,supertfc,IM,,FR,,,,,2441,19,13299,2502,45,310,2471,1500,,
gmjosecubas,gmjosecubas,GM,José Cubas,BR,Motor de carne y hueso.,,,,2550,5,1200,2016,58,32,2617,2221,,
hypnopsycho,hypnopsycho,CM,Radu Stoenescu,FR,"Je joue depuis plus de trente ans en tournoi. J'ai appris les échecs à cinq ans, en Roumanie, avant de venir en France. J'ai un DEA de Philosophie de l'Université Paris IV Panthéon-Sorbonne.",2100.0,,,2114,-12,3769,2160,30,28,2167,2137,,
catC,catc,NM,,,,,,,2339,6,653,1926,206,23,2271,1576,,
Sergey_Shtyka,sergey_shtyka,FM,Sergey Shtyka,RU,,2154.0,,,2352,-20,5616,2399,0,7,2612,1500,,
Jupiter435,jupiter435,IM,Jason Liang,US,,2528.0,2620.0,,2713,59,321,2424,-67,47,2799,1971,,
Mamikon_Gharibyan,mamikon_gharibyan,GM,Mamikon Gharibyan,AM,"Chess Grandmaster. 

4x European Champion and 2x Bronze Medalist.   Welcome to my page!


    https://lichess.org/coach/Mamikon_Gharibyan",2493.0,,,2753,28,2831,2262,0,4,3116,1500,,
AleLeo2008,aleleo2008,NM,Maglioni Leonardo,IT,Il vero Re,,,,2318,9,2553,2265,143,820,2552,1900,,
ChessTheory64,chesstheory64,FM,ChessTheory64,CA,"My contributions to the lichess codebase 🤓:
https://github.com/lichess-org/lila/commits?author=johndoknjas
Some chess 📖 I've written:
https://www.amazon.ca/s?k=john+doknjas&crid=3LBG5ATR1885E&sprefix=john+doknjas%2Caps%2C158&ref=nb_sb_noss",2280.0,,,2288,-39,6630,2635,4,1083,2704,2551,,
dragonwelb,dragonwelb,FM,Виктор Шапиро,_earth,"Даю уроки по скайпу, или в Санкт-Петербурге. Пишите в личку,или shapirochess@gmail.com
Тренерский стаж около 20 лет",2074.0,,,2427,6,20065,2472,-27,1079,2677,2153,,
k_zhitnik,k_zhitnik,FM,Константин Житников,RU,,2271.0,,,2573,8,1828,2596,237,38,3106,1500,,
Nefe,nefe,NM,Nellija Maklakova,LV,https://ratings.fide.com/card.phtml?event=11603470,,,,2021,24,3405,1929,25,177,1815,1517,,
ajgreen,ajgreen,NM,Austen Green,US,,,2200.0,,2269,-1,1457,2467,-100,172,2338,2009,,
shootnik64,shootnik64,CM,Сергей Иванов,RU,,2189.0,,,2318,-79,7548,1869,0,2,2383,1500,,
Umumba,umumba,FM,David,DE,,2313.0,,,2413,41,7373,2284,-55,80,2722,2194,,
Free_Dragon,free_dragon,IM,Volodymyr Vusatiuk,UA,,,,,2405,-33,641,2287,119,33,2670,1500,,
Super_FM,super_fm,FM,,DE,,,,,2328,23,15740,1500,0,0,2466,1500,,
tryhard122,tryhard122,IM,,,I look in the mirror see my only opponent,,,,2743,20,4325,2665,25,225,2931,1956,,
abrito99,abrito99,IM,Rubén Domingo Núñez,ES,"IM, available for european leagues, lessons and training games.
Feel free to DM me if interested :)",2446.0,,,2674,2,4922,1500,0,0,3020,1500,,
fender2001,fender2001,FM,,IR,,2315.0,,,2518,-27,358,1500,0,0,2474,1500,,
ArnoldEssing,arnoldessing,FM,,EU,,,,,2454,59,7640,1500,0,0,1500,1500,,
kacpertop,kacpertop,FM,,PL,"lekcje online i stacjonarnie w Warszawie, pisać! :D
",,,,2306,-26,1179,2298,-5,144,2262,2153,,
Kholin_Sasha,kholin_sasha,FM,Александр ХОЛИН,RU,,2412.0,,,2482,-6,1360,2112,-77,56,2502,1500,,
Marc400,marc400,FM,,,,,,,2517,-35,1954,2458,278,18,2463,1500,,
cucumber4,cucumber4,CM,Огурцов Огурец Огурецович,RU,Cucumber team.,2250.0,,,2456,22,9360,2473,40,91,2766,1500,,
Pernambuquinho,pernambuquinho,NM,Christian Almeida Do Nascimento,BR,aulas de xadrez particulares quem tiver interesse só mandar mensagem,,,,2507,-4,6930,2342,-42,67,2616,2249,,
Saps_Sean,saps_sean,CM,Malik Curriah,JM,"Jamaican Candidate Master Malik Curriah. I do game analysis and annotations for a negotiable fee, inbox for details",2050.0,,,2221,-30,7772,2343,-34,460,2095,2201,,
KRASAVCHIK2002,krasavchik2002,FM,FM Ilja Semjonovs,LV,,2362.0,,,2607,106,727,2172,59,36,2640,1685,,
Maria,maria,WFM,,,,,,,2234,0,8,1500,0,0,2014,2090,,
sestremera,sestremera,IM,Sergio Estremera,ES,https://ratings.fide.com/profile/2200864,2306.0,,,2247,-40,2429,1500,0,0,1884,1500,,
pavaobjazevic,pavaobjazevic,CM,Pavao Bjazevic,US,,2265.0,,,1500,0,0,2322,-74,52,1500,2287,,
kirill_kopyonkin,kirill_kopyonkin,FM,Кирилл Копёнкин,,https://lichess.org/coach/kirill_kopyonkin,,,,2465,-31,21913,2628,-166,466,2864,2158,,
MMKZH,mmkzh,FM,Leo Hein,MM,,2274.0,,,2348,72,156,2346,0,11,2547,1500,,
whogeeyao,whogeeyao,NM,Hou Ji Yao,,"Winner of 13/8/2015, 25/8/2015 Daily Blitz Arenas
Instagram: same user as my lichess
Former bullet & blitz top 100

NM since April 2019
PM me if interested in lessons!",,,,2456,-11,3820,2277,4,122,2466,2320,,
Doraemon2008,doraemon2008,CM,,IN,,,,,2373,-9,3260,2201,25,100,2779,2218,,
RhetoricalBrilliance,rhetoricalbrilliance,NM,,BE,,,,,2512,-26,1313,1940,0,7,2699,1500,,
SembrandoAjedrez,sembrandoajedrez,FM,Juan José Converset,AR,,,,,2266,-20,18808,2003,0,10,2335,1734,,
Bird_f4,bird_f4,FM,,ES,,2365.0,,,2614,4,303,1500,0,0,1500,1500,,
vidavi,vidavi,FM,,CX,,,,,2422,21,4126,2306,-32,93,2388,2152,,
Hobbit_01,hobbit_01,WCM,Strukova Ksenia,RU,,,,,2230,-47,1223,1304,0,2,2526,1500,,
daorange,daorange,NM,,,,,,,2497,41,5891,1500,0,0,2342,1500,,
RomanianForce,romanianforce,IM,,,,,,,2851,26,804,2561,-77,28,2901,1500,,
Whynot72,whynot72,IM,,,,,,,2520,-11,14456,1500,0,0,2603,1310,,
Lisij17,lisij17,CM,,,fide - https://ratings.fide.com/profile/34138161,,,,2328,-9,3712,2503,1,2124,2460,2335,,
Gbeto,gbeto,GM,G_ Beto,ML,,,,,2870,-22,580,1500,0,0,3102,1500,,
StreetDog24,streetdog24,FM,Doggy,EU,woof woof,,,,2428,12,1046,2469,-105,129,2580,2330,,
AmbartsumianTyhran,ambartsumiantyhran,CM,Tyhran Ambartsumian,AM,"Hello everyone, my name is Tyhran and I am 13 years old. I 
was born in Kyiv, Ukraine, but I am Armenian and live in Armenia because of the war. 
My team 
https://lichess.org/team/the-long-chess-plan

My Firtst IM norm https://s3.chess-results.com/tnrWZ.aspx?lan=11&art=9&fed=ARM&turdet=YES&flag=30&snr=94&SNode=S0&tno=1118602",2351.0,,,2589,-58,1216,2534,201,18,2981,2027,,
Bjarne_V,bjarne_v,CM,,DE,,,,,2171,27,2524,2033,-172,4178,2407,1559,,
chasingthewind,chasingthewind,NM,,US,,,,,2198,-11,7872,2420,-20,160,2215,1500,,
ljubisha,ljubisha,FM,Ljubisa Andonovski,MK,"FIDE master
",2284.0,,,2366,-1,29435,2434,-75,379,1821,1828,,
Andnar,andnar,FM,Gunnar Andersen,US,FM from Colorado,2265.0,2369.0,,2752,56,4353,2295,149,41,2801,2002,,
leochessq,leochessq,CM,Leonardo Gavrilovic,RS,"I start playing chess when I was 17 year old.  Since that time I play chess for my team every year. In 1985 I was young champion in my city. In 1993 I took second place on senior championship of my city. My best rating was 2279 in July 2012.
I play well in positional way and also my tactical skill is great!  
Chess is the best playing game for all time. That why he exist so long.",2121.0,,,2291,16,23643,2213,-20,820,2402,2302,,
vendetto,vendetto,NM,,,,,,,2210,15,2665,2066,-118,59,2514,1500,,
Petriashvili2,petriashvili2,IM,,ZM,,2425.0,,,2532,0,2122,2710,-26,24,2727,1500,,
avchess1,avchess1,FM,,,,,,,2680,-27,4273,2450,262,71,2890,1670,,
Jeziel_Player,jeziel_player,NM,,BR,,2044.0,,,2205,-12,6955,2422,10,1838,2225,2119,,
surrenderPLS,surrenderpls,FM,Arseniy Shturman,,"FIDE ID - 34275797.
РШФ ID - 74251",2388.0,,,2601,-40,6114,2517,11,518,2876,2324,,
sina_iran,sina_iran,GM,Sina Movahed,IR,https://ratings.fide.com/profile/42520835,2518.0,,,2649,-2,9511,2772,49,388,2950,1500,,
caching,caching,GM,,,,,,,2701,24,104,1500,0,0,3082,1500,,
avantage_ru,avantage_ru,GM,,RU,,,,,2944,58,5106,1754,0,1,2902,1500,,
coixuong103,coixuong103,IM,Bao Khoa,VN,"Catalan, Sicilian
Hate cheater",2234.0,,,2500,15,470,2321,133,65,2741,1500,,
MaxikerMayta,maxikermayta,CM,Maveric,BO,Hola,,,,2359,-7,3431,2156,13,50,2738,1643,,
KingDray,kingdray,FM,Anthony Drayton,GY,,1961.0,1950.0,1861.0,2208,9,8072,2162,-4,460,2307,2060,,
Shukh_Nikolay,shukh_nikolay,IM,Николай Шух,RU,"Международный мастер с 2010 года, рекордный рейтинг в классические шахматы 2467. Одна норма гроссмейстера (Moscow Open-2018). Даю уроки шахмат онлайн. Работаю с уровнем от начинающего до кмс. Пишите в личку",2462.0,,,2584,-16,13235,1500,0,0,2734,1500,,
Caroltorres84,caroltorres84,WFM,Leslie Carolina Torres Hernández,HN,,1920.0,,,2018,12,10463,1906,12,260,2071,1916,,
ilder,ilder,IM,Ilan Schnaider,AR,"Soy Ilan schnaider Tengo 14 años, el ajedrez es mi pasion.
I am Ilan Schnaider, I am 14 years old, chess is my passion",2401.0,,,2675,10,6823,2366,75,162,2954,2076,,
Harut-1998,harut-1998,IM,Harutyun Barseghyan,FR,,2519.0,,,2584,-11,9053,2495,93,26,2597,1500,,
AZ3000,az3000,WFM,,RU,,,,,2151,79,397,2249,-34,207,1828,2176,,
maracayo,maracayo,IM,CARLOS GALLEGOS,,,2374.0,,,2320,-39,12150,2462,0,11,2430,1500,,
muhammadzain,muhammadzain,NM,M. Zainurani Zaini,ID,,2102.0,,,2275,-38,1036,1909,-211,84,2371,1500,,
Lordiron,lordiron,FM,,IT,,,,,2315,-15,5092,1258,0,1,2362,1500,,
Nekemovitch,nekemovitch,NM,FRANCISCO A medeiros JUNIOR,DK,"Mestre Nacional e Professor de Xadrez, para iniciantes que pretendem melhorar e desenvolver seu jogo, valor hiper acessivel, entre em contato comigo,  instagram nekemovitch... ou zap 11- 949491172",2157.0,,,2457,14,1686,2199,0,10,2309,1500,,
MichaelSimpson,michaelsimpson,IM,Michael Andrew Simpson,ZA,Crushing patzers.,,,,2464,-11,4368,2448,-18,395,2567,2323,,
FlySooHigh,flysoohigh,FM,,RU,,,,,2685,24,5641,2501,-98,56,2801,1500,,
shrekinkedisi14,shrekinkedisi14,CM,FM Ali Poyraz UZDEMIR,TR,https://ratings.fide.com/profile/51619733,2180.0,,,2331,-9,1175,2286,-20,200,2884,1500,,
estupendo,estupendo,FM,José Miguel Ortega Ruiz,ES,Maestro FIDE // FIDE Master,,,,2349,38,1943,1500,0,0,2756,1500,,
chessuriel,chessuriel,CM,Uriel Vazquez Espino,MX,,,,,2400,18,2816,2418,35,297,2464,2302,,
RAJARAJCHOLAN008,rajarajcholan008,CM,,,,,,,2532,-49,1364,2323,-72,245,2662,1896,,
chessmmaster,chessmmaster,NM,,US,,,,,2601,29,3452,1883,24,45,2601,2016,,
NewNr1,newnr1,NM,,EU,always fighting chess,,,,2368,-45,29524,1902,-125,18,2279,1500,,
KP213,kp213,IM,,,,,,,2533,-16,1443,2640,-212,19,2729,1500,,
siansell,siansell,IM,Simon Ansell,GB,,,,,2451,-3,881,1500,0,0,2345,1500,,
neodera,neodera,GM,Neuris Delgado Ramirez,PY,,2559.0,,,2561,-7,2094,2464,-24,22,2762,1500,,
DrNykterstein,drnykterstein,GM,,,,,,,3131,22,604,2500,0,0,3233,2500,,
SvetlanaChess,svetlanachess,WIM,Svitlana Pentsak(Kuharenko),,Chess coach,2247.0,,,2172,7,2824,2190,84,76,1972,1447,,
jethromy_morado,jethromy_morado,FM,Jeth Romy Morado,PH,Gender: Male,,,,2405,-11,1625,2258,-23,166,2440,1500,,
erwinlami,erwinlami,GM,Erwin l'Ami,NL,,2625.0,,,2842,-33,242,2232,0,7,2862,1500,,
Gunfighters,gunfighters,FM,,,,,,,2426,-91,429,1500,0,0,2601,1500,,
eastside93,eastside93,NM,,,,,,,2094,84,1159,1594,0,5,1954,1500,,
Xellerex,xellerex,NM,,,"21
twitch.tv/Agent_JL_Chess",,,,2540,-11,286,2593,68,23,2902,2336,,
adnaPZg0,adnapzg0,IM,,,,,,,2767,122,408,2383,0,9,3084,1500,,
MamonovPetr,mamonovpetr,FM,Сергей Журов,RU,Мастер фиде и тренер по шахматам. В этой профессии более 30 лет. Всех приглашаю в группу Tematic Rapid. Раз в неделю тематические турниры по самым разным дебютам и стрим ( пока на  Twich). Буду рад новым друзьям.,2254.0,,,2734,-16,3779,2686,8,736,1500,2025,,
DrGrekenstein,drgrekenstein,GM,,,,,,,2901,-10,43,1500,0,0,3172,1500,,
rickywsb,rickywsb,NM,SIBO WU,US,,,,,2406,-42,128,2460,128,21,2507,1743,,
lolsirs,lolsirs,FM,,US,"Any opinions my own only.

russia: a fake country run by serial killers.",,,,2445,-3,12075,1500,0,0,2470,1500,,
championsss2019,championsss2019,WFM,,,,,,,2108,-61,1319,2061,34,143,2021,1500,,
Milchone,milchone,IM,Nikolay Milchev,GB,I am professional chess player and trainer. Like a coach I am proud with my students and have a big success ! My coaching method has been developed and tested for many years and strikes the balance between my chess skills and knowledge as IM. You can find me by teams which is milchone1 or zoom. The price per lesson is 40$. If you buy 10 lessons for 400$ you will get 12 lessons( 2 for free).,2418.0,,,2495,3,3085,2686,234,80,2412,2322,,
muzilandia,muzilandia,WIM,Karla July Fernandez Rivero,CU,,2046.0,,,2165,0,1462,2293,86,49,2002,1500,,
ahmedotaleb,ahmedotaleb,CM,,,,,,,2418,46,872,2223,185,22,2343,2215,,
juan_e_medina_CAQ,juan_e_medina_caq,CM,Juan Esteban Medina González,CO,"ratings.fide.com/card.phtml?event=4456114 (LIGA DE AJEDREZ DEL CAQUETÁ)
fecha de nacimiento: 16 de octubre 2008",1314.0,,,1860,-44,1035,2011,7,145,1949,1694,,
KaanC,kaanc,CM,Melih Kaan Can,TR,,,,,2472,24,5897,2231,-85,293,2726,1532,,
SwitchTactics,switchtactics,FM,Yue Shen,ES,"Follow me on Twitch: 
https://www.twitch.tv/fmyue

https://i.imgur.com/hK8dl0m.png",2267.0,,,2354,-3,686,2128,105,13,2120,1500,,
Box06,box06,IM,Eddy Tian,,,,,,2503,-32,191,1500,0,0,2599,1500,,
ArtemDyachuk,artemdyachuk,FM,Artem Dyachuk fm,UA,,2233.0,,,2576,38,13709,2367,-69,3406,2665,1876,,
FaustiOro,faustioro,IM,Faustino Oro,AR,,2509.0,,,2974,14,12808,2717,99,539,3136,2254,,
rowrulz,rowrulz,FM,Alexander Longson,GB,Director of UK Chess Challenge and UK Junior Chess Academy. Manager of the Chess Trust's Accelerator Programme funding development of England's top junior talent.,2329.0,,220.0,2337,38,495,2210,-1,60,2134,2359,,
GreyCordero,greycordero,WFM,Greisy Cordero Suárez,CU,,2134.0,,,1950,-20,7955,1937,-36,15,1790,1500,,
ivanoob,ivanoob,FM,,,Check at our page: https://www.newyorkchessacademy.us/,,,,2567,-17,1675,2368,-56,132,2870,1701,,
SouthAfricanWolf,southafricanwolf,CM,Keith Jeffrey Khumalo,ZA,"Become a Master : 
https://keithonsky.gumroad.com/l/lfacm

Road To 3000 :
https://keithonsky.gumroad.com/l/3000",2167.0,,,2564,-19,15472,2379,77,127,2761,1863,,
nickmatta,nickmatta,NM,Nick Matta,US,,2303.0,2399.0,,2338,-94,685,2155,158,132,2676,2074,,
pifion,pifion,IM,Sebastian Sanchez Lizcano,CO,"Maestro Internacional 
FIDE Trainer
https://ratings.fide.com/profile/4403304",2450.0,,,2552,-3,11603,2442,99,62,2721,1860,,
walijah,walijah,WCM,,,,,,,2139,54,163,2145,56,16,1703,2072,,
Peng_Li_Min,peng_li_min,GM,Li Min Peng,CH,"https://www.chessable.com/lifetime-repertoires-nimzowiener-variante-teil-1/course/218071/

Champion and vice-champion of Ukraine U16, U18, U20.  Coach at the Bortnik's Brothers Chess School
https://www.youtube.com/channel/UCN_12Xwya4pdCtbGVRpVbqg
https://lichess.org/coach/Peng_Li_Min",2562.0,,,2708,-40,3320,2549,-20,120,2922,2124,,
CakeinSpace,cakeinspace,GM,,,https://i.imgur.com/3HyS4Th.jpg,,,,2959,143,724,1587,0,4,3036,1500,,
inmortalito,inmortalito,FM,,,,,,,2249,-12,1864,2017,48,54,2448,1916,,
Zeck,zeck,CM,,CL,,,,,2473,6,4197,2545,109,45,2761,1500,,
Polstastisch,polstastisch,FM,Christian Polster,DE,"Türme sind zum Opfern da
https://imgur.com/ofPVmou",2306.0,,,2531,-25,1167,2452,-58,526,2560,2229,,
zumpili,zumpili,FM,Dr. Norbert Barth,DE,"FIDE Master/Coach: 30 years coaching experience. My training sessions are for all ages and levels. You are invited to enjoy a sustainable chess improvement.

Book a lesson: 40 €/h Write a request to: schachakademie@gmail.com",,,,2257,-90,11078,2500,30,102,2601,1500,,
mnrendrexlopes,mnrendrexlopes,NM,,BR,,,,,2457,-4,3710,2251,100,14,2431,1476,,
Blazinq,blazinq,IM,,,,,,,2830,84,613,1500,0,0,3140,1500,,
Nurlan_Ibrayev,nurlan_ibrayev,GM,Nurlan Ibrayev,KZ,"Международный гроссмейстер, Чемпион Казахстана среди мужчин 2019 года, победитель Зонального чемпионата 2005 года (зона 3.4), участник Кубка Мира 2005 года, участник Всемирных шахматных Олимпиад (2002, 2004, 2008). Веду индивидуальные занятия онлайн.",2395.0,,,2492,23,23487,2438,0,5,2643,1500,,
hectorluis2019,hectorluis2019,FM,,ES,,2292.0,,,2450,18,70297,2357,-15,490,2734,1974,,
SipahiPower,sipahipower,NM,Irmak Sipahioglu,TR,Özel ve grup dersleri için Fethiye Satranç Akademi'den ulaşabilirsiniz.,2061.0,2119.0,,2415,4,7431,2416,43,259,2707,2372,,
Skillcam,skillcam,CM,Y A N,,Have Fun ! and Stay Relax,1000.0,,,2465,-75,8502,2565,69,260,2743,1930,,
waltereador,waltereador,FM,Walter Cuevas,CL,"Maestro y Entrenador Fide de Chile desde el año 2009, Me encanta escalar montañas o hacer trekking por grandes parques nacionales como torres del paine

Mis jugadores preferidos son Mihael Tal, Brostein y Fischer 
""Existen sacrificios correctos y los míos"" Dicho de M.tal cuando sacrifica todo¡¡",2300.0,,,2214,-2,16445,2251,-5,492,2370,2045,,
savila2105,savila2105,GM,,,"Nothing Special, just for Fun :)
social media
https://www.instagram.com/savila2105/",,,,2581,-18,1754,2360,33,47,3039,1602,,
optilink,optilink,FM,,,RapidVariants,,,,2362,88,24,1500,0,0,2486,1500,,
lordas69,lordas69,IM,,LT,,,,,2573,37,948,2222,86,14,2517,2020,,
DDTerziev04,ddterziev04,CM,,BG,,,,,2307,-18,206,2180,-9,520,2197,2046,,
bushidonaruto,bushidonaruto,GM,,,,,,,2894,-14,441,1500,0,0,2977,1500,,
psm-ajedrez,psm-ajedrez,FM,Pablo Molina,AR,,2220.0,,,2596,-37,4999,2261,0,11,2799,2159,,
Saparmyrat,saparmyrat,GM,Saparmyrat,TM,,2530.0,,,2727,16,20407,2507,-17,554,3116,1681,,
markov_m,markov_m,IM,Mikhail Markov,KG,,,,,2758,-1,4046,2763,61,104,2977,2085,,
chessfrendz,chessfrendz,IM,Suvrajit Saha,IN,"International Master,National Champion 1999 & 2002,Member of Indian Team in 2007,Fide Trainer,Coach of Indian Youth Chess Team in 2019,Coach of Indian Junior team in 2021 which won gold medal in Asian Junior Championship",2198.0,,,2313,169,379,2310,0,6,1942,1500,,
ArfanKhaidar,arfankhaidar,NM,Arfan Khaidar,ID,,,,,2127,5,38104,2269,2,1034,2009,2025,,
coluichenontiaspetti,coluichenontiaspetti,GM,,MQ,,,,,2669,-39,4691,2226,8,29,2927,1500,,
MSK101,msk101,GM,,,,,,,2611,12,3886,2805,57,45,2637,1500,,
CoolChessPlayer6,coolchessplayer6,NM,Jordan Timm,US,,1959.0,2284.0,,2155,-119,959,2300,-8,1109,2372,2333,,
kekic76,kekic76,CM,Armin Kekic,BA,"rapid 2256 ELO

PRIKLJUCITE SE TIMU:  
https://lichess.org/team/sahovski-savez-usk",2202.0,,,2334,-20,15795,2513,-24,964,2425,2252,,
Mary149,mary149,WFM,Andrea Albor R,CO,,1772.0,,0.0,1962,39,3080,2059,-21,51,2050,1617,,
Praggnanandhaachess,praggnanandhaachess,GM,Praggnanandhaa,IN,,2740.0,,,2797,25,495,1500,0,0,3019,1500,,
indianstar,indianstar,GM,Rahul Srivatshav Peddi,IN,"Hi, I'm a Grandmaster from India currently studying at the University of Texas at Dallas
Fide        :https://ratings.fide.com/profile/25059653
Linkedin: https://www.linkedin.com/in/rahul-srivasthav-peddi-670669227/
Instagram : https://www.instagram.com/srivasthavrahul/",2496.0,,,2731,91,473,2583,69,69,3045,1500,,
Shilichkov,shilichkov,IM,Денис Шилин,RU,"Хобби - Хроники Хаоса, 69+ сервер",2346.0,,,2456,-77,794,2153,0,5,2431,1834,,
rolyku,rolyku,FM,Juan Rolando Montenegro,CO,Soy rolyku!!!!,,,,2211,-53,1161,2245,-163,78,2283,2172,,
PrascaR,prascar,IM,Rafael Prasca,CO,"Soy un jugador competitivo, con muchas ganas de seguir mejorando, en la actualidad me preparo para competir con fuertes jugadores, ahora que estoy volviendo al estudio de manera seria, mi objetivo es jugar a un nivel alto y disfrutar del juego que es mi pasion, sigo la actualidad del Ajedrez aunque no tengo ningun idolo dentro de nuestra bella disciplina respeto mucho los logros de las personas, mis idolos son Leonel Messi y Roger Federer, para mi ellos son una gran motivacion para distintas generaciones!.",2406.0,,,2514,-45,603,1500,0,0,2576,1500,,
cafu2014,cafu2014,IM,Facundo Vazquez,UY,,2420.0,,0.0,2441,-16,4868,2401,233,422,2721,1829,,
KlerCaku,klercaku,WCM,,AL,,2010.0,,,2336,-28,1622,2400,61,903,2600,1890,,
thestench,thestench,FM,,AU,,2260.0,,,2206,-4,22023,2341,-49,69,2274,1500,,
mirkosajin,mirkosajin,FM,Mirko Sajin,BA,,,,,2384,-21,30,1500,0,0,2752,1500,,
NaToncheva,natoncheva,FM,Nadya Toncheva,BG,,2356.0,,,2268,-3,1859,1984,15,19,2603,1500,,
zurprize123,zurprize123,FM,Golikov Daniil,RU,,2224.0,,,2526,-20,543,2583,65,14,2705,1500,,
leandrojj13,leandrojj13,FM,,,,,,,2429,-17,13560,2396,35,319,2623,1941,,
Sandstad,sandstad,FM,Inge Sandstad Skrondal,NO,"36 year old Duda fan residing in Nerdrum, Norway.",,,,2511,-36,6716,2347,56,129,2329,2375,,
KontraJaKO,kontrajako,GM,Jose Martinez Alcantara,MX,bb,2619.0,,,2810,-20,5352,2691,55,74,3181,1500,,
ssj2gohan,ssj2gohan,FM,,,,,,,2673,-3,4262,1500,0,0,2866,1500,,
skoyen99,skoyen99,FM,,NO,,,,,2276,-28,2884,2297,-60,200,2141,1656,,
IL2002vip,il2002vip,FM,,RU,,2305.0,,,2544,100,237,2429,17,34,2715,1500,,
Sunny_night,sunny_night,IM,,,,,,,2539,-49,92,1500,0,0,2407,1500,,
EXCELADDIKT,exceladdikt,FM,,HU,,,,,2508,36,1982,2134,0,6,2781,1500,,
stasOR,stasor,FM,,_belarus-wrw,,,,,2330,-1,3067,2101,0,5,2436,1604,,
Kiborg1987,kiborg1987,GM,Borki Predojevic,BA,"Well known on Playchess as Kiborg and on ICC as Kiborg1987 :-) Here is more about my chess career: European Champion U12 (1999) and U14 (2001); World Champion U16 (2003); Vice champion with CC ""Bosna"" Sarajevo on European Club Cup (2004); The youngest grandmaster in history of Bosnia and Herzegovina (17 years old); Member of World TOP 100 in period 2007-2009 (best place 68th); Peak elo 2655 (2016).
 I am giving chess lessons from 2014. Currently coach of Austrian National Team (6-14th place on Olympiad in Batumi, 2018).",2618.0,2698.0,,2836,36,955,2562,28,52,2885,1500,,
mashin15,mashin15,IM,Pablo Garcia Cardenas,CL,Maestro Internacional y FIDE Trainer.,2417.0,,,2633,27,5017,1604,0,3,2837,1500,,
Darwin_Laylo01,darwin_laylo01,GM,Darwin Laylo,PH,,2445.0,,,2452,20,6753,2611,24,174,2571,2347,,
ZugAddict,zugaddict,NM,John Chernoff,US,"USCF National Master/Coffeehouse player John Chernoff.   Am on twitch ( https://www.twitch.tv/zugaddict ) from time to time, sometimes even for chess.  My ""Zug Miracle"" trophy is due to the following game:  http://en.lichess.org/hSs2ZhfsGvnS (video:  https://www.twitch.tv/videos/44397172)

My Hans Niemann song (rough draft): https://www.youtube.com/watch?v=1jj6mXsZntQ",,2220.0,,2304,-28,9628,2427,148,56,2401,2035,,
muran29,muran29,FM,Ваграм Межлумян,AM,"Vahram Mezhlumyan

http://ratings.fide.com/profile/13302183

https://yerevanchessfed.com",2208.0,,,2412,-30,6309,2581,123,84,2771,1500,,
Sekk2083,sekk2083,FM,Sekk2083 Banumathi,IN,,2286.0,,,2344,-71,272,1995,0,5,2510,1743,,
UmarovSabir,umarovsabir,IM,Sabir Umarov,UZ,,2364.0,,,2371,7,1672,2302,37,47,2500,1920,,
Kubiksen94,kubiksen94,FM,,,,,,,2527,-24,2137,1500,0,0,2502,1500,,
warrior5191,warrior5191,GM,Luis Agüero,CU,,2474.0,,,2621,12,4542,2583,0,5,2620,1500,,
The_Fun_Begins,the_fun_begins,FM,,,"Chess is a beautiful game, enjoy it!",,,,2513,10,2011,1789,0,2,2587,1500,,
TerRod,terrod,WGM,Tereza Rodshtein,CZ,,2212.0,,,2272,-93,363,2421,106,16,2095,1500,,
stupidbeansprout,stupidbeansprout,CM,,,"Matthew 26:34
Proverbs 21:23",,,,2060,-74,327,2138,-9,200,2410,1500,,
Quesigaelquepase,quesigaelquepase,IM,Tom Donilon,GB,,,,,2269,8,24150,2340,28,972,2495,1748,,
sinurat_tumpak,sinurat_tumpak,FM,,,,,,,2223,-90,3222,2190,44,38,2149,1732,,
BLC2316,blc2316,FM,,,,,,,2443,34,5210,2270,8,19,2481,1500,,
ortizfrancisco,ortizfrancisco,NM,Francisco Lautaro Ortiz,AR,,2067.0,,,2420,4,4236,2412,58,172,2710,2203,,
Moonwalkeuse,moonwalkeuse,WFM,,FR,,,,,2051,15,11588,2083,0,9,2163,1662,,
youngcapablanca,youngcapablanca,GM,Igor Janik,PL,,2525.0,,,2778,13,1185,2433,28,16,2961,1500,,
Ragnar_Lothbrok85,ragnar_lothbrok85,FM,Fanny Duarte Napoles,US,"♟🧠 Online Chess Lessons for All Levels – Kids, Teens, and Adults 🧠♟
Learn chess the fun and effective way, from your first move to advanced strategy!  Hi! I’m a dedicated chess teacher offering personalized online lessons for all levels,from curious beginners to competitive advanced players. Whether you’re a parent looking for lessons for your child, an adult wanting to improve!! Rate: 20 usd/h",,,,2534,10,6524,2374,-203,68,2800,1500,,
luizbuganca,luizbuganca,CM,Luiz Henrique da Silva Bugança,BR,"Aulas de Xadrez Online - hsb.luiz@gmail.com
FIDE STD 2170
FIDE RPD 2098
FIDE BLITZ 2073",2170.0,,,2442,-22,4394,2325,-117,195,2351,2204,,
kalounardo,kalounardo,IM,Pieter Hopman,NL,,2366.0,,,2427,-1,15499,2608,6,1117,2598,2143,,
ChermanTrawz,chermantrawz,GM,Hipólito Asis Gargatagli,ES,"GM from Barcelona.
Interested in playing tournaments all over the world.
Mail: hipolitoasis@gmail.com",2472.0,,,2744,-2,1850,2519,32,20,2817,1500,,
KEspinosa,kespinosa,WFM,Karen Gutierrez Espinosa,CU,"Aprendí a jugar al ajedrez antes que a leer.

                                                     J.R. Capablanca",,,,2273,-42,2497,2127,107,14,2192,1932,,
Alekschess98,alekschess98,FM,Aleksey Ivlev,RU,"I am Aleksey Ivlev.Since 2016, I have been a chess coach. Students became prize-winners of the Russian championship, world Championships, winners of stages of the Russian Cup among children.  
If you have a question, you may write to mail: alex_ivlev@mail.ru (What's app, Viber 89170893507).",2315.0,,,2574,16,3069,2485,256,24,2915,1685,,
chalowey97,chalowey97,CM,,,,,,,2103,71,27,1595,0,2,2150,1500,,
AttackSparrow,attacksparrow,FM,Omar García Blanco,ES,FIDE record 2416,2375.0,,,2614,5,7435,2512,-36,240,2829,2481,,
arthritis00,arthritis00,FM,,,,,,,2135,34,93,1500,0,0,2118,1500,,
Leo_C,leo_c,FM,Leo Crevatin,SE,"Hi! My name is Leo, and I am a 23 year old Fide Master from Sweden with a peak rating of 2319. I have been teaching chess for almost 10 years, and have worked as private coach since 2018. I have profound experience coaching both young players and adults.

Doy clases en español también.

Я также преподаю на русском языке.

For information regarding lessons:
lecre2001@hotmail.com",2273.0,,,2319,67,1289,2201,-18,62,2403,1998,,
awamwahono,awamwahono,IM,,,,,,,2369,-32,1318,2176,38,36,2068,1500,,
AghasiyevaFidan,aghasiyevafidan,WIM,Fidan Aghasiyeva,AZ,,2169.0,,,2181,2,599,1599,186,28,1865,1500,,
Like_a_Gin,like_a_gin,GM,Sergei Lobanov,_earth,"Active player and chess coach.
For suggestions and coaching questions contact me : personal message on Lichess or on email: serlob-01@mail.ru.",2548.0,,,2800,27,1398,2176,0,10,2933,1500,,
gZenith,gzenith,CM,,,,,,,2083,35,1140,2182,0,7,2208,1500,,
BraydonP,braydonp,NM,Braydon Povinelli,US,,,2160.0,,2229,-9,2013,2392,-19,190,2132,2231,,
Levallem,levallem,FM,Luis Enrique Valle Maytin,ES,"Soy  Levallem Maestro y Entrenador FIDE 
Si  apenas estás comenzando y buscas mejorar en ajedrez  Entra en mi canal de Youtube ahí comparto videos cada día.
subo videos a diario https://youtube.com/c/Levallem
Actualmente  soy Jugador y Entrenador de club d'Escacs Gerunda  En  Girona
Me apasiona la enseñanza del ajedrez y ver que mis alumnos tengan resultados.

Si  Buscas un Entrenador, estás interesado en progresar en ajedrez y tienes deseos de trabajar contáctame. 
Puedes enviarme un email o  levallem1@gmail.com
Te Deseo Éxito y  Recuerda ha por el Jaque Mate.
Levallem",2284.0,,,2350,-20,780,2303,88,27,2240,1500,,
Yurovskykh_Oleksandr,yurovskykh_oleksandr,FM,Oleksandr Yurovskykh,UA,"Шахматы достаточно красивы, чтобы потратить на них свою жизнь",2401.0,,,2635,28,1301,2811,111,43,2925,1500,,
Arm-Boy,arm-boy,CM,JOHN WICK,SE,,1930.0,,,2215,7,753,2375,1,13,2600,1500,,
VNeimer,vneimer,IM,Vitaly Neimer,US,"I am an International Chess Master and a certified chess trainer.
​I am also a member of the prestigious Webster University SPICE national chess champion team and mentored by the world chess champion Susan Polgar.
I live in the chess capital of the world St. Louis, Missouri and can conduct live classes within that area.
I taught chess to more than 750+ students from kindergarten to adults worldwide.
I teach chess in schools, camps, after school programs, clubs, senior homes, kindergartens, universities, firms, and with private clients. 
​My goal is to help other ambitious players achieve",2400.0,2400.0,,2479,-73,313,1638,-174,44,2588,1332,,
Khatiboo-Fish,khatiboo-fish,GM,,,,,,,2502,-35,3950,2450,8,54,2618,1149,,
Odirovski,odirovski,IM,,,,,,,2527,4,94149,2359,112,88,2704,1258,,
zerofts,zerofts,GM,,,,,,,2604,24,223,2640,0,9,2686,1500,,
DrTomQ,drtomq,CM,,,,,,,2338,-8,6786,1763,0,1,2425,1500,,
Chess_Computer_101,chess_computer_101,NM,,US,,,,,2288,-28,2996,2492,-97,534,2485,1500,,
maestro_coach,maestro_coach,IM,Skuran,KZ,"Chess coach, internatioal master, international arbiter, international organaiser
www.maestrochess.kz
+7 777 3382387",2297.0,,,2401,-18,5316,1508,-89,538,2450,1359,,
Pawel_Chess_Coach,pawel_chess_coach,IM,Pawel Weichhold,PL,"1-on-1 Chess Coaching For Adult Improvers (All Levels)

Free access to all my premium courses (students-only) and an exclusive bonus! 

https://www.imchessbrain.com/calendar",2431.0,,,2645,15,851,2669,-143,132,2803,1500,,
patlayacakmisir,patlayacakmisir,WFM,Sude Hereklioglu,TR,oynuyorum,,,,2107,25,1211,1750,0,1,1947,1500,,
JiangoFett,jiangofett,NM,ding fanboy,CA,,,,,2493,6,10716,2349,53,1172,2805,2157,,
JL2006,jl2006,FM,,US,,,,,2372,-33,287,1500,0,0,2712,1500,,
Fortitudine,fortitudine,NM,,,,,,,2329,-27,221,1500,0,0,2455,1838,,
gg-gm-gmg,gg-gm-gmg,GM,,,,,,,2521,22,7777,2456,93,17,2596,1500,,
Nizi3,nizi3,GM,GM Nitzan Steinberg,IL,"Hello, I am 27 years old, I am playing at the Rishon LeZion Chess club along with the best chess players in Israel.

YouTube channel: https://www.youtube.com/@%D7%A8%D7%91%D7%90%D7%9E%D7%9F%D7%A0%D7%99%D7%A6%D7%A7%D7%95
For lessons & Lectures- contact me via email- Nitzan.steinberg18@gmail.com",2551.0,,,2566,-147,1584,2210,0,1,3029,1500,,
RobertDowneyJr0111,robertdowneyjr0111,FM,Ojasva Singh,IN,"I am a FIDE MASTER with 2 IM Norms. You can contact me for classes with unique methodology and practice games (Standard, Rapid and Blitz). Feel free to contact me on singhojasva111@gmail.com or you can also message me here. 

Good Luck !",2328.0,,,2510,27,183,1500,0,0,2718,1500,,
Igrok_V_Proshlom,igrok_v_proshlom,FM,,AQ,"talentлess
https://imgur.com/4fwmVsj",,,,2509,-3,5029,2420,-141,82,2813,1811,,
kpio91,kpio91,GM,Kacper Piorun,PL,"Polish double grandmaster both in OTB chess and in chess solving.

Streaming as gmsolver at Twitch: https://www.twitch.tv/gmsolver

Also check new Lichess study about solving: https://lichess.org/study/nCj9zhbM",2603.0,,,2765,1,1203,2441,0,11,2944,1500,,
Sjakkerntobi,sjakkerntobi,CM,Tobias Lang Nilsen,NO,,2246.0,,,2380,2,2794,2386,60,223,2620,2065,,
Jorcerys,jorcerys,WIM,Jorcerys Montilla,CO,"Soy una amante del ajedrez. Afortunadamente con mucho trabajo y sacrificio he logrado llegar a donde estoy con mi título de WIM. Me interesa mucho promocionar el ajedrez ya que es un deporte que nos ayuda en muchos ámbitos de la vida. Tengo experiencia trabajando en escuelas con selecciones juveniles. Me encanta el estilo de juego posicional, aunque también trabajo mucho la táctica. He sido selección olímpica 3 veces y la verdad es que amo lo que hago.",2150.0,,,2295,55,81,2430,-110,15,2507,1745,,
Orakul135,orakul135,IM,Никита Хорошев,KG,"IM Khoroshev Nikita . 
FIDE ID: 14200287. 
Fide rating : 2366 URS Rating2465.
Born in 1992.",2345.0,,,2511,4,5859,2336,-13,86,2657,1500,,
Japan39,japan39,CM,Jorge Ferreira,BR,"Sou um jogador que ama o xadrez! Campeão baiano de xadrez clássico 2001-2019. Minhas aberturas prediletas são: india do rei, Ruy Lopez, catalã e siciliana. Gosto do estilo de jogo do Bobby Fischer, Magnus Carlsen, Peter Svidler, Shakkriyar Mamedyarov e Anatoly Karpov.",2168.0,,,2303,-13,258,1480,0,1,2360,1766,,
otychess,otychess,FM,,,,,,,2417,28,5014,1888,0,3,2404,1255,,
djano,djano,FM,Dawid Janaszak,PL,,,,,2540,-46,1546,2327,0,9,2447,1500,,
CoachJesse,coachjesse,FM,,AU,,2339.0,,,2492,41,7877,2405,75,59,2450,1500,,
dmitrij_IM,dmitrij_im,GM,Dmitrij Kollars,,,,,,2716,53,3995,1643,0,6,3204,1395,,
AC-008,ac-008,CM,,,,,,,2435,-13,119,2275,0,6,2745,1500,,
slabachok12,slabachok12,FM,,RU,,,,,2515,40,448,1162,0,1,2903,1500,,
Brastrodamus,brastrodamus,FM,good rapid player,FR,"what can't be cured must be endured
don’t really care about my ratings on this account",2300.0,,,2627,-17,459,1500,0,0,2976,1500,,
GreatDamnedRedSpot,greatdamnedredspot,NM,,,,,,,2300,71,2514,1500,0,0,2287,1500,,
AngelDiMaria1,angeldimaria1,FM,,,Best Player in Argentina,,,,2360,-14,78,1500,0,0,2437,1500,,
sportik_shark,sportik_shark,IM,,,,,,,3013,-23,430,1500,0,0,3026,1500,,
rhinoceros2015,rhinoceros2015,IM,,RU,,,,,2606,-6,6949,2591,-47,200,2907,2291,,
Ginger64,ginger64,NM,,US,,,2197.0,,2346,25,2081,2309,152,2983,2250,2199,,
Letapa_Lepako,letapa_lepako,IM,Providence Oatlhotse,ZA,"playonpurposechess.com

IM Providence Oatlhotse from Botswana.

Looking for Solid Positional Openings and to learn quickly about fine Endgame mastery? 

contact me :-)",2326.0,2326.0,,2454,-11,13785,1910,0,7,2566,1452,,
hilmi_parveen,hilmi_parveen,WFM,,,,,,,2159,121,352,2218,60,23,1889,1500,,
gmtal2026,gmtal2026,CM,,,,,,,2392,15,1031,2408,-57,161,2376,1586,,
petrosianuro,petrosianuro,FM,Carlos Pérez pietronave,AR,,,,,2086,-7,17343,2235,-36,99,2013,1282,,
VasikF,vasikf,FM,,,,,,,2700,20,3307,2516,42,697,3061,2188,,
DragonWizard01,dragonwizard01,NM,,TD,,,,,2614,15,576,2214,-34,32,2836,1430,,
Maurice93,maurice93,FM,Maurice Schippers,NL,"Hi, 

I am Maurice Schippers and together with my wife, WGM Anna Warakomska we are the Chess School Schippers! I like to play Blitz and blindfold!",2292.0,,,2572,30,6238,2614,-26,75,2628,1955,,
Papus1234,papus1234,GM,Jakub Kosakowski,PL,"Strona Internetowa:
https://www.kosakchess.com/

Kanał YouTube: 
https://www.youtube.com/@KosakChess",,,,2829,48,1569,2704,25,45,3047,1956,,
satranc777,satranc777,CM,,,,,,,2651,15,2798,2304,58,340,2829,2150,,
Alpha_Cesar,alpha_cesar,CM,Cesar Eduardo Ugarte Soto,EC,"Jugador de Ataque con Blancas y Negras, con estilo universal. Me gustan Karpov y Kramnik como modelos de juego posicional.",2100.0,,,2256,-16,24792,2414,-72,52,2407,1818,,
iam_not_real,iam_not_real,CM,Jakub Ocelák,,,2232.0,,,2603,-27,785,1500,0,0,2800,1500,,
kemonito,kemonito,CM,,,,,,,2302,57,896,1618,0,1,2457,1500,,
stefan_95,stefan_95,FM,Stefan Mladenović,RS,"For coaching contact me on: stefanmladenovic@hotmail.com, challenge me on: boltchess.com. Use promo code: stefan for discount 
https://lichess.org/coach/stefan_95",2351.0,,,2392,-18,3815,2232,27,15,2786,1500,,
LANCELOT_06,lancelot_06,IM,,TR,(IM) EGE KOKSAL,,,,2502,4,1172,1500,0,0,2925,1500,,
Majalaviri,majalaviri,FM,Marlon Javier La Villa Rivas,CU,"Hola, soy Maestro Fide desde los 16 años, he tenido excelentes resultados en las categorías Escolar y Juvenil, logrando medallas individuales y por equipos. Actualmente también soy entrenador, teniendo como principales atletas WIM Melissa Rodríguez Domínguez y WIM-FM Patricia Hernández Machado finalistas de Cuba y Patricia Preselección Nacional por 2 años consecutivos.",2263.0,,,2361,-4,2168,1500,0,0,2469,1500,,
besztok,besztok,FM,Bernardo Vainzoff Sztokbant,BR,,,,,2442,2,2000,2489,-11,253,2662,2113,,
Lioni26,lioni26,IM,,MX,,2389.0,,,2620,-35,17148,2596,106,187,2734,1983,,
Alliswell998,alliswell998,FM,Guannan Song,CA,"Not accepting new students at the moment.
FIDE Master with 1 IM norm.
I previously authored 2 chess books for Everyman Chess (now called Popular Chess) – check them out here!
amazon.com/author/guannansong

My chess books are also available as Chessable Courses:
https://www.chessable.com/mastering-chess-logic/course/129977/
https://www.chessable.com/practical-chess-puzzles/course/70739/",,,,2761,65,453,2556,24,77,2881,1500,,
friday_night_jets,friday_night_jets,NM,,,"https://giphy.com/gifs/s01e01-d2PqO9s7M9CNO 
https://giphy.com/gifs/yo3TC0yeHd53G",,,,2377,64,3061,2378,-93,129,2395,2371,,
Leo_Pecnik,leo_pecnik,FM,,,,,,,2296,-61,3591,2390,42,39,2449,1500,,
Northridgehawk,northridgehawk,NM,Dominique Myers,US,,,,,2392,-11,5755,2093,-52,92,2527,1826,,
AAreziAA,aareziaa,NM,revaz chkuaseli,GE,"welcome , i played chess actively under 16 years then i start teaching chess, i have been teaching up to 10 year when i was 13 years old i have alredy taken NM",,,,2310,202,196,1500,0,0,2221,1500,,
Prihlop,prihlop,IM,Vladislav Akselrod,,,,,,2655,21,7054,2508,-29,193,2857,2581,,
MF_miftahulhudany,mf_miftahulhudany,FM,,ID,,,,,2277,5,5840,2535,18,162,2708,1352,,
SGabor89,sgabor89,FM,Gábor Samu,HU,,2321.0,,,2603,56,904,2533,35,46,2454,2479,,
JAMJEST,jamjest,CM,Dariusz Bieliński,PL,Jestem doświadczonym trenerem szachowym. Mam tytuł kandydata na mistrza z normą mistrzowską i byłem mistrzem Europy w szachach szybkich do 2300 Elo. Od 30 lat trenuję indywidualnie i grupowo. Zapraszam chętnych do zajęć przez internet. Proszę o kontakt przez lichess lub messenger.,,,,2417,1,1876,2409,71,30,2400,1500,,
masterofpuppets2,masterofpuppets2,FM,,,,,,,2569,-14,5447,1500,0,0,2245,1105,,
rOI19,roi19,WIM,,_earth,,,,,2362,-25,154,1500,0,0,2328,1500,,
manuelpomares,manuelpomares,FM,Manuel Alejandro Pomares Diaz,CU,Maestro fide desde el año 2013.,2328.0,,,2516,47,3700,2239,80,18,2638,1500,,
Founoir,founoir,FM,Angelo Evens Etienne,HT,,,,,2445,5,2859,2469,-53,341,2767,2228,,
jcmesa,jcmesa,CM,Juan Carlos Mesa Cruz,DO,just me,2213.0,,,2485,-16,879,2362,0,5,2814,1500,,
leoloia,leoloia,FM,Leonardo Loiacono,IT,"FOLLOW US:
https://www.tiktok.com/@the_divergents_?_t=8dIBPeYfhzG&_r=1
https://lichess.org/team/avengers-chess",2316.0,,,2510,-37,3685,2468,-5,58,2660,1500,,
SergIomiguel,sergiomiguel,FM,Sérgio Cabila,AO,,2286.0,,,2316,7,5150,2454,-21,532,2511,2092,,
abrakadabra02,abrakadabra02,IM,,NO,,,,,2716,11,2710,2503,12,25,2934,1500,,
giantslayer83,giantslayer83,GM,Girish Koushik,GB,,2492.0,,,2612,-166,448,2174,0,5,2559,1500,,
paul_h1rs,paul_h1rs,FM,Paul Behrends Hinrichs,DE,,2315.0,,,2471,-69,1737,2505,59,307,2650,1500,,
benammar,benammar,CM,,,,,,,2405,-27,7789,2487,77,244,2507,1500,,
Melia-S,melia-s,IM,Salome Melia,GE,"Title: WGM-IM, High Elo 2475.  
World champion under 14 year; European twice Champion under age of 18; 
Georgian Women champion; 
Vice-Champion in European Women individual championship, also second time took bronze medal; 
Women World champion with national Georgian team! 2015 year, China;
European club cup twice winner! ...",2370.0,,,2086,0,1,1523,0,9,1500,1500,,
killer311,killer311,IM,Manush Shah,IN,"Hi, I am IM Manush Shah of India.
My current FIDE rating is 2307
Can contact for personal coaching. Email; manush1.ms@gmail.com",2307.0,,,2433,-92,1648,1877,0,3,2559,1816,,
deepblue9494,deepblue9494,CM,,FR,,2180.0,,,2419,-6,2214,1535,0,1,2661,1500,,
Dmitry_Anikonov,dmitry_anikonov,FM,Dmitry Anikonov,TH,coach,,,,2561,-128,376,2254,-56,14,2927,1500,,
PJatoba,pjatoba,FM,Paulo Jatoba,BR,I am an old timer Fide Master from Brazil.,2352.0,,,2314,-46,47715,2528,64,198,2518,2130,,
bumbalica,bumbalica,GM,,,,,,,2747,-63,440,1895,-67,31,2924,2299,,
TheBigPhoenix,thebigphoenix,FM,,CO,"Club Alphazero 


“Aprende las reglas como un profesional, para que puedas romperlas como un artista”. Pablo Picasso





https://i.imgur.com/JEVZ4Op.jpg",2152.0,,,2358,18,12648,2601,-33,95,2478,1288,,
MasterJYR,masterjyr,CM,,FI,"https://ratings.fide.com/profile/502375

https://www.iccf.com/player?id=460374",,,,2265,-24,4344,2273,-7,446,2503,1500,,
pekowitsch,pekowitsch,IM,,,,,,,2528,22,3637,2473,63,187,2610,1500,,
KungFuPanda100,kungfupanda100,CM,Phoenix-Bird!!,US,"hi !!

😎😉✌👌🎠🎠",2345.0,,,2540,61,236,2243,-324,28,2547,2447,,
irenexie,irenexie,WFM,Irene Xie,CA,,,,,2237,50,48,1500,0,0,2503,1500,,
likewater,likewater,IM,,,,,,,2655,-28,2820,2683,-24,97,2923,1500,,
Edogawayan,edogawayan,WFM,Mariam Avetisyan,AM,,2092.0,,,2384,165,507,2006,-56,29,2266,1500,,
CheKarloz,chekarloz,NM,Carlos Hernández Elizondo,MX,"Bobby Fischer - The Best

 My highest Elo FIDE 2295",2122.0,2212.0,,2171,-11,21995,2198,-284,62,2295,2255,,
NF2019,nf2019,WCM,,,,,,,1998,30,12755,2029,-44,443,2010,1741,,
nicecream18,nicecream18,WFM,,US,,,,,2371,64,196,2415,108,51,2316,1500,,
iceonboard,iceonboard,CM,Ivan Povshednyi,UA,"15 years old (17/12/2009). FIDE rating: 2374 (rapid-2247, blitz-2279); FIDE profile: https://ratings.fide.com/profile/14190907 . FM.",2374.0,,,2626,7,5226,2695,38,1285,2752,2403,,
VladikSidorika,vladiksidorika,FM,Vladyslav Sydoryka,ES,"https://ratings.fide.com/card.phtml?event=14145928
https://www.chessmanager.com/en/tournaments/5184922886078464/results/9",,,,2532,17,5109,2634,10,65,2963,1689,,
chessmathmunich,chessmathmunich,FM,,,,,,,2356,2,3933,2377,40,36,2277,1500,,
cool_hand_gh99,cool_hand_gh99,FM,Gedeon Hartge,DE,,,,,2470,-7,8339,2447,71,83,2489,1500,,
LiteMods,litemods,FM,,UA,,,,,2489,-33,2551,2597,13,121,2570,2153,,
Siarinho,siarinho,FM,yo lo,VC,yolo yolo,,,,2440,-64,5390,1500,0,0,2448,1500,,
Otrovnipacov2405,otrovnipacov2405,FM,Dusan Colovic,RS,“You may learn much more from a game you lose than from a game you win. You will have to lose hundreds of games before becoming a good player.” – José Raúl Capablanca,2297.0,,,2388,40,4842,2380,0,12,2428,1874,,
tallguychess,tallguychess,NM,,_earth,,,,,2186,-21,10872,2093,-14,53,2296,1500,,
Gnkara07,gnkara07,WCM,Gülce Nehir Kara,,,,,,2113,-269,725,1549,105,84,2216,1490,,
Aayush_Blue,aayush_blue,FM,Aayush Bhattacherjee,IN,Fide ID- 35029070,2333.0,,,2193,-40,217,2210,43,75,2560,1500,,
Fanatist,fanatist,FM,Jürgen Kaufeld,DE,"Hey! Ich biete Training an, also zögert nicht, mich bei Bedarf zu kontaktieren :-)",,,,2306,-8,13866,2536,18,161,2439,1500,,
CheckAB,checkab,CM,,DE,,,,,2454,7,12490,2488,53,313,2506,2325,,
Sreyas2008,sreyas2008,FM,,,,,,,2185,-1,2391,2292,103,612,2426,1872,,
gon_freecs123,gon_freecs123,GM,Daniel Quizon,PH,"Get Checkmated no more!🤣

Hello evryone! I'm grand master daniel quizon, feel free to message me here if you're interested in discussing strategies, tips or sparring match. lets elevate our chess skills together!

whether you are a beginner or advance player

WHATSAPP: +63 947 328 9390
VIBER: +63 947 328 9390",,,,2779,3,2657,2546,21,49,3111,1500,,
tacticthunder,tacticthunder,IM,GM Dimitris Alexakis,,,2548.0,,,2733,33,2333,2577,-2,145,3023,1500,,
ChessPathshala,chesspathshala,GM,Swapnil Dhopade,IN,"Chess Academy and streaming account of GM Swapnil Dhopade from India.
Swapnil Dhopade is a Chess Grandmaster, Coach and Author of multiple books and courses.
We specialize in coaching kids in a systematic way through our chess courses, created by our head coach GM Swapnil Dhopade.
Do visit our website to know more!
Happy Chess :)",2496.0,,,2403,101,49,1712,-96,12,2914,1783,,
yfsmurf,yfsmurf,IM,,,,,,,2403,59,329,1948,0,3,2620,1500,,
Ratkovic_Miloje,ratkovic_miloje,GM,Miloje Ratkovic,RS,"I am from Serbia.
Professional chess coach.",2489.0,,,2695,1,5682,2555,134,147,3002,2074,,
Branko_Tadic,branko_tadic,GM,Branko Tadic,RS,,,,,2534,17,378,1500,0,0,2547,1500,,
CyrilMarcelin,cyrilmarcelin,GM,Cyril Marcelin,AT,"Player,coach... and also Chessable author!
Check my new course about the Carlsbad pawn structure (also available in German) ! https://www.chessable.com/the-carlsbad-pawn-structure/course/182375/
I'm also looking for a team in Austria and good tournaments in Europe. If you are interested, feel free to contact me!",2441.0,,,2635,17,5893,1943,0,10,2655,1213,,
druper,druper,CM,Alejandro Parraga,,,,,,2504,-25,6442,1500,0,0,2485,1500,,
koncheto,koncheto,CM,Ivan Kochiev,BG,,2177.0,,,2524,26,9052,2469,45,381,2900,2289,,
timi16,timi16,IM,Семен Митусов,UA,,2304.0,,,2536,97,3409,2296,-47,133,2706,1500,,
GorkiPelin,gorkipelin,FM,,,,,,,2563,144,1320,2265,53,16,2568,1500,,
NichitaMorozov1999,nichitamorozov1999,IM,Nichita Morozov,MD,https://scontent.fkiv1-1.fna.fbcdn.net/v/t1.15752-9/30739694_2112837015654054_4020493150341562368_n.png?_nc_cat=0&oh=b4ad51927cc0a7e6b5441edb8145ce8b&oe=5BB7D13B,2452.0,,,2473,-99,734,1489,0,5,2371,1500,,
TheHardPlayer,thehardplayer,CM,,BO,,,,,2542,22,2340,2125,0,9,2598,1500,,
Mikulas,mikulas,GM,Mikuláš Maník,SK,,2411.0,,,2581,34,573,1887,0,1,2363,1500,,
StanislavNPZ2020,stanislavnpz2020,FM,Станислав Шлегин,RU,,2316.0,,,2529,-14,6209,2306,124,67,2640,1634,,
strategic09,strategic09,IM,Евгений Гайсин,RU,,,,,2350,-3,10712,2368,-40,68,2473,2469,,
Barrsik007,barrsik007,IM,Snow Barrs,AL,I am a Snow Barrs. My job - killing chessmasters.,2345.0,,,2339,-11,929,1500,0,0,2703,1500,,
lauts,lauts,FM,Владимир Лауц,RU,"1973 г.р.
MF
Trainer
id FIDE 4169743
id РШФ 133921",2346.0,,,2279,-36,6649,2507,49,70,2435,2417,,
Infernal_XaM,infernal_xam,GM,Pavel Ponkratov,,,2631.0,,,2575,32,1844,2533,-85,48,2910,1500,,
Ninullia,ninullia,WGM,Nino Khomeriki,US,,2363.0,2452.0,,2442,70,640,2301,10,14,2465,1500,,
Stewartgranger,stewartgranger,CM,,CL,,2135.0,,,2333,6,3554,2320,36,142,2655,1500,,
SharkBlueKing9879,sharkblueking9879,CM,,PE,,,,,2533,26,7127,2523,110,1804,2801,2309,,
gabry2011,gabry2011,NM,Petcu Gabriel,RO,,,,,2451,30,3865,2212,109,1156,2645,1944,,
Carlitus2004,carlitus2004,FM,Carles Martín,ES-CT,"Maestro FIDE con más de 2300 ELO y Entrenador Deportivo de Ajedrez Nivel 2.

Disponible para clases, ¡no dudes en contactar conmigo!",,,,2501,84,2182,2108,499,37,2602,1425,,
An2r31,an2r31,FM,,_earth,,,,,2298,-31,1553,2077,0,7,2434,1500,,
master05,master05,FM,,US,,,,,2550,-8,9497,2643,-28,513,2758,2317,,
Genius_Revival,genius_revival,FM,,,,,,,2390,-103,292,2084,143,74,2650,1500,,
Valentun_Hulka,valentun_hulka,FM,Valentyn Hulka,UA,,2313.0,,,2714,2,4612,2611,-18,379,2907,2069,,
Anfrak,anfrak,NM,,,,,,,2432,11,323,2448,38,55,2665,2293,,
LaMoMia,lamomia,IM,JOAQUIN FIORITO,,,,,,2680,5,3883,2231,41,141,3017,1207,,
GoFar,gofar,FM,Ronniel Abraham Ramírez Cabreja,CU,"Si quieres aumentar tu nivel mediante clases personalizadas puedes contactarme vía lichess ó WhatsApp https://wa.me/58280296
https://lichess.org/coach/gofar",2340.0,,,2687,4,2770,2830,254,58,3047,2212,,
ajedrez-facil,ajedrez-facil,CM,Andres Camilo Rodriguez,,"Candidate Master, FIDE Instructor, FIDE Arbiter

Sígueme y aprende en mi canal de YouTube
https://www.youtube.com/c/AjedrezFacil",,,,2261,-40,883,2224,0,10,2521,1717,,
WildTricks,wildtricks,FM,,,,,,,2607,7,23199,2706,53,1233,2716,2184,,
andrzejkrzywda,andrzejkrzywda,CM,,,,,,,2393,-141,2426,1500,0,0,2230,1500,,
habasila,habasila,IM,,,,,,,2339,-17,1997,2044,-80,14,2748,1500,,
Turtunya,turtunya,FM,,RU,,,,,2444,-25,849,1500,0,0,2805,1500,,
BMpachess,bmpachess,NM,Jano Samuel Pacho,AR,"Mi nombre es Jano Pacho, tengo 32 años, soy de Bolívar, Provincia de Buenos Aires, de profesión Escribano y juego al ajedrez desde los 6 años.",2118.0,,,2319,3,20544,2460,152,90,2531,2310,,
jsequera,jsequera,IM,Josè Rafael Sequera Paolini,ES,"FIDE TRAINER y Maestro Internacional de Ajedrez. Entrenador desde hace màs de 20 años. Clases particulares todas las edades, niños desde 5 años
Nùmero ID FIDE: 3900304
Whapp +34623327520
Actual miembro del Club de Escacs TORA CE",2390.0,2468.0,,2470,29,6959,2474,-6,163,2444,2189,,
io_11,io_11,NM,Ian Ocampos,AR,"Disponible para clases.
Available for lessons.
DM !


No quiero tablas.",2251.0,,,2408,-15,27466,2416,51,246,2532,2236,,
ManuDavid2910,manudavid2910,FM,Manu David,IN,Fide Master with a peak Fide rating of 2418 || Check out my twitch channel https://twitch.tv/manudavid2910,,,,2781,-70,657,2422,11,15,3120,1500,,
PositionalGenius,positionalgenius,FM,Eugene Hua,CA,,2240.0,,,2396,-3,332,2159,-76,87,2636,2254,,
amchamp2000,amchamp2000,FM,Sven Mühlenhaus,DE,"Bullet is just sleight of hand, always remember this, may you win or lose.",2201.0,,,1986,-3,31920,1994,5,392,1561,2087,,
Artusha29,artusha29,GM,,,,,,,2564,-51,4715,2189,0,7,2739,1500,,
Maksat-94,maksat-94,GM,Maksat Atabayev,TM,,2475.0,,,2502,-5,8510,2325,-103,383,2809,1500,,
UB_TheQueen,ub_thequeen,NM,,,,,,,2300,38,2981,2276,106,81,2213,2148,,
TimAina1,timaina1,IM,,,,,,,2809,24,2863,2349,83,67,2909,1500,,
TheNorival,thenorival,GM,Norival Chess,RU,"Hello everyone
I am a chess player from Russia, I have the title of GM.
I am also a professional chess arbiter with the title IA.

Подписывайтесь на мой канал (ссылка ниже), вступайте в группу https://lichess.org/team/gm-kirill-bryzgalin",,,,2635,45,669,1500,0,0,2586,1500,,
Musica_Bakh,musica_bakh,CM,Nikita Mesnyankin,RU,"Russia, Moscow
playing with Razer DeathAdder v2 ~3650/3450 DPI
grinding 3k bullet or world top100

current max: 2867",2162.0,,,2401,-5,592,2311,-41,75,2696,1500,,
greek_Magnus,greek_magnus,CM,,GR,,,,,2371,-4,9404,2424,-10,2266,2641,1986,,
DarkeaterMidir,darkeatermidir,IM,,,,,,,2598,-54,50,1500,0,0,2930,1500,,
Multibrendovyi,multibrendovyi,GM,Aleksandr Shimanov,US,"Webster univeristy alumni, winner of World Open,Chicago open, Mid-America open, etc.",,2699.0,,2693,-64,4007,2598,312,22,2956,1500,,
ruslan1541,ruslan1541,FM,Ruslan Kavyev,RU,"Stein will be fine

https://t.me/chessneyland
https://www.twitch.tv/ruslan1541",2179.0,,,2612,-5,11509,2531,83,230,2908,1643,,
Parakon1,parakon1,GM,Nogerbek Kazybek,KZ,,2539.0,,,2677,-57,1440,2083,248,50,3147,2318,,
omer1997,omer1997,IM,,IL,Omer Reshef,,,,2263,-75,1445,2308,90,64,2663,1500,,
JustOK,justok,NM,,,,,,,2475,-1,3868,2400,-42,96,2689,2128,,
Golubovsky_Max,golubovsky_max,FM,Максим Голубовский,LV,"🌍 Мастер ФИДЕ - Максим Голубовский.     Основатель клуба Школа Шахмат Максоуна: https://lichess.org/team/tWXg6DFY 1000+ участников! ⌛️ Ведущий канала ""Школа Шахмат Максоуна"" на Youtube! - https://www.youtube.com/channel/UCkdWwBlaq3x4pPyaY3NK_zw?view_as=subscriber",2302.0,,,2486,16,5435,2321,161,71,2825,2218,,
pedrogil,pedrogil,FM,Pedro Gil,PT,"́""Teiquirize""",,,,2394,-23,12281,2323,6,749,2673,1839,,
blackclover1999,blackclover1999,FM,,,,,,,2658,-24,1801,1886,-251,17,2639,1500,,
Kingslayer061,kingslayer061,CM,CM McLean Handjaba,NA,"Peak FIDE rating of 2139. Candidate Master McLean Handjaba. Namibian national team player at 2012, 2014 and 2018 Olympiads. Now full time lawyer and chess coach.",2014.0,,,2106,18,15644,2116,-20,1976,1926,2016,,
TaylorPrime,taylorprime,CM,,MX,,2100.0,,,2142,-30,940,2092,0,4,2461,1500,,
Lily-lissana,lily-lissana,IM,Valera,,<•...≠ ^—•!,,,,2447,-31,619,2156,331,75,2687,1963,,
Nebula64,nebula64,FM,,,,,,,2496,-11,1793,2574,130,713,2812,1500,,
elothiras,elothiras,CM,Achilleas Zografos,GR,"1. National master, author of the book ""Apollo Meets Caissa"". It examines the relation of chess to art. https://www.amazon.com/Music-Chess-Apollo-Meets-Caissa/dp/1941270727
2. GM Matthew Sadler wrote about it in ""New In Chess"":
3. ""I enjoyed it tremendously""
4.  Happy to communicate in Ελληνικά, English, Deutsch, Español, Italiano.
5. We're here to have fun! Smile, life is too short...",,,,2380,34,26622,2388,19,486,2412,2388,,
Funkyfan,funkyfan,IM,Bryan Solano Cuya,CR,"El ajedrez me parece una herramienta increible para conocer gente y para desarrollar capacidades mentales

",,,,2442,-27,2951,2247,95,33,2495,1463,,
Justaregularkid,justaregularkid,CM,Angel Eduardo Chahin Godoy,HN,Me dejo todas las piezas,,,,2456,-37,534,1864,0,3,2581,1500,,
chunB,chunb,FM,,UY,,2398.0,,,2216,-14,1303,1500,0,0,2425,1500,,
felixjynojosa,felixjynojosa,IM,Felix Ynojosa,VE,,2413.0,,,2431,15,3577,2178,-112,126,2944,1927,,
rudyLibanez,rudylibanez,FM,Rudy Ibanez,PH,"https://i.imgur.com/2BrKQhRl.jpg
I am a chess coach, Filipino FIDE Master, Arena Grandmaster, FIDE Trainer and International Arbiter. Such involvement in this field but I would still like to improve myself. I believe there's still a lot to learn in chess, and the aspect of studying everything is broad.
Check my FIDE Profile: https://ratings.fide.com/profile/5202698/arbiter_organizer",2313.0,,,2151,-39,2341,1933,-312,178,2046,2290,,
Neverhood,neverhood,FM,Mikhail Kuznecov,RU,https://lichess.org/fide/4189159/Kuznecov_Mikhail,2378.0,,,2616,10,5795,2570,-19,61,2916,2506,,
Tsukasa1,tsukasa1,FM,Maximiliano Rocha,NI,Jugador activo de Nicaragua.,2164.0,,,2221,-75,7820,2202,-17,72,2353,1500,,
Thomas_Delaroy,thomas_delaroy,FM,,,,,,,2388,63,3568,2525,-10,46,2175,1500,,
Southstream007,southstream007,FM,Lord Adrian Soderstrom,SE,https://www.chessable.com/crush-the-kings-indian/course/116557/,2408.0,,,2716,5,6995,2479,-14,834,2828,2404,,
wonderknight64,wonderknight64,FM,,,,,,,2120,0,5752,1702,0,9,2160,1918,,
dulemaster,dulemaster,GM,Dusan Popovic,RS,Professional chess coach for last 20 years with huge online teaching experience. Contact me for lessons at dulekpop@gmail.com,2504.0,,,2805,69,4352,2479,9,83,2975,2426,,
GeLoSterky,gelosterky,NM,GeL Esteb,PH,"Hello, I'm Angelo from the Country known as ""Pearl of the Orient Seas"". I'm a Chess coach, My way of teaching is for those who seek understanding rather than pure memorization of chess theories. Please come and join me and let's gradually increase your chess strength.

To know more about my services, You may DM me here on Lichess.org or on Skype @ angelo.estebar02. Let's IMPROVE together!",,,,2597,-81,200,2600,153,27,2727,2060,,
daro94,daro94,GM,Dariusz Swiercz,US,,2649.0,2733.0,,2860,-5,906,2506,267,25,2940,1500,,
iAspet,iaspet,CM,Aspet Tadevosyan,US,,,,,2425,7,173,1500,0,0,2581,1500,,
Yeghiazaryan89,yeghiazaryan89,FM,Armenak Yeghiazaryan,AM,"Я Арменак, 34 года, мастер ФИДЕ из Армении. Я начал играть, когда мне было 6 лет. Я всегда увлечен как обучением, так и преподаванием шахмат. Нет ничего более захватывающего, чем видеть, как мои ученики все больше и больше вовлекаются в мир шахмат.",2377.0,,,2422,122,1267,1500,0,0,2600,1500,,
JThybo,jthybo,GM,Jesper Thybo,DK,"Available for lessons, PM me on lichess. Several years of coaching experience.
25 years old, Chess Grandmaster, Former European U-18 champion, player on the Danish national team, member of Offerspill. Check out my YouTube: https://www.youtube.com/channel/UCimTD0jViaJDmyKggpxERiw",2604.0,,,2724,36,2428,2745,17,183,2619,1500,,
Cruel_Yaro,cruel_yaro,GM,Yaro Zherebukh,US,"https://yzchess.com/
yarozchess@gmail.com
https://www.amazon.com/Modernized-Gr%C3%BCnfeld-Defense-Yaroslav-Zherebukh/dp/9492510790/ref=sr_1_1?dchild=1&qid=1594860290&refinements=p_27%3AYaroslav+Zherebukh&s=books&sr=1-1&text=Yaroslav+Zherebukh

World Cup 2011 top 16 qualifier; eliminated world’s #7 at that time Azeri GM Shakhriyar Mamedyarov in 1/16 of the final.
Chess coach since 2013. I have vast experience working with kids and adults, from absolute beginners to masters, and world champions (GM Jeffery Xiong, world junior champion U-20, 2015).",2620.0,2695.0,,2719,-6,657,2203,-243,521,2872,1820,,
DERG_CHESS,derg_chess,CM,Somewhere Unknown,DE,"THIBAULT ANSWERED MY POST :D lichess.org/forum/lichess-feedback/still-be-able-to-see-ur-own-games-even-if-an-opponent-of-urs-decides-to-clear-his-history-of-games?page=3#26 lichess.org/team/derg_chess-fan-club thanks to @EmmaZhK for https://i.imgur.com/EFrZJoL.jpg Thx to @phoenixgm1 for https://i.imgur.com/oRv8PgO.jpg Open for advertisements and in search of logos
taking a break from forums...",,,,2073,7,2595,2202,76,584,2212,1981,,
Black_knight_mz,black_knight_mz,CM,Joao Farisse Chirindja,MZ,"Just trying to be the best , or the beast",,,,2288,-19,6648,2257,-91,144,2420,1797,,
Luisy2005,luisy2005,FM,Luis Angel Lopez Villier,CU,,,,,2332,-32,24222,2522,26,1081,2508,2194,,
DmitryKryakvin,dmitrykryakvin,GM,Dmitry Kryakvin,RU,,,,,2630,-4,3073,2526,30,23,2717,1500,,
ElenaS,elenas,WIM,,,,,,,2330,-40,1058,2258,221,22,2252,2322,,
sari07,sari07,FM,,,,,,,2344,-36,309,1434,0,2,2340,1500,,
foreignaffairs,foreignaffairs,NM,Richard Diaz,VE,"ID FIDE: 5104696 

14-10-1977 Caracas.",2110.0,,,2164,-48,17786,2143,-112,71,2320,1900,,
stumpspice,stumpspice,GM,Benjamin Gledura,HU,"Working hard is important to me, but what is even more important is to enjoy what you do.
Coach - Available for training.

Check out my Chessable course: https://www.chessable.com/lifetime-repertoires-gledura-s-queen-s-gambit-accepted/course/104226/",2633.0,2700.0,,2852,78,796,2429,0,17,3005,1500,,
ThunderClap,thunderclap,NM,,,,,,,2304,12,21166,1744,0,1,2337,1500,,
GreatGodPratik,greatgodpratik,CM,,US,,2285.0,2299.0,,2516,51,1999,2602,17,190,2710,2425,,
Gonzaga22,gonzaga22,NM,,BR,,2199.0,,,2509,3,18197,2512,40,57,2625,2197,,
Crazy_Eight,crazy_eight,FM,Roee Aroesti,IL,"Breaking Bad fan! 

https://giphy.com/gifs/bryan-cranston-i-liked-it-was-good-at-xT8qBpPTFsLrkrZahO

https://imgur.com/URRDwHC

https://giphy.com/gifs/bettercallsaulAMC-better-call-saul-bcs-s5-ocho-loco-kcZqDBVCbSIyoIOlWI

https://imgur.com/4lwGREp",,,,2336,-32,407,2390,49,12,2455,1500,,
KokkinosKanapes,kokkinoskanapes,CM,,,,,,,2253,-33,8486,2455,66,46,2475,1193,,
youssefelghazali,youssefelghazali,IM,,EG,,,,,2156,52,1981,2347,-24,288,1623,1701,,
andy_rekt,andy_rekt,WGM,Andreea Navrotescu,FR,"Hello everyone ! My name is Andreea Navrotescu, I am 23 yo and I am a professional French chess player. I am currently among top 5 women in France (FIDE April list). I have recently started streaming as well ! Do not hesitate to check my channel : twitch.tv/andy_rekt, it will be my pleasure to welcome you 💜. Have fun on Lichess !!!",2284.0,,,2222,-111,1306,1929,0,4,2421,1500,,
BlackWhiteChess23,blackwhitechess23,FM,Sterling Bayaca,AU,"Chess player from Australia ! Available for coaching, if interested send me a message here :)",2247.0,,,2459,5,277,2173,0,6,2452,1500,,
gagtemp,gagtemp,WCM,Samiha Sharmin Shimmi,BD,,1812.0,,,1940,-141,1086,1500,0,0,1888,1500,,
innocentguy,innocentguy,CM,Anonymous :),KR,"Please join https://lichess.org/team/cm-innocentguy-and-friends and I am open to hiring offers 15$ minimum , just text me . I also play ""paid"" training games . .   thanks !                                           https://i.imgur.com/zkkbGml.jpg   https://media.giphy.com/media/4N1wOi78ZGzSB6H7vK/giphy.gif https://imgur.com/7GXmvgR https://imgur.com/eBERV7r",2047.0,,,2661,-10,15287,2549,-29,687,3205,2303,,
sp1cycaterpillar,sp1cycaterpillar,GM,,,"Ray Robson

Check out my twitch channel to see me play: twitch.tv/gmrayrobson
Check out my discord! https://discord.gg/2Dtf4cc",,,,3014,25,641,3122,215,84,3100,2023,,
johnmorazo23,johnmorazo23,FM,JOHN RANEL MORAZO,PH,"I am John Ranel Morazo, Fide Master, Filipino under the flag of Palau. Former Junior Shell Grandfinals Champion, Former National Age-Group Champion, Former Palarong Pambansa. One time Olympiad Player

https://www.youtube.com/channel/UCqaPrj3WNYYC0v2b_Gxpm0Q",2225.0,,,2409,-1,4989,2470,7,80,2632,1500,,
KevinPaveto,kevinpaveto,IM,Kevin Paveto,AR,"Maestro Internacional. 
Entrenador de ajedrez. Clases FADA alto rendimiento.
+2400 Elo Fide",,,,2762,97,4418,1987,-88,20,2919,2019,,
Inv1ctusmaneo,inv1ctusmaneo,WFM,,CA,,,,,2343,72,230,1847,0,2,2403,1500,,
JKJENSEN,jkjensen,CM,Jesper Kjaergaard Jensen,DK,"Playing Chess since 1970, and playing to the end :)",2180.0,,,2225,-5,15232,2171,15,2739,2320,2200,,
Euge_chess,euge_chess,WFM,Maria Eugenia Ramirez,BO,,,,,2338,36,1952,2256,28,60,2263,1500,,
DeepRabbit,deeprabbit,IM,Luís Henrique Coelho,BR,"IM Luís Henrique Coelho, 43, from Brazil. 

Extremely dedicated coach with many years of experience working with students of all levels - from absolute beginners to FIDE Masters.
Coach profile at https://lichess.org/coach/DeepRabbit.

E-mail me at luishpcoelho@gmail.com to receive ""My Coaching Method"".",2401.0,,,2522,14,4434,2457,2,326,2722,1867,,
cormarc,cormarc,FM,Marco Corvi,IT,"Lezioni di scacchi
Per info cell. 328 2733517
skype: marcocorviscacchi
www.scuoladiscacchi.it",2279.0,,,2238,-7,3049,2370,63,47,2138,2231,,
siete7777,siete7777,FM,Vitaly Rodchenkov,RU,,2304.0,,,2267,-78,2057,1646,0,7,2510,1849,,
pranav27,pranav27,NM,Pranav Swaminathan,,,,,,2158,-37,958,1836,-78,783,2354,1577,,
xovan,xovan,CM,Перелыгин Михаил,RU,,2228.0,,,2370,-23,6782,2085,0,5,2515,1500,,
goltsev2000,goltsev2000,FM,Дмитрий Гольцев,,"Сотрудничаю с Академией Будущего. Приглашаю детей и взрослых на бесплатные пробные уроки и обучение! https://f-academy.ru/education/chessch/
стримлю на https://www.youtube.com/@chessxod",2297.0,,,2686,-5,7362,2667,-12,217,3100,2260,,
Hangar-18,hangar-18,FM,,,"Don't get deceived by the rating, I just play rubbish here these days",,,,2624,-4,8710,2461,101,35,3008,1500,,
T0KY0002320,t0ky0002320,CM,,,,,,,2422,-29,57,1500,0,0,2657,1500,,
TrixR4Kidzzz,trixr4kidzzz,FM,Kobe Vandenhole,BE,,,,,2478,2,885,1500,0,0,2985,2270,,
JoySpaceman,joyspaceman,CM,,,,,,,2545,34,323,2468,129,16,2468,2511,,
kassablanca,kassablanca,IM,Kassa Korley,DK,"IM Kassa Korley

https://www.youtube.com/user/kassablanca11/videos
https://www.instagram.com/kassakorley/

Subcribe/Follow/Whatever y'all do

kassakorley@gmail.com ",,,,2656,-19,2700,2541,-1,2096,2394,2374,,
Medvegy,medvegy,GM,Zoltan Medvegy,HU,"Hungarian GM (since 2002), peak FIDE rating 2572 (in 2013), chess coach since 2011.",2524.0,,,2603,8,765,1570,0,6,2602,1500,,
Sergey_Averchenko,sergey_averchenko,FM,Сергей Аверченко,RU,"Мастер ФИДЕ
https://ratings.ruchess.ru/people/6641
https://ratings.fide.com/profile/4131533",2200.0,,,2389,33,8483,2321,61,515,2343,2405,,
Kasandra123,kasandra123,WFM,Ксения Зеленцова,BY,БГУФК,,,,2292,0,3198,2240,63,54,2521,1500,,
Spinaltap,spinaltap,IM,,US,,,,,2701,33,8224,2545,75,40,2647,1649,,
AchrefLahbecha,achreflahbecha,IM,,TN,"Send me a message if you'd like coaching.""",,,,2577,25,13080,2408,121,104,2645,1500,,
Oscar-Luna,oscar-luna,NM,Oscar Jesus Roldan Luna,MX,,2031.0,,,2305,22,2762,2195,-159,67,2505,1913,,
Temur_Odinaev,temur_odinaev,FM,Temur Odinaev,_earth,,2302.0,,,2527,119,4033,2563,18,12,2843,1500,,
GeneralM,generalm,IM,,,,,,,2196,-117,3292,2337,77,12,2142,1500,,
Vladimir_Bychkov,vladimir_bychkov,FM,Владимир Бычков,RU,"Меня зовут Бычков Владимир, я мастер FIDE с 2016 года,тренер по шахматам со стажем больше 7 лет.

Объясняю шахматы так,что уроки пролетают незаметно и с пользой! 

Среди учеников есть победители и призеры этапов кубка России,региональных и международных соревнований.

Занятия для детей и взрослых!


https://www.youtube.com/channel/UCEv_TA5qtYBHm3DspyPniRw",2211.0,,,2520,-9,8206,1975,-22,20,2754,1500,,
RabbitsGrowOnTrees,rabbitsgrowontrees,CM,,,,,,,2418,-13,3049,2462,14,400,2633,2249,,
Lastro,lastro,FM,,,,,,,2663,16,9321,2619,-63,558,2907,1500,,
German_Bazeev,german_bazeev,FM,German Bazeev,RU,,,,,2587,-56,875,2302,121,107,2855,1500,,
lucasmito,lucasmito,IM,Lucas Cardoso,BR,,2400.0,,,2411,2,3029,2342,29,215,2468,2192,,
Forzalay,forzalay,WCM,Ipek Duru,TR,,,,,2323,-13,585,2110,-24,48,2117,1328,,
ARM-777777,arm-777777,GM,Haik Martirosyan,AM,"https://ratings.fide.com/profile/13306553                                            
   available for training games.",,,,2801,17,2566,2532,69,38,3150,1500,,
CNeto,cneto,NM,José Luís Cominato Neto,BR,,2260.0,,,1500,0,0,1500,0,0,2703,1549,,
pisica12,pisica12,FM,,MD,,2400.0,,,2402,-16,1421,1996,0,5,2223,2134,,
MichaelRichter,michaelrichter,GM,Michael Richter,DE,,,,,2420,-10,1557,2660,-104,51,2826,2391,,
LEGENYA19989898,legenya19989898,NM,Artem Legenya,UA,,2092.0,,,2431,3,780,2492,39,176,2513,1500,,
Pawnstructures,pawnstructures,CM,Richard Persson,SE,"I am a FIDE Candidate Master. Visit my website www.pawnstructures.com to learn more about my coaching. Tactics is an interesting subject and I'm always looking for new ways to understand them better. If you're interested in lessons over Skype, please don't hesitate to send me a message. You can also find me streaming on www.twitch.tv/cmpawnstructures",2106.0,,,2397,33,28462,2265,-27,178,2029,2090,,
chesscode93,chesscode93,IM,,UA,,2363.0,,,2368,-6,2041,2302,198,25,2650,1500,,
gviruoysbet,gviruoysbet,GM,,,,,,,2710,-58,337,1500,0,0,2907,1500,,
kc6,kc6,IM,Eddy Ravelo,CU,"Naci en la Habana ,Cuba el 11 de junio de 1974, empece a jugar Ajedrez a los 7 años, fui campeon de mi pais en el nacional menor a los 11 años, soy un apasionado al juego de ajedrez desde entonces, me gustan mucho los movimientos del caballo, mi apertura favorita es la Nimzowich, mi jugador favorito es Garry Kasparov y la  partida que mas me gusta fue la que le gano Kasparov a Topalov, vs la pirc",2406.0,,,2482,38,25836,2428,-24,3545,2685,2422,,
xEsLu,xeslu,FM,,PE,,2154.0,,,2432,-12,4707,1500,0,0,2463,1500,,
Ttodorov,ttodorov,GM,Todor Todorov,BE,"Je suis GM Todor Todorov
CHANNEL TWITCH : https://www.twitch.tv/justchessland
CHANNEL YOUTUBE : https://www.youtube.com/channel/UC2tsIJlCnk1YY3ygSHf0EAg",2470.0,,,2589,45,1069,2462,92,75,2520,1287,,
Carnivorass,carnivorass,FM,Nguyen Quoc Hy,VN,,2302.0,,,2629,79,58,1500,0,0,2888,1500,,
zenych,zenych,WFM,,,,,,,2055,45,235,1527,0,3,1935,1500,,
KonstantinKazakov,konstantinkazakov,IM,Konstantin Kazakov,KZ,"IM 2390+ , GNOMME WITH BATTLE AXE
I have a video blog on youtube. Люблю побеждать, имею видео блог на ютубе по шахматам. Люблю свои партии 2008 года=). Импонирует игра Непомнящего и Таля. 
https://ratings.fide.com/card.phtml?event=13700898
https://im0-tub-kz.yandex.net/i?id=270b9c29d9305fec485c9fb100f187d0&n=13
https://youtube.com/channel/UCPK_oE7ZN9EiWH3CjX7pjKw",2390.0,,,2619,-2,2345,2415,-137,234,2784,2139,,
Siri20,siri20,FM,,IN,SMCA,,,,2319,-135,653,1802,207,80,2629,1500,,
azikom,azikom,GM,Azer Mirzoev,AZ,,2430.0,,,2471,7,3376,2656,69,56,2571,2187,,
DEadpoOlShIkAmarU,deadpoolshikamaru,CM,Germán Dario Univio Sánchez,CO,"Club de Ajedrez Mentes Brillantes - Campeón del mundo favorito Euwe -Estilo David Bronstein


Página https://www.mentesbrillantesajedrez.com
Equipo https://lichess.org/team/club-de-ajedrez-mentes-b
https://www.facebook.com/clubdeajedrez.mentesbrillantes/
https://www.instagram.com/mentesbrillantesajedrez/?hl=es-la
https://wa.me/573102595742",,,,2198,-4,20191,2158,-33,186,2465,1974,,
Shaxevmat64,shaxevmat64,IM,,,,,,,2078,7,2200,1911,-55,36,2486,1500,,
IvanMarinkovic,ivanmarinkovic,IM,,,,,,,2592,-12,19822,2293,0,11,2724,1500,,
horacio59,horacio59,FM,Dirk Paulsen,DE,"Schachcoach und wahrer Schachliebhaber ein Leben lang. Sagen wir, seit Bobby Fischers Eroberung der Krone im Jahre 1972. Damals war ich 13 und sofort vom Fieber gepackt. Seither unzählige Coachings gemacht, alle Altersklassen und Spielstärkelevel. Es macht mir Spaß. Sowohl das Spiel und das Coachen. Schach ist tatsächlich eine Mischung aus Sport, Spiel, Wissenschaft und Kunst. Das vermittle ich.",2292.0,,,2432,29,4964,2440,-20,497,2085,1500,,
Mingzbozorg,mingzbozorg,CM,,AF,,1953.0,,,2134,-6,13313,2265,57,140,2026,1500,,
BeautiFullMindChess,beautifullmindchess,FM,Jonathan Sigfredo Subervi,,,,,,2161,-81,703,1500,37,12,2207,1500,,
Experience_Chess,experience_chess,GM,Valery Kazakouski,LT,,2581.0,,,2570,-41,4288,2773,-1,206,2873,2539,,
shubhi10,shubhi10,WFM,Shubhi Gupta,IN,,,,,2284,-21,298,2151,96,60,2548,2110,,
nhm67,nhm67,FM,Nima Hosseinzadeh,IR,,2186.0,,,2424,-53,2964,1987,0,8,2486,1557,,
Susik_Gaboyan,susik_gaboyan,WIM,Susanna Gaboyan,AM,Three-time ARM Women Chess Champion,2211.0,,,2477,21,1734,1959,221,16,2557,1500,,
ChessArt777,chessart777,FM,,AL,,,,,2645,-45,238,2532,9,58,2677,1500,,
Unicorn7Love,unicorn7love,IM,Чеклецов Илья,RU,"Твич и Телеграм! Подписывайтесь
https://imgur.com/AsGkylP.png",2412.0,,,2594,9,4742,2890,6,282,2919,2715,,
SwamiChaturanga,swamichaturanga,NM,,FR,,,,,2264,-8,1244,1500,0,0,2581,1500,,
SemenPuzyrevsky,semenpuzyrevsky,FM,Semyon Puzyrevsky,EH,"я пушинка!
vk.com/aka_velikie подписываемся!",,,,2565,10,5518,2456,-30,1638,2829,2332,,
taulajoe,taulajoe,NM,Bernhard Mayr,AT,Nach 30 Jahren Pause hab ich bei meinem Club wieder mit Blitzturnieren begonnen und engagiere mich im Verein und in Schulen für Denksport!,,,,2249,-9,7088,2286,54,97,2411,2150,,
Egor-Kovalev,egor-kovalev,FM,Егор Ковалев,RU,Тренер по шахматам. По вопросам занятий писать в ватсап 925-1-867-867,,,,2600,-17,3472,2714,-37,371,2800,2808,,
Sharavdorj_Dashzegve,sharavdorj_dashzegve,GM,,,,,,,2173,-17,629,1500,0,0,1500,1835,,
LucaBrasi1968,lucabrasi1968,FM,Mads Boe,DK,Dormirai con i pesci......,2200.0,,,2437,-12,13508,1758,0,5,2494,1500,,
xberli,xberli,FM,Julio Díaz,MX,https://i.imgur.com/9ZRHCXM.jpeg,2411.0,,,2508,36,2019,2300,9,19,2704,1827,,
Sandpacer,sandpacer,NM,,US,,,,,2704,48,487,2526,92,35,2643,1500,,
boblife,boblife,FM,,,,,,,2306,16,502,2418,-49,92,2226,1500,,
Demon-Hunter,demon-hunter,GM,Levan Aroshidze,ES,"Hello! I am GM Levan Aroshidze. 
Chess Coach and player.  Winner of many international tournaments.  A lot of my students have achieved significant progress after working with me.  I am available for all levels. 
If you are interested to improve your Chess - leave me a message or contact me on Social Media. (English, Spanish and Russian Languages)",2547.0,,,2574,26,1657,1874,0,6,2380,1500,,
eksponat777,eksponat777,FM,Kanan Hajiyev,AZ,"Instagram: https://www.instagram.com/chessquest777/
Coach page: https://lichess.org/coach/eksponat777
Youtube: (En) https://www.youtube.com/watch?v=mzq885fHCHg,v=CGNDFiLXFas&t.
(Ru) https://www.youtube.com/watch?v=voozvUTq7RI&t 
Fb: https://www.facebook.com/profile.php?id=61571777682630
Book lessons:
https://calendar.app.google/qDzbu22XWpEDhKLq9",,,,2458,6,18442,2581,28,452,2752,1500,,
ivan124,ivan124,GM,Ivan Schitco,MD,"Fix your rating leaks and build GM habits in 90 days. Guaranteed.

Contact me for more details.",2533.0,,,2794,1,3297,2588,-9,59,2944,1500,,
chabo_ftw,chabo_ftw,IM,Novak Čabarkapa,RS,,,,,2651,4,1594,2393,-19,37,3002,1500,,
championreeve,championreeve,IM,,_earth,,,,,2521,72,2029,2306,44,436,2907,2136,,
Vicmary2005,vicmary2005,WFM,Vicmary Candelaria Pérez Hernández,VE,"Id Fide: 3930831
28/12/2005
Disponible para partidas de Entrenamiento.
Available for Training Games.",1974.0,,,2203,-10,5557,2296,58,145,2525,2045,,
lindenice,lindenice,FM,josip gazic,DE,,2147.0,,,2342,-27,106493,2448,-4,2779,1899,2165,,
orlovachess,orlovachess,WCM,Liza Orlova,CA,"I DO NOT USE THIS ACCOUNT ANYMORE EXCEPT FOR TEACHING. I'm ""ChessWithLiza"" now :) follow me there!!!

Chess Instructor / Best Selling Chess Author / Graphic Designer / Married - Mrs. McDonald",1894.0,1913.0,,1769,-231,612,1391,-81,218,1768,1292,,
om_gendut,om_gendut,NM,David Setiawan,ID,,,,,2244,-86,8825,2341,-70,132,2680,1500,,
LeonValdes,leonvaldes,IM,Jony Wilson Leon Valdes,CU,"Amo jugar mi ajedrez, es mi vida, mi pasión y lo es todo para mi. Mi apectura favorita es la Francesa, la juego siempre q puedo...",2396.0,,,2492,-26,2886,2256,0,1,2504,2098,,
UmbertoRUS,umbertorus,FM,,,Клуб топ-1 игрока в пулю и блиц на lichess https://lichess.org/team/rauf-mamedov-team,,,,2272,63,1076,2081,0,3,2518,1500,,
AndreiMacovei,andreimacovei,IM,Andrei Macovei,MD,"Professional Chess Player and Coach, currently studying at the University of Texas at Dallas.
Feel free to contact me on andreimacovei14@gmail.com

https://www.twitch.tv/chessaurochs",2491.0,,,2662,-32,2095,2567,-35,64,2671,2103,,
MrOlka,mrolka,GM,Oliver Mihok,HU,,2536.0,,,2690,7,6610,1500,0,0,2584,1500,,
nasty_turtle123,nasty_turtle123,NM,Vladyslav Shevkunov,US,"Hello! I am Vladyslav Shevkunov, a National Master studying at the University of California Berkeley. 

I am also a chess coach with 2+ years of experience and currently looking for new students. I charge 25$/half an hour, 40$/hour, $55/one and a half hours, and 20$/hour for practice games. I teach in English (primary) and Russian. Email VladyslavShevkunov@gmail.com if interested!

Thank you!",2150.0,2250.0,,2211,-58,1828,2229,89,506,2332,2170,,
Idvan,idvan,FM,,,,2211.0,,,2458,0,6444,2440,-17,942,2605,2309,,
allesgehtzubruch,allesgehtzubruch,FM,Jochen Bruch,DE,"Leiter einer Schach AG, erfahrener Spieler",2187.0,,,2349,9,13134,2281,30,543,2230,2016,,
Tigerberry,tigerberry,IM,,IN,,,,,2486,8,466,1715,0,1,2815,1500,,
ENajer,enajer,GM,EVGENY NAER,RU,,2648.0,,,2414,-24,2172,1500,0,0,2752,1500,,
Vladimir_Aridov,vladimir_aridov,FM,,,,,,,2479,6,4212,2111,0,3,2497,1500,,
igoruchiha,igoruchiha,NM,Igor Borge Cardoso Farias,BR,,2058.0,,,2125,-21,3412,2322,-5,754,2123,2058,,
Mirakel05,mirakel05,IM,,_earth,Chess960 fan,,,,2703,52,1961,2537,-258,181,3195,2437,,
TrushFc,trushfc,IM,Germán Della Morte,,,,,,2293,-29,1567,2402,136,28,2708,1500,,
SHREKDAVID,shrekdavid,IM,David Gorodetzky,IL,,2500.0,,,2876,-14,2939,2345,28,25,3120,1500,,
Houdinovic,houdinovic,IM,Shiyam Thavandiran,CA,International Master with a background in mathematics and currently working full-time in the AI field. Follow me on Twitch and YouTube!,2389.0,,,2758,53,231,1500,0,0,2836,1500,,
jeffforever,jeffforever,FM,Jens Hirneise,_earth,"Publisher of https://lichess.org/team/rochade-europa-schachzeitung | Organizer of Lichess Bundesliga https://lichess.org/forum/team-lichess-discord-bundesliga-team & Lichess Rapid league: https://lichess.org/team/rapid-league-info
https://i.imgur.com/ZX5atp1.jpg
https://i.imgur.com/QEiPSNG.jpg
https://i.imgur.com/s7TJ9kb.png",2322.0,,,2402,2,10901,2362,20,335,2814,2321,,True
blijmetsjoerd69,blijmetsjoerd69,FM,Sjoerd Van Roon,NL,"check me out on twitch!
https://www.twitch.tv/almostgood2260",2310.0,,,2340,-6,5069,2285,7,672,2575,2141,,
Ati1517,ati1517,WGM,Turkan Mamedjarova,AZ,,2309.0,,,2148,-26,982,2071,-17,94,2371,1603,,
ayvalik10,ayvalik10,FM,Orkun Efe Alumert,TR,,2402.0,,,2529,-42,12800,2485,-20,729,2500,1500,,
kosmeg,kosmeg,IM,Kostis Megalios,GB-SCT,Editor for Quality Chess,,,,2491,-31,2252,2169,0,4,2716,1500,,
Gransiurell,gransiurell,FM,Juan Ramon Galiana Salom,ES,"Maestro FIDE, 35 años de experiencia en la enseñanza de ajedrez, coordinador de la Escuela de Ajedrez de Son Dameto, Palma de Mallorca, España, Presidente de la Asociación de ajedrecistas de Baleares desde el año 2012",2145.0,,,2337,-14,16309,2275,-10,390,2501,1500,,
JJPL03,jjpl03,IM,Jerzy Jesus,,"International Master with GM norm (Accredited by FIDE)  https://lichess.org/fide/3524337/Perez_Leiva_Jerzy_Jesus
Peak rating so far: 2421 Elo Fide
5+ Yrs of Experience at All Levels
For Lessons (English or Español)

+ info: https://lichess.org/coach/JJPL03 |

Feel free to reach out to me.",2369.0,,,2617,16,3452,2431,109,23,2707,1482,,
SashaGelman,sashagelman,IM,Alexander Gelman,DE,"https://www.twitch.tv/alexandergelman

chesslessons (english, german,russian)  
alexandrgelman@gmail.com",2411.0,,,2646,21,4687,2313,22,67,2834,1500,,
enpassant128,enpassant128,FM,,AD,,,,,2338,-24,492,2387,86,26,2484,1500,,
evilhamburger,evilhamburger,CM,Georgijs Germanovs,LV,george_61264,2261.0,,,2720,-27,10161,2553,34,123,2877,1345,,
DaniloBesedes,danilobesedes,FM,,RS,,,,,2449,-23,8353,2104,0,8,2550,1500,,
GlennTipton,glenntipton,FM,Ricardo França,BR,,2278.0,,,2414,21,14811,2085,0,4,2528,2179,,
Lady_Nika,lady_nika,WFM,,,,,,,2346,3,2858,2542,181,371,2528,2299,,
fish206204,fish206204,CM,,NO,,,,,2552,1,2388,2201,66,80,2818,1410,,
chickencrossroad,chickencrossroad,FM,,,,,,,2115,5,985,2596,259,77,2344,2025,,
toniaa,toniaa,WFM,Antonia Christodoulaki,GR,,2144.0,,,2192,-8,1534,1891,120,93,2408,1500,,
aquaticpineapples,aquaticpineapples,NM,,CA,,,,,2316,24,410,2300,460,23,2485,1500,,
Queen_Iryna,queen_iryna,WIM,,CU,,,,,2261,-73,2585,1965,0,2,2278,1965,,
Sergey_70,sergey_70,GM,Сергей Калугин,RU,,2400.0,,,2514,-6,3048,2638,7,69,2480,1500,,
dexter29,dexter29,GM,Anurag Mhamal,IN,It never gets boring!  I love the 960 format and I hope it does get bigger with time.,2499.0,,,2612,-28,916,1500,0,0,2855,1500,,
harsha15,harsha15,IM,Harshavardhan GB,IN,,,,,2648,-9,5066,2632,72,149,2916,2510,,
SNCSolidGuy,sncsolidguy,FM,,,,,,,2624,-12,1377,2559,-67,38,2791,1500,,
win_64,win_64,IM,,,,,,,2399,-39,414,1500,0,0,2736,1500,,
zenon011,zenon011,FM,,,,,,,2297,37,744,1077,0,11,2428,853,,
bolero_queen,bolero_queen,FM,Andrej Sukovic,ME,,2382.0,,,2512,13,596,2435,0,6,2696,1500,,
dabbang111,dabbang111,IM,Sammed Shete,IN,"Hi Guys,
           I am a Professional Chess Player. I would love to share what i have learned.check out my coaching profile 
 https://lichess.org/coach/dabbang111",2454.0,,,2511,12,871,1992,-78,28,2606,1500,,
stefanloeffler,stefanloeffler,IM,Stefan Loeffler,,,2356.0,,,2388,-29,643,1500,0,0,2483,1929,,
ebijo,ebijo,FM,,,,,,,2443,-29,175,1500,0,0,2355,1500,,
Garayev_Kanan,garayev_kanan,IM,Garayev Kanan,AZ,Chess player from Azerbaijan.,2343.0,,,2607,16,141,1500,0,0,2957,1500,,
chargemax23,chargemax23,IM,,,,,,,2670,6,26009,2413,-52,264,2909,1756,,
sebastiano1908,sebastiano1908,FM,Phúc Nguyễn Đặng Hồng,US,https://ratings.fide.com/profile/12402761,2294.0,,,2595,-22,5130,1493,0,1,2671,1500,,
Pudge1mba228,pudge1mba228,CM,,,,,,,2239,-43,77,1500,0,0,2390,1500,,
vovaches,vovaches,CM,Владимир Михайловский,RU,"My profile Fide: https://ratings.fide.com/profile/34105414

And links to my resources:
https://www.youtube.com/c/vovachess
https://www.twitch.tv/vovachess
https://vk.com/vovachess",2215.0,,,2677,17,13640,2474,-22,510,3005,1979,,
RichardAlejandro9006,richardalejandro9006,IM,Richard Alejandro Garcia Matos,CU,"Hola mi nombre es Richard Alejandro Garcia Matos.Soy MI desde el año 2020, Licenciado en Deportes,entrenador de ajedrez desde el 2014.Acepto alumnos de todos los niveles, el entrenamiento va dirigido a mejorar cualquier fase del juego,",2356.0,,,2358,-12,2400,2262,-53,54,2546,1500,,
txebyshev,txebyshev,FM,Xavier Povill,,,,,,2299,19,988,1500,0,0,2471,1500,,
Nicky_MF,nicky_mf,WFM,Iris Nicole Mollo Figueroa,AW,I love the cold ❆!,,,,2204,-1,262,1905,49,14,2090,1437,,
gabriel_grecescu,gabriel_grecescu,IM,Grecescu Gabriel,RO,Chess is fun!,2388.0,,,2154,-42,824,1768,0,2,2192,1500,,
MergenSatrancMerkezi,mergensatrancmerkezi,IM,Mergen Satranç | Mergen Chess,TR,"Marka ismimiz olan, Türk ve Altay mitolojisinde aklı, zekayı, bilimi ve felsefeyi temsil eden Mergen Tengri, attığı ok ile insanlara bilgelik vermektedir.

Mergen Satranç olarak, bu köklü figürden esinlenerek kurulduğumuz ilk günden bu yana zeki, bilgili ve düşünen bireylerin yetişmesine katkı sağlamayı amaçlıyoruz.",2431.0,,,2540,5,908,2400,99,20,2786,1500,,
DrEstranged,drestranged,IM,Matias Pérez Gormaz,CL,"Matias Pérez Gormaz, 31 años, Maestro Internacional de Chile. BI Campeón de Chile Absoluto 2016 y 2025
Seleccionado Olímpico 2016 y 2022 
Entrenador durante 12 años
Pásate por mi canal en YouTube MatyChess https://www.youtube.com/channel/UC0J8fA2nu6QNGhqrFRupOkQ.
Mi Academia de Ajedrez MatyChess
www.matychess.com",2408.0,,,2621,-14,5208,2246,0,8,2901,1500,,
Akbas_Kaan,akbas_kaan,NM,Kaan Akbaş,TR,,,,,2529,-5,804,2599,2,16,2765,1500,,
Jojo08,jojo08,WFM,Ovezdurdyyeva Jemal,RO,,,,,2320,-30,5685,2118,-56,32,2361,1702,,
Loy_Konstantin,loy_konstantin,NM,Konstantin Loy,UA,,2200.0,,,2402,-8,7793,2617,21,386,2602,2505,,
bijiy,bijiy,FM,,US,,,,,2342,-28,1748,2580,-56,558,2879,2563,,
Soberov_Emil,soberov_emil,CM,Emil Soberov,CA,13 y.o.CM.Champion of Canada U14,2209.0,,,2455,8,2654,2349,-60,285,2576,1500,,
jokechess,jokechess,FM,Azat Nurmammedov,TM,,,,,2748,17,3856,2403,30,84,2833,2210,,
Albornoz00,albornoz00,GM,Carlos Daniel Albornoz Cabrera,CU,,2584.0,,,2698,7,740,1500,0,0,3028,1500,,
gleb_kornienko2003,gleb_kornienko2003,WCM,,,,,,,1926,0,2,1500,0,0,2483,1500,,
chesswithmra,chesswithmra,IM,,PR,,,2564.0,,2803,36,4425,2828,32,159,3051,1500,,
Gatiloco77,gatiloco77,FM,Roberto Carlos Miramontes,US,,2289.0,2339.0,,2364,19,3651,1956,0,9,2413,1500,,
thijscom,thijscom,FM,,,Want to organize a knockout tournament on Lichess? Check https://github.com/tmmlaarhoven/lichess-knockout for a tool to make it happen.,,,,2604,25,10700,2621,-1,194,2801,2426,,
Ziitoune,ziitoune,IM,,,,,,,2445,-86,389,2263,69,12,2416,2039,,
klari64,klari64,IM,Tobias Kölle,DE,,2471.0,,,2808,-3,1742,2440,64,40,3104,1500,,
MagicAndy,magicandy,FM,,BI,,,,,2536,-8,10642,2207,52,29,2527,2020,,
JSS_Fighter_07,jss_fighter_07,FM,,IN,,2315.0,,,2305,-29,32,1500,0,0,2532,1500,,
sravanrenjith,sravanrenjith,FM,,,,,,,2432,-86,2136,2358,82,163,2925,1460,,
Prniiian_ghomi,prniiian_ghomi,WCM,Parnian Ghomi,CA,,2015.0,,,2361,-26,3320,2068,365,39,2606,2127,,
Martin_Petrov,martin_petrov,GM,Martin Petrov,BG,,,,,2654,-33,1532,2001,0,3,2730,1500,,
LLRAChess,llrachess,NM,Luke Leon Robin Anatol,,,,,,2367,-37,149,1757,0,3,2489,1500,,
SULIKMASTER,sulikmaster,CM,Soltan Muradov,TM,Enjoy every moment,2233.0,,,2341,-7,7974,2422,46,248,2656,1639,,
Mikasinskii,mikasinskii,FM,Mihailo Djokic,RS,"Professional Chess Coach, I do coaching for all levels.
Feel free to contact me here or at gmail: mihailodjokic541@gmail.com",2225.0,,,2554,12,439,1500,0,0,2761,1500,,
Gakolchess765,gakolchess765,FM,,GR,,,,,2747,-17,4287,2605,6,637,3008,2308,,
Butlerpigeon99,butlerpigeon99,IM,,,,,,,2658,23,1065,1500,0,0,2899,1500,,
RodneyNLKL,rodneynlkl,FM,"Hernández Noa, Rodney",,,,,,2452,-11,1226,1500,0,0,2327,2351,,
Kholmirzaev,kholmirzaev,FM,Kholmirzaev Kholmirzaev,UZ,,2322.0,,,2450,-17,4701,2283,-50,30,2362,1500,,
Artak_Manukyan,artak_manukyan,NM,Artak Manukyan,AM,"National Master from Armenia. I am also manager and board 4 of Armenia Eagles chess team who won Prochessleague 2018.
Please follow my streams available at https://www.twitch.tv/nm_artman
and also on Youtube
https://www.youtube.com/channel/UCu2WhmmbejAwvALnMS8IkiA
Despite my concentration on economics I will try to become stronger and stronger as a chess-player!",2196.0,2410.0,,2297,23,13510,2203,-32,137,2399,1631,,
UVIGI,uvigi,IM,TERVEL SERAFIMOV,BG,"Hello everybody, 
I work with both beginners and advanced players. For more information about me, please visit my web site: https://tervelserafimov.com/en/home-english/
Languages: French, English, Bulgarian, Russian.
Price: 30 euros per hour",2354.0,,,1500,0,0,1500,0,0,2392,1500,,
yoseph2013,yoseph2013,IM,Yoseph Theolifus Taher,_earth,,,,,2659,-12,34935,2546,53,358,3013,1500,,
Bashirli,bashirli,IM,Nail Bashirli,AZ,,,,,2719,-15,2668,2544,122,17,2961,1500,,
NeverEnough,neverenough,GM,,,,,,,2738,-20,8702,2516,0,11,3142,1500,,
Harlan_Coben,harlan_coben,GM,,US,,,,,2887,116,441,1921,0,4,2903,1500,,
markljubarov,markljubarov,FM,Mark Liubarov,IL,FM,2300.0,,,2469,25,5423,2099,0,8,2561,1500,,
safyahmad1265,safyahmad1265,CM,,,,,,,2401,18,28831,2322,-6,176,2425,1500,,
Megl,megl,FM,Mikkel Manosri Jacobsen,DK,"Mousepadonlyaccount


https://lichess.org/coach/Megl",2374.0,,,2523,-13,4282,2036,31,30,2478,1500,,
Regalo,regalo,WGM,,,,,,,2510,-8,302,1971,0,5,2280,1500,,
PeshkaCh,peshkach,FM,FM/AGM TYKHON CHERNIAIEV,UA,"https://imgur.com/qWDR4MU
I'm 15 y.o. and I'm DOUBLE EUROPEAN CHESS CHAMPION (Rapid & Blitz) - U12 (2022 year) and DOUBLE WORLD CHESS CHAMPION (Rapid & Blitz) - U10 (2018 year) and VICE WORLD CHAMPION (Rapid) - U12 (2019 year)! 
I'm CHESS CHAMPION of UKRAINE in Blitz - U20 (2020 year)! 
I'm Arena Grand Master (AGM). My ratings FIDE (Standard-2333, Rapid-2283, Blitz-2438)",2333.0,,,2779,11,6254,2869,25,2526,3100,2287,,
SuperJesus88,superjesus88,IM,,,,,,,2557,3,2614,1500,0,0,2562,1500,,
UGgm_Manuel256,uggm_manuel256,CM,Musasizi Emmanuel,UG,,2010.0,,,2410,10,8339,2492,-6,613,2432,1896,,
