id,username,title,online,patron,perfs,source
mraquariyaz67,mraquariyaz67,GM,,,"{'bullet': {'rating': 3512, 'progress': 22}}",leaderboard:bullet
ediz_gurel,Ediz_Gurel,GM,,,"{'bullet': {'rating': 3373, 'progress': -8}}",leaderboard:bullet
night-king96,Night-King96,GM,,True,"{'bullet': {'rating': 3302, 'progress': 10}}",leaderboard:bullet
chess-art-us,chess-art-us,GM,,,"{'bullet': {'rating': 3269, 'progress': -23}}",leaderboard:bullet
heisenberg01,Heisenberg01,FM,,,"{'bullet': {'rating': 3254, 'progress': -22}}",leaderboard:bullet
vladimirovich9000,Vladimirovich9000,GM,,,"{'bullet': {'rating': 3251, 'progress': -1}}",leaderboard:bullet
sindarovgm,SindarovGM,GM,,,"{'bullet': {'rating': 3231, 'progress': -10}}",leaderboard:bullet
hooligan64,Hooligan64,GM,,,"{'bullet': {'rating': 3228, 'progress': 0}}",leaderboard:bullet
imbrewington,imbrewington,IM,,,"{'bullet': {'rating': 3212, 'progress': 10}}",leaderboard:bullet
ohanyaneminchess,OhanyanEminChess,GM,True,,"{'bullet': {'rating': 3210, 'progress': -32}}",leaderboard:bullet
dr_tiger,Dr_Tiger,GM,,,"{'bullet': {'rating': 3207, 'progress': 3}}",leaderboard:bullet
abasovn,AbasovN,GM,True,,"{'bullet': {'rating': 3205, 'progress': 9}}",leaderboard:bullet
iamstraw,iamstraw,GM,,,"{'bullet': {'rating': 3204, 'progress': -1}}",leaderboard:bullet
zhigalko_sergei,Zhigalko_Sergei,GM,,True,"{'bullet': {'rating': 3202, 'progress': -20}}",leaderboard:bullet
rakitind,RakitinD,FM,True,,"{'bullet': {'rating': 3201, 'progress': 16}}",leaderboard:bullet
tuzakli_egitim,Tuzakli_Egitim,FM,True,,"{'bullet': {'rating': 3163, 'progress': -2}}",leaderboard:bullet
pap-g,Pap-G,GM,,True,"{'bullet': {'rating': 3158, 'progress': 32}}",leaderboard:bullet
arm-777777,ARM-777777,GM,,,"{'bullet': {'rating': 3150, 'progress': 14}}",leaderboard:bullet
rob188,rob188,IM,,,"{'bullet': {'rating': 3150, 'progress': -26}}",leaderboard:bullet
hripach007,Hripach007,IM,,,"{'bullet': {'rating': 3150, 'progress': 11}}",leaderboard:bullet
parakon1,Parakon1,GM,,,"{'bullet': {'rating': 3147, 'progress': -32}}",leaderboard:bullet
bardyk01,Bardyk01,FM,,,"{'bullet': {'rating': 3147, 'progress': -15}}",leaderboard:bullet
chesssplayer21,Chesssplayer21,GM,,,"{'bullet': {'rating': 3145, 'progress': 27}}",leaderboard:bullet
jangarbarek,jangarbarek,GM,,,"{'bullet': {'rating': 3141, 'progress': -16}}",leaderboard:bullet
blazinq,Blazinq,IM,,,"{'bullet': {'rating': 3140, 'progress': 18}}",leaderboard:bullet
grandelicious,Grandelicious,GM,,,"{'bullet': {'rating': 3139, 'progress': 77}}",leaderboard:bullet
mlchael,Mlchael,IM,,,"{'bullet': {'rating': 3137, 'progress': -20}}",leaderboard:bullet
daubon,daubon,IM,,,"{'bullet': {'rating': 3137, 'progress': 2}}",leaderboard:bullet
artur0208,Artur0208,IM,,,"{'bullet': {'rating': 3134, 'progress': 11}}",leaderboard:bullet
uragan1234,Uragan1234,IM,,,"{'bullet': {'rating': 3133, 'progress': -5}}",leaderboard:bullet
xuyl_1a,XuYL_1a,GM,,,"{'bullet': {'rating': 3129, 'progress': 15}}",leaderboard:bullet
fireheart92,fireheart92,GM,,,"{'bullet': {'rating': 3118, 'progress': 17}}",leaderboard:bullet
kirill_klyukin,Kirill_Klyukin,IM,,,"{'bullet': {'rating': 3115, 'progress': 7}}",leaderboard:bullet
msb2,msb2,GM,,True,"{'bullet': {'rating': 3113, 'progress': 19}}",leaderboard:bullet
federicov93,Federicov93,GM,True,,"{'bullet': {'rating': 3113, 'progress': 28}}",leaderboard:bullet
gon_freecs123,gon_freecs123,GM,,,"{'bullet': {'rating': 3111, 'progress': -5}}",leaderboard:bullet
fandorine96,Fandorine96,GM,,,"{'bullet': {'rating': 3109, 'progress': 47}}",leaderboard:bullet
zhalmakhanov_r,Zhalmakhanov_R,IM,,,"{'bullet': {'rating': 3108, 'progress': 27}}",leaderboard:bullet
k_zhitnik,k_zhitnik,FM,,,"{'bullet': {'rating': 3106, 'progress': 30}}",leaderboard:bullet
black_knight22,black_knight22,IM,,,"{'bullet': {'rating': 3105, 'progress': -19}}",leaderboard:bullet
arm__55555,ARM__55555,IM,,,"{'bullet': {'rating': 3103, 'progress': 6}}",leaderboard:bullet
blunderpandazz,BlunderPandaZz,GM,,True,"{'bullet': {'rating': 3102, 'progress': 7}}",leaderboard:bullet
arseniii_nesterov,Arseniii_Nesterov,GM,True,,"{'bullet': {'rating': 3102, 'progress': -21}}",leaderboard:bullet
fir_09,Fir_09,FM,,,"{'bullet': {'rating': 3101, 'progress': 26}}",leaderboard:bullet
goltsev2000,goltsev2000,FM,,,"{'bullet': {'rating': 3100, 'progress': -21}}",leaderboard:bullet
wizard98,wizard98,GM,,,"{'bullet': {'rating': 3100, 'progress': 39}}",leaderboard:bullet
jjosujjosu,jjosujjosu,GM,,,"{'bullet': {'rating': 3099, 'progress': -20}}",leaderboard:bullet
dclasby,dclasby,FM,,,"{'bullet': {'rating': 3099, 'progress': -29}}",leaderboard:bullet
kostik_mostik,Kostik_Mostik,IM,,,"{'bullet': {'rating': 3098, 'progress': -2}}",leaderboard:bullet
aronyak1,Aronyak1,IM,True,,"{'bullet': {'rating': 3095, 'progress': -19}}",leaderboard:bullet
lintchevski_daniil,Lintchevski_Daniil,GM,,,"{'bullet': {'rating': 3093, 'progress': 10}}",leaderboard:bullet
funo09,Funo09,GM,,,"{'bullet': {'rating': 3091, 'progress': -9}}",leaderboard:bullet
shrekdavid,SHREKDAVID,IM,,,"{'bullet': {'rating': 3089, 'progress': 4}}",leaderboard:bullet
secret_magnus,Secret_Magnus,IM,,,"{'bullet': {'rating': 3083, 'progress': 10}}",leaderboard:bullet
caching,caching,GM,,True,"{'bullet': {'rating': 3082, 'progress': -4}}",leaderboard:bullet
mitrabha,Mitrabha,GM,,,"{'bullet': {'rating': 3080, 'progress': 0}}",leaderboard:bullet
maybe_maybe,maybe_maybe,IM,,,"{'bullet': {'rating': 3080, 'progress': 31}}",leaderboard:bullet
rekcul,Rekcul,FM,True,,"{'bullet': {'rating': 3078, 'progress': -7}}",leaderboard:bullet
kaputvsemu,KAPUTVSEMU,IM,,,"{'bullet': {'rating': 3074, 'progress': 6}}",leaderboard:bullet
metiforce,MetiForce,GM,True,,"{'bullet': {'rating': 3074, 'progress': -32}}",leaderboard:bullet
stassb,StasSB,FM,,,"{'bullet': {'rating': 3072, 'progress': 4}}",leaderboard:bullet
eduiturri,Eduiturri,GM,,,"{'bullet': {'rating': 3072, 'progress': 2}}",leaderboard:bullet
riquelme93,Riquelme93,GM,,,"{'bullet': {'rating': 3071, 'progress': 15}}",leaderboard:bullet
brokeneveryday,brokeneveryday,IM,,,"{'bullet': {'rating': 3069, 'progress': 11}}",leaderboard:bullet
stanbad1,stanbad1,FM,True,,"{'bullet': {'rating': 3068, 'progress': 33}}",leaderboard:bullet
gogotaniye,gogotaniye,FM,,True,"{'bullet': {'rating': 3068, 'progress': 22}}",leaderboard:bullet
arash-tahbaz,Arash-Tahbaz,IM,,,"{'bullet': {'rating': 3066, 'progress': -19}}",leaderboard:bullet
cutemouse83,cutemouse83,GM,True,True,"{'blitz': {'rating': 2979, 'progress': -4}}",leaderboard:blitz
realdavidnavara,RealDavidNavara,GM,,,"{'blitz': {'rating': 2938, 'progress': 47}}",leaderboard:blitz
athena-pallada,athena-pallada,GM,True,,"{'blitz': {'rating': 2913, 'progress': -8}}",leaderboard:blitz
kacparov,Kacparov,IM,,,"{'blitz': {'rating': 2864, 'progress': -7}}",leaderboard:blitz
arturchix,arturchix,GM,,,"{'blitz': {'rating': 2855, 'progress': 36}}",leaderboard:blitz
alextriapishko,AlexTriapishko,IM,,,"{'blitz': {'rating': 2846, 'progress': 12}}",leaderboard:blitz
matthewg-p4p,MatthewG-p4p,IM,,True,"{'blitz': {'rating': 2845, 'progress': 4}}",leaderboard:blitz
fabsid,Fabsid,GM,True,,"{'blitz': {'rating': 2832, 'progress': 24}}",leaderboard:blitz
papus1234,Papus1234,GM,,True,"{'blitz': {'rating': 2829, 'progress': 48}}",leaderboard:blitz
alexandr_khlebovich,Alexandr_KhleBovich,IM,True,,"{'blitz': {'rating': 2827, 'progress': 29}}",leaderboard:blitz
saracinderim,SaraciNderim,IM,,,"{'blitz': {'rating': 2822, 'progress': 27}}",leaderboard:blitz
bancsoo,bancsoo,GM,,,"{'blitz': {'rating': 2821, 'progress': -25}}",leaderboard:blitz
angelitort,AngelitoRT,IM,True,True,"{'blitz': {'rating': 2820, 'progress': 23}}",leaderboard:blitz
drawdenied_twitch,DrawDenied_Twitch,GM,True,,"{'blitz': {'rating': 2818, 'progress': 14}}",leaderboard:blitz
diarytraining,DiaryTraining,IM,,,"{'blitz': {'rating': 2815, 'progress': 22}}",leaderboard:blitz
andrey11976,Andrey11976,NM,,,"{'blitz': {'rating': 2812, 'progress': 9}}",leaderboard:blitz
shuriks91,shuriks91,IM,,,"{'blitz': {'rating': 2812, 'progress': 10}}",leaderboard:blitz
kontrajako,KontraJaKO,GM,,True,"{'blitz': {'rating': 2810, 'progress': -20}}",leaderboard:blitz
timaina1,TimAina1,IM,,,"{'blitz': {'rating': 2809, 'progress': 24}}",leaderboard:blitz
som2310,Som2310,GM,True,,"{'blitz': {'rating': 2808, 'progress': -20}}",leaderboard:blitz
cjota95,cjota95,GM,,True,"{'blitz': {'rating': 2806, 'progress': -10}}",leaderboard:blitz
midnight_chess,Midnight_Chess,GM,True,True,"{'blitz': {'rating': 2805, 'progress': 59}}",leaderboard:blitz
howellhub,HowellHub,GM,,,"{'blitz': {'rating': 2801, 'progress': 19}}",leaderboard:blitz
littleplotkin,littleplotkin,IM,True,True,"{'blitz': {'rating': 2800, 'progress': 33}}",leaderboard:blitz
sigma_tauri,Sigma_Tauri,GM,,,"{'blitz': {'rating': 2795, 'progress': 2}}",leaderboard:blitz
enmq,enmQ,GM,,,"{'blitz': {'rating': 2794, 'progress': 19}}",leaderboard:blitz
ivan124,ivan124,GM,,,"{'blitz': {'rating': 2794, 'progress': 1}}",leaderboard:blitz
sergeiaza,Sergeiaza,GM,,,"{'blitz': {'rating': 2789, 'progress': 26}}",leaderboard:blitz
kutiktau,kutiktau,GM,,,"{'blitz': {'rating': 2787, 'progress': -6}}",leaderboard:blitz
resha1988,Resha1988,IM,True,True,"{'blitz': {'rating': 2782, 'progress': 37}}",leaderboard:blitz
littlepumpkin,LittlePumpkin,IM,,,"{'blitz': {'rating': 2780, 'progress': 11}}",leaderboard:blitz
matinghffarifar,Matinghffarifar,FM,,,"{'rapid': {'rating': 2821, 'progress': 11}}",leaderboard:rapid
chessmem,chessmem,FM,,,"{'rapid': {'rating': 2722, 'progress': 20}}",leaderboard:rapid
likewater,likewater,IM,,,"{'rapid': {'rating': 2683, 'progress': -24}}",leaderboard:rapid
sashakuzhilniy,SashaKuzhilniy,CM,,,"{'rapid': {'rating': 2678, 'progress': 6}}",leaderboard:rapid
rehbwf,rehbwf,IM,,,"{'rapid': {'rating': 2661, 'progress': 3}}",leaderboard:rapid
ojaijoao,OjaiJoao,FM,,,"{'rapid': {'rating': 2655, 'progress': 2}}",leaderboard:rapid
chesstheory64,ChessTheory64,FM,,True,"{'rapid': {'rating': 2635, 'progress': 4}}",leaderboard:rapid
evgenysharapov,evgenysharapov,GM,True,,"{'rapid': {'rating': 2613, 'progress': 41}}",leaderboard:rapid
belyakovbogdan,BelyakovBogdan,IM,,,"{'rapid': {'rating': 2608, 'progress': -2}}",leaderboard:rapid
markosiandavid,MarkosianDavid,GM,,,"{'rapid': {'rating': 2603, 'progress': 9}}",leaderboard:rapid
tulachessroom,Tulachessroom,NM,True,,"{'rapid': {'rating': 2600, 'progress': -48}}",leaderboard:rapid
ataliks,AtalikS,GM,,,"{'rapid': {'rating': 2594, 'progress': 42}}",leaderboard:rapid
untilitisotherwise,UntilItIsOtherwise,NM,True,,"{'rapid': {'rating': 2593, 'progress': -2}}",leaderboard:rapid
bocharov-ivan,Bocharov-Ivan,GM,,,"{'rapid': {'rating': 2582, 'progress': 11}}",leaderboard:rapid
roman2001,Roman2001,FM,,,"{'rapid': {'rating': 2575, 'progress': 12}}",leaderboard:rapid
sparking-genio,sparking-genio,FM,,,"{'rapid': {'rating': 2574, 'progress': 29}}",leaderboard:rapid
rashad2018,Rashad2018,FM,True,,"{'rapid': {'rating': 2568, 'progress': 47}}",leaderboard:rapid
destroyernumber1,destroyernumber1,FM,,,"{'rapid': {'rating': 2567, 'progress': -35}}",leaderboard:rapid
eminovorkhan,EminovOrkhan,FM,True,,"{'rapid': {'rating': 2563, 'progress': 13}}",leaderboard:rapid
ragingknightnc,RagingKnightNC,NM,,,"{'rapid': {'rating': 2562, 'progress': -23}}",leaderboard:rapid
littlepawnfriends,LittlePawnFriends,WFM,,,"{'rapid': {'rating': 2562, 'progress': 47}}",leaderboard:rapid
unknown_master459,Unknown_Master459,CM,True,,"{'rapid': {'rating': 2560, 'progress': 16}}",leaderboard:rapid
horobetz,Horobetz,NM,,,"{'rapid': {'rating': 2559, 'progress': 6}}",leaderboard:rapid
shellingford92,ShellingFord92,IM,,,"{'rapid': {'rating': 2555, 'progress': -16}}",leaderboard:rapid
lance5500,Lance5500,LM,True,True,"{'classical': {'rating': 2503, 'progress': 28}}",leaderboard:classical
kungfupanda100,KungFuPanda100,CM,,,"{'classical': {'rating': 2447, 'progress': 18}}",leaderboard:classical
kc6,kc6,IM,True,,"{'classical': {'rating': 2422, 'progress': -7}}",leaderboard:classical
chesspawnrookking,chesspawnrookking,NM,,,"{'classical': {'rating': 2387, 'progress': -7}}",leaderboard:classical
moussardraser,Moussardraser,FM,True,True,"{'classical': {'rating': 2380, 'progress': 22}}",leaderboard:classical
art-vega,Art-Vega,CM,,True,"{'classical': {'rating': 2355, 'progress': 7}}",leaderboard:classical
shaheus,shaheus,FM,True,,"{'classical': {'rating': 2342, 'progress': -6}}",leaderboard:classical
zuluagazo,zuluagazo,IM,,,"{'classical': {'rating': 2305, 'progress': 31}}",leaderboard:classical
flyinglemon,FlyingLemon,NM,,,"{'classical': {'rating': 2298, 'progress': 19}}",leaderboard:classical
peristeria,Peristeria,CM,True,True,"{'classical': {'rating': 2292, 'progress': -3}}",leaderboard:classical
pavaobjazevic,pavaobjazevic,CM,,True,"{'classical': {'rating': 2287, 'progress': -10}}",leaderboard:classical
penguingim1,penguingim1,GM,True,True,"{'ultraBullet': {'rating': 2766, 'progress': 26}}",leaderboard:ultraBullet
dianochka_love11,DIANOCHKA_LOVE11,FM,,,"{'ultraBullet': {'rating': 2637, 'progress': 20}}",leaderboard:ultraBullet
olegpro1,OlegPro1,CM,,,"{'ultraBullet': {'rating': 2605, 'progress': -9}}",leaderboard:ultraBullet
greennight,greennight,IM,,,"{'ultraBullet': {'rating': 2534, 'progress': -9}}",leaderboard:ultraBullet
matteorf2b,matteorf2b,CM,,,"{'ultraBullet': {'rating': 2528, 'progress': 13}}",leaderboard:ultraBullet
trixr4kidzzz,TrixR4Kidzzz,FM,,,"{'ultraBullet': {'rating': 2480, 'progress': 9}}",leaderboard:ultraBullet
skilledassassin04,skilledassassin04,CM,,True,"{'ultraBullet': {'rating': 2464, 'progress': -20}}",leaderboard:ultraBullet
matviy2009,Matviy2009,NM,True,,"{'ultraBullet': {'rating': 2416, 'progress': 43}}",leaderboard:ultraBullet
saliheke,SalihEke,FM,True,,"{'ultraBullet': {'rating': 2403, 'progress': 18}}",leaderboard:ultraBullet
saif_2004_jor,Saif_2004_JOR,CM,,,"{'ultraBullet': {'rating': 2400, 'progress': -10}}",leaderboard:ultraBullet
arhia-alagemand,Arhia-alagemand,CM,,True,"{'ultraBullet': {'rating': 2389, 'progress': -44}}",leaderboard:ultraBullet
savvavetokhin2009,SavvaVetokhin2009,GM,,,"{'ultraBullet': {'rating': 2378, 'progress': -12}}",leaderboard:ultraBullet
olaffo,Olaffo,CM,,True,"{'ultraBullet': {'rating': 2371, 'progress': -3}}",leaderboard:ultraBullet
brastrodamus,Brastrodamus,FM,,,"{'ultraBullet': {'rating': 2370, 'progress': 14}}",leaderboard:ultraBullet
anindianchessplayer,AnIndianChessplayer,FM,,,"{'ultraBullet': {'rating': 2361, 'progress': -4}}",leaderboard:ultraBullet
nika_volkov,Nika_Volkov,CM,,,"{'ultraBullet': {'rating': 2327, 'progress': 8}}",leaderboard:ultraBullet
hajeko,hajeko,CM,,True,"{'ultraBullet': {'rating': 2322, 'progress': -13}}",leaderboard:ultraBullet
bijiy,bijiy,FM,,,"{'ultraBullet': {'rating': 2315, 'progress': -25}}",leaderboard:ultraBullet
homayooont,HomayooonT,GM,,,"{'ultraBullet': {'rating': 2308, 'progress': 2}}",leaderboard:ultraBullet
suleyman_chess06,Suleyman_Chess06,FM,,True,"{'ultraBullet': {'rating': 2303, 'progress': -34}}",leaderboard:ultraBullet
blind_mole1,Blind_mole1,CM,,,"{'ultraBullet': {'rating': 2300, 'progress': 9}}",leaderboard:ultraBullet
stephenwilly,StephenWilly,CM,,,"{'ultraBullet': {'rating': 2299, 'progress': -38}}",leaderboard:ultraBullet
gsvc,gsvc,GM,,True,"{'crazyhouse': {'rating': 2829, 'progress': -32}}",leaderboard:crazyhouse
larso,larso,GM,,True,"{'crazyhouse': {'rating': 2818, 'progress': -12}}",leaderboard:crazyhouse
feeglood,FeegLood,GM,,True,"{'crazyhouse': {'rating': 2704, 'progress': -30}}",leaderboard:crazyhouse
visualdennis,visualdennis,NM,,True,"{'crazyhouse': {'rating': 2693, 'progress': 4}}",leaderboard:crazyhouse
crazy_eight,Crazy_Eight,FM,True,True,"{'crazyhouse': {'rating': 2686, 'progress': 6}}",leaderboard:crazyhouse
bluejaybro,BlueJayBro,CM,True,,"{'crazyhouse': {'rating': 2652, 'progress': 9}}",leaderboard:crazyhouse
brown_player,Brown_player,GM,,True,"{'crazyhouse': {'rating': 2629, 'progress': 44}}",leaderboard:crazyhouse
bardiash76,bardiash76,FM,,,"{'crazyhouse': {'rating': 2591, 'progress': 17}}",leaderboard:crazyhouse
tobyrizzo,tobyrizzo,NM,,,"{'crazyhouse': {'rating': 2587, 'progress': -39}}",leaderboard:crazyhouse
shnitez,shnitez,FM,,,"{'crazyhouse': {'rating': 2550, 'progress': 8}}",leaderboard:crazyhouse
zeck,Zeck,CM,True,,"{'crazyhouse': {'rating': 2531, 'progress': 12}}",leaderboard:crazyhouse
slmctk,Slmctk,FM,,,"{'crazyhouse': {'rating': 2498, 'progress': -3}}",leaderboard:crazyhouse
crouchingtiger,CrouchingTiger,NM,,,"{'crazyhouse': {'rating': 2413, 'progress': -29}}",leaderboard:crazyhouse
andnar,Andnar,FM,,,"{'crazyhouse': {'rating': 2405, 'progress': 54}}",leaderboard:crazyhouse
dabee,dabee,FM,,,"{'crazyhouse': {'rating': 2377, 'progress': -22}}",leaderboard:crazyhouse
pressive,pressive,IM,,,"{'crazyhouse': {'rating': 2356, 'progress': -10}}",leaderboard:crazyhouse
chessmaster2006,chessmaster2006,GM,,,"{'chess960': {'rating': 2638, 'progress': -82}}",leaderboard:chess960
lukas-2010,Lukas-2010,IM,,,"{'chess960': {'rating': 2570, 'progress': 15}}",leaderboard:chess960
zubrrr,Zubrrr,IM,,,"{'chess960': {'rating': 2569, 'progress': -13}}",leaderboard:chess960
indianstar,indianstar,GM,True,,"{'chess960': {'rating': 2532, 'progress': 31}}",leaderboard:chess960
britishscottishcat,britishscottishcat,FM,True,,"{'chess960': {'rating': 2526, 'progress': 36}}",leaderboard:chess960
dr-cro,Dr-CRO,GM,True,True,"{'chess960': {'rating': 2495, 'progress': 26}}",leaderboard:chess960
former_player,Former_Player,GM,,,"{'chess960': {'rating': 2486, 'progress': -20}}",leaderboard:chess960
qwert0808,QWERT0808,CM,,,"{'chess960': {'rating': 2483, 'progress': 54}}",leaderboard:chess960
alexboy14,Alexboy14,CM,True,,"{'chess960': {'rating': 2479, 'progress': 6}}",leaderboard:chess960
samisahi,samisahi,IM,,,"{'chess960': {'rating': 2473, 'progress': 13}}",leaderboard:chess960
wepkins,WEPKINS,IM,,,"{'chess960': {'rating': 2468, 'progress': 28}}",leaderboard:chess960
blitzbullet,blitzbullet,NM,True,True,"{'chess960': {'rating': 2432, 'progress': 40}}",leaderboard:chess960
pogos89,Pogos89,IM,,,"{'chess960': {'rating': 2430, 'progress': 21}}",leaderboard:chess960
arteler,Arteler,FM,,,"{'chess960': {'rating': 2399, 'progress': -1}}",leaderboard:chess960
maksym_537,Maksym_537,FM,True,,"{'chess960': {'rating': 2386, 'progress': -37}}",leaderboard:chess960
hyperreal,hyperreal,IM,,,"{'chess960': {'rating': 2366, 'progress': 15}}",leaderboard:chess960
karlos_ulsk,Karlos_ulsk,FM,,,"{'chess960': {'rating': 2364, 'progress': 4}}",leaderboard:chess960
alliswell998,Alliswell998,FM,,,"{'chess960': {'rating': 2362, 'progress': -26}}",leaderboard:chess960
aquiiles,Aquiiles,IM,,,"{'chess960': {'rating': 2361, 'progress': -23}}",leaderboard:chess960
filipos05,filipos05,FM,True,,"{'chess960': {'rating': 2358, 'progress': -34}}",leaderboard:chess960
borocotoajua00,borocotoajua00,CM,,,"{'chess960': {'rating': 2354, 'progress': 11}}",leaderboard:chess960
yoseph2013,yoseph2013,IM,True,,"{'chess960': {'rating': 2352, 'progress': 16}}",leaderboard:chess960
chesshobbits99,ChessHobbits99,IM,True,,"{'chess960': {'rating': 2344, 'progress': 3}}",leaderboard:chess960
littleoyster,LittleOyster,IM,True,,"{'chess960': {'rating': 2341, 'progress': -42}}",leaderboard:chess960
fireonboard,FireonBoard,IM,,,"{'chess960': {'rating': 2340, 'progress': -14}}",leaderboard:chess960
alwaysmore,AlwaysMore,FM,,,"{'chess960': {'rating': 2334, 'progress': -17}}",leaderboard:chess960
evilhamburger,evilhamburger,CM,,,"{'chess960': {'rating': 2331, 'progress': -50}}",leaderboard:chess960
einarhjalti,EinarHjalti,IM,,,"{'chess960': {'rating': 2329, 'progress': -5}}",leaderboard:chess960
superbamir,SuperbAmir,FM,True,,"{'kingOfTheHill': {'rating': 2520, 'progress': -12}}",leaderboard:kingOfTheHill
avaada_kedavra,Avaada_kedavra,FM,,True,"{'kingOfTheHill': {'rating': 2441, 'progress': 27}}",leaderboard:kingOfTheHill
jacquol,Jacquol,NM,,,"{'kingOfTheHill': {'rating': 2410, 'progress': 9}}",leaderboard:kingOfTheHill
snoozer,snoozer,NM,,,"{'kingOfTheHill': {'rating': 2397, 'progress': -36}}",leaderboard:kingOfTheHill
the_reverse_flash,The_reverse_flash,CM,,,"{'kingOfTheHill': {'rating': 2364, 'progress': 14}}",leaderboard:kingOfTheHill
semenpuzyrevsky,SemenPuzyrevsky,FM,,,"{'kingOfTheHill': {'rating': 2332, 'progress': -31}}",leaderboard:kingOfTheHill
a_h_kashefi,A_H_Kashefi,FM,,,"{'kingOfTheHill': {'rating': 2313, 'progress': 16}}",leaderboard:kingOfTheHill
moshakvar,moshakvar,CM,,,"{'kingOfTheHill': {'rating': 2292, 'progress': -28}}",leaderboard:kingOfTheHill
vadimcernov,VadimCernov,IM,,,"{'kingOfTheHill': {'rating': 2280, 'progress': 7}}",leaderboard:kingOfTheHill
annaschach,AnnaSchach,WIM,,,"{'kingOfTheHill': {'rating': 2243, 'progress': 39}}",leaderboard:kingOfTheHill
j_coca,j_coca,FM,,,"{'kingOfTheHill': {'rating': 2229, 'progress': -12}}",leaderboard:kingOfTheHill
stackrabbit,StackRabbit,NM,True,,"{'kingOfTheHill': {'rating': 2219, 'progress': -24}}",leaderboard:kingOfTheHill
unholycrusade,UnholyCrusade,FM,,,"{'threeCheck': {'rating': 2578, 'progress': 5}}",leaderboard:threeCheck
magners,Magners,IM,,,"{'threeCheck': {'rating': 2369, 'progress': -25}}",leaderboard:threeCheck
dangor,Dangor,IM,,,"{'threeCheck': {'rating': 2306, 'progress': 17}}",leaderboard:threeCheck
aushoin,AusHoin,FM,,True,"{'threeCheck': {'rating': 2195, 'progress': -11}}",leaderboard:threeCheck
sutcunuri,sutcunuri,FM,True,,"{'atomic': {'rating': 2358, 'progress': 1}}",leaderboard:atomic
ludvig_carlsson,LUDVIG_CARLSSON,IM,,,"{'atomic': {'rating': 2141, 'progress': -24}}",leaderboard:atomic
angeln14,angelN14,WCM,,,"{'atomic': {'rating': 2056, 'progress': -6}}",leaderboard:atomic
,DrNykterstein,GM,,,,arena:jan19lta
,alireza2003,GM,,,,arena:jan19lta
,mutdpro,GM,,,,arena:jan19lta
,Watneg,GM,,,,arena:jan19lta
,Ogrilla,GM,,,,arena:jan19lta
,chessbrahs,GM,,,,arena:jan19lta
,Macrofago,GM,,,,arena:jan19lta
,Astramariy,IM,,,,arena:jan19lta
,Hawk20,IM,,,,arena:jan19lta
,Inventing_Invention,GM,,,,arena:jan19lta
,Chesser22,IM,,,,arena:jan19lta
,Chopper1905,GM,,,,arena:jan19lta
,kyart2,GM,,,,arena:jan19lta
,Zkid,GM,,,,arena:jan19lta
,NeverEnough,GM,,,,arena:jan19lta
,Bryakin_Mikhail,GM,,,,arena:jan19lta
,BlueGreensun,GM,,,,arena:jan19lta
,nihalsarin2004,GM,,,,arena:jan19lta
,LeonLivaic,IM,,,,arena:jan19lta
,Alexandr_Ulanov,IM,,,,arena:jan19lta
,EltajSafarli,GM,,,,arena:jan19lta
,Jasugi99,NM,,,,arena:jan19lta
,sumsar42,GM,,,,arena:jan19lta
,srinathbaggins,GM,,,,arena:jan19lta
,Kastorcito,GM,,,,arena:jan19lta
,Vuk00,IM,,,,arena:jan19lta
,maciek_92,GM,,,,arena:jan19lta
,RobertoJBMolina,IM,,,,arena:jan19lta
,FrostWyrm,GM,,,,arena:jan19lta
,PaulfromSPb,GM,,,,arena:jan19lta
,ViejoTortuga,GM,,,,arena:jan19lta
,lovlas,IM,,,,arena:jan19lta
,TimeToShine,IM,,,,arena:jan19lta
,vovaches,CM,,,,arena:jan19lta
,Piscean64,GM,,,,arena:jan19lta
,Arstan23,FM,,,,arena:jan19lta
,slabachok12,FM,,,,arena:jan19lta
,Weetik,FM,,,,arena:jan19lta
,xamax2000,GM,,,,arena:jan19lta
,Shant7777777,GM,,,,arena:jan19lta
,PlayForWinAlways,CM,,,,arena:jan19lta
,PchelkinVK,CM,,,,arena:jan19lta
,Gokerkan,GM,,,,arena:jan19lta
,HardSign,GM,,,,arena:jan19lta
,babakaris,IM,,,,arena:jan19lta
,balaverde,IM,,,,arena:jan19lta
,knyazmyshkin,FM,,,,arena:jan19lta
,tacticthunder,IM,,,,arena:jan19lta
,manitodeplomo,IM,,,,arena:jan19lta
,WinnerOleg,FM,,,,arena:jan19lta
,agination,GM,,,,arena:jan19lta
,Khem,GM,,,,arena:jan19lta
,gustamo,FM,,,,arena:jan19lta
,Barron123,FM,,,,arena:jan19lta
,TheErrant,FM,,,,arena:jan19lta
,mmsanchezchess,IM,,,,arena:jan19lta
,ShakhiMaty,FM,,,,arena:jan19lta
,wannabe2700,IM,,,,arena:jan19lta
,PenoyBuster,FM,,,,arena:jan19lta
,SomeMightSay,IM,,,,arena:jan19lta
,chesshoudini,NM,,,,arena:jan19lta
,yaali15,FM,,,,arena:jan19lta
,sahtiyan,IM,,,,arena:jan19lta
,Lector118,FM,,,,arena:jan19lta
,Neverhood,FM,,,,arena:jan19lta
,PavelMart,FM,,,,arena:jan19lta
,malyy,IM,,,,arena:jan19lta
,lordas69,IM,,,,arena:jan19lta
,Partosian,FM,,,,arena:jan19lta
,IwkooO,FM,,,,arena:jan19lta
,tornike_sanikidze,GM,,,,arena:jan19lta
,MuradliMahammad,IM,,,,arena:jan19lta
,Mig_31,IM,,,,arena:jan19lta
,GLeruste,CM,,,,arena:jan19lta
,Shilichkov,IM,,,,arena:jan19lta
,sandstorm00,NM,,,,arena:jan19lta
,ethereumclassic,GM,,,,arena:jan19lta
,patryk2001,IM,,,,arena:jan19lta
,Kmpk,CM,,,,arena:jan19lta
,mrcorbat,NM,,,,arena:jan19lta
,Fightos,FM,,,,arena:jan19lta
,Satscho,FM,,,,arena:jan19lta
,gnejs,FM,,,,arena:jan19lta
,Peacefulwarrior1996,GM,,,,arena:jan19lta
,Marty83,FM,,,,arena:jan19lta
,Souky71,FM,,,,arena:jan19lta
,IgorKowalski,IM,,,,arena:jan19lta
,josefear5,FM,,,,arena:jan19lta
,colonelcassad,FM,,,,arena:jan19lta
,FlySooHigh,FM,,,,arena:jan19lta
,Lucasran,FM,,,,arena:jan19lta
,Willhaven,FM,,,,arena:jan19lta
,GGuseinov,GM,,,,arena:jan19lta
,FlinkerFreddy,FM,,,,arena:jan19lta
,Peng_Li_Min,GM,,,,arena:jan19lta
,AhnHongjin,IM,,,,arena:jan19lta
,Oresto,FM,,,,arena:jan19lta
,Kabeljaukrieger,IM,,,,arena:jan19lta
,garnek123,FM,,,,arena:jan19lta
,amirsose97,FM,,,,arena:jan19lta
,Mysfed,FM,,,,arena:jan19lta
,goofypenguin,IM,,,,arena:jan19lta
,Benek77,CM,,,,arena:jan19lta
,RomanianForce,IM,,,,arena:jan19lta
,thestench,FM,,,,arena:jan19lta
,GorkiPelin,FM,,,,arena:jan19lta
,Tayka,GM,,,,arena:jan19lta
,Vahe_Dan,IM,,,,arena:jan19lta
,deni165,FM,,,,arena:jan19lta
,Luomfu,FM,,,,arena:jan19lta
,Lancelot96,IM,,,,arena:jan19lta
,eyeoftthetiger,WIM,,,,arena:jan19lta
,acashmoney,NM,,,,arena:jan19lta
,zvjaginsevfan,FM,,,,arena:jan19lta
,vantamaj,IM,,,,arena:jan19lta
,Ig3g6,IM,,,,arena:jan19lta
,Mishka_The_Great,IM,,,,arena:jan19lta
,TiBreizh,IM,,,,arena:jan19lta
,JoranvdS,GM,,,,arena:jan19lta
,BeepBeepImAJeep,IM,,,,arena:jan19lta
,TheRigos,IM,,,,arena:jan19lta
,patzerplay,NM,,,,arena:jan19lta
,giram,CM,,,,arena:jan19lta
,KRASAVCHIK2002,FM,,,,arena:jan19lta
,Arystanner23,IM,,,,arena:jan19lta
,ViktorDmitrenko,IM,,,,arena:jan19lta
,mikromurks,CM,,,,arena:jan19lta
,darkghoul,IM,,,,arena:jan19lta
,munster1,FM,,,,arena:jan19lta
,steva23,FM,,,,arena:jan19lta
,kacpertop,FM,,,,arena:jan19lta
,bolero_queen,FM,,,,arena:jan19lta
,cchoww,NM,,,,arena:jan19lta
,joflo,FM,,,,arena:jan19lta
,otrov11,CM,,,,arena:jan19lta
,Wilsonpalencia,IM,,,,arena:jan19lta
,fuglfonix,CM,,,,arena:jan19lta
,Krestoman,FM,,,,arena:jan19lta
,Murakami,IM,,,,arena:jan19lta
,DrowningPawn,CM,,,,arena:jan19lta
,Remulo1Alpha0,CM,,,,arena:jan19lta
,Govhar,WGM,,,,arena:jan19lta
,NikosGeo,FM,,,,arena:jan19lta
,NaSil,FM,,,,arena:jan19lta
,Dr-BassemAmin,GM,,,,arena:jan19lta
,SharkAnto55,IM,,,,arena:jan19lta
,kaissapy,WIM,,,,arena:jan19lta
,Rickyrich,NM,,,,arena:jan19lta
,ZibbitVideos,FM,,,,arena:jan19lta
,realcontender,NM,,,,arena:jan19lta
,Sergipe123,NM,,,,arena:jan19lta
,ClashRoyale,FM,,,,arena:jan19lta
,Ruefi,IM,,,,arena:jan19lta
,Sznureks,IM,,,,arena:jan19lta
,Ubiyca,FM,,,,arena:jan19lta
,Xzode,FM,,,,arena:jan19lta
,Simba7,FM,,,,arena:jan19lta
,orrbaverlekszarnyon,FM,,,,arena:jan19lta
,fallingfatman,FM,,,,arena:jan19lta
,Icchan,NM,,,,arena:jan19lta
,DuRuDiDo,FM,,,,arena:jan19lta
,dizalica123,FM,,,,arena:jan19lta
,tsakos27,FM,,,,arena:jan19lta
,JoaBN,IM,,,,arena:jan19lta
,legend2014,FM,,,,arena:jan19lta
,Kotofeyca,FM,,,,arena:jan19lta
,yeyktruyol,CM,,,,arena:jan19lta
,ENERGIE73,IM,,,,arena:jan19lta
,AyelenMartinez,WIM,,,,arena:jan19lta
,ViktorMMs,GM,,,,arena:jan19lta
,DrBoki,FM,,,,arena:jan19lta
,Archess_YouTube,FM,,,,arena:jan19lta
,sabrina_humaira,WFM,,,,arena:jan19lta
,AleksandarSavanovic,IM,,,,arena:jan19lta
,Ilmiron,FM,,,,arena:jan19lta
,arnikka89,FM,,,,arena:jan19lta
,OymakBeyi,FM,,,,arena:jan19lta
,macko06,FM,,,,arena:jan19lta
,SalainenErik,FM,,,,arena:jan19lta
,mr_bh6,GM,,,,arena:jan19lta
,NotoriousOne,FM,,,,arena:jan19lta
,MasterAmy,WFM,,,,arena:jan19lta
,Drthebigboss,GM,,,,arena:jan19lta
,irakliberadze,IM,,,,arena:jan19lta
,Mr_Penings,NM,,,,arena:jan19lta
,Blackmin96,FM,,,,arena:jan19lta
,SUSAL,IM,,,,arena:jan19lta
,LLinusLLove,IM,,,,arena:jan19lta
,maxneo,FM,,,,arena:jan19lta
,BrigaDeRua,FM,,,,arena:jan19lta
,miguelsilva,NM,,,,arena:jan19lta
,andrewrun,NM,,,,arena:jan19lta
,Johanssc,GM,,,,arena:jan19lta
,kira1110,GM,,,,arena:jan19lta
,MiRzAaD786,FM,,,,arena:jan19lta
,greatchesscoach,IM,,,,arena:jan19lta
,Makalexa,WIM,,,,arena:jan19lta
,HanSchut,CM,,,,arena:jan19lta
,mgh1380,CM,,,,arena:jan19lta
,JamesColeman,CM,,,,arena:jan19lta
,dreamteamer,IM,,,,arena:jan19lta
,suraji,NM,,,,arena:jan19lta
,parmupill,FM,,,,arena:jan19lta
,LordVeldergrath,FM,,,,arena:jan19lta
,inSecOP,FM,,,,arena:jan19lta
,KingRAZOR,CM,,,,arena:jan19lta
,cemilchess,GM,,,,arena:jan19lta
,DeepRabbit,IM,,,,arena:jan19lta
,darkhorse_98,IM,,,,arena:jan19lta
,zumpili,FM,,,,arena:jan19lta
,ciegocabecuba,IM,,,,arena:jan19lta
,shhamo,WFM,,,,arena:jan19lta
,yjjga,FM,,,,arena:jan19lta
,agvega14,FM,,,,arena:jan19lta
,lenochka18,GM,,,,arena:jan19lta
,MarcTheSpark,NM,,,,arena:jan19lta
,CaptainPrice322,FM,,,,arena:jan19lta
,Rybka89,GM,,,,arena:jan19lta
,Artak_Manukyan,NM,,,,arena:jan19lta
,Regina1962v,WFM,,,,arena:jan19lta
,sunloong,FM,,,,arena:jan19lta
,ezlyfe,IM,,,,arena:jan19lta
,RL12,IM,,,,arena:jan19lta
,forembo,IM,,,,arena:jan19lta
,Morgran,FM,,,,arena:jan19lta
,Mennyhagen,CM,,,,arena:jan19lta
,TuxThePenguin,FM,,,,arena:jan19lta
,Simplychess92,NM,,,,arena:jan19lta
,fourqueens13,NM,,,,arena:jan19lta
,Rhrt,CM,,,,arena:jan19lta
,colinov,CM,,,,arena:jan19lta
,Rezeknenian,NM,,,,arena:jan19lta
,self_service,NM,,,,arena:jan19lta
,MilovanR,IM,,,,arena:jan19lta
,muran29,FM,,,,arena:jan19lta
,ChessLogy,CM,,,,arena:jan19lta
,hallita,CM,,,,arena:jan19lta
,bcn000,FM,,,,arena:jan19lta
,Zaven_ChessMood,GM,,,,arena:jan19lta
,kikoveiga,IM,,,,arena:jan19lta
,Felix_Kuznetsov,FM,,,,arena:jan19lta
,lucliasco,IM,,,,arena:jan19lta
,Poligrafpoligrafych,IM,,,,arena:jan19lta
,fawolizzo,FM,,,,arena:jan19lta
,sanyura1,WGM,,,,arena:jan19lta
,EricRosen,IM,,,,arena:jan19lta
,mn8,NM,,,,arena:jan19lta
,leplusM,IM,,,,arena:jan19lta
,PetarBosnjak,FM,,,,arena:jan19lta
,pultis12,GM,,,,arena:jan19lta
,chessdex101,NM,,,,arena:jan19lta
,simplerxiao,FM,,,,arena:jan19lta
,CrispinKream,CM,,,,arena:jan19lta
,PrascaR,IM,,,,arena:jan19lta
,TruenoChess,NM,,,,arena:jan19lta
,VLABOR64B,FM,,,,arena:jan19lta
,optilink,FM,,,,arena:jan19lta
,A_Kukhmazov,IM,,,,arena:jan19lta
,JseMartinez,GM,,,,arena:jan19lta
,almostadams,GM,,,,arena:jan19lta
,funny_chess,GM,,,,arena:jan19lta
,DonMateo85,GM,,,,arena:jan19lta
,MnIgraqLek,FM,,,,arena:jan19lta
,AkibaRubi,FM,,,,arena:jan19lta
,fripSide,FM,,,,arena:jan19lta
,noven_kar,GM,,,,arena:jan19lta
,elshan1985,GM,,,,arena:jan19lta
,andresgv36,FM,,,,arena:jan19lta
,RodTwinkz,IM,,,,arena:jan19lta
,Odirovski,IM,,,,arena:jan19lta
,Rahman2017,FM,,,,arena:jan19lta
,is_er_nog_hoop,FM,,,,arena:jan19lta
,Nawww,FM,,,,arena:jan19lta
,pedromartinez91,IM,,,,arena:jan19lta
,Jessejames88,NM,,,,arena:jan19lta
,eldidi,NM,,,,arena:jan19lta
,Reinalbo,IM,,,,arena:jan19lta
,Unicornz,NM,,,,arena:jan19lta
,LagraveSamuell,FM,,,,arena:jan19lta
,mauri990,FM,,,,arena:jan19lta
,fabian1999,IM,,,,arena:jan19lta
,SigitukasK,FM,,,,arena:jan19lta
,torrentec,FM,,,,arena:jan19lta
,alekhineNouri,FM,,,,arena:jan19lta
,fsalguero,FM,,,,arena:jan19lta
,universe64,NM,,,,arena:jan19lta
,Hardian_Rochild,NM,,,,arena:jan19lta
,gammagramma1996,IM,,,,arena:jan19lta
,sari07,FM,,,,arena:jan19lta
,AbdUllah1989,CM,,,,arena:jan19lta
,Mohammad_Ervan,IM,,,,arena:jan19lta
,specialprize4u,CM,,,,arena:jan19lta
,sinurat_tumpak,FM,,,,arena:jan19lta
,wanyaland,FM,,,,arena:jan19lta
,kostin_av,IM,,,,arena:jan19lta
,Gzucaritas,WFM,,,,arena:jan19lta
,NoerAzizah,NM,,,,arena:jan19lta
,LornerAcosta,CM,,,,arena:jan19lta
,TheChessGym,NM,,,,arena:jan19lta
,Varinius,CM,,,,arena:jan19lta
,idashanti,WIM,,,,arena:jan19lta
,CentrumSakkiskola,IM,,,,arena:jan19lta
,Jaqueline142,WCM,,,,arena:jan19lta
,Jobito,CM,,,,arena:jan19lta
,bole_97,CM,,,,arena:jan19lta
,royalblue04,FM,,,,arena:jan19lta
,jjromero,IM,,,,arena:jan19lta
,C_K_G,CM,,,,arena:jan19lta
,Seppo,IM,,,,arena:jan19lta
,kivanchaznedar,GM,,,,arena:jan19lta
,cubanoases,IM,,,,arena:jan19lta
,Buddhichal,WFM,,,,arena:jan19lta
,polishmozart,CM,,,,arena:jan19lta
,RebeccaHarris,GM,,,,arena:feb19lta
,retired93,GM,,,,arena:feb19lta
,AstanehChess,IM,,,,arena:feb19lta
,smurf42,NM,,,,arena:feb19lta
,fmshawnrl123,GM,,,,arena:feb19lta
,Creep30,GM,,,,arena:feb19lta
,TerryR2,IM,,,,arena:feb19lta
,dulemaster,GM,,,,arena:feb19lta
,ficorrales,GM,,,,arena:feb19lta
,G0DZILLA,FM,,,,arena:feb19lta
,Kingscrusher-YouTube,CM,,,,arena:feb19lta
,pochtalionPechkin,GM,,,,arena:feb19lta
,Shadin,FM,,,,arena:feb19lta
,rodion_romanovich_r,FM,,,,arena:feb19lta
,sahberk,CM,,,,arena:feb19lta
,liczner,IM,,,,arena:feb19lta
,BabaRamdev,GM,,,,arena:feb19lta
,Last7Samurai,GM,,,,arena:feb19lta
,kiketf,IM,,,,arena:feb19lta
,Bashirli,IM,,,,arena:feb19lta
,BlackBoarder,FM,,,,arena:feb19lta
,ragetilt,FM,,,,arena:feb19lta
,Evgenyermolaev,FM,,,,arena:feb19lta
,Klimenko_Sergey_IM,IM,,,,arena:feb19lta
,sashadav,IM,,,,arena:feb19lta
,svenos,FM,,,,arena:feb19lta
,shusterlive,NM,,,,arena:feb19lta
,Arka50,GM,,,,arena:feb19lta
,AlekseyBorisovich,FM,,,,arena:feb19lta
,CristianS27,FM,,,,arena:feb19lta
,Platy2,GM,,,,arena:feb19lta
,AjusteSolido,FM,,,,arena:feb19lta
,Vlad__Lukiyanchuk,NM,,,,arena:feb19lta
,DrEstranged,IM,,,,arena:feb19lta
,DushyantSharma,FM,,,,arena:feb19lta
,Tormozz,IM,,,,arena:feb19lta
,Kumi,CM,,,,arena:feb19lta
,Gabix94,GM,,,,arena:feb19lta
,TrenerS,FM,,,,arena:feb19lta
,Sansa92,FM,,,,arena:feb19lta
,Just_a_amateur,FM,,,,arena:feb19lta
,MHanDaMan,NM,,,,arena:feb19lta
,Supelyel,NM,,,,arena:feb19lta
,MrGreen08,CM,,,,arena:feb19lta
,SwamiChaturanga,NM,,,,arena:feb19lta
,Romulek,IM,,,,arena:feb19lta
,skavpl,FM,,,,arena:feb19lta
,labestia2017,FM,,,,arena:feb19lta
,Banjovi,GM,,,,arena:feb19lta
,TrushFc,IM,,,,arena:feb19lta
,eksponat777,FM,,,,arena:feb19lta
,eskivelito,FM,,,,arena:feb19lta
,Mv17,IM,,,,arena:feb19lta
,Kosnl,IM,,,,arena:feb19lta
,gameoverbro,NM,,,,arena:feb19lta
,chessemyDE,GM,,,,arena:feb19lta
,batuhannozen,CM,,,,arena:feb19lta
,Fishfinger,NM,,,,arena:feb19lta
,EdgarRodrigues,FM,,,,arena:feb19lta
,HrvojeZagreb,CM,,,,arena:feb19lta
,SembrandoAjedrez,FM,,,,arena:feb19lta
,TrappedPiece,FM,,,,arena:feb19lta
,pashpash,NM,,,,arena:feb19lta
,zenon011,FM,,,,arena:feb19lta
,chess-coach,GM,,,,arena:feb19lta
,BMWHero,GM,,,,arena:feb19lta
,juniortay,CM,,,,arena:feb19lta
,DrMundoXP,FM,,,,arena:feb19lta
,DanMos,IM,,,,arena:feb19lta
,MAsTerhec,CM,,,,arena:feb19lta
,chess20082015,IM,,,,arena:feb19lta
,beatles_21,IM,,,,arena:feb19lta
,destroyer099,IM,,,,arena:feb19lta
,anish_2018,FM,,,,arena:feb19lta
,Alexey_15,IM,,,,arena:feb19lta
,Funkyfan,IM,,,,arena:feb19lta
,BirdSetFree7,CM,,,,arena:feb19lta
,KahrovicMersid,FM,,,,arena:feb19lta
,Saaker,FM,,,,arena:feb19lta
,Boglad,CM,,,,arena:feb19lta
,vincentmasuka,GM,,,,arena:feb19lta
,arna,FM,,,,arena:feb19lta
,SargisM,FM,,,,arena:feb19lta
,kapriagachess,FM,,,,arena:feb19lta
,MokshanovAlexey22,IM,,,,arena:feb19lta
,Tematico,FM,,,,arena:feb19lta
,cabezon1983,CM,,,,arena:feb19lta
,FreddieForgiato,NM,,,,arena:feb19lta
,NikStar13,FM,,,,arena:feb19lta
,oezs95,IM,,,,arena:feb19lta
,csati17,FM,,,,arena:feb19lta
,dreamsambitions,IM,,,,arena:feb19lta
,Goranor,IM,,,,arena:feb19lta
,Serog1sPerog1s,NM,,,,arena:feb19lta
,Zero-cool23,CM,,,,arena:feb19lta
,okchess1,FM,,,,arena:feb19lta
,Fusik1,FM,,,,arena:feb19lta
,crywolf1986,IM,,,,arena:feb19lta
,MerVit,IM,,,,arena:feb19lta
,pohakontas,IM,,,,arena:feb19lta
,Enchanteur,WFM,,,,arena:feb19lta
,Sergey_Naboka,FM,,,,arena:feb19lta
,Iyael,CM,,,,arena:feb19lta
,Andrejs21,IM,,,,arena:feb19lta
,piejonk,NM,,,,arena:feb19lta
,dl154,NM,,,,arena:feb19lta
,ExtremeTactic,FM,,,,arena:feb19lta
,toivok3,IM,,,,arena:feb19lta
,Xellerex,NM,,,,arena:feb19lta
,talk2uee,FM,,,,arena:feb19lta
,Chalalpa,FM,,,,arena:feb19lta
,najull,FM,,,,arena:feb19lta
,jsl,GM,,,,arena:feb19lta
,nikonovenik,NM,,,,arena:feb19lta
,DragonMaterz,NM,,,,arena:feb19lta
,Otrovnipacov2405,FM,,,,arena:feb19lta
,Filipets_Egor,FM,,,,arena:feb19lta
,MagicAndy,FM,,,,arena:feb19lta
,Moltini,FM,,,,arena:feb19lta
,vsepro100,IM,,,,arena:feb19lta
,ShMat,IM,,,,arena:feb19lta
,MyleneFarmer,IM,,,,arena:feb19lta
,Robin-Side,FM,,,,arena:feb19lta
,borobudur70,GM,,,,arena:feb19lta
,kirill_kopyonkin,FM,,,,arena:feb19lta
,Hariputter,FM,,,,arena:feb19lta
,odxn,FM,,,,arena:feb19lta
,ypradafah,FM,,,,arena:feb19lta
,wgmnikolova,WGM,,,,arena:feb19lta
,Raden_Maafy,NM,,,,arena:feb19lta
,Metra93,IM,,,,arena:feb19lta
,fj042009,WIM,,,,arena:feb19lta
,Lucky___123,CM,,,,arena:feb19lta
,pifion,IM,,,,arena:feb19lta
,chessRoMania,IM,,,,arena:feb19lta
,mysterial,IM,,,,arena:feb19lta
,nuagesgris,FM,,,,arena:feb19lta
,simonachess,WIM,,,,arena:feb19lta
,lauts,FM,,,,arena:feb19lta
,wildcoyote,NM,,,,arena:feb19lta
,DanielBol2003,CM,,,,arena:feb19lta
,Dumbeldore,CM,,,,arena:feb19lta
,Marcos2970,CM,,,,arena:feb19lta
,mikerahal,IM,,,,arena:feb19lta
,kalounardo,IM,,,,arena:feb19lta
,bastiandash,FM,,,,arena:feb19lta
,Cami3,WIM,,,,arena:feb19lta
,RazibM,GM,,,,arena:feb19lta
,emheyturq,FM,,,,arena:feb19lta
,polomarco,GM,,,,arena:feb19lta
,opperwezen,IM,,,,arena:960feb19
,Boss1005,IM,,,,arena:960feb19
,boorchess,FM,,,,arena:960feb19
,Rain_Man,GM,,,,arena:960feb19
,killer3333,IM,,,,arena:960feb19
,Alion01,IM,,,,arena:960feb19
,E-Shaposhnikov,GM,,,,arena:960feb19
,Satyapragyan,IM,,,,arena:960feb19
,CyrilMarcelin,GM,,,,arena:960feb19
,abrito99,IM,,,,arena:960feb19
,amaidel,FM,,,,arena:960feb19
,rasulovvugar,GM,,,,arena:960feb19
,Kaldas90,FM,,,,arena:960feb19
,mwpchess,FM,,,,arena:960feb19
,KP213,IM,,,,arena:960feb19
,kwchez,IM,,,,arena:960feb19
,marljivi,FM,,,,arena:960feb19
,Alexr58,IM,,,,arena:960feb19
,German308,IM,,,,arena:960feb19
,StanislavNovikov,GM,,,,arena:960feb19
,Danirod,FM,,,,arena:960feb19
,NichitaMorozov1999,IM,,,,arena:960feb19
,Popopuiyt,FM,,,,arena:960feb19
,notmisha,NM,,,,arena:960feb19
,Bugzilla,IM,,,,arena:960feb19
,MeneerMandje,GM,,,,arena:960feb19
,Jorgeluis86,FM,,,,arena:960feb19
,TacticJesus,NM,,,,arena:960feb19
,justiniano565,IM,,,,arena:960feb19
,jdrc,GM,,,,arena:960feb19
,joris01,FM,,,,arena:960feb19
,LegendLord,NM,,,,arena:960feb19
,jeffforever,FM,,,,arena:960feb19
,jodicorallo,FM,,,,arena:960feb19
,picklebick,IM,,,,arena:960feb19
,sewin16,FM,,,,arena:960feb19
,Budapestupendo,GM,,,,arena:960feb19
,Abelquin,FM,,,,arena:960feb19
,Mikhail_Belous,IM,,,,arena:960feb19
,jgeg,FM,,,,arena:960feb19
,ElCaballeroTico,FM,,,,arena:960feb19
,raastin,NM,,,,arena:960feb19
,Gannibal84,IM,,,,arena:960feb19
,berislav222,CM,,,,arena:960feb19
,Panesso,IM,,,,arena:960feb19
,Spinaltap,IM,,,,arena:960feb19
,HokutoNoKen7,FM,,,,arena:960feb19
,Piranaseven,CM,,,,arena:960feb19
,FatherGascoigne,IM,,,,arena:960feb19
,SashaGelman,IM,,,,arena:960feb19
,Schachmalanders,CM,,,,arena:960feb19
,bulkinadivane,FM,,,,arena:960feb19
,alik0001,FM,,,,arena:960feb19
,kubalibre420,IM,,,,arena:960feb19
,donateIIo,GM,,,,arena:960feb19
,Carrygun,IM,,,,arena:960feb19
,AerospasticMonkey,NM,,,,arena:960feb19
,chesscode93,IM,,,,arena:960feb19
,Sergey_Shtyka,FM,,,,arena:960feb19
,TunaOnatNalbant,IM,,,,arena:960feb19
,Almaguer,CM,,,,arena:960feb19
,cool4thechess,GM,,,,arena:960feb19
,Ratkovic_Miloje,GM,,,,arena:960feb19
,Teho120,NM,,,,arena:960feb19
,iakov98,IM,,,,arena:960feb19
,rafi22,NM,,,,arena:960feb19
,legato,FM,,,,arena:960feb19
,CreativePlayer007,IM,,,,arena:960feb19
,Irizanin,FM,,,,arena:960feb19
,besztok,FM,,,,arena:960feb19
,arimakat,FM,,,,arena:960feb19
,Phurba,CM,,,,arena:960feb19
,NobodyReally,FM,,,,arena:960feb19
,kachelsona,GM,,,,arena:960feb19
,upandcomer,NM,,,,arena:960feb19
,IMaDale,IM,,,,arena:960feb19
,kfakta,IM,,,,arena:960feb19
,toivok,IM,,,,arena:960feb19
,Sssamatppap,FM,,,,arena:960feb19
,buddaaaa,NM,,,,arena:960feb19
,ShahxaibKhan,NM,,,,arena:960feb19
,ElenaS,WIM,,,,arena:960feb19
,AyrtonSenna,FM,,,,arena:960feb19
,Patolindo,NM,,,,arena:960feb19
,Morphy123,GM,,,,arena:960feb19
,Banelevich,FM,,,,arena:960feb19
,tomikapi2,FM,,,,arena:960feb19
,cmvaracalov,IM,,,,arena:960feb19
,Mikhail6464,GM,,,,arena:960feb19
,misterfoxxxxy,FM,,,,arena:960feb19
,DmitryMazanchenko,FM,,,,arena:960feb19
,D-Fernandez,GM,,,,arena:960feb19
,millo77,CM,,,,arena:960feb19
,zirkuspony,IM,,,,arena:960feb19
,ChessExplained,IM,,,,arena:960feb19
,BSFforever,IM,,,,arena:960feb19
,tesla960,FM,,,,arena:960feb19
,GlenGratz,CM,,,,arena:960feb19
,cincigoose,NM,,,,arena:960feb19
,GeorgMeier,GM,,,,arena:960mar19
,kranty,GM,,,,arena:960mar19
,chessasuke,GM,,,,arena:960mar19
,Mapwright,GM,,,,arena:960mar19
,dmitrij_IM,GM,,,,arena:960mar19
,Shahinyan_ChessMood,IM,,,,arena:960mar19
,tgk59,GM,,,,arena:960mar19
,adabash,IM,,,,arena:960mar19
,promove2500,GM,,,,arena:960mar19
,babageldi2277,FM,,,,arena:960mar19
,ElGranFreezer03,FM,,,,arena:960mar19
,Paparama,FM,,,,arena:960mar19
,Alex_Terzi,FM,,,,arena:960mar19
,VictorMMagoP,NM,,,,arena:960mar19
,lukas_111111,GM,,,,arena:960mar19
,Whynot72,IM,,,,arena:960mar19
,josiur,FM,,,,arena:960mar19
,elm20o7,FM,,,,arena:960mar19
,lanchester1,GM,,,,arena:960mar19
,DG_001,FM,,,,arena:960mar19
,Proteuo,FM,,,,arena:960mar19
,Schemato,FM,,,,arena:960mar19
,Candramawa_Meong,IM,,,,arena:960mar19
,Loy_Konstantin,NM,,,,arena:960mar19
,nikhildixit,IM,,,,arena:960mar19
,jeden94,IM,,,,arena:960mar19
,kapaccino,IM,,,,arena:960mar19
,Johnking,GM,,,,arena:960mar19
,Dybamo,GM,,,,arena:960mar19
,Moonwalkeuse,WFM,,,,arena:960mar19
,oberschlumpf,NM,,,,arena:960mar19
,anantone,FM,,,,arena:960mar19
,N-Chadaev,GM,,,,arena:960mar19
,slowdumb,WGM,,,,arena:960mar19
,BucklingChess,CM,,,,arena:960mar19
,Chevrin,NM,,,,arena:960mar19
,Johansson,CM,,,,arena:960mar19
,GrigorGrigorov,GM,,,,arena:960mar19
,Cruiseymeister123,FM,,,,arena:960mar19
,Microwaver,GM,,,,arena:960mar19
,jposthuma,IM,,,,arena:960mar19
,eltenedor,CM,,,,arena:960mar19
,EnsnaredHag,CM,,,,arena:960mar19
,Don_KisHot,FM,,,,arena:960mar19
,ArtemyGogolev,IM,,,,arena:960mar19
,linusj,IM,,,,arena:960mar19
,HooCee,FM,,,,arena:960mar19
,jamesARDEN13,FM,,,,arena:960mar19
,Masterclass2,FM,,,,arena:960mar19
,XenophiliusLovegood,GM,,,,arena:960mar19
,AndrsPalu,FM,,,,arena:960mar19
,kathiyitis,NM,,,,arena:960mar19
,Pere_Fouras,FM,,,,arena:960mar19
,Oldblanket,NM,,,,arena:960mar19
,leopslr,FM,,,,arena:960mar19
,Titus369,NM,,,,arena:960mar19
,ZuchBolt,FM,,,,arena:960mar19
,lexisvar,FM,,,,arena:960mar19
,yellowdragoon,FM,,,,arena:960mar19
,Matador99,NM,,,,arena:960mar19
,Godplank,FM,,,,arena:960mar19
,ianfindlay2314,FM,,,,arena:960mar19
,suyu28,IM,,,,arena:960mar19
,neodera,GM,,,,arena:960mar19
,wrosee,CM,,,,arena:960mar19
,JAN2404,CM,,,,arena:960mar19
,Trentosk,IM,,,,arena:960mar19
,ChessWeeb,GM,,,,arena:may19lta
,CleverTacticButFail,GM,,,,arena:may19lta
,UnVieuxMonsieur,GM,,,,arena:may19lta
,KingHarii,IM,,,,arena:may19lta
,Alexander_Zubov,GM,,,,arena:may19lta
,Fighterman91,GM,,,,arena:may19lta
,sellaturcica97,GM,,,,arena:may19lta
,Crest64,GM,,,,arena:may19lta
,ferrari9182,NM,,,,arena:may19lta
,DamianLew95,IM,,,,arena:may19lta
,Eugenerougon,IM,,,,arena:may19lta
,Erottev,IM,,,,arena:may19lta
,cofre,FM,,,,arena:may19lta
,Abu_Lazenby,IM,,,,arena:may19lta
,grizzlybear79,GM,,,,arena:may19lta
,WhiteNightSky,IM,,,,arena:may19lta
,trizzy,NM,,,,arena:may19lta
,TimeToSmile,CM,,,,arena:may19lta
,Unkreativ3,FM,,,,arena:may19lta
,Wittke,FM,,,,arena:may19lta
,peoncito19,FM,,,,arena:may19lta
,Arthur_Lucas,IM,,,,arena:may19lta
,Korkmaz16,CM,,,,arena:may19lta
,chessplayerpatzer,IM,,,,arena:may19lta
,coachraven,GM,,,,arena:may19lta
,lmnop1305,WGM,,,,arena:may19lta
,fastestmanalive,IM,,,,arena:may19lta
,msjust,FM,,,,arena:may19lta
,AlejandrAvila,WCM,,,,arena:may19lta
,vlad10898,IM,,,,arena:may19lta
,Chernov_M,FM,,,,arena:may19lta
,Taipei101,FM,,,,arena:may19lta
,BLC2316,FM,,,,arena:may19lta
,yyoochess,GM,,,,arena:may19lta
,h3nrique,NM,,,,arena:may19lta
,whiplash12,GM,,,,arena:may19lta
,Patetico,IM,,,,arena:may19lta
,jbj,NM,,,,arena:may19lta
,ChessisEternal,FM,,,,arena:may19lta
,Lukinio,IM,,,,arena:may19lta
,JessePinkman,IM,,,,arena:may19lta
,supersipke,GM,,,,arena:may19lta
,DoubleP,IM,,,,arena:may19lta
,yliou,IM,,,,arena:may19lta
,Arysya,FM,,,,arena:may19lta
,Kostukov_Alex,NM,,,,arena:may19lta
,Vodoley,IM,,,,arena:may19lta
,akhairat,CM,,,,arena:may19lta
,MennyHobber,FM,,,,arena:may19lta
,NFChess13,FM,,,,arena:may19lta
,vliegmachinist,CM,,,,arena:may19lta
,xavielhumilde99,FM,,,,arena:may19lta
,MTurov,GM,,,,arena:may19lta
,vendetto,NM,,,,arena:may19lta
,Lavrik87,IM,,,,arena:may19lta
,HansMoke,GM,,,,arena:may19lta
,factorial14,FM,,,,arena:may19lta
,jrgascon,GM,,,,arena:may19lta
,Blentong70,IM,,,,arena:may19lta
,arthritis00,FM,,,,arena:may19lta
,smirnovtimofey,FM,,,,arena:may19lta
,Wayzata-TitusA,NM,,,,arena:may19lta
,MF_miftahulhudany,FM,,,,arena:may19lta
,Bestinblitz,GM,,,,arena:may19lta
,Davjan,GM,,,,arena:may19lta
,Ruediger1,FM,,,,arena:may19lta
,Kredn,FM,,,,arena:may19lta
,AndreiMacovei,IM,,,,arena:may19lta
,chechess888,FM,,,,arena:may19lta
,Moro182,GM,,,,arena:may19lta
,mselleki,FM,,,,arena:may19lta
,lucasmito,IM,,,,arena:may19lta
,bernadskiyvitaliy,GM,,,,arena:may19lta
,Srchesschilango,CM,,,,arena:may19lta
,warredw,FM,,,,arena:may19lta
,Megl,FM,,,,arena:may19lta
,sieica,WIM,,,,arena:may19lta
,Frutek,IM,,,,arena:may19lta
,Avenger82,IM,,,,arena:may19lta
,Engr_arellano,NM,,,,arena:may19lta
,evandrorsilva,NM,,,,arena:may19lta
,Novocane,CM,,,,arena:may19lta
,TongaHumungus,IM,,,,arena:may19lta
,Peacefully,GM,,,,arena:jun19lta
,Praggnanandhaachess,GM,,,,arena:jun19lta
,YoavM_2004,FM,,,,arena:jun19lta
,Shahoviy_Komentator,NM,,,,arena:jun19lta
,Giga-Quparadze,GM,,,,arena:jun19lta
,KBabazada,FM,,,,arena:jun19lta
,yichenhan2007,CM,,,,arena:jun19lta
,TheCableBox,FM,,,,arena:jun19lta
,yesaiedo,IM,,,,arena:jun19lta
,zeronine,FM,,,,arena:jun19lta
,DrVitman,GM,,,,arena:jun19lta
,Mc_Facker,IM,,,,arena:jun19lta
,Tyrann,GM,,,,arena:jun19lta
,mdynl123,FM,,,,arena:jun19lta
,GMshooter96,IM,,,,arena:jun19lta
,Zaxuriah,IM,,,,arena:jun19lta
,Steven_Rojas,FM,,,,arena:jun19lta
,Cellini,FM,,,,arena:jun19lta
,Efremova,WIM,,,,arena:jun19lta
,Deadlythedpawn,IM,,,,arena:jun19lta
,Wea_pawn,IM,,,,arena:jun19lta
,WildTricks,FM,,,,arena:jun19lta
,Kildepiotr,IM,,,,arena:jun19lta
,Next_Touch,GM,,,,arena:jun19lta
,cukus,WGM,,,,arena:jun19lta
,Pawnstructures,CM,,,,arena:jun19lta
,Pachonpower,FM,,,,arena:jun19lta
,AllInChessAcademy,FM,,,,arena:jun19lta
,Oleksiy_Gross,NM,,,,arena:jun19lta
,Ivan_Sarenac,IM,,,,arena:jun19lta
,Sicilian_Prince,FM,,,,arena:jun19lta
,ubiq,FM,,,,arena:jun19lta
,luisiajedrez,WCM,,,,arena:jun19lta
,Skliarov_Viktor,IM,,,,arena:jun19lta
,albornoz2000,GM,,,,arena:jun19lta
,Martini99,IM,,,,arena:jun19lta
,Faridder,FM,,,,arena:jun19lta
,milignus,CM,,,,arena:jun19lta
,Ernestojfg,IM,,,,arena:jun19lta
,Elda64,GM,,,,arena:jun19lta
,JBakker,NM,,,,arena:jun19lta
,Yanidze,NM,,,,arena:jun19lta
,Yarebore,GM,,,,arena:jun19lta
,mindtraper,FM,,,,arena:jun19lta
,DevShah,CM,,,,arena:jun19lta
,leomessi_23,GM,,,,arena:jun19lta
,nonsopolo,FM,,,,arena:jun19lta
,Doubleb17,FM,,,,arena:jun19lta
,kjjl,FM,,,,arena:jun19lta
,andrzejkrzywda,CM,,,,arena:jun19lta
,DrOussedik,NM,,,,arena:jun19lta
,LuukDeGrote,FM,,,,arena:jun19lta
,thijscom,FM,,,,arena:jun19lta
,InnocuousMate,NM,,,,arena:jun19lta
,mnems,FM,,,,arena:jun19lta
,Roman_Yanchenko,FM,,,,arena:jun19lta
,viachessmaster,IM,,,,arena:jun19lta
,ProjectHardcore,IM,,,,arena:jun19lta
,Bacallao2019,GM,,,,arena:jun19lta
,Wraku89,GM,,,,arena:jun19lta
,SnekkerAndersen,FM,,,,arena:jun19lta
,goldeen_king,FM,,,,arena:jun19lta
,Manafov_Vugar,IM,,,,arena:jun19lta
,Anrelo,WFM,,,,arena:jun19lta
,matej221,FM,,,,arena:jun19lta
,Reikoda,FM,,,,arena:jun19lta
,bishop1984,CM,,,,arena:jun19lta
,Awesome_2,FM,,,,arena:jun19lta
,Anam_Jeddut,NM,,,,arena:jun19lta
,Bassket,FM,,,,arena:jun19lta
,landitirana,IM,,,,arena:jun19lta
,aniyodea,CM,,,,arena:jun19lta
,athemm,FM,,,,arena:jun19lta
,weedisbadforyou,CM,,,,arena:jun19lta
,perpz,WFM,,,,arena:jun19lta
,KingsCrusher007,NM,,,,arena:jun19lta
,GustiFirmansyah,NM,,,,arena:jun19lta
,taniamiranda,WIM,,,,arena:jun19lta
,Kingslayer061,CM,,,,arena:jun19lta
,KAstar,GM,,,,arena:jul19lta
,VS99,FM,,,,arena:jul19lta
,Feokl1995,GM,,,,arena:jul19lta
,Kiborg1987,GM,,,,arena:jul19lta
,OCChess,GM,,,,arena:jul19lta
,IVK88,GM,,,,arena:jul19lta
,cicergross,GM,,,,arena:jul19lta
,PlemSovhoz,IM,,,,arena:jul19lta
,Elfugitivo,GM,,,,arena:jul19lta
,CowardlyLion,IM,,,,arena:jul19lta
,Roelax,GM,,,,arena:jul19lta
,chickencrossroad,FM,,,,arena:jul19lta
,HeliBoy,FM,,,,arena:jul19lta
,Diego_Flores,FM,,,,arena:jul19lta
,KungFuPandaFighter,FM,,,,arena:jul19lta
,Dragonprem,FM,,,,arena:jul19lta
,Gurvik,FM,,,,arena:jul19lta
,OpeningGeek,FM,,,,arena:jul19lta
,PotapovaM,WIM,,,,arena:jul19lta
,SummitSchoolOfChess,NM,,,,arena:jul19lta
,dereito,FM,,,,arena:jul19lta
,Archturus,FM,,,,arena:jul19lta
,Doritos57,FM,,,,arena:jul19lta
,KAP5,FM,,,,arena:jul19lta
,Chaozu,IM,,,,arena:jul19lta
,ljubisha,FM,,,,arena:jul19lta
,crapblanca,CM,,,,arena:jul19lta
,kekic76,CM,,,,arena:jul19lta
,IngOscarArdila,CM,,,,arena:jul19lta
,VladikSidorika,FM,,,,arena:jul19lta
,waltereador,FM,,,,arena:jul19lta
,chessmathmunich,FM,,,,arena:jul19lta
,Re_dei_matti,NM,,,,arena:jul19lta
,Chesspirate421,NM,,,,arena:jul19lta
,NoPrep,IM,,,,arena:jul19lta
,Snapedidnothingwrong,FM,,,,arena:jul19lta
,unknown22,IM,,,,arena:jul19lta
,pasteta,FM,,,,arena:jul19lta
,ensoleiller,NM,,,,arena:jul19lta
,Edipo11,GM,,,,arena:jul19lta
,Candychessmaster,CM,,,,arena:jul19lta
,ilyeschess22,FM,,,,arena:jul19lta
,alekschess1000,WIM,,,,arena:jul19lta
,gemarin,CM,,,,arena:jul19lta
,alekskooks,FM,,,,arena:jul19lta
,AGmedina,FM,,,,arena:jul19lta
,fighter18,IM,,,,arena:jul19lta
,Charlie_nic,IM,,,,arena:jul19lta
,dexter29,GM,,,,arena:jul19lta
,Computercheat,FM,,,,arena:jul19lta
,chessninja48,NM,,,,arena:jul19lta
,ivanmesquitaa,NM,,,,arena:jul19lta
,AlconJohnDatu,FM,,,,arena:jul19lta
,Maurevert,GM,,,,arena:jul19lta
,xberli,FM,,,,arena:jul19lta
,Caio2519,NM,,,,arena:jul19lta
,awamwahono,IM,,,,arena:jul19lta
,nikotheo,GM,,,,arena:sep19lta
,DrMelekess,IM,,,,arena:sep19lta
,Leon_Livaic,GM,,,,arena:sep19lta
,WeakVeryWeak,NM,,,,arena:sep19lta
,RD4ever,GM,,,,arena:sep19lta
,Haydon,FM,,,,arena:sep19lta
,milacek,GM,,,,arena:sep19lta
,Raunaksadhwani2005,GM,,,,arena:sep19lta
,Ya-Marte,IM,,,,arena:sep19lta
,ChrolloL,GM,,,,arena:sep19lta
,Sasageyo,IM,,,,arena:sep19lta
,ntbtdhs,FM,,,,arena:sep19lta
,Andriy2006,FM,,,,arena:sep19lta
,grobdeg,FM,,,,arena:sep19lta
,DaniloBesedes,FM,,,,arena:sep19lta
,severomorskij17,GM,,,,arena:sep19lta
,ferchini,CM,,,,arena:sep19lta
,Ajeossi94,FM,,,,arena:sep19lta
,Tacticotacotac,IM,,,,arena:sep19lta
,L04d1ng,GM,,,,arena:sep19lta
,ChessSwole,FM,,,,arena:sep19lta
,IncredibleFast,CM,,,,arena:sep19lta
,Oliver04,FM,,,,arena:sep19lta
,Biriyani,GM,,,,arena:sep19lta
,toog,IM,,,,arena:sep19lta
,OptimusMagister,IM,,,,arena:sep19lta
,mysterious_expert,IM,,,,arena:sep19lta
,NB4,NM,,,,arena:sep19lta
,blandula,FM,,,,arena:sep19lta
,chiwii,WCM,,,,arena:sep19lta
,DDTerziev04,CM,,,,arena:sep19lta
,GABUZYAN_CHESSMOOD,GM,,,,arena:sep19lta
,limerik,FM,,,,arena:sep19lta
,Toro123,IM,,,,arena:sep19lta
,whogeeyao,NM,,,,arena:sep19lta
,Ecce89,FM,,,,arena:sep19lta
,chesscoachIM,IM,,,,arena:sep19lta
,IljaSir,IM,,,,arena:sep19lta
,Zak-Py,FM,,,,arena:sep19lta
,Wizzy-D,CM,,,,arena:sep19lta
,StarLord_006,FM,,,,arena:sep19lta
,Sinestra22,FM,,,,arena:sep19lta
,ailenmena,WFM,,,,arena:sep19lta
,Terminator2018,CM,,,,arena:sep19lta
,alex108,FM,,,,arena:sep19lta
,JonahWillow,FM,,,,arena:sep19lta
,speedrunto23,NM,,,,arena:sep19lta
,beccra,WCM,,,,arena:sep19lta
,chulainn71,WFM,,,,arena:sep19lta
,cluke,CM,,,,arena:sep19lta
,TaranenkoEvhen,NM,,,,arena:sep19lta
,condansator3,FM,,,,arena:sep19lta
,PabloZarnicki,GM,,,,arena:sep19lta
,SabinoBrunello,GM,,,,arena:sep19lta
,Chess_Attack_Juras,FM,,,,arena:sep19lta
,CarlosPinero,IM,,,,arena:sep19lta
,Pheonix_98,IM,,,,arena:sep19lta
,Grancanarias,FM,,,,arena:sep19lta
,Crusher22,FM,,,,arena:sep19lta
,Bullet_House,WFM,,,,arena:sep19lta
,renathy,WFM,,,,arena:sep19lta
,Milchone,IM,,,,arena:sep19lta
,SD63,FM,,,,arena:sep19lta
,bravengey,CM,,,,arena:sep19lta
,Profxibanga,IM,,,,arena:sep19lta
,AlphaRatel,GM,,,,arena:960sep19
,Moztiger,CM,,,,arena:960sep19
,globito,IM,,,,arena:960sep19
,Chess-Network,NM,,,,arena:960sep19
,anenaking,CM,,,,arena:960sep19
,Swetlove,IM,,,,arena:960sep19
,Warlord_X,IM,,,,arena:960sep19
,ShahMatKanal,CM,,,,arena:960sep19
,Koneed,CM,,,,arena:960sep19
,dalmatinac101,GM,,,,arena:960sep19
,Mikulas,GM,,,,arena:960sep19
,Sviridov_Valery,NM,,,,arena:960sep19
,Heineccius,FM,,,,arena:960sep19
,TheLlamaLord,NM,,,,arena:960sep19
,Kural1,FM,,,,arena:960sep19
,Fire_Serpent,FM,,,,arena:960sep19
,piscatorox,CM,,,,arena:960sep19
,jorquerino,FM,,,,arena:960sep19
,FalzeHope,NM,,,,arena:960sep19
,Chamaeleon3,GM,,,,arena:960sep19
,IMFAR,IM,,,,arena:960sep19
,Arvinder_Amateur,FM,,,,arena:960sep19
,narva777,FM,,,,arena:960sep19
,MunichFM,FM,,,,arena:960sep19
,gooddave2017,NM,,,,arena:960sep19
,Hapaku24,CM,,,,arena:960sep19
,MidFoxxy,FM,,,,arena:960sep19
,Quest_to_3000,FM,,,,arena:960sep19
,IvicKlasa,FM,,,,arena:960sep19
,dcann0n88,FM,,,,arena:960sep19
,hatembenarfa,GM,,,,arena:960sep19
,elothiras,CM,,,,arena:960sep19
,VNeimer,IM,,,,arena:960sep19
,kostas83,FM,,,,arena:960sep19
,safahkarmoz,IM,,,,arena:960sep19
,JayDee0305,IM,,,,arena:960sep19
,VasilijeVladacki,IM,,,,arena:960sep19
,BigAl1,IM,,,,arena:960sep19
,LosXodos,IM,,,,arena:960sep19
,hblanco,IM,,,,arena:960sep19
,MohamMad_AkbariGl,FM,,,,arena:960sep19
,Ramu_Kandi,FM,,,,arena:960sep19
,Atakishiyev04,IM,,,,arena:960sep19
,avchess1,FM,,,,arena:960sep19
,Oscar-Luna,NM,,,,arena:960sep19
,idvidal,FM,,,,arena:960sep19
,Multibrendovyi,GM,,,,arena:960sep19
,ssj2gohan,FM,,,,arena:oct19lta
,Djeser,GM,,,,arena:oct19lta
,Alsu_Fighter,WFM,,,,arena:oct19lta
,Lovkay,IM,,,,arena:oct19lta
,kiflaaa,FM,,,,arena:oct19lta
,ChArLiE-WaFfLeS,IM,,,,arena:oct19lta
,Mangusty,IM,,,,arena:oct19lta
,Cortado,FM,,,,arena:oct19lta
,siete7777,FM,,,,arena:oct19lta
,rb1994,IM,,,,arena:oct19lta
,DonFulgencio,IM,,,,arena:oct19lta
,Hard_Utilizator,FM,,,,arena:oct19lta
,MLev0907,FM,,,,arena:oct19lta
,FirstKnight,IM,,,,arena:oct19lta
,Hadza_3,FM,,,,arena:oct19lta
,ChessSkill_81,NM,,,,arena:oct19lta
,Voinikonis_Nikita,FM,,,,arena:oct19lta
,gusztav16,FM,,,,arena:oct19lta
,Aggressus,NM,,,,arena:oct19lta
,novik70,GM,,,,arena:oct19lta
,plumal,WIM,,,,arena:oct19lta
,GMcanty,FM,,,,arena:oct19lta
,mardgos,GM,,,,arena:oct19lta
,Parkour1,IM,,,,arena:oct19lta
,mkoganov,NM,,,,arena:oct19lta
,Insterburg,NM,,,,arena:oct19lta
,VerdeNotte,GM,,,,arena:oct19lta
,ptrujillo,FM,,,,arena:oct19lta
,SilentAndCalm,IM,,,,arena:oct19lta
,suddenly_sad,FM,,,,arena:oct19lta
,ilmk666,WFM,,,,arena:oct19lta
,veladrub,FM,,,,arena:oct19lta
,hadesin,FM,,,,arena:oct19lta
,pawnwonder,IM,,,,arena:oct19lta
,Chempiblinka,WFM,,,,arena:oct19lta
,e4-f4,FM,,,,arena:oct19lta
,Off-War,GM,,,,arena:oct19lta
,Persivaal,CM,,,,arena:oct19lta
,mirzamadness,WFM,,,,arena:oct19lta
,maxip32,IM,,,,arena:oct19lta
,shark9482,CM,,,,arena:oct19lta
,VS_2262,FM,,,,arena:oct19lta
,Mischuk_D,IM,,,,arena:oct19lta
,HouseMartell,FM,,,,arena:oct19lta
,amiralfio,IM,,,,arena:oct19lta
,whatsmyageagain,NM,,,,arena:oct19lta
,gandeevdhari,FM,,,,arena:oct19lta
,Ljucifer,FM,,,,arena:oct19lta
,Waqar-Madni,NM,,,,arena:oct19lta
,guitargirl,WFM,,,,arena:oct19lta
,JulianProleiko,NM,,,,arena:oct19lta
,unquieknight,FM,,,,arena:oct19lta
,margarita16,WFM,,,,arena:oct19lta
,chessmaxusa,IM,,,,arena:oct19lta
,Dedebas,FM,,,,arena:oct19lta
,Beletko,FM,,,,arena:oct19lta
,FrangarNonFlectar97,FM,,,,arena:oct19lta
,kasparovsabe,FM,,,,arena:oct19lta
,jmf24,WGM,,,,arena:oct19lta
,Maria,WFM,,,,arena:oct19lta
,andyrodri,GM,,,,arena:oct19lta
,JiaHaoxiang,IM,,,,arena:oct19lta
,gmmoranda,GM,,,,arena:nov19lta
,Rivuza,IM,,,,arena:nov19lta
,Jb2mix,IM,,,,arena:nov19lta
,Gabrielian,GM,,,,arena:nov19lta
,zabivol_mc,IM,,,,arena:nov19lta
,Lackofbetter,FM,,,,arena:nov19lta
,Urkis,GM,,,,arena:nov19lta
,felixjynojosa,IM,,,,arena:nov19lta
,liordis31,IM,,,,arena:nov19lta
,VB84,GM,,,,arena:nov19lta
,hirnloserverlierer,IM,,,,arena:nov19lta
,Olegator712,FM,,,,arena:nov19lta
,Donseng,FM,,,,arena:nov19lta
,impr0v3r,IM,,,,arena:nov19lta
,Azat_Galiev,FM,,,,arena:nov19lta
,karinachess11,IM,,,,arena:nov19lta
,Trader72,FM,,,,arena:nov19lta
,zmeeed,IM,,,,arena:nov19lta
,Strelok2222,FM,,,,arena:nov19lta
,ValeriyGrinev,IM,,,,arena:nov19lta
,Renehp,FM,,,,arena:nov19lta
,renanreis,FM,,,,arena:nov19lta
,Chigorinez,IM,,,,arena:nov19lta
,JJPL03,IM,,,,arena:nov19lta
,Cuchulin,CM,,,,arena:nov19lta
,lifemasteraj,NM,,,,arena:nov19lta
,PainOfChocolat,FM,,,,arena:nov19lta
,Grimm11,FM,,,,arena:nov19lta
,turkmenchess,NM,,,,arena:nov19lta
,soyunrifle,NM,,,,arena:nov19lta
,Gunfighters,FM,,,,arena:nov19lta
,Fumitoks,NM,,,,arena:nov19lta
,Checksum,FM,,,,arena:nov19lta
,mashin15,IM,,,,arena:nov19lta
,MATHEUSMDR2005,NM,,,,arena:nov19lta
,win_64,IM,,,,arena:nov19lta
,SHAXMATNCT,IM,,,,arena:nov19lta
,Mozartus,CM,,,,arena:nov19lta
,FdoVzla1986,CM,,,,arena:nov19lta
,classyplays,FM,,,,arena:nov19lta
,ElhamEmperor,FM,,,,arena:nov19lta
,JasperDeGrote,FM,,,,arena:nov19lta
,Sankalp_Gupta,GM,,,,arena:nov19lta
,temus22,FM,,,,arena:nov19lta
,Amirreza_p,GM,,,,arena:nov19lta
,Misha_Melnichuk,NM,,,,arena:nov19lta
,cecile_haussernot,WIM,,,,arena:nov19lta
,zanbato,NM,,,,arena:nov19lta
,Patonotucupi,CM,,,,arena:nov19lta
,Batko2003,IM,,,,arena:nov19lta
,YasseQuesada,GM,,,,arena:nov19lta
,fito2,FM,,,,arena:nov19lta
,TastyFrenchFries,CM,,,,arena:nov19lta
,SchekachikhinMaksim,IM,,,,arena:nov19lta
,chasingthewind,NM,,,,arena:nov19lta
,inmortalito,FM,,,,arena:nov19lta
,TuPapiRicoSoyYO,CM,,,,arena:nov19lta
,csabcsab,FM,,,,arena:nov19lta
,hilmi_parveen,WFM,,,,arena:nov19lta
,eastside93,NM,,,,arena:nov19lta
,Gholami_Orimi_A,WIM,,,,arena:nov19lta
,Oleg_Papayan,FM,,,,arena:nov19lta
,JosePadeiro,FM,,,,arena:nov19lta
,igelg0,FM,,,,arena:nov19lta
,TomasSosa,GM,,,,arena:nov19lta
,dhoine98,GM,,,,arena:dec19lta
,Afuch,WFM,,,,arena:dec19lta
,grandmastergauri,IM,,,,arena:dec19lta
,sp1cycaterpillar,GM,,,,arena:dec19lta
,vera90,WFM,,,,arena:dec19lta
,belles-lettres,IM,,,,arena:dec19lta
,nc_courage,FM,,,,arena:dec19lta
,Lastro,FM,,,,arena:dec19lta
,Hobbit_01,WCM,,,,arena:dec19lta
,yudinetz,FM,,,,arena:dec19lta
,Korchmar_Vasiliy,IM,,,,arena:dec19lta
,SerGo055,FM,,,,arena:dec19lta
,AndrewHoma,GM,,,,arena:dec19lta
,Goongtoback,FM,,,,arena:dec19lta
,ben13,NM,,,,arena:dec19lta
,Badmatsyrenov_Oleg,IM,,,,arena:dec19lta
,Babafingo_321,FM,,,,arena:dec19lta
,yankitaspinar,FM,,,,arena:dec19lta
,AwareIdea,NM,,,,arena:dec19lta
,Shanem123,CM,,,,arena:dec19lta
,suhermat,NM,,,,arena:dec19lta
,Tal-Baron,GM,,,,arena:dec19lta
,MAMAYOQUIERO,FM,,,,arena:dec19lta
,DataRace19,IM,,,,arena:dec19lta
,CakeinSpace,GM,,,,arena:dec19lta
,MijailTalK,FM,,,,arena:dec19lta
,violetflower04,WCM,,,,arena:dec19lta
,PusheenMeow,CM,,,,arena:dec19lta
,caribbeanvibe,FM,,,,arena:dec19lta
,EnriqueRGH,CM,,,,arena:dec19lta
,sonofdayman,NM,,,,arena:dec19lta
,killer74,NM,,,,arena:dec19lta
,istdiesernamefrei,FM,,,,arena:dec19lta
,Ultrasolido16,IM,,,,arena:dec19lta
,Saparmyrat,GM,,,,arena:dec19lta
,Shaolin_Master,GM,,,,arena:dec19lta
,WilliamLi,CM,,,,arena:dec19lta
,Koustav123456,IM,,,,arena:dec19lta
,PayTheBill,NM,,,,arena:dec19lta
,yy2324,NM,,,,arena:dec19lta
,foreignaffairs,NM,,,,arena:dec19lta
,aquiles88,NM,,,,arena:dec19lta
,Umid-2006,FM,,,,arena:dec19lta
,GP9isback,FM,,,,arena:dec19lta
,LaLaLa1960,FM,,,,arena:dec19lta
,S_Guliev,GM,,,,arena:dec19lta
,Mezioud-Amina88,WGM,,,,arena:dec19lta
,Posos,IM,,,,arena:jan20lta
,Andrey_Esipenko,GM,,,,arena:jan20lta
,Satranc_Youtube,GM,,,,arena:jan20lta
,BIZOO,GM,,,,arena:jan20lta
,Aborigen100500,NM,,,,arena:jan20lta
,pigonthewing,GM,,,,arena:jan20lta
,Chesstoday,GM,,,,arena:jan20lta
,Banzeus,IM,,,,arena:jan20lta
,Heathcliff0,IM,,,,arena:jan20lta
,AcademiaMorelense,FM,,,,arena:jan20lta
,MikhailSher,NM,,,,arena:jan20lta
,KonstantinKazakov,IM,,,,arena:jan20lta
,Matlakov,GM,,,,arena:jan20lta
,BebeSaltinNoel,FM,,,,arena:jan20lta
,Thunder-In-Paradise,NM,,,,arena:jan20lta
,CROSSOVER3,NM,,,,arena:jan20lta
,Keepserene,CM,,,,arena:jan20lta
,johnylegend,IM,,,,arena:jan20lta
,ViniciusRego,FM,,,,arena:jan20lta
,halski,IM,,,,arena:jan20lta
,zim36,FM,,,,arena:jan20lta
,oleksiy20044,FM,,,,arena:jan20lta
,ElGafas,GM,,,,arena:jan20lta
,sonotranquillo,NM,,,,arena:jan20lta
,Mark-Bueno,NM,,,,arena:jan20lta
,AFAZ,CM,,,,arena:jan20lta
,aa_lva04,WCM,,,,arena:jan20lta
,kirillgenius,CM,,,,arena:jan20lta
,kiana_arab,WCM,,,,arena:jan20lta
,Ekaterina2,WFM,,,,arena:jan20lta
,AAreziAA,NM,,,,arena:jan20lta
,BigH,NM,,,,arena:jan20lta
,Caclox,FM,,,,arena:jan20lta
,drawdevil,WCM,,,,arena:jan20lta
,ebret,WIM,,,,arena:jan20lta
,Davov,FM,,,,arena:jan20lta
,malkalmardgh,CM,,,,arena:jan20lta
,Jahmal,FM,,,,arena:jan20lta
,Ferenc83,IM,,,,arena:jan20lta
,hongnhung2101,WCM,,,,arena:jan20lta
,dau_npukypumb,FM,,,,arena:jan20lta
,alex48702,FM,,,,arena:jan20lta
,nissousspou,FM,,,,arena:jan20lta
,MrREFRAO,IM,,,,arena:jan20lta
,vampirenergetik,IM,,,,arena:jan20lta
,Medvegy,GM,,,,arena:jan20lta
,kemelgallo,FM,,,,arena:jan20lta
,gmgattass,FM,,,,arena:jan20lta
,Sergei-Rodchenkov,IM,,,,arena:jan20lta
,logozar,NM,,,,arena:jan20lta
,Nikiton4ik,FM,,,,arena:jan20lta
,Ttodorov,GM,,,,arena:jan20lta
,adil-tkachev,NM,,,,arena:jan20lta
,Brogdoth,NM,,,,arena:jan20lta
,RenzoRengifo,FM,,,,arena:jan20lta
,Egor-Kovalev,FM,,,,arena:jan20lta
,removsky,IM,,,,arena:jan20lta
,RzayevBahruz,IM,,,,arena:jan20lta
,V_M,GM,,,,arena:jan20lta
,telarubo96,FM,,,,arena:jan20lta
,gmtalentoso,IM,,,,arena:jan20lta
,DanielT2003,CM,,,,arena:jan20lta
,Careless_Subroto,FM,,,,arena:jan20lta
,Omnivor,IM,,,,arena:jan20lta
,Pythium,CM,,,,arena:jan20lta
,MattyDPerrine,FM,,,,arena:jan20lta
,shav3184,IM,,,,arena:jan20lta
,tinymonster,GM,,,,arena:feb20lta
,DarthMccartney,GM,,,,arena:feb20lta
,chesswarrior04,GM,,,,arena:feb20lta
,Pawn_Avalanche,FM,,,,arena:feb20lta
,JuleVerne,FM,,,,arena:feb20lta
,savila2105,GM,,,,arena:feb20lta
,skif134,IM,,,,arena:feb20lta
,zoranp,IM,,,,arena:feb20lta
,R_Ov,GM,,,,arena:feb20lta
,JiangoFett,NM,,,,arena:feb20lta
,CoachJesse,FM,,,,arena:feb20lta
,Gannikus21,GM,,,,arena:feb20lta
,licg,IM,,,,arena:feb20lta
,anna-maja,WIM,,,,arena:feb20lta
,chesslismab,IM,,,,arena:feb20lta
,dmvlad,IM,,,,arena:feb20lta
,ABachmann,GM,,,,arena:feb20lta
,Sherlockholm,FM,,,,arena:feb20lta
,jmc1,IM,,,,arena:feb20lta
,mariokar,IM,,,,arena:feb20lta
,UmbertoRUS,FM,,,,arena:feb20lta
,Wildindian,IM,,,,arena:feb20lta
,ASVZ,FM,,,,arena:feb20lta
,Kosto_Riko0608,IM,,,,arena:feb20lta
,Nyxnyxnyxnyxnyx,IM,,,,arena:feb20lta
,Cacarlsen,FM,,,,arena:feb20lta
,Mirz31,WCM,,,,arena:feb20lta
,alesha_kiselev,CM,,,,arena:feb20lta
,andro2,FM,,,,arena:feb20lta
,STAYFlow,FM,,,,arena:feb20lta
,ValueBet,FM,,,,arena:feb20lta
,CoachLorente,FM,,,,arena:feb20lta
,iniyak_baisut,NM,,,,arena:feb20lta
,NrebGalas01,WIM,,,,arena:feb20lta
,ersekitamara,WFM,,,,arena:feb20lta
,Mikhailov_Viacheslav,IM,,,,arena:feb20lta
,beto-betun,CM,,,,arena:feb20lta
,MardakerXXX,GM,,,,arena:feb20lta
,CandraErly,NM,,,,arena:feb20lta
,janda-malaysia,NM,,,,arena:feb20lta
,Sjakkerntobi,CM,,,,arena:feb20lta
,unbreakable1,WFM,,,,arena:feb20lta
,okmnstr,NM,,,,arena:feb20lta
,Wilver92,FM,,,,arena:feb20lta
,internationalmaster3,FM,,,,arena:feb20lta
,AMADAN,FM,,,,arena:feb20lta
,Tanaz_Azali,WFM,,,,arena:feb20lta
,williamyen,NM,,,,arena:feb20lta
,Lennis2800,IM,,,,arena:feb20lta
,KmRiOaOlNy,FM,,,,arena:feb20lta
,mlatb,WGM,,,,arena:feb20lta
,AndreyBelozerov,GM,,,,arena:feb20lta
,ahmedotaleb,CM,,,,arena:feb20lta
,AnliCC,WFM,,,,arena:feb20lta
,sm_sharon,CM,,,,arena:feb20lta
,ClaudiaAmura,WGM,,,,arena:feb20lta
,Peleador2020,CM,,,,arena:feb20lta
,jlhammer,GM,,,,arena:mar20lta
,Esssquire,GM,,,,arena:mar20lta
,Ali_rastbod,FM,,,,arena:mar20lta
,masmos97,GM,,,,arena:mar20lta
,Afisky,NM,,,,arena:mar20lta
,Roaccutane,NM,,,,arena:mar20lta
,Lugovskoy_Maxim,GM,,,,arena:mar20lta
,MergenSatrancMerkezi,IM,,,,arena:mar20lta
,Turkmen_player,IM,,,,arena:mar20lta
,KedrSMedom,FM,,,,arena:mar20lta
,Themagic79,IM,,,,arena:mar20lta
,ponzianipower,NM,,,,arena:mar20lta
,Olga_Zhuravleva,WIM,,,,arena:mar20lta
,chilote,FM,,,,arena:mar20lta
,mshmsh36,IM,,,,arena:mar20lta
,Cptn2005,FM,,,,arena:mar20lta
,Varskelis,GM,,,,arena:mar20lta
,Gamza_Juventus,FM,,,,arena:mar20lta
,Frogkiller,FM,,,,arena:mar20lta
,Like-a-hurricane,FM,,,,arena:mar20lta
,Magek,FM,,,,arena:mar20lta
,ravi81293,IM,,,,arena:mar20lta
,Vagizovich,GM,,,,arena:mar20lta
,Ciencia_3214,FM,,,,arena:mar20lta
,Gallito64,FM,,,,arena:mar20lta
,Blend99,IM,,,,arena:mar20lta
,Den78,FM,,,,arena:mar20lta
,jokechess,FM,,,,arena:mar20lta
,h1kk1,FM,,,,arena:mar20lta
,FerDIINaNDo,NM,,,,arena:mar20lta
,ViciousKnight30,WFM,,,,arena:mar20lta
,Ziitoune,IM,,,,arena:mar20lta
,BAHOUAIS,IM,,,,arena:mar20lta
,mc4chess,NM,,,,arena:mar20lta
,MrSuccess,IM,,,,arena:mar20lta
,Ksenia2005,WGM,,,,arena:mar20lta
,fQ-System,FM,,,,arena:mar20lta
,straybullet,IM,,,,arena:mar20lta
,aquaticpineapples,NM,,,,arena:mar20lta
,Mergen97,FM,,,,arena:mar20lta
,chabo_ftw,IM,,,,arena:mar20lta
,safikiet,NM,,,,arena:mar20lta
,dawtonlms,FM,,,,arena:mar20lta
,jjpineda,FM,,,,arena:mar20lta
,RobPeresian,FM,,,,arena:mar20lta
,elhamisbackagain,FM,,,,arena:mar20lta
,Marxivsko,CM,,,,arena:mar20lta
,AchrefLahbecha,IM,,,,arena:mar20lta
,DenishevM,FM,,,,arena:mar20lta
,Marcia2911,WFM,,,,arena:mar20lta
,cormarc,FM,,,,arena:mar20lta
,Lisichka99,WFM,,,,arena:mar20lta
,afgano45,GM,,,,arena:mar20lta
,ThanhNguyen,IM,,,,arena:mar20lta
,Sanji007,FM,,,,arena:mar20lta
,Sandpacer,NM,,,,arena:mar20lta
,medinapaz,IM,,,,arena:mar20lta
,jusehebet,FM,,,,arena:mar20lta
,chessyeg,IM,,,,arena:mar20lta
,Polihisztor,FM,,,,arena:mar20lta
,Caisachess,WIM,,,,arena:mar20lta
,twofoxniel,FM,,,,arena:mar20lta
,bbasko,NM,,,,arena:mar20lta
,CheckMateIn2,FM,,,,arena:mar20lta
,TI8,FM,,,,arena:mar20lta
,Majalaviri,FM,,,,arena:mar20lta
,Allvim,NM,,,,arena:mar20lta
,HElissalt,IM,,,,arena:mar20lta
,lexydim,WGM,,,,arena:mar20lta
,Alexei_Saveliev,IM,,,,arena:mar20lta
,manwithavan,GM,,,,arena:apr20lta
,avalongamemaster,GM,,,,arena:apr20lta
,Konevlad,GM,,,,arena:apr20lta
,Sasha,GM,,,,arena:apr20lta
,drop_stone,GM,,,,arena:apr20lta
,Golubov_Saveliy,IM,,,,arena:apr20lta
,Vitamixbrand,NM,,,,arena:apr20lta
,Amin_____tb,GM,,,,arena:apr20lta
,may6enexttime,GM,,,,arena:apr20lta
,muisback,GM,,,,arena:apr20lta
,Liem_Chess,GM,,,,arena:apr20lta
,hitter1999,GM,,,,arena:apr20lta
,AOrlovPetersburg,GM,,,,arena:apr20lta
,AnishGiri,GM,,,,arena:apr20lta
,Roshka_Yevgeniy,IM,,,,arena:apr20lta
,Kimster98,FM,,,,arena:apr20lta
,LouiVos,GM,,,,arena:apr20lta
,Alexander_Donchenko,GM,,,,arena:apr20lta
,Dragon700,IM,,,,arena:apr20lta
,Blitzmachine2003,IM,,,,arena:apr20lta
,Abik02,GM,,,,arena:apr20lta
,KfLoRiAn,IM,,,,arena:apr20lta
,alonmindlin,IM,,,,arena:apr20lta
,kmilooo,GM,,,,arena:apr20lta
,Glidzhian_Gor,FM,,,,arena:apr20lta
,louis217,FM,,,,arena:apr20lta
,RaschnRukk,IM,,,,arena:apr20lta
,Anwesh9792,IM,,,,arena:apr20lta
,Oganian_Miran,IM,,,,arena:apr20lta
,pipita09,IM,,,,arena:apr20lta
,IGMGataKamsky,GM,,,,arena:apr20lta
,Baikal777,WFM,,,,arena:apr20lta
,TopGrandMaster,GM,,,,arena:apr20lta
,Khalilmousavii,GM,,,,arena:apr20lta
,Palachev_Petr,FM,,,,arena:apr20lta
,VolcanoExplorer,FM,,,,arena:apr20lta
,Up_to_something,GM,,,,arena:apr20lta
,Yuriy_Ayrapetyan,GM,,,,arena:apr20lta
,ly4o,FM,,,,arena:apr20lta
,kingnb,IM,,,,arena:apr20lta
,TacticalMaster,IM,,,,arena:apr20lta
,Rockstar83,GM,,,,arena:apr20lta
,xxEuroticAxx,IM,,,,arena:apr20lta
,omidnoroozi,IM,,,,arena:apr20lta
,Asaf_Givon,IM,,,,arena:apr20lta
,Thunderbolt1909,GM,,,,arena:apr20lta
,TexasMustang,GM,,,,arena:apr20lta
,VladislavKrasikov_FM,FM,,,,arena:apr20lta
,ThePatrick27,FM,,,,arena:apr20lta
,gonavarrete,CM,,,,arena:apr20lta
,Macchiatto,IM,,,,arena:apr20lta
,yellowmamba,NM,,,,arena:apr20lta
,chessmmaster,NM,,,,arena:apr20lta
,GrigoriiTer-Saakian,FM,,,,arena:apr20lta
,fmjoseherrera,FM,,,,arena:apr20lta
,JuanCGlez,GM,,,,arena:apr20lta
,pasukan_bodrex,IM,,,,arena:apr20lta
,erezkup,FM,,,,arena:apr20lta
,SVODMEVKO,GM,,,,arena:apr20lta
,dr_x1qL0,IM,,,,arena:apr20lta
,Infernal_XaM,GM,,,,arena:apr20lta
,hari2209,IM,,,,arena:apr20lta
,xasid,IM,,,,arena:apr20lta
,klari64,IM,,,,arena:apr20lta
,UnSinge2700,FM,,,,arena:apr20lta
,vangulio,IM,,,,arena:apr20lta
,ElHelvetico,GM,,,,arena:apr20lta
,djano,FM,,,,arena:apr20lta
,DLR7,FM,,,,arena:apr20lta
,Papagayo,GM,,,,arena:apr20lta
,Leonid_Starozhilov,NM,,,,arena:apr20lta
,RCSA007,IM,,,,arena:apr20lta
,Kairbekova_Amina111,WIM,,,,arena:apr20lta
,Chessmatus,FM,,,,arena:apr20lta
,AndreyKvon,GM,,,,arena:apr20lta
,mux77,FM,,,,arena:apr20lta
,FanniBanni,FM,,,,arena:apr20lta
,platre,IM,,,,arena:apr20lta
,pollocuba2019,GM,,,,arena:apr20lta
,filolog,IM,,,,arena:apr20lta
,Ward-Tsh,FM,,,,arena:apr20lta
,SanQui14,FM,,,,arena:apr20lta
,Nikolaj_6,IM,,,,arena:apr20lta
,Benny_Hill,IM,,,,arena:apr20lta
,hesham-a,GM,,,,arena:apr20lta
,gm3t,IM,,,,arena:apr20lta
,Blackjack021,FM,,,,arena:apr20lta
,VinzentSpitzl,FM,,,,arena:apr20lta
,PabloChess32,CM,,,,arena:apr20lta
,dmitry-lavrik,IM,,,,arena:apr20lta
,MPGM,IM,,,,arena:apr20lta
,ikica77,GM,,,,arena:apr20lta
,Dire_Promise,IM,,,,arena:apr20lta
,Paranoyak,FM,,,,arena:apr20lta
,elohunter99,IM,,,,arena:apr20lta
,Zurability,IM,,,,arena:apr20lta
,doons21,FM,,,,arena:apr20lta
,Aliakbarov_Anar,FM,,,,arena:apr20lta
,Mikele84,GM,,,,arena:apr20lta
,DoctorStrange33,CM,,,,arena:apr20lta
,BetulCemreYildiz,WGM,,,,arena:apr20lta
,elm2oo7,FM,,,,arena:apr20lta
,Muhammadali77,FM,,,,arena:apr20lta
,MIThePunisherXX,IM,,,,arena:apr20lta
,chakin,FM,,,,arena:apr20lta
,psm-ajedrez,FM,,,,arena:apr20lta
,Pogosian_Manvel,FM,,,,arena:apr20lta
,petrik06,FM,,,,arena:apr20lta
,chiyabuddha,WGM,,,,arena:apr20lta
,FakeBruceLee,GM,,,,arena:apr20lta
,tryhard122,IM,,,,arena:apr20lta
,ZugAddict,NM,,,,arena:apr20lta
,Saqochess,FM,,,,arena:apr20lta
,scabies,NM,,,,arena:apr20lta
,Bakayoyo,GM,,,,arena:apr20lta
,Semetei,IM,,,,arena:apr20lta
,Ranindu___chess,IM,,,,arena:apr20lta
,Tigran-Harutyunyan,GM,,,,arena:apr20lta
,Revan_2002,FM,,,,arena:apr20lta
,Adeeel,FM,,,,arena:apr20lta
,Brave_spirit12,IM,,,,arena:apr20lta
,nkhrkan,CM,,,,arena:apr20lta
,Nozdrachev_Leonid,IM,,,,arena:apr20lta
,Nicah,IM,,,,arena:apr20lta
,WWJCD,NM,,,,arena:apr20lta
,kivanchaznedaroglu,GM,,,,arena:apr20lta
,SmokedGray,IM,,,,arena:apr20lta
,ruslan1541,FM,,,,arena:apr20lta
,VictorAntonBologan,GM,,,,arena:apr20lta
,Branko_Tadic,GM,,,,arena:apr20lta
,Donskov_AV,FM,,,,arena:apr20lta
,Mortn,FM,,,,arena:apr20lta
,Charlymaster9301,FM,,,,arena:apr20lta
,Aminmolaei,IM,,,,arena:apr20lta
,NikolaN98,IM,,,,arena:apr20lta
,pythonking,CM,,,,arena:apr20lta
,estupendo,FM,,,,arena:apr20lta
,mitraasz,WIM,,,,arena:apr20lta
,knight_who_says_ni,FM,,,,arena:apr20lta
,LeonValdes,IM,,,,arena:apr20lta
,Norman-Who,NM,,,,arena:apr20lta
,YoNoMateAMiHijo,FM,,,,arena:apr20lta
,azchess21,WFM,,,,arena:apr20lta
,Free_Dragon,IM,,,,arena:apr20lta
,Bibekthing,CM,,,,arena:apr20lta
,Beast64chess,IM,,,,arena:apr20lta
,onyokonyok,FM,,,,arena:apr20lta
,KlyashtornyVladislav,IM,,,,arena:apr20lta
,MrHaddonfield,FM,,,,arena:apr20lta
,Belka1989,FM,,,,arena:apr20lta
,StiffMaster1,IM,,,,arena:apr20lta
,GoodFellas1903,FM,,,,arena:apr20lta
,crackcubano,GM,,,,arena:apr20lta
,LucaBrasi1968,FM,,,,arena:apr20lta
,AitorRO,FM,,,,arena:apr20lta
,federerchi,FM,,,,arena:apr20lta
,Rasputin20202,FM,,,,arena:apr20lta
,jsequera,IM,,,,arena:apr20lta
,PrydunAndrii2004,FM,,,,arena:apr20lta
,DeBlaz,CM,,,,arena:apr20lta
,Ty3oB,FM,,,,arena:apr20lta
,aaryan_varshney,IM,,,,arena:apr20lta
,Buffy7,GM,,,,arena:apr20lta
,vizumatv4hoda,GM,,,,arena:apr20lta
,Misi_95,GM,,,,arena:apr20lta
,calinsah,FM,,,,arena:apr20lta
,EslegalRD,NM,,,,arena:apr20lta
,master05,FM,,,,arena:apr20lta
,MannyQT,NM,,,,arena:apr20lta
,Federtiu,GM,,,,arena:apr20lta
,BrainPlunger,FM,,,,arena:apr20lta
,newbie87,FM,,,,arena:apr20lta
,Club-Jaque-al-Rey,FM,,,,arena:apr20lta
,marantz3,IM,,,,arena:apr20lta
,O-Almeida,GM,,,,arena:apr20lta
,Gahan-MG,FM,,,,arena:apr20lta
,blank37,FM,,,,arena:apr20lta
,Atlas_Lion07,IM,,,,arena:apr20lta
,Roenko_Artur,NM,,,,arena:apr20lta
,Lekelementos,FM,,,,arena:apr20lta
,Alekschess98,FM,,,,arena:apr20lta
,MahammadMuradli2003,GM,,,,arena:apr20lta
,Konstantin_Bazarov,FM,,,,arena:apr20lta
,xEsLu,FM,,,,arena:apr20lta
,amaa18,WIM,,,,arena:apr20lta
,Puli1234,GM,,,,arena:apr20lta
,TomorrowLand,IM,,,,arena:apr20lta
,TreasureChess777,NM,,,,arena:apr20lta
,DongSongWa,NM,,,,arena:apr20lta
,vvchessli,IM,,,,arena:apr20lta
,Stormeman100100,IM,,,,arena:apr20lta
,munkhzul_turmunkh,WIM,,,,arena:apr20lta
,PVKMSSSSR3991,IM,,,,arena:apr20lta
,jaskol95,CM,,,,arena:apr20lta
,GodDanielX,NM,,,,arena:apr20lta
,L_Georgescu,WGM,,,,arena:apr20lta
,bazar-wokzal,IM,,,,arena:apr20lta
,Infinity-Stones,GM,,,,arena:apr20lta
,Alexgo05,FM,,,,arena:apr20lta
,Fredericia,WIM,,,,arena:apr20lta
,kudryashka,WFM,,,,arena:apr20lta
,rupeshjswl7,FM,,,,arena:apr20lta
,Maserati20,CM,,,,arena:apr20lta
,szefru,WFM,,,,arena:apr20lta
,JohnScott,NM,,,,arena:apr20lta
,siansell,IM,,,,arena:apr20lta
,pupilochess86,FM,,,,arena:apr20lta
,ssusanita,FM,,,,arena:apr20lta
,sANdeEP2007,IM,,,,arena:apr20lta
,tallguychess,NM,,,,arena:apr20lta
,papa_lubercy,FM,,,,arena:apr20lta
,Pandachess-ru,IM,,,,arena:apr20lta
,Anchkaaaaa,WFM,,,,arena:apr20lta
,dragon1717,FM,,,,arena:apr20lta
,PrincessPeach1,WIM,,,,arena:apr20lta
,SGchess01,GM,,,,arena:apr20lta
,Printezis04,IM,,,,arena:apr20lta
,Darmik,IM,,,,arena:apr20lta
,second_life,GM,,,,arena:apr20lta
,mrsavic777,GM,,,,arena:apr20lta
,GMVallejo,GM,,,,arena:apr20lta
,highlama,FM,,,,arena:apr20lta
,WattSchrott,FM,,,,arena:apr20lta
,zenych,WFM,,,,arena:apr20lta
,fender2001,FM,,,,arena:apr20lta
,Fighter008,IM,,,,arena:apr20lta
,ferdipy,NM,,,,arena:apr20lta
,ArmQueen,WGM,,,,arena:apr20lta
,Kenny18,WFM,,,,arena:apr20lta
,coventry,FM,,,,arena:apr20lta
,rdarruda,FM,,,,arena:apr20lta
,Gevorg_Harutjunyan,GM,,,,arena:apr20lta
,KIBORG799,IM,,,,arena:apr20lta
,Rumpel-VK,GM,,,,arena:apr20lta
,Dr-Tarun007,IM,,,,arena:apr20lta
,Dreed1,NM,,,,arena:apr20lta
,yamalchess,GM,,,,arena:apr20lta
,loiters,FM,,,,arena:apr20lta
,GuadalupeBesso198,WIM,,,,arena:apr20lta
,DiazVelandia,FM,,,,arena:apr20lta
,Velociraptorblue,FM,,,,arena:apr20lta
,Squishy,CM,,,,arena:apr20lta
,ftorodent,GM,,,,arena:apr20lta
,AttackSparrow,FM,,,,arena:apr20lta
,THE_PLAYER2,FM,,,,arena:apr20lta
,Funkmaus,WFM,,,,arena:apr20lta
,JoQueen90,WIM,,,,arena:apr20lta
,Joshukid,FM,,,,arena:apr20lta
,cxrjs,WIM,,,,arena:apr20lta
,Shahistja,WFM,,,,arena:apr20lta
,sanyura,WGM,,,,arena:apr20lta
,Karadenizaslani,FM,,,,arena:apr20lta
,sodabread,FM,,,,arena:apr20lta
,alexzlatin,FM,,,,arena:apr20lta
,Garv1008,CM,,,,arena:apr20lta
,BakuLegend04,IM,,,,arena:apr20lta
,Crew64Alex,IM,,,,arena:apr20lta
,ajeale2,FM,,,,arena:apr20lta
,Hesian,FM,,,,arena:apr20lta
,sabinafoisor,WGM,,,,arena:apr20lta
,Alenzer,WFM,,,,arena:apr20lta
,michelchess94,IM,,,,arena:apr20lta
,pedrada88,IM,,,,arena:apr20lta
,rowrulz,FM,,,,arena:apr20lta
,TormentaNegra,FM,,,,arena:apr20lta
,benko_008,IM,,,,arena:apr20lta
,imnow,WGM,,,,arena:apr20lta
,giantslayer83,GM,,,,arena:apr20lta
,Tello71,IM,,,,arena:apr20lta
,sorito,FM,,,,arena:apr20lta
,tchess123,FM,,,,arena:apr20lta
,abubakertagelsir,FM,,,,arena:apr20lta
,Northridgehawk,NM,,,,arena:apr20lta
,gmtabito21,FM,,,,arena:apr20lta
,JonathanCarlstedt,IM,,,,arena:apr20lta
,GGplayer,FM,,,,arena:apr20lta
,AylorSnow,GM,,,,arena:apr20lta
,Orsanchez,IM,,,,arena:apr20lta
,PawnEatingZombie,NM,,,,arena:apr20lta
,PauloCesarCosta,NM,,,,arena:apr20lta
,meridaandres,FM,,,,arena:apr20lta
,BasilSmash,IM,,,,arena:apr20lta
,PierrotFace,FM,,,,arena:apr20lta
,Forzalay,WCM,,,,arena:apr20lta
,TheJoker98,GM,,,,arena:apr20lta
,Gevo199064,FM,,,,arena:apr20lta
,cleverqueen,WIM,,,,arena:apr20lta
,ARuperez,FM,,,,arena:apr20lta
,Susik_Gaboyan,WIM,,,,arena:apr20lta
,Sandstad,FM,,,,arena:apr20lta
,Jorge2400,FM,,,,arena:apr20lta
,Sonnyzc,WIM,,,,arena:apr20lta
,lezgo,IM,,,,arena:apr20lta
,caspiwins,IM,,,,arena:apr20lta
,AP_86,IM,,,,arena:apr20lta
,VKMatta,FM,,,,arena:apr20lta
,DonFulgenzio,FM,,,,arena:apr20lta
,MayGM,WFM,,,,arena:apr20lta
,topin8,FM,,,,arena:apr20lta
,nathanfilgueiras,IM,,,,arena:apr20lta
,CaissaCubana,WFM,,,,arena:apr20lta
,Harrytong,CM,,,,arena:apr20lta
,Tsukasa1,FM,,,,arena:apr20lta
,frankiejay,NM,,,,arena:apr20lta
,Skypelesson99,FM,,,,arena:apr20lta
,double11,GM,,,,arena:apr20lta
,HSGM,IM,,,,arena:apr20lta
,JoseAvelino2002,FM,,,,arena:apr20lta
,Reecef,CM,,,,arena:apr20lta
,NIKSH1266,FM,,,,arena:apr20lta
,Spongebobispro,IM,,,,arena:apr20lta
,mbachez90,IM,,,,arena:apr20lta
,JudiciousGambit,FM,,,,arena:apr20lta
,almatyonelove,IM,,,,arena:apr20lta
,Donnko2311,CM,,,,arena:apr20lta
,harvus123,IM,,,,arena:apr20lta
,Nurgyul,IM,,,,arena:apr20lta
,pitopi,FM,,,,arena:apr20lta
,guilty93,FM,,,,arena:apr20lta
,Pacothelegend,FM,,,,arena:apr20lta
,armsatellite,GM,,,,arena:apr20lta
,AndreyNeves,FM,,,,arena:apr20lta
,algatar2020,CM,,,,arena:apr20lta
,Heringit,FM,,,,arena:apr20lta
,hessed26,GM,,,,arena:apr20lta
,Hangar-18,FM,,,,arena:apr20lta
,Godzillator,FM,,,,arena:apr20lta
,Cadiz81,FM,,,,arena:apr20lta
,Ziyamammadov,CM,,,,arena:apr20lta
,Atomyvaleria,WFM,,,,arena:apr20lta
,Saymone,IM,,,,arena:apr20lta
,player2005,FM,,,,arena:apr20lta
,khamzinolzhas,FM,,,,arena:apr20lta
,Joejan,FM,,,,arena:apr20lta
,Jason64,FM,,,,arena:apr20lta
,Ogloblin,IM,,,,arena:apr20lta
,pesotskiymikhail,FM,,,,arena:apr20lta
,parajuli1982,CM,,,,arena:apr20lta
,Akali666,IM,,,,arena:apr20lta
,FutUREwcc,FM,,,,arena:apr20lta
,Keti_Tsatsalashvili,WGM,,,,arena:apr20lta
,Inmortalrd,FM,,,,arena:apr20lta
,ril-1997,FM,,,,arena:apr20lta
,Eliclax,CM,,,,arena:apr20lta
,DiiDaa45,WFM,,,,arena:apr20lta
,DanielDardha2005,GM,,,,arena:apr20lta
,Marjoirerdr,WFM,,,,arena:apr20lta
,Yamac99,FM,,,,arena:apr20lta
,Buknoy,NM,,,,arena:apr20lta
,TricksOnlyNL,IM,,,,arena:apr20lta
,Queen_Ah,WFM,,,,arena:apr20lta
,Caroltorres84,WFM,,,,arena:apr20lta
,A-Mo-A,FM,,,,arena:apr20lta
,melly_kony,WGM,,,,arena:apr20lta
,StoreySniper,FM,,,,arena:apr20lta
,PositionalTactician,NM,,,,arena:apr20lta
,ilija83gr,FM,,,,arena:apr20lta
,Rish1756,IM,,,,arena:apr20lta
,Gmantrax,FM,,,,arena:apr20lta
,Prohorov_Olexandr123,NM,,,,arena:apr20lta
,yairparkhov,IM,,,,arena:apr20lta
,KiKi2003,WFM,,,,arena:apr20lta
,smileeey29,WCM,,,,arena:apr20lta
,dhfernandez,GM,,,,arena:apr20lta
,supertigre,GM,,,,arena:apr20lta
,phenomen54,IM,,,,arena:apr20lta
,Greyworm,GM,,,,arena:apr20lta
,yackobaby,GM,,,,arena:apr20lta
,guesitos,IM,,,,arena:apr20lta
,stefan_95,FM,,,,arena:apr20lta
,Yemenchess,IM,,,,arena:apr20lta
,cubansboy,GM,,,,arena:apr20lta
,FranklinAPalomo,FM,,,,arena:apr20lta
,MKO78,GM,,,,arena:apr20lta
,gmjosecubas,GM,,,,arena:apr20lta
,Philosopherr,FM,,,,arena:apr20lta
,Gerodot95,NM,,,,arena:apr20lta
,VladimirSakun,FM,,,,arena:apr20lta
,jankotracz,FM,,,,arena:apr20lta
,BeStRoMaNo,NM,,,,arena:apr20lta
,hakobyan16,FM,,,,arena:apr20lta
,dieselbot,IM,,,,arena:apr20lta
,Kanthecarowin,NM,,,,arena:apr20lta
,infiniteadaption,NM,,,,arena:apr20lta
,Just_aseke,FM,,,,arena:apr20lta
,flamaster7,NM,,,,arena:apr20lta
,LeninGuerra,IM,,,,arena:apr20lta
,ExploringChess,IM,,,,arena:apr20lta
,behappii,WFM,,,,arena:apr20lta
,iv_anP,FM,,,,arena:apr20lta
,petincash,FM,,,,arena:apr20lta
,Warrior_5,WGM,,,,arena:apr20lta
,Ricardo_Gardener,FM,,,,arena:apr20lta
,SkGaming,FM,,,,arena:apr20lta
,Ratnakaran,IM,,,,arena:apr20lta
,CoffeSoul,FM,,,,arena:apr20lta
,KobyKalavannan,FM,,,,arena:apr20lta
,bdr2002,FM,,,,arena:apr20lta
,Kirac,IM,,,,arena:apr20lta
,MI-DTB,IM,,,,arena:apr20lta
,PushingPawnsNYC,NM,,,,arena:apr20lta
,Cristopalov,FM,,,,arena:apr20lta
,ayvalik10,FM,,,,arena:apr20lta
,Pankaj08,CM,,,,arena:apr20lta
,TimIlyin,IM,,,,arena:apr20lta
,DrTomQ,CM,,,,arena:apr20lta
,AdrianWinterTandT,FM,,,,arena:apr20lta
,Nils_03,FM,,,,arena:apr20lta
,Charilaos2,FM,,,,arena:apr20lta
,JhonCofee,GM,,,,arena:apr20lta
,Stalri,FM,,,,arena:apr20lta
,chrissyplaya,FM,,,,arena:apr20lta
,Starboy91,FM,,,,arena:apr20lta
,Pelageya,WFM,,,,arena:apr20lta
,Faulitemporary,CM,,,,arena:apr20lta
,lyanic,FM,,,,arena:apr20lta
,Japan39,CM,,,,arena:apr20lta
,josemoramoron,FM,,,,arena:apr20lta
,warmoatmeal,NM,,,,arena:apr20lta
,Jaques,CM,,,,arena:apr20lta
,Abtron,IM,,,,arena:apr20lta
,James78,IM,,,,arena:apr20lta
,dabbang111,IM,,,,arena:apr20lta
,Ceejay24,FM,,,,arena:apr20lta
,WitteVanHaemstede,FM,,,,arena:apr20lta
,Supermister,NM,,,,arena:apr20lta
,luizbuganca,CM,,,,arena:apr20lta
,arvielozano,WNM,,,,arena:apr20lta
,Blueagle,CM,,,,arena:apr20lta
,davidwinns,CM,,,,arena:apr20lta
,AvitalTotahat,GM,,,,arena:apr20lta
,Nimrrod,IM,,,,arena:apr20lta
,KEspinosa,WFM,,,,arena:apr20lta
,Maghalashvili,GM,,,,arena:apr20lta
,rikchess,FM,,,,arena:apr20lta
,Radagast-the-Brown,FM,,,,arena:apr20lta
,MiroMiljkovic,GM,,,,arena:apr20lta
,Tabarex,CM,,,,arena:apr20lta
,Danet1994,WFM,,,,arena:apr20lta
,alwaysplanahead,NM,,,,arena:apr20lta
,mapebo94,WIM,,,,arena:apr20lta
,Maestrolll,FM,,,,arena:apr20lta
,sachaamellow,WIM,,,,arena:apr20lta
,Mattrm,NM,,,,arena:apr20lta
,Penguin12356,IM,,,,arena:apr20lta
,Nipunxz,CM,,,,arena:apr20lta
,gerasimenyuk,FM,,,,arena:apr20lta
,dama2019,WFM,,,,arena:apr20lta
,X-Queen,WCM,,,,arena:apr20lta
,UzbekTiger1963,GM,,,,arena:apr20lta
,Gazola,NM,,,,arena:apr20lta
,Mammuth,IM,,,,arena:apr20lta
,Maestrocoach,CM,,,,arena:apr20lta
,pedro_nascimento,NM,,,,arena:apr20lta
,JustAnAppleToday,FM,,,,arena:apr20lta
,Turbolarry,CM,,,,arena:apr20lta
,seanwinshand,IM,,,,arena:apr20lta
,SHARKTIGER,GM,,,,arena:apr20lta
,laligb,WCM,,,,arena:apr20lta
,MFAlejandroArias1987,FM,,,,arena:apr20lta
,AngelEscareno,NM,,,,arena:apr20lta
,SarahLongson,WFM,,,,arena:apr20lta
,Mikhail_Golubev,GM,,,,arena:apr20lta
,NIndja64,GM,,,,arena:may20lta
,DarkKnight97,GM,,,,arena:may20lta
,CashVampire,GM,,,,arena:may20lta
,Benefactorr,GM,,,,arena:may20lta
,Gerodot71,FM,,,,arena:may20lta
,Zeveraar-Glen,IM,,,,arena:may20lta
,Chancleta,IM,,,,arena:may20lta
,BilodeauA,GM,,,,arena:may20lta
,Meysonn,GM,,,,arena:may20lta
,Pon4ik2006,GM,,,,arena:may20lta
,K-Georgiev,GM,,,,arena:may20lta
,KuaSinliong,NM,,,,arena:may20lta
,KevinPaveto,IM,,,,arena:may20lta
,rolly9891,NM,,,,arena:may20lta
,Kuban23,IM,,,,arena:may20lta
,Gordima,GM,,,,arena:may20lta
,Daskevich,IM,,,,arena:may20lta
,kostya24,NM,,,,arena:may20lta
,Arman_Hakemi,FM,,,,arena:may20lta
,bolatbey,NM,,,,arena:may20lta
,Ashot2001,IM,,,,arena:may20lta
,Maestro_Isa,FM,,,,arena:may20lta
,Arad_Nazari,IM,,,,arena:may20lta
,EvilGenius94,GM,,,,arena:may20lta
,magicstar12,FM,,,,arena:may20lta
,f1chess,NM,,,,arena:may20lta
,Ruslan_Sezdbekov,FM,,,,arena:may20lta
,Alexukraine8,FM,,,,arena:may20lta
,Makswolf200818,FM,,,,arena:may20lta
,Oladipo30,FM,,,,arena:may20lta
,SimpDestroyer,NM,,,,arena:may20lta
,Njilik,IM,,,,arena:may20lta
,GGTOURS,WFM,,,,arena:may20lta
,javirec,FM,,,,arena:may20lta
,ald2,FM,,,,arena:may20lta
,SocialIsolani,FM,,,,arena:may20lta
,ylr5000,IM,,,,arena:may20lta
,ImIsmaelKarim,IM,,,,arena:may20lta
,timetofight33,CM,,,,arena:may20lta
,zuro22,IM,,,,arena:may20lta
,vaishali2001,IM,,,,arena:may20lta
,gabriel_grecescu,IM,,,,arena:may20lta
,Lucachess20003,FM,,,,arena:may20lta
,Zazuliak,FM,,,,arena:may20lta
,Hopeim,FM,,,,arena:may20lta
,burning_phoenix,GM,,,,arena:may20lta
,realcyberbird,FM,,,,arena:may20lta
,Player_06,GM,,,,arena:may20lta
,chaturangadasa,FM,,,,arena:may20lta
,totoroo,NM,,,,arena:may20lta
,Alexsur81,GM,,,,arena:may20lta
,Siarinho,FM,,,,arena:may20lta
,Homino,WFM,,,,arena:may20lta
,The_Machine04,IM,,,,arena:may20lta
,febloh,GM,,,,arena:may20lta
,DmitryK1,FM,,,,arena:may20lta
,Goi_Manne,FM,,,,arena:may20lta
,mamey78,GM,,,,arena:may20lta
,Pokemon777,FM,,,,arena:may20lta
,Mazetovic,GM,,,,arena:may20lta
,ajam73,WIM,,,,arena:may20lta
,chargemax23,IM,,,,arena:may20lta
,l8pawn,FM,,,,arena:may20lta
,Tahin_Pekmez,CM,,,,arena:may20lta
,ARTSIN,FM,,,,arena:may20lta
,j1raTh0t,CM,,,,arena:may20lta
,NadezdaPetrovic,WFM,,,,arena:may20lta
,TheRussianStudent,FM,,,,arena:may20lta
,guillembaches,IM,,,,arena:may20lta
,Heineken03,FM,,,,arena:may20lta
,KillerCow,FM,,,,arena:may20lta
,czasnaszachy,FM,,,,arena:may20lta
,PowerThinking2650,IM,,,,arena:may20lta
,onatog,IM,,,,arena:may20lta
,Atom5,FM,,,,arena:may20lta
,Novoselski,IM,,,,arena:may20lta
,luis-garcia,NM,,,,arena:may20lta
,El_Pinguino_Violento,FM,,,,arena:may20lta
,rus_pressF,IM,,,,arena:may20lta
,srihari241105,GM,,,,arena:may20lta
,MilanovicDan,GM,,,,arena:may20lta
,chessajedrezz2020,IM,,,,arena:may20lta
,Tactigol,FM,,,,arena:may20lta
,makim_tsaruk,IM,,,,arena:may20lta
,Martin_Petrov,GM,,,,arena:may20lta
,Stefan005,IM,,,,arena:may20lta
,dilwending,FM,,,,arena:may20lta
,Majasystem,FM,,,,arena:may20lta
,nryba94,NM,,,,arena:may20lta
,Ermito,GM,,,,arena:may20lta
,LaDaf,FM,,,,arena:may20lta
,chuchi05,FM,,,,arena:may20lta
,HuevoGrande,CM,,,,arena:may20lta
,dozer01,IM,,,,arena:may20lta
,Lvivianka23,IM,,,,arena:may20lta
,DarkKnight8750,CM,,,,arena:may20lta
,Nyambalo,CM,,,,arena:may20lta
,vinceyoung15,NM,,,,arena:may20lta
,ErikBlomqvist,GM,,,,arena:may20lta
,Alindsay,WIM,,,,arena:may20lta
,Vlakymen85,FM,,,,arena:may20lta
,adricalderon8,IM,,,,arena:may20lta
,kvaspi,NM,,,,arena:may20lta
,Pandochka,WGM,,,,arena:may20lta
,LampardFan08,IM,,,,arena:may20lta
,Lelya96,WFM,,,,arena:may20lta
,Nozdrachev_Vladislav,IM,,,,arena:may20lta
,Sunny_night,IM,,,,arena:may20lta
,zorch81,NM,,,,arena:may20lta
,Black-Zeus,FM,,,,arena:may20lta
,gsoppe,IM,,,,arena:may20lta
,aisa86,IM,,,,arena:may20lta
,emese,WFM,,,,arena:may20lta
,BartasH,GM,,,,arena:may20lta
,Felini21,IM,,,,arena:may20lta
,TheInfinityStone,WIM,,,,arena:may20lta
,david_gomez,FM,,,,arena:may20lta
,JFriedel,GM,,,,arena:may20lta
,BilanDanila,FM,,,,arena:may20lta
,Fantasma94,IM,,,,arena:may20lta
,Mwamba1409,IM,,,,arena:may20lta
,Flawless_Fighter,WGM,,,,arena:may20lta
,KingDray,FM,,,,arena:may20lta
,shadycharacter06,GM,,,,arena:may20lta
,K_E_L_Z,NM,,,,arena:may20lta
,newauto888,NM,,,,arena:may20lta
,lagartodeleyende,IM,,,,arena:may20lta
,muhammadzain,NM,,,,arena:may20lta
,Klavdia_Nik,WGM,,,,arena:may20lta
,Piotrek79,NM,,,,arena:may20lta
,bobbyyy67,WFM,,,,arena:may20lta
,jonaszmb,IM,,,,arena:may20lta
,spidernv,IM,,,,arena:may20lta
,LexiavSlayer,CM,,,,arena:may20lta
,anilamejor,WIM,,,,arena:may20lta
,PetrNeuman,GM,,,,arena:may20lta
,Nefe,NM,,,,arena:may20lta
,betheking,GM,,,,arena:may20lta
,artem64,IM,,,,arena:may20lta
,Marcus_Antonius,FM,,,,arena:may20lta
,Phlegmatiker,FM,,,,arena:may20lta
,kaffar,FM,,,,arena:may20lta
,AlexanderPrincipe,FM,,,,arena:may20lta
,ChessTurner,GM,,,,arena:may20lta
,AyahMoaataz,WGM,,,,arena:may20lta
,GreatGodPratik,CM,,,,arena:may20lta
,Lufidu,FM,,,,arena:may20lta
,jennys2600,WFM,,,,arena:may20lta
,Paulobac,WFM,,,,arena:may20lta
,kasparicy,FM,,,,arena:may20lta
,ilves_21,FM,,,,arena:may20lta
,inhocsignovinces73,NM,,,,arena:may20lta
,play1ngtheangel,CM,,,,arena:may20lta
,ilder,IM,,,,arena:may20lta
,DemeterDorina,WIM,,,,arena:may20lta
,kinggizzard,NM,,,,arena:may20lta
,Legendary-Phiri,IM,,,,arena:may20lta
,Pablodm,IM,,,,arena:may20lta
,ChessCh_ats,FM,,,,arena:may20lta
,diablanni,CM,,,,arena:may20lta
,Asylbek_Abdyzhapar,IM,,,,arena:may20lta
,DarkeaterMidir,IM,,,,arena:may20lta
,bmartin,IM,,,,arena:may20lta
,Goldenfange,FM,,,,arena:may20lta
,rsalimbagat,FM,,,,arena:may20lta
,Kudrock,IM,,,,arena:may20lta
,abrakadabra02,IM,,,,arena:may20lta
,SergIomiguel,FM,,,,arena:may20lta
,vunderkind,WCM,,,,arena:may20lta
,scandalgod,FM,,,,arena:may20lta
,GG91,IM,,,,arena:may20lta
,nhm67,FM,,,,arena:may20lta
,mango_toxico,GM,,,,arena:may20lta
,chesschamp2300,FM,,,,arena:may20lta
,luci087,GM,,,,arena:may20lta
,nicecream18,WFM,,,,arena:may20lta
,LegendaryOM,CM,,,,arena:may20lta
,Yasha37,IM,,,,arena:may20lta
,ZeniaChess,WIM,,,,arena:may20lta
,vikber19611,FM,,,,arena:may20lta
,Poudini,GM,,,,arena:may20lta
,VladimirBelous,GM,,,,arena:may20lta
,medusa07,GM,,,,arena:may20lta
,spidy92,GM,,,,arena:may20lta
,Arapito2019,IM,,,,arena:may20lta
,Prihlop,IM,,,,arena:may20lta
,TraderDeportivo,IM,,,,arena:may20lta
,Matetricks,NM,,,,arena:may20lta
,GustavoCadena,FM,,,,arena:may20lta
,TheRedKing89,GM,,,,arena:may20lta
,Parmen_Gelazonia,FM,,,,arena:may20lta
,Arashy_89,IM,,,,arena:may20lta
,Itachi_Ut,FM,,,,arena:may20lta
,Darwin_Laylo01,GM,,,,arena:may20lta
,Nurlan_Ibrayev,GM,,,,arena:may20lta
,Ninullia,WGM,,,,arena:may20lta
,Sidonya,NM,,,,arena:may20lta
,Crush09,WGM,,,,arena:may20lta
,CombativeEnemy,FM,,,,arena:may20lta
,kosmeg,IM,,,,arena:may20lta
,Furrumba,IM,,,,arena:may20lta
,lakilive,IM,,,,arena:may20lta
,Satsanga,IM,,,,arena:may20lta
,Pernambuquinho,NM,,,,arena:may20lta
,yansgirones,FM,,,,arena:may20lta
,theultimatehunter,NM,,,,arena:may20lta
,aganqu,FM,,,,arena:may20lta
,orishuas,CM,,,,arena:may20lta
,Super_FM,FM,,,,arena:may20lta
,PetrHollan99,FM,,,,arena:may20lta
,lisyender,CM,,,,arena:may20lta
,dmjjmd,NM,,,,arena:may20lta
,MounikaAkshaya,WIM,,,,arena:may20lta
,DragonWar,FM,,,,arena:may20lta
,patito2014,CM,,,,arena:may20lta
,sofiko-tereladze,WIM,,,,arena:may20lta
,Paradise2020,CM,,,,arena:may20lta
,Ideika,WIM,,,,arena:may20lta
,Kannkeen,NM,,,,arena:may20lta
,hrlyqnn,WIM,,,,arena:may20lta
,DeandraChess,IM,,,,arena:may20lta
,tainha,CM,,,,arena:may20lta
,bouzidian,CM,,,,arena:may20lta
,lou2018,CM,,,,arena:may20lta
,chessmaniac3298,NM,,,,arena:may20lta
,CoachBen,IM,,,,arena:may20lta
,FelipeLobo,NM,,,,arena:may20lta
,Hollow07,CM,,,,arena:may20lta
,Demon-Hunter,GM,,,,arena:may20lta
,CMHopellov35,CM,,,,arena:may20lta
,hepyeke,FM,,,,arena:may20lta
,blackclover1999,FM,,,,arena:may20lta
,GreyCordero,WFM,,,,arena:may20lta
,Iniciativa,FM,,,,arena:may20lta
,Ninely,GM,,,,arena:may20lta
,aayaisyah,WFM,,,,arena:may20lta
,samrevita,WFM,,,,arena:may20lta
,DoctorHeart,NM,,,,arena:may20lta
,Teodor_Drayzer,IM,,,,arena:may20lta
,Jumboland,GM,,,,arena:may20lta
,Sharavdorj_Dashzegve,GM,,,,arena:may20lta
,UnknownM8,FM,,,,arena:may20lta
,Pabmar70,FM,,,,arena:may20lta
,Isurox,FM,,,,arena:may20lta
,Milinanana,WIM,,,,arena:may20lta
,Arnelos,GM,,,,arena:jun20lta
,temp006,GM,,,,arena:jun20lta
,swimmerchess,IM,,,,arena:jun20lta
,ChessWizard521,GM,,,,arena:jun20lta
,MinhJTran,GM,,,,arena:jun20lta
,VincentKeymer2004,GM,,,,arena:jun20lta
,Gamebreaker2,CM,,,,arena:jun20lta
,TheNorival,GM,,,,arena:jun20lta
,AVolodin,GM,,,,arena:jun20lta
,Chessfis,GM,,,,arena:jun20lta
,BogdanB96,IM,,,,arena:jun20lta
,Belezky,IM,,,,arena:jun20lta
,Neelash,IM,,,,arena:jun20lta
,Tyoma888,CM,,,,arena:jun20lta
,Al-Mudahka,GM,,,,arena:jun20lta
,laguun,FM,,,,arena:jun20lta
,Anfrak,NM,,,,arena:jun20lta
,MFJoseClement,FM,,,,arena:jun20lta
,LittleLion13,CM,,,,arena:jun20lta
,matrix12345,FM,,,,arena:jun20lta
,Benavente,CM,,,,arena:jun20lta
,khaledYousef22,CM,,,,arena:jun20lta
,crazyluzhinTh3,IM,,,,arena:jun20lta
,Al_Shima,FM,,,,arena:jun20lta
,T2016,FM,,,,arena:jun20lta
,Urochess,FM,,,,arena:jun20lta
,KingofCheapos,IM,,,,arena:jun20lta
,kaua18,FM,,,,arena:jun20lta
,waverunner07,FM,,,,arena:jun20lta
,Luciferthedevil,IM,,,,arena:jun20lta
,KamranShirazi,IM,,,,arena:jun20lta
,Edogawayan,WFM,,,,arena:jun20lta
,katarinaostojic,WFM,,,,arena:jun20lta
,CyberLion,FM,,,,arena:jun20lta
,Reynold9402,FM,,,,arena:jun20lta
,ditkin,NM,,,,arena:jun20lta
,vidavi,FM,,,,arena:jun20lta
,satranc777,CM,,,,arena:jun20lta
,boldpilot22622,FM,,,,arena:jun20lta
,PhantomAnton,NM,,,,arena:jun20lta
,DMKey,IM,,,,arena:jun20lta
,Gooner08,WGM,,,,arena:jun20lta
,ChocoFavour,CM,,,,arena:jun20lta
,inga83,WGM,,,,arena:jun20lta
,OlgaGirya,WGM,,,,arena:jun20lta
,fettywap1738,NM,,,,arena:jun20lta
,theblitzchamp,FM,,,,arena:jun20lta
,Nadtkins,IM,,,,arena:jun20lta
,C009,FM,,,,arena:jun20lta
,Mammadyarova,WGM,,,,arena:jun20lta
,cmvicentuco,CM,,,,arena:jun20lta
,sandy006,WNM,,,,arena:jun20lta
,vasiukov,NM,,,,arena:jun20lta
,CronosL,CM,,,,arena:jun20lta
,tunacem,CM,,,,arena:jun20lta
,Euge_chess,WFM,,,,arena:jun20lta
,MerryPoppies,WFM,,,,arena:jun20lta
,gg-gm-gmg,GM,,,,arena:jun20lta
,Tapson67,WFM,,,,arena:jun20lta
,speshu,FM,,,,arena:jun20lta
,Thorwald5,FM,,,,arena:jun20lta
,vennyice,NM,,,,arena:jun20lta
,Mamikon_Gharibyan,GM,,,,arena:jun20lta
,dey2580,WGM,,,,arena:jun20lta
,r31415,NM,,,,arena:jun20lta
,Ati1517,WGM,,,,arena:jun20lta
,Yeknafar,FM,,,,arena:jun20lta
,ReinaldoDuran81,IM,,,,arena:jun20lta
,gagtemp,WCM,,,,arena:jun20lta
,rudyqq,CM,,,,arena:jun20lta
,anhao,NM,,,,arena:jun20lta
,rynos0411,NM,,,,arena:jun20lta
,ILDAR_ILDISOV-1966,FM,,,,arena:jun20lta
,diasattackyou,FM,,,,arena:jun20lta
,reebook,NM,,,,arena:jun20lta
,Gonzaga22,NM,,,,arena:jun20lta
,LeonCalderon,IM,,,,arena:jun20lta
,ALEKSANDROV73,GM,,,,arena:jun20lta
,babyuno,NM,,,,arena:jun20lta
,Alberto_Santos,IM,,,,arena:jun20lta
,IQc2Ng5,NM,,,,arena:jun20lta
,daorange,NM,,,,arena:jun20lta
,Anastasia3003,WGM,,,,arena:jun20lta
,HovmoellerHest,FM,,,,arena:jun20lta
,RanchoWangdu,WIM,,,,arena:jun20lta
,Samra_07,WCM,,,,arena:jun20lta
,guki1124,GM,,,,arena:jun20lta
,AlainBruxelles,FM,,,,arena:jun20lta
,Dove____Cameron,WFM,,,,arena:jun20lta
,Idrisova_Roza,WFM,,,,arena:jun20lta
,KNCP_719,CM,,,,arena:jun20lta
,blitzcopter,NM,,,,arena:jun20lta
,Lastpartisan,GM,,,,arena:jun20lta
,elliotchess1,IM,,,,arena:jun20lta
,leochess67,CM,,,,arena:jun20lta
,avantage_ru,GM,,,,arena:jun20lta
,mariaesthergranados,WIM,,,,arena:jun20lta
,StormMan67,CM,,,,arena:jun20lta
,Viktoriya1,WIM,,,,arena:jun20lta
,Podrebo,FM,,,,arena:jun20lta
,leon2807,IM,,,,arena:jun20lta
,Zorbos,FM,,,,arena:jun20lta
,Mubi,CM,,,,arena:jun20lta
,KennediKen,WIM,,,,arena:jun20lta
,arpitachess,WIM,,,,arena:jun20lta
,GMadly,GM,,,,arena:jun20lta
,charmgame,GM,,,,arena:jun20lta
,Rikikits,GM,,,,arena:jun20lta
,KuzubovY,GM,,,,arena:jun20lta
,SpiderMoves,IM,,,,arena:jun20lta
,FightYourself,GM,,,,arena:jun20lta
,lyaguwka_kvakuwka,IM,,,,arena:jun20lta
,GMJOEY93,GM,,,,arena:jun20lta
,nrvisakh,GM,,,,arena:jun20lta
,Moksh16,IM,,,,arena:jun20lta
,Molt7n,GM,,,,arena:jun20lta
,tactinhos2900,FM,,,,arena:jun20lta
,Mrios,FM,,,,arena:jun20lta
,dinesh501,IM,,,,arena:jun20lta
,Tich0ndrius,FM,,,,arena:jun20lta
,Tashik,GM,,,,arena:jun20lta
,Cazulo97,FM,,,,arena:jun20lta
,JorgeTobar01,CM,,,,arena:jun20lta
,GaboSalazar,FM,,,,arena:jun20lta
,dr_crypt,IM,,,,arena:jun20lta
,Snappppp,NM,,,,arena:jun20lta
,grihabandi,IM,,,,arena:jun20lta
,volodja49,GM,,,,arena:jun20lta
,SGabor89,FM,,,,arena:jun20lta
,MFIgorCadilhac,FM,,,,arena:jun20lta
,BHARATH_SUBRAMANIYAM,GM,,,,arena:jun20lta
,Cisterciense,CM,,,,arena:jun20lta
,superior2017,NM,,,,arena:jun20lta
,jpiceman,NM,,,,arena:jun20lta
,The-cookie-monster,FM,,,,arena:jun20lta
,hectorluis2019,FM,,,,arena:jun20lta
,chessbia,WIM,,,,arena:jun20lta
,Kholmirzaev,FM,,,,arena:jun20lta
,mightyzing,IM,,,,arena:jun20lta
,lgsalazar94,FM,,,,arena:jun20lta
,Rachees,WFM,,,,arena:jun20lta
,rovbar,CM,,,,arena:jun20lta
,asjen,WIM,,,,arena:jun20lta
,Arisha_Kiseleva,WCM,,,,arena:jun20lta
,Vagoff,CM,,,,arena:jun20lta
,EXCELADDIKT,FM,,,,arena:jun20lta
,rodionolya,WIM,,,,arena:jun20lta
,AnEnd93,WFM,,,,arena:jun20lta
,Papillon64,IM,,,,arena:jun20lta
,AZ3000,WFM,,,,arena:jun20lta
,agripina1996,WFM,,,,arena:jun20lta
,keshav27,CM,,,,arena:jun20lta
,Briseyda,WCM,,,,arena:jun20lta
,youssefelghazali,IM,,,,arena:jun20lta
,nocnypako,IM,,,,arena:jun20lta
,JakeDarmanin,CM,,,,arena:jun20lta
,Sparta299,GM,,,,arena:960jun20
,Moose959,GM,,,,arena:960jun20
,ledinavelosipede,GM,,,,arena:960jun20
,jonasbjerre,GM,,,,arena:960jun20
,medela2019,GM,,,,arena:960jun20
,akitalover,GM,,,,arena:960jun20
,BIG_Pirate,NM,,,,arena:960jun20
,DJ_Haubi,GM,,,,arena:960jun20
,to_be_decided,IM,,,,arena:960jun20
,Barys74,GM,,,,arena:960jun20
,ahmadzada13,IM,,,,arena:960jun20
,gunnermuri11,GM,,,,arena:960jun20
,gmadham,GM,,,,arena:960jun20
,panpeter365,NM,,,,arena:960jun20
,ok1975,GM,,,,arena:960jun20
,bubeng01,IM,,,,arena:960jun20
,MrOlka,GM,,,,arena:960jun20
,zyxon,FM,,,,arena:960jun20
,RaphaeI,GM,,,,arena:960jun20
,MelanieBrinkhaltes,GM,,,,arena:960jun20
,rotaberg,IM,,,,arena:960jun20
,Nemo101,GM,,,,arena:960jun20
,Regalo,WGM,,,,arena:960jun20
,Srinath_rao,IM,,,,arena:960jun20
,Artusha29,GM,,,,arena:960jun20
,Tilicheev_Viacheslav,GM,,,,arena:960jun20
,tufferguy,NM,,,,arena:960jun20
,MoonlighT89,IM,,,,arena:960jun20
,nicoderboss24,FM,,,,arena:960jun20
,ersankuneri1980,IM,,,,arena:960jun20
,Ginger64,NM,,,,arena:960jun20
,BridgeAndChess,FM,,,,arena:960jun20
,mbodek,IM,,,,arena:960jun20
,Rosemoon9999,WIM,,,,arena:960jun20
,Rakhmanov_Aleksandr,GM,,,,arena:960jun20
,h-bar,FM,,,,arena:960jun20
,Agontuk,GM,,,,arena:960jun20
,xaoc88,IM,,,,arena:960jun20
,Cafeschopenhauer,FM,,,,arena:960jun20
,dragan961,IM,,,,arena:960jun20
,Floman,CM,,,,arena:960jun20
,roberto835877,IM,,,,arena:960jun20
,abricot,IM,,,,arena:960jun20
,Aki_2001,IM,,,,arena:960jun20
,Garrincha1,FM,,,,arena:960jun20
,Nygren,CM,,,,arena:960jun20
,Mokaz,WGM,,,,arena:960jun20
,maestro_coach,IM,,,,arena:960jun20
,PArnaudov,GM,,,,arena:960jun20
,Tigerberry,IM,,,,arena:960jun20
,Odnoobraz,IM,,,,arena:960jun20
,liverpool174,FM,,,,arena:960jun20
,Wermeland,FM,,,,arena:960jun20
,ultrahunter,NM,,,,arena:960jun20
,baslyabaslya,IM,,,,arena:960jun20
,AnahiEduarda,WIM,,,,arena:960jun20
,Pa333cija,WFM,,,,arena:960jun20
,Progress27,CM,,,,arena:960jun20
,Mbneu,FM,,,,arena:960jun20
,isainz,NM,,,,arena:960jun20
,sestremera,IM,,,,arena:960jun20
,cldng,NM,,,,arena:960jun20
,blobica,IM,,,,arena:960jun20
,jonynakamura,CM,,,,arena:960jun20
,Chessfrois,CM,,,,arena:960jun20
,YODITA,FM,,,,arena:960jun20
,ibtihalmohammed24,WCM,,,,arena:960jun20
,LittlePeasant,GM,,,,arena:960jun20
,Chess4always,WFM,,,,arena:960jun20
,Ubiennykh_Ekaterina,WIM,,,,arena:960jun20
,Velis_23,IM,,,,arena:960jun20
,Leya__G,WGM,,,,arena:960jun20
,PetrKostenko,GM,,,,arena:960jun20
,matols1992,WIM,,,,arena:960jun20
,Melia-S,IM,,,,arena:960jun20
,catC,NM,,,,arena:960jun20
,AVIGDOR1,GM,,,,arena:960jun20
,lindenice,FM,,,,arena:960jun20
,salemyahi,CM,,,,arena:960jun20
,Sergejs,FM,,,,arena:960jun20
,ventdelest,CM,,,,arena:960jun20
,Grey_parrot,GM,,,,arena:jul20lta
,Like_a_Gin,GM,,,,arena:jul20lta
,Maltinho,IM,,,,arena:jul20lta
,Harsha_bharathakoti,GM,,,,arena:jul20lta
,chessiandoceo,GM,,,,arena:jul20lta
,Tele-ka,IM,,,,arena:jul20lta
,ENajer,GM,,,,arena:jul20lta
,admichael,FM,,,,arena:jul20lta
,NoFastDraw,IM,,,,arena:jul20lta
,chesswithmra,IM,,,,arena:jul20lta
,Smirnov_Pavel,GM,,,,arena:jul20lta
,Sock_of_Fate,WCM,,,,arena:jul20lta
,filmer75,FM,,,,arena:jul20lta
,ClassPlayer04,CM,,,,arena:jul20lta
,HelgiGretarsson,GM,,,,arena:jul20lta
,Hovik7,GM,,,,arena:jul20lta
,Mario_Zagallo,GM,,,,arena:jul20lta
,Chess_Horse,CM,,,,arena:jul20lta
,PurpleAvocado,IM,,,,arena:jul20lta
,ssllaavvaass,IM,,,,arena:jul20lta
,ChSalas,FM,,,,arena:jul20lta
,PabloTapie,FM,,,,arena:jul20lta
,leochecker,IM,,,,arena:jul20lta
,killer311,IM,,,,arena:jul20lta
,Dima_Pushkin,FM,,,,arena:jul20lta
,omer1997,IM,,,,arena:jul20lta
,Gamextreme,CM,,,,arena:jul20lta
,imblue00,FM,,,,arena:jul20lta
,sanshiro,CM,,,,arena:jul20lta
,Fluke180,FM,,,,arena:jul20lta
,Kenig_chess,FM,,,,arena:jul20lta
,Ural_bogatyr,IM,,,,arena:jul20lta
,rightitsrafa,IM,,,,arena:jul20lta
,qscrgn,FM,,,,arena:jul20lta
,martas28,FM,,,,arena:jul20lta
,UmarovSabir,IM,,,,arena:jul20lta
,Gnkara07,WCM,,,,arena:jul20lta
,DEadpoOlShIkAmarU,CM,,,,arena:jul20lta
,SmoothAsAHedgehog,IM,,,,arena:jul20lta
,Bamboccione,FM,,,,arena:jul20lta
,strawberry11,WIM,,,,arena:jul20lta
,lamorocha,FM,,,,arena:jul20lta
,Ashiev_Eduard,FM,,,,arena:jul20lta
,Kasandra123,WFM,,,,arena:jul20lta
,GuadalupeBesso,WIM,,,,arena:jul20lta
,Burberry,FM,,,,arena:jul20lta
,JRenatoMaranhao,NM,,,,arena:jul20lta
,hansontwitch,GM,,,,arena:jul20lta
,Kholin_Sasha,FM,,,,arena:jul20lta
,MarceloPlaya,IM,,,,arena:jul20lta
,Kudlatiypes,GM,,,,arena:jul20lta
,Agibileg,IM,,,,arena:jul20lta
,IsogonalConjugate314,NM,,,,arena:jul20lta
,Zug88,FM,,,,arena:jul20lta
,SpeedMonkey,IM,,,,arena:jul20lta
,qaswara1977,FM,,,,arena:jul20lta
,MasterChessDojo,NM,,,,arena:jul20lta
,quetepasa,FM,,,,arena:jul20lta
,nitrogenonline,WIM,,,,arena:jul20lta
,bluegalaxy4,NM,,,,arena:jul20lta
,KaanC,CM,,,,arena:jul20lta
,ItalianMachine,NM,,,,arena:jul20lta
,pfprego,FM,,,,arena:jul20lta
,walchess,NM,,,,arena:jul20lta
,ClassyKnightMoves,NM,,,,arena:jul20lta
,karsligalip,NM,,,,arena:jul20lta
,Ruchess27,WIM,,,,arena:jul20lta
,Ekaterina_Borisova,FM,,,,arena:jul20lta
,Pyphax,FM,,,,arena:jul20lta
,PrettyPrincess2002,GM,,,,arena:jul20lta
,Vanya_004,FM,,,,arena:jul20lta
,Zablotsky,GM,,,,arena:jul20lta
,habasila,IM,,,,arena:jul20lta
,Lioni26,IM,,,,arena:jul20lta
,jarming,FM,,,,arena:jul20lta
,Naruto_2020,IM,,,,arena:jul20lta
,Musica_Bakh,CM,,,,arena:jul20lta
,Ichatdll,FM,,,,arena:jul20lta
,VitorBronson,NM,,,,arena:jul20lta
,elsas,FM,,,,arena:jul20lta
,Marohzevich,NM,,,,arena:jul20lta
,Jazzyjef,FM,,,,arena:jul20lta
,kemonito,CM,,,,arena:jul20lta
,Manuel_Ochoa,FM,,,,arena:jul20lta
,DrCrashBandicoot,CM,,,,arena:jul20lta
,Superkiriks777,IM,,,,arena:jul20lta
,Sultanjr,IM,,,,arena:jul20lta
,MihaiG,IM,,,,arena:jul20lta
,vladvg1972,NM,,,,arena:jul20lta
,MassiNas,FM,,,,arena:jul20lta
,shantus,NM,,,,arena:jul20lta
,omakase_the_betta,FM,,,,arena:jul20lta
,inear-gold,WNM,,,,arena:jul20lta
,Covid_Killer,NM,,,,arena:jul20lta
,passiwitz,IM,,,,arena:jul20lta
,Ivyblue,WGM,,,,arena:jul20lta
,EnDsOnLiMaRR,CM,,,,arena:jul20lta
,buenafe,FM,,,,arena:jul20lta
,realandante,FM,,,,arena:jul20lta
,championsss2019,WFM,,,,arena:jul20lta
,UB_TheQueen,NM,,,,arena:jul20lta
,lalohg,FM,,,,arena:jul20lta
,GhengisClown,FM,,,,arena:jul20lta
,chessfrendz,IM,,,,arena:jul20lta
,tilsiav,WIM,,,,arena:jul20lta
,AlvaroHalay,IM,,,,arena:jul20lta
,trICKYsim12,CM,,,,arena:jul20lta
,AlexandreRN36,NM,,,,arena:jul20lta
,LREstevezP,FM,,,,arena:jul20lta
,Herracek,IM,,,,arena:jul20lta
,walijah,WCM,,,,arena:jul20lta
,murder_bot,NM,,,,arena:jul20lta
,tapu21,IM,,,,arena:jul20lta
,chessthapa,CM,,,,arena:jul20lta
,Anjas_Novita-IM,IM,,,,arena:jul20lta
,Anastasia_Bykova,WFM,,,,arena:jul20lta
,MGRookie,IM,,,,arena:jul20lta
,UzbekTiger63,GM,,,,arena:aug20lta
,Artem_Sadovsky,IM,,,,arena:aug20lta
,MikeGScarn,GM,,,,arena:aug20lta
,Ferrum89,GM,,,,arena:aug20lta
,Bubacik,GM,,,,arena:aug20lta
,Arman_Hayrapetyan,IM,,,,arena:aug20lta
,vpsetter,FM,,,,arena:aug20lta
,Gvetadze,IM,,,,arena:aug20lta
,NguyenDucHoa,GM,,,,arena:aug20lta
,chigorin28,CM,,,,arena:aug20lta
,Barrsik007,IM,,,,arena:aug20lta
,P--H--I--L--O--U,FM,,,,arena:aug20lta
,Chesspirate_Channel,NM,,,,arena:aug20lta
,Lil_D,WIM,,,,arena:aug20lta
,Alambique_veloz,IM,,,,arena:aug20lta
,Jhezz02,FM,,,,arena:aug20lta
,Efremov_Vlad,FM,,,,arena:aug20lta
,cheetah1900,FM,,,,arena:aug20lta
,CheKarloz,NM,,,,arena:aug20lta
,Dannyyi,FM,,,,arena:aug20lta
,LiamPutnam2008,IM,,,,arena:aug20lta
,Anachess2182,WFM,,,,arena:aug20lta
,Yeron,IM,,,,arena:aug20lta
,THEFRANKENSTEIN,IM,,,,arena:aug20lta
,ivanoob,FM,,,,arena:aug20lta
,Garry_Kasparob,FM,,,,arena:aug20lta
,muzilandia,WIM,,,,arena:aug20lta
,gZenith,CM,,,,arena:aug20lta
,the2016willbemine,FM,,,,arena:aug20lta
,moningmyrtle,NM,,,,arena:aug20lta
,majarimx,CM,,,,arena:aug20lta
,Batchuluun_Tsegmed,GM,,,,arena:aug20lta
,Rachel2070,WIM,,,,arena:aug20lta
,ChesSniper2000,FM,,,,arena:aug20lta
,Alenee,IM,,,,arena:aug20lta
,ChainsOfFantasia,IM,,,,arena:aug20lta
,TheCountt,GM,,,,arena:aug20lta
,srm1,FM,,,,arena:aug20lta
,markov_m,IM,,,,arena:aug20lta
,natelleka,WFM,,,,arena:aug20lta
,AlvGarciaA,FM,,,,arena:aug20lta
,khayala_13,WGM,,,,arena:aug20lta
,rhinoceros2015,IM,,,,arena:aug20lta
,ThierryBaudet,FM,,,,arena:aug20lta
,ferch1n1,FM,,,,arena:aug20lta
,IvanMarinkovic,IM,,,,arena:aug20lta
,purzelbaumer,IM,,,,arena:aug20lta
,Kuq-e-zi,FM,,,,arena:aug20lta
,Deepest,FM,,,,arena:aug20lta
,samssky,FM,,,,arena:aug20lta
,PakMaster,FM,,,,arena:aug20lta
,Mark_Paragua,GM,,,,arena:aug20lta
,EDGARDZANETTE,NM,,,,arena:aug20lta
,juan_e_medina_CAQ,CM,,,,arena:aug20lta
,Patagonico2020,CM,,,,arena:aug20lta
,Rossinantes,FM,,,,arena:aug20lta
,Maxim_Zhukov,FM,,,,arena:aug20lta
,FedaMaster,FM,,,,arena:aug20lta
,CristhianC92,GM,,,,arena:aug20lta
,Z__chess,NM,,,,arena:aug20lta
,TioCridineno,NM,,,,arena:aug20lta
,artemis2007,WCM,,,,arena:aug20lta
,Monkey_King,IM,,,,arena:aug20lta
,etopak,FM,,,,arena:aug20lta
,DizzasterFritz,GM,,,,arena:aug20lta
,Disturbed01,FM,,,,arena:aug20lta
,German_Bazeev,FM,,,,arena:aug20lta
,effefe,WIM,,,,arena:aug20lta
,ErnesticoCuba,FM,,,,arena:aug20lta
,TheExcalibur,FM,,,,arena:aug20lta
,Darry_Bernardo25,NM,,,,arena:aug20lta
,TackoFall,IM,,,,arena:aug20lta
,alina0220,FM,,,,arena:aug20lta
,Jethro07,IM,,,,arena:aug20lta
,Juve2020,FM,,,,arena:aug20lta
,supergelo12,IM,,,,arena:aug20lta
,amrsobh,IM,,,,arena:aug20lta
,Samandar04,FM,,,,arena:aug20lta
,Saraswathii,WFM,,,,arena:aug20lta
,kochichess,FM,,,,arena:aug20lta
,Pavalamalli,WGM,,,,arena:aug20lta
,MarcoZaror,NM,,,,arena:aug20lta
,inegrepus,CM,,,,arena:aug20lta
,samrat300,FM,,,,arena:aug20lta
,Georgihno,CM,,,,arena:aug20lta
,carangelmx,CM,,,,arena:aug20lta
,purepecha1,FM,,,,arena:aug20lta
,orlovachess,WCM,,,,arena:aug20lta
,fabsylla,WFM,,,,arena:aug20lta
,HarryHotspur,FM,,,,arena:aug20lta
,niksunstar,FM,,,,arena:aug20lta
,AntonSmirnov01,GM,,,,arena:aug20lta
,ZodabwitsaIM,IM,,,,arena:sep20lta
,Sergoy45,GM,,,,arena:sep20lta
,LastGladiator2,GM,,,,arena:sep20lta
,Real-boy,GM,,,,arena:sep20lta
,Boris_Soltis,FM,,,,arena:sep20lta
,Faceless_Trickster,GM,,,,arena:sep20lta
,gus_fring,CM,,,,arena:sep20lta
,Kazan28,GM,,,,arena:sep20lta
,Arfan48,FM,,,,arena:sep20lta
,Dinamo81,IM,,,,arena:sep20lta
,DraganSolak,GM,,,,arena:sep20lta
,geordie,NM,,,,arena:sep20lta
,Jomajo,IM,,,,arena:sep20lta
,tigurones,IM,,,,arena:sep20lta
,Vostanin,FM,,,,arena:sep20lta
,Umumba,FM,,,,arena:sep20lta
,Cayden52,NM,,,,arena:sep20lta
,Nomin-Erdene_D,IM,,,,arena:sep20lta
,cafu2014,IM,,,,arena:sep20lta
,xkusagi,NM,,,,arena:sep20lta
,jethromy_morado,FM,,,,arena:sep20lta
,pekowitsch,IM,,,,arena:sep20lta
,ega2006,FM,,,,arena:sep20lta
,grantland,NM,,,,arena:sep20lta
,Black_Winter_Day,IM,,,,arena:sep20lta
,Stradivari17,FM,,,,arena:sep20lta
,Tenamu,WGM,,,,arena:sep20lta
,Arathorn2,IM,,,,arena:sep20lta
,elfioro,IM,,,,arena:sep20lta
,Bornforchess007,FM,,,,arena:sep20lta
,Pirulillo19,FM,,,,arena:sep20lta
,tiresias64,NM,,,,arena:sep20lta
,sid-al_1979,FM,,,,arena:sep20lta
,Jamorris94,IM,,,,arena:sep20lta
,Teentra,CM,,,,arena:sep20lta
,POLLOISRA,FM,,,,arena:sep20lta
,Garduno27_lobomx,CM,,,,arena:sep20lta
,VladaSviridova,WFM,,,,arena:sep20lta
,harunov,FM,,,,arena:sep20lta
,RussianTenor,FM,,,,arena:sep20lta
,UST_B,FM,,,,arena:sep20lta
,djamir,FM,,,,arena:sep20lta
,Albertstainit,FM,,,,arena:sep20lta
,andy_rekt,WGM,,,,arena:sep20lta
,rAgHaVvEnKaT,NM,,,,arena:sep20lta
,DefiantChair,FM,,,,arena:sep20lta
,RiddhiPatel,WCM,,,,arena:sep20lta
,khadijahqa,WFM,,,,arena:sep20lta
,BossGM,IM,,,,arena:sep20lta
,banane_verte,FM,,,,arena:sep20lta
,Saps_Sean,CM,,,,arena:sep20lta
,MarioDiaz02,FM,,,,arena:sep20lta
,eskeropouloss,FM,,,,arena:sep20lta
,TriniCupid,FM,,,,arena:sep20lta
,Blabla73,WGM,,,,arena:sep20lta
,onlychesss,FM,,,,arena:sep20lta
,pepechess1,CM,,,,arena:sep20lta
,Checkitas,WGM,,,,arena:sep20lta
,Nrufide,FM,,,,arena:sep20lta
,Fortminable1892,IM,,,,arena:sep20lta
,Sotico2020,FM,,,,arena:sep20lta
,Lomsa,GM,,,,arena:sep20lta
,Maksat-94,GM,,,,arena:sep20lta
,MFmauricioRamirez,FM,,,,arena:sep20lta
,M-LutfiAli,IM,,,,arena:sep20lta
,yuuki-asuna,CM,,,,arena:sep20lta
,miiran,FM,,,,arena:sep20lta
,barbosean,CM,,,,arena:sep20lta
,Denizcan61,NM,,,,arena:sep20lta
,Gonest1998,IM,,,,arena:sep20lta
,nanuka87,GM,,,,arena:sep20lta
,extremeLearner,FM,,,,arena:sep20lta
,Accjgm980523,IM,,,,arena:sep20lta
,odiaza,IM,,,,arena:sep20lta
,Dapsay,IM,,,,arena:sep20lta
,Lefleau,IM,,,,arena:sep20lta
,pollovsky,IM,,,,arena:sep20lta
,Philjr95,NM,,,,arena:sep20lta
,Nersisyan_Garnik,CM,,,,arena:sep20lta
,Calh3iros,NM,,,,arena:sep20lta
,Yeghiazaryan89,FM,,,,arena:sep20lta
,pisica12,FM,,,,arena:sep20lta
,FIRDAUSMAKSUM_FM,FM,,,,arena:sep20lta
,huachiminga,WFM,,,,arena:sep20lta
,SophieN,WIM,,,,arena:sep20lta
,Queen_07,WCM,,,,arena:sep20lta
,CALCMRGFM,FM,,,,arena:sep20lta
,AndresChessCusco,FM,,,,arena:sep20lta
,Kares8,FM,,,,arena:sep20lta
,C9C9C9C9C9,GM,,,,arena:oct20lta
,PipiInMyPampers,GM,,,,arena:oct20lta
,jackwemedge,IM,,,,arena:oct20lta
,Uzbek005,GM,,,,arena:oct20lta
,Loay23,IM,,,,arena:oct20lta
,LaMoleGuines,FM,,,,arena:oct20lta
,GreatDamnedRedSpot,NM,,,,arena:oct20lta
,jomarag,FM,,,,arena:oct20lta
,Watergun7,FM,,,,arena:oct20lta
,Rookie,IM,,,,arena:oct20lta
,Golubovsky_Max,FM,,,,arena:oct20lta
,Greefen,FM,,,,arena:oct20lta
,Wild_of_luck,CM,,,,arena:oct20lta
,killerm3000,GM,,,,arena:oct20lta
,Shaxevmat64,IM,,,,arena:oct20lta
,facu14101998,NM,,,,arena:oct20lta
,ShcufNaiRolf,FM,,,,arena:oct20lta
,mekoch,WGM,,,,arena:oct20lta
,imzchessacademy2020,CM,,,,arena:oct20lta
,MohammedElsayed,FM,,,,arena:oct20lta
,Genius_Revival,FM,,,,arena:oct20lta
,PoppingCheckmates,NM,,,,arena:oct20lta
,ASargsyan,IM,,,,arena:oct20lta
,Bwert,CM,,,,arena:oct20lta
,BahadirOzen,IM,,,,arena:oct20lta
,JKCM,NM,,,,arena:oct20lta
,alexkorn,IM,,,,arena:oct20lta
,Harut-1998,IM,,,,arena:oct20lta
,Derrotado,FM,,,,arena:oct20lta
,Shukh_Nikolay,IM,,,,arena:oct20lta
,fireanigirl,FM,,,,arena:oct20lta
,AVS2000,GM,,,,arena:oct20lta
,Shtemb22,GM,,,,arena:oct20lta
,niekeZpieczny91,FM,,,,arena:oct20lta
,iulikjulik86,IM,,,,arena:oct20lta
,SimonMkrtchyan,FM,,,,arena:oct20lta
,GCamachoMartinez,FM,,,,arena:oct20lta
,jeaniiiusk,WNM,,,,arena:oct20lta
,BurninggIce,CM,,,,arena:oct20lta
,Mannysen,IM,,,,arena:oct20lta
,joshiii876,FM,,,,arena:oct20lta
,Soledadense,NM,,,,arena:oct20lta
,destructora01,WFM,,,,arena:oct20lta
,indiana74,WIM,,,,arena:oct20lta
,Dalimonse,WFM,,,,arena:oct20lta
,SoyUnPony,WFM,,,,arena:oct20lta
,yobdc,GM,,,,arena:oct20lta
,Thej11,GM,,,,arena:oct20lta
,Ujevxejv,GM,,,,arena:oct20lta
,EOS37,WGM,,,,arena:oct20lta
,VocaturoDaniele,GM,,,,arena:960oct20
,LastOfTheMohicans_89,FM,,,,arena:960oct20
,coluichenontiaspetti,GM,,,,arena:960oct20
,Soltanici,IM,,,,arena:960oct20
,VMikhalevski,GM,,,,arena:960oct20
,ambaixador,FM,,,,arena:960oct20
,centellajajaja,FM,,,,arena:960oct20
,tucnak64,FM,,,,arena:960oct20
,Leo_Pecnik,FM,,,,arena:960oct20
,shak-tank,FM,,,,arena:960oct20
,mathapples,FM,,,,arena:960oct20
,LEV2310,IM,,,,arena:960oct20
,Tintirito,GM,,,,arena:960oct20
,KeyzerSose,GM,,,,arena:960oct20
,AdamTaylor2301,IM,,,,arena:960oct20
,maracayo,IM,,,,arena:960oct20
,Horus31,CM,,,,arena:960oct20
,Lubov_Gordyk,WFM,,,,arena:960oct20
,TinyMinnow,NM,,,,arena:960oct20
,runittwice,GM,,,,arena:960oct20
,ArnoldEssing,FM,,,,arena:960oct20
,TreinadorBR,CM,,,,arena:960oct20
,Nesty_Javi_Chess,IM,,,,arena:960oct20
,cyryd,FM,,,,arena:960oct20
,Ersahin,CM,,,,arena:960oct20
,chaijmait,CM,,,,arena:960oct20
,virapo,FM,,,,arena:960oct20
,ShantiNurAbidahWIM,WIM,,,,arena:960oct20
,IMcoach,IM,,,,arena:960oct20
,pjorge33,NM,,,,arena:960oct20
,BUITRONGHAO,FM,,,,arena:960oct20
,AgileSloth,GM,,,,arena:960oct20
,querencia,IM,,,,arena:960oct20
,MrSmile77,CM,,,,arena:960oct20
,KaiyrbekovRustam010,IM,,,,arena:960oct20
,NazerkeNurgali_WIM,WIM,,,,arena:960oct20
,zajka-molotok,IM,,,,arena:960oct20
,Thorfinnsson,IM,,,,arena:960oct20
,Dragonjoo,CM,,,,arena:960oct20
,Gabdrakhmanov_Azat,FM,,,,arena:960oct20
,Ambushtactics,CM,,,,arena:960oct20
,chalowey97,CM,,,,arena:960oct20
,MATAGORDO,IM,,,,arena:960oct20
,futurocampeon,NM,,,,arena:960oct20
,Cruel_Yaro,GM,,,,arena:960oct20
,Wild-King91,GM,,,,arena:nov20lta
,ChermanTrawz,GM,,,,arena:nov20lta
,Rud_Makarian,IM,,,,arena:nov20lta
,AnishOnYoutube,GM,,,,arena:nov20lta
,Meskenas,GM,,,,arena:nov20lta
,Chesswomen123,WFM,,,,arena:nov20lta
,Stein55,IM,,,,arena:nov20lta
,ukchessbomber,CM,,,,arena:nov20lta
,Kovalchuk94,FM,,,,arena:nov20lta
,TrispiosReturns,FM,,,,arena:nov20lta
,Buscapina,FM,,,,arena:nov20lta
,harsha15,IM,,,,arena:nov20lta
,Henry_Onyekuru_21,CM,,,,arena:nov20lta
,lorci49,IM,,,,arena:nov20lta
,Trankuilizer,GM,,,,arena:nov20lta
,Eloist,FM,,,,arena:nov20lta
,kreonx,FM,,,,arena:nov20lta
,HackingKid98,IM,,,,arena:nov20lta
,Pawel_Chess_Coach,IM,,,,arena:nov20lta
,alberto99,IM,,,,arena:nov20lta
,Tendency,WIM,,,,arena:nov20lta
,kednanie,CM,,,,arena:nov20lta
,paleraven,FM,,,,arena:nov20lta
,blundermary,WFM,,,,arena:nov20lta
,patlayacakmisir,WFM,,,,arena:nov20lta
,Airopito2020,FM,,,,arena:nov20lta
,kassablanca,IM,,,,arena:nov20lta
,Mrjoeyg,GM,,,,arena:nov20lta
,Cresswell,FM,,,,arena:nov20lta
,Alejandropacheco29,CM,,,,arena:nov20lta
,Pliukha_Mikhail,NM,,,,arena:nov20lta
,LHP_SOUSA,CM,,,,arena:nov20lta
,A444cdef,IM,,,,arena:nov20lta
,Quesigaelquepase,IM,,,,arena:nov20lta
,Agronom6428,IM,,,,arena:nov20lta
,Davor_Rogic,GM,,,,arena:nov20lta
,Konek_Gorbunok,FM,,,,arena:nov20lta
,OmerAdams,FM,,,,arena:nov20lta
,Tuatara2020,CM,,,,arena:nov20lta
,fr_callejas,FM,,,,arena:nov20lta
,Daniel1999,FM,,,,arena:nov20lta
,gvzade,IM,,,,arena:nov20lta
,MasterAssasin123,GM,,,,arena:nov20lta
,EmotiChess,IM,,,,arena:nov20lta
,buddhibalcoach,WFM,,,,arena:nov20lta
,Millionaire_19,FM,,,,arena:nov20lta
,Artem_0degov,FM,,,,arena:nov20lta
,Krestik,WFM,,,,arena:nov20lta
,Nahun_Gavarrete,FM,,,,arena:nov20lta
,real64squares,NM,,,,arena:nov20lta
,EnergeticHay05,NM,,,,arena:nov20lta
,dettolwch,WIM,,,,arena:nov20lta
,oanda,IM,,,,arena:nov20lta
,may4black,WCM,,,,arena:nov20lta
,kukola,WCM,,,,arena:nov20lta
,salim2017,CM,,,,arena:nov20lta
,amchamp2000,FM,,,,arena:nov20lta
,Schachtrainer-Schuh,IM,,,,arena:nov20lta
,Catmilk,WIM,,,,arena:nov20lta
,stumpspice,GM,,,,arena:nov20lta
,Pavelkost87,FM,,,,arena:nov20lta
,chessknowledge,WFM,,,,arena:nov20lta
,Azerichessss,GM,,,,arena:dec20lta
,Skillcam,CM,,,,arena:dec20lta
,gviruoysbet,GM,,,,arena:dec20lta
,SuperJesus88,IM,,,,arena:dec20lta
,biggerchess,GM,,,,arena:dec20lta
,Vasily_Malyshev,IM,,,,arena:dec20lta
,WB2019,IM,,,,arena:dec20lta
,Kiezking,FM,,,,arena:dec20lta
,Leo_C,FM,,,,arena:dec20lta
,Grammnik,FM,,,,arena:dec20lta
,Axf7,NM,,,,arena:dec20lta
,GHANE2020,GM,,,,arena:dec20lta
,noggis,NM,,,,arena:dec20lta
,Butlerpigeon99,IM,,,,arena:dec20lta
,makeareason,FM,,,,arena:dec20lta
,pergell,FM,,,,arena:dec20lta
,Larciano,WFM,,,,arena:dec20lta
,Levallem,FM,,,,arena:dec20lta
,kofte,FM,,,,arena:dec20lta
,Didici12,GM,,,,arena:dec20lta
,Dynamikus,GM,,,,arena:dec20lta
,zinebdinaabdi,WIM,,,,arena:dec20lta
,Niccless,IM,,,,arena:dec20lta
,mmaiti,NM,,,,arena:dec20lta
,alms,CM,,,,arena:dec20lta
,riri1,CM,,,,arena:dec20lta
,hollywood_chess,NM,,,,arena:dec20lta
,Orlov_Oleg,FM,,,,arena:dec20lta
,Lukianoo,GM,,,,arena:dec20lta
,Munkhgal_Gombosuren,GM,,,,arena:dec20lta
,McManow,NM,,,,arena:dec20lta
,Elyon2000,FM,,,,arena:dec20lta
,Cofi7,FM,,,,arena:dec20lta
,kleopl81,NM,,,,arena:dec20lta
,ZugZwangTR,NM,,,,arena:dec20lta
,Kcnock2004,IM,,,,arena:dec20lta
,Akilachess,CM,,,,arena:dec20lta
,lekoSMA,NM,,,,arena:dec20lta
,ajaypsbb,IM,,,,arena:dec20lta
,mikaSINski,FM,,,,arena:dec20lta
,vishy64theking,CM,,,,arena:dec20lta
,comsac,NM,,,,arena:dec20lta
,rachidhuilda,CM,,,,arena:dec20lta
,CarlosGodoy,CM,,,,arena:dec20lta
,fussi,FM,,,,arena:dec20lta
,Matesote,FM,,,,arena:dec20lta
,coco_cr,NM,,,,arena:dec20lta
,Viki579,WCM,,,,arena:dec20lta
,ajgreen,NM,,,,arena:dec20lta
,unknown-maestro_2450,IM,,,,arena:jan21lta
,mazetofonias,FM,,,,arena:jan21lta
,gpel,IM,,,,arena:jan21lta
,ajedrez11,FM,,,,arena:jan21lta
,nightfox,NM,,,,arena:jan21lta
,Vladislav89,FM,,,,arena:jan21lta
,anonymus_123,IM,,,,arena:jan21lta
,FromCMtoGM,FM,,,,arena:jan21lta
,NoGoaloKente,FM,,,,arena:jan21lta
,victor222244,IM,,,,arena:jan21lta
,Lynxinner,IM,,,,arena:jan21lta
,cucumber4,CM,,,,arena:jan21lta
,Romanator123,NM,,,,arena:jan21lta
,jonashacker1,IM,,,,arena:jan21lta
,Arnold-2005,IM,,,,arena:jan21lta
,Nikolakis2014,GM,,,,arena:jan21lta
,Minoli,GM,,,,arena:jan21lta
,juancruzariasTDF,FM,,,,arena:jan21lta
,fmewert,FM,,,,arena:jan21lta
,mamontoboy,WCM,,,,arena:jan21lta
,Verrra,NM,,,,arena:jan21lta
,kartoGM,IM,,,,arena:jan21lta
,JosephTruelsonRAR,NM,,,,arena:jan21lta
,anasta10,WIM,,,,arena:jan21lta
,alawwyaka,CM,,,,arena:jan21lta
,refresher,FM,,,,arena:jan21lta
,V_Tovmasian,IM,,,,arena:jan21lta
,InterestingPlay,FM,,,,arena:jan21lta
,grishanya88,WGM,,,,arena:jan21lta
,A-S-00,WIM,,,,arena:jan21lta
,zeldol,WFM,,,,arena:jan21lta
,paintgirl,WFM,,,,arena:jan21lta
,FallenChessKnights,GM,,,,arena:jan21lta
,Sultai,CM,,,,arena:jan21lta
,Prniiian_ghomi,WCM,,,,arena:jan21lta
,Bengalas88,IM,,,,arena:jan21lta
,Boudicca64,WIM,,,,arena:jan21lta
,Brookway,CM,,,,arena:jan21lta
,DrBendeguz,CM,,,,arena:jan21lta
,kaffrchik,FM,,,,arena:jan21lta
,theKittycat,IM,,,,arena:jan21lta
,Poubelle,CM,,,,arena:jan21lta
,Aisha_zakirova,WCM,,,,arena:jan21lta
,Berettar,CM,,,,arena:jan21lta
,SULIKMASTER,CM,,,,arena:jan21lta
,MasterTol,CM,,,,arena:jan21lta
,WildCactus,WFM,,,,arena:jan21lta
,Margarita2006,WFM,,,,arena:jan21lta
,youngcapablanca,GM,,,,arena:jan21lta
,BraveHeartIndian,IM,,,,arena:jan21lta
,CoachRoelAbelgas,FM,,,,arena:jan21lta
,Khusenkhojaev,IM,,,,arena:jan21lta
,Diaschess88,FM,,,,arena:jan21lta
,MaurizioBrancaleoni,FM,,,,arena:jan21lta
,Oliver_Cromvel,FM,,,,arena:jan21lta
,lopatka1234,FM,,,,arena:jan21lta
,chessuriel,CM,,,,arena:jan21lta
,Samjrao,CM,,,,arena:jan21lta
,BashirliSaadat,WCM,,,,arena:jan21lta
,The_Pearl_Princess,WCM,,,,arena:jan21lta
,tigress123,WIM,,,,arena:jan21lta
,AghasiyevaFidan,WIM,,,,arena:jan21lta
,TerRod,WGM,,,,arena:jan21lta
,HLeyva,IM,,,,arena:jan21lta
,Mohammadian75,FM,,,,arena:jan21lta
,Durarbayli,GM,,,,arena:feb21lta
,titan00013,GM,,,,arena:feb21lta
,CheeseMuffin,IM,,,,arena:feb21lta
,Romanl88,IM,,,,arena:feb21lta
,superchess2002,GM,,,,arena:feb21lta
,papasi,IM,,,,arena:feb21lta
,RetiLangweiler,FM,,,,arena:feb21lta
,kalantaryan,IM,,,,arena:feb21lta
,Skakthor,IM,,,,arena:feb21lta
,Aisen_Mestnikov,FM,,,,arena:feb21lta
,JoySpaceman,CM,,,,arena:feb21lta
,Black_Knight,FM,,,,arena:feb21lta
,Dafnu,FM,,,,arena:feb21lta
,surefinewhatever,WFM,,,,arena:feb21lta
,tritarov1960,IM,,,,arena:feb21lta
,twitchlezgo,WFM,,,,arena:feb21lta
,liquormark,NM,,,,arena:feb21lta
,Thekingdoctor,FM,,,,arena:feb21lta
,Nikita_Shandrygin,FM,,,,arena:feb21lta
,Merian,FM,,,,arena:feb21lta
,PierrotDeCastelnau,GM,,,,arena:feb21lta
,ajedrez11b,CM,,,,arena:feb21lta
,datboyDsu,NM,,,,arena:feb21lta
,gammagramma,IM,,,,arena:feb21lta
,HelgeA,IM,,,,arena:feb21lta
,sisinyo7,WFM,,,,arena:feb21lta
,fmchesskid2,FM,,,,arena:feb21lta
,SevanB,IM,,,,arena:feb21lta
,captain-levi,FM,,,,arena:feb21lta
,jlandaw,FM,,,,arena:feb21lta
,Marc400,FM,,,,arena:feb21lta
,Quarantinemachine,FM,,,,arena:feb21lta
,DrVelja,GM,,,,arena:feb21lta
,QuesadillaGrande,FM,,,,arena:feb21lta
,dopolian,NM,,,,arena:feb21lta
,skoyen99,FM,,,,arena:feb21lta
,Gulenay,WFM,,,,arena:feb21lta
,Merlotty,WGM,,,,arena:feb21lta
,bernaguaro,FM,,,,arena:feb21lta
,MarcinMolenda,IM,,,,arena:feb21lta
,datway,NM,,,,arena:feb21lta
,Ramdon35000,NM,,,,arena:feb21lta
,Biglindba,IM,,,,arena:feb21lta
,Hey_Shrimp,IM,,,,arena:feb21lta
,BeTtA2004,FM,,,,arena:feb21lta
,nizko33,GM,,,,arena:960feb21
,Chepursias,GM,,,,arena:960feb21
,Oleg737373,FM,,,,arena:960feb21
,MichaelRichter,GM,,,,arena:960feb21
,Kozok,FM,,,,arena:960feb21
,elextranjero00,IM,,,,arena:960feb21
,monalize,IM,,,,arena:960feb21
,qqwow,NM,,,,arena:960feb21
,Jojo08,WFM,,,,arena:960feb21
,ThiesHeinemann,GM,,,,arena:960feb21
,malybalaganiarz,WIM,,,,arena:960feb21
,Mr65Mr65,FM,,,,arena:960feb21
,BoardDemon,IM,,,,arena:960feb21
,Nitratochess,GM,,,,arena:960feb21
,LagrangeEquation,IM,,,,arena:960feb21
,KurisuMakise,FM,,,,arena:960feb21
,chef26,FM,,,,arena:960feb21
,Pecevojvoda,IM,,,,arena:960feb21
,funeral_bureau,FM,,,,arena:960feb21
,buki23,IM,,,,arena:960feb21
,LaraCroft_1,WFM,,,,arena:960feb21
,Sailor1951,GM,,,,arena:960feb21
,Arnacman,FM,,,,arena:960feb21
,LuisMarini,IM,,,,arena:960feb21
,Annachess96,WIM,,,,arena:960feb21
,supertfc,IM,,,,arena:960feb21
,fmalexhdez,FM,,,,arena:960feb21
,arvids_andrejevs,CM,,,,arena:960feb21
,Southstream007,FM,,,,arena:960feb21
,Jcrossover,NM,,,,arena:960feb21
,Leon_Blanco,NM,,,,arena:960feb21
,marie135,WCM,,,,arena:960feb21
,champion64,WGM,,,,arena:960feb21
,viniciustine,FM,,,,arena:960feb21
,lEcillEjanE,NM,,,,arena:960feb21
,TalsApprentice,IM,,,,arena:960feb21
,ViktorN,FM,,,,arena:960feb21
,TokChess,FM,,,,arena:960feb21
,ZappBrannigan86,FM,,,,arena:960feb21
,Nachev777,FM,,,,arena:960feb21
,minikarpov,FM,,,,arena:960feb21
,nick_nisperos,NM,,,,arena:960feb21
,WanderingExplorer,FM,,,,arena:960feb21
,FMedtiv,FM,,,,arena:960feb21
,mnmassari,NM,,,,arena:960feb21
,abraadan,CM,,,,arena:960feb21
,fenil_shah95,IM,,,,arena:960feb21
,Mastropierov,FM,,,,arena:960feb21
,kandiladham,IM,,,,arena:960feb21
,Ilgiux,FM,,,,arena:960feb21
,junglebook1,GM,,,,arena:mar21lta
,jimakos,FM,,,,arena:mar21lta
,BrandonJacobson,GM,,,,arena:mar21lta
,baguliches,FM,,,,arena:mar21lta
,SF-46,IM,,,,arena:mar21lta
,Leon009,GM,,,,arena:mar21lta
,crusher64,IM,,,,arena:mar21lta
,santyaga2020,FM,,,,arena:mar21lta
,IsaacGarcia,FM,,,,arena:mar21lta
,Ch1llax,IM,,,,arena:mar21lta
,njskaras,NM,,,,arena:mar21lta
,Drunkenight,FM,,,,arena:mar21lta
,FasterPhanter,NM,,,,arena:mar21lta
,JordenvanForeest,GM,,,,arena:mar21lta
,enpassant128,FM,,,,arena:mar21lta
,AryaCross,IM,,,,arena:mar21lta
,SuttnaMike,FM,,,,arena:mar21lta
,chesslatte64,CM,,,,arena:mar21lta
,FleetWalker,NM,,,,arena:mar21lta
,Barracudych86,GM,,,,arena:mar21lta
,adnan_nn,FM,,,,arena:mar21lta
,LuisMCPSantos,IM,,,,arena:mar21lta
,jarnott,CM,,,,arena:mar21lta
,MTN2020,CM,,,,arena:mar21lta
,klimkoj,GM,,,,arena:mar21lta
,Jup78,FM,,,,arena:mar21lta
,DamageDoers,FM,,,,arena:mar21lta
,MasterJYR,CM,,,,arena:mar21lta
,ReinaldoR,CM,,,,arena:mar21lta
,Smirnov85,IM,,,,arena:mar21lta
,Ednsia,WFM,,,,arena:mar21lta
,LoneCypress,NM,,,,arena:mar21lta
,Gnechko_Ruslan,NM,,,,arena:mar21lta
,bibek_zhunussov,FM,,,,arena:mar21lta
,ccbx,FM,,,,arena:mar21lta
,superchthonic,FM,,,,arena:mar21lta
,Gui_tarchess,CM,,,,arena:mar21lta
,klampic,FM,,,,arena:mar21lta
,mezat,IM,,,,arena:mar21lta
,Minty0209,WFM,,,,arena:mar21lta
,ChessyClub,WNM,,,,arena:mar21lta
,Aaron_Whitney,NM,,,,arena:mar21lta
,SwitchTactics,FM,,,,arena:mar21lta
,username20,NM,,,,arena:mar21lta
,david_alex,CM,,,,arena:mar21lta
,rtdrtd67,NM,,,,arena:mar21lta
,shineatchess,IM,,,,arena:mar21lta
,AsanovTimur,IM,,,,arena:mar21lta
,Fermier1,CM,,,,arena:mar21lta
,Jules2021,WCM,,,,arena:mar21lta
,lupta_robin,IM,,,,arena:mar21lta
,JohnnyAnto,CM,,,,arena:mar21lta
,afarsek,GM,,,,arena:mar21lta
,DrGrekenstein,GM,,,,arena:apr21lta
,calm_and_ready,IM,,,,arena:apr21lta
,recapture,GM,,,,arena:apr21lta
,nfds,FM,,,,arena:apr21lta
,dmitrijiiiGM,FM,,,,arena:apr21lta
,LazyCat11,IM,,,,arena:apr21lta
,Patzel,IM,,,,arena:apr21lta
,mrataque,FM,,,,arena:apr21lta
,Barbikusz,WIM,,,,arena:apr21lta
,mauroampie,FM,,,,arena:apr21lta
,Eyesless18,GM,,,,arena:apr21lta
,gravereaper,GM,,,,arena:apr21lta
,juanchesst,IM,,,,arena:apr21lta
,franksa,FM,,,,arena:apr21lta
,getme-a-username,FM,,,,arena:apr21lta
,Din-don-dan,FM,,,,arena:apr21lta
,Attila76,FM,,,,arena:apr21lta
,CainMarko,FM,,,,arena:apr21lta
,BrutneySpears,CM,,,,arena:apr21lta
,Duochess,WFM,,,,arena:apr21lta
,gmroedor,CM,,,,arena:apr21lta
,OlgaGut,WIM,,,,arena:apr21lta
,GoValya,WGM,,,,arena:apr21lta
,SuryaYuanaSMN,NM,,,,arena:apr21lta
,Fischerev72,NM,,,,arena:apr21lta
,AAponte,CM,,,,arena:apr21lta
,GodDMuhammad,NM,,,,arena:apr21lta
,rdm89,FM,,,,arena:apr21lta
,Paulo_Dias,IM,,,,arena:apr21lta
,Ramyres,WFM,,,,arena:apr21lta
,Sergejs_Klimakovs,FM,,,,arena:apr21lta
,Olenahess,WIM,,,,arena:apr21lta
,DuccDuccDucc,FM,,,,arena:apr21lta
,ummi_fisabill,WIM,,,,arena:apr21lta
,haychesspoker,FM,,,,arena:apr21lta
,ebijo,FM,,,,arena:apr21lta
,chessplayer1964,NM,,,,arena:apr21lta
,Serendipity4Me,WFM,,,,arena:apr21lta
,chesskid111,IM,,,,arena:apr21lta
,Michelle7,WIM,,,,arena:apr21lta
,Azde,CM,,,,arena:apr21lta
,chika3000,CM,,,,arena:apr21lta
,MarveFleksnes,GM,,,,arena:apr21lta
,RonenHarZvi,GM,,,,arena:apr21lta
,ChessFromMars,IM,,,,arena:apr21lta
,DavidcabTOP9,FM,,,,arena:apr21lta
,imivangalic,IM,,,,arena:apr21lta
,sebastiano1908,FM,,,,arena:apr21lta
,ecwinslow,IM,,,,arena:apr21lta
,rkurayan,IM,,,,arena:apr21lta
,erka1118,FM,,,,arena:apr21lta
,viratTheRoss,CM,,,,arena:apr21lta
,Rasul_Musaev,FM,,,,arena:apr21lta
,MrKokoba,FM,,,,arena:apr21lta
,d-pawn,CM,,,,arena:apr21lta
,Fortitudine,NM,,,,arena:apr21lta
,tandaleo,FM,,,,arena:apr21lta
,Escudeyro,CM,,,,arena:apr21lta
,Janou,NM,,,,arena:apr21lta
,JThybo,GM,,,,arena:apr21lta
,eibanezt,FM,,,,arena:apr21lta
,antonio96,NM,,,,arena:apr21lta
,gerrygm,GM,,,,arena:apr21lta
,DianaDarchia,WGM,,,,arena:apr21lta
,LANCELOT_06,IM,,,,arena:may21lta
,sergiochess8383,GM,,,,arena:may21lta
,dariustanz,IM,,,,arena:may21lta
,Popovich2020,IM,,,,arena:may21lta
,Mostii,CM,,,,arena:may21lta
,fb_ruhrpottasylum,FM,,,,arena:may21lta
,ka1ser,NM,,,,arena:may21lta
,MisterBalck,NM,,,,arena:may21lta
,Chess-Tales,IM,,,,arena:may21lta
,IljinG,FM,,,,arena:may21lta
,martiand2,NM,,,,arena:may21lta
,georgestoleriu,FM,,,,arena:may21lta
,Babasss,FM,,,,arena:may21lta
,sandi_s,FM,,,,arena:may21lta
,chessprinciples03,FM,,,,arena:may21lta
,xAloneRebelx,FM,,,,arena:may21lta
,DuRo1988,FM,,,,arena:may21lta
,HaraldEtuna,FM,,,,arena:may21lta
,yfsmurf,IM,,,,arena:may21lta
,mac0504,IM,,,,arena:may21lta
,Samc12,CM,,,,arena:may21lta
,Drunkpawn2296,FM,,,,arena:may21lta
,jovenSuave,FM,,,,arena:may21lta
,Mals,FM,,,,arena:may21lta
,THDNiki,WCM,,,,arena:may21lta
,DomingosJunior2004,FM,,,,arena:may21lta
,jelmatos,GM,,,,arena:may21lta
,sawkito,CM,,,,arena:may21lta
,Iwasinelectrical,NM,,,,arena:may21lta
,Palacios-LLera,FM,,,,arena:may21lta
,Brrrrrrrr,GM,,,,arena:may21lta
,adnaPZg0,IM,,,,arena:may21lta
,Leon4rdo,GM,,,,arena:may21lta
,Archy17,FM,,,,arena:may21lta
,Punchableface,FM,,,,arena:may21lta
,LockdownchessTwitch,GM,,,,arena:may21lta
,random1004,NM,,,,arena:may21lta
,kostyayloyan,FM,,,,arena:may21lta
,NOELDelaCruz,FM,,,,arena:may21lta
,Matanzas67,IM,,,,arena:may21lta
,Rawnsdale,NM,,,,arena:may21lta
,Letapa_Lepako,IM,,,,arena:may21lta
,BreinerCorrea_UNMSM,FM,,,,arena:may21lta
,SiranAND,WIM,,,,arena:may21lta
,lagardeduroi007,FM,,,,arena:may21lta
,Spaccacuoree,CM,,,,arena:may21lta
,Campelo,NM,,,,arena:may21lta
,Marachris,WFM,,,,arena:may21lta
,eruge2020,FM,,,,arena:may21lta
,Pikachu999,FM,,,,arena:may21lta
,HakanErdogan,FM,,,,arena:may21lta
,Scarlet_dawn,FM,,,,arena:jun21lta
,Lady_Nika,WFM,,,,arena:jun21lta
,Matthew-Fishbein,NM,,,,arena:jun21lta
,Zuma2910,FM,,,,arena:jun21lta
,qeeqer,IM,,,,arena:jun21lta
,TrainToBusan,WFM,,,,arena:jun21lta
,Logmann72,IM,,,,arena:jun21lta
,MastacticaTeoria,CM,,,,arena:jun21lta
,affa19,GM,,,,arena:jun21lta
,azikom,GM,,,,arena:jun21lta
,allesgehtzubruch,FM,,,,arena:jun21lta
,chechereche,FM,,,,arena:jun21lta
,Rebecajf_17,WFM,,,,arena:jun21lta
,Paradoxxx1,FM,,,,arena:jun21lta
,UniofNorthLondon,CM,,,,arena:jun21lta
,Ahmdnjr12512,FM,,,,arena:jun21lta
,schmetzger,FM,,,,arena:jun21lta
,ellenzzi,WFM,,,,arena:jun21lta
,GeLoSterky,NM,,,,arena:jun21lta
,AlvinAlcala,NM,,,,arena:jun21lta
,FearlessKing64,CM,,,,arena:jun21lta
,abhijeet1610,GM,,,,arena:jun21lta
,ariosp,IM,,,,arena:jun21lta
,deathlyweapon2005,CM,,,,arena:jun21lta
,MariamJaniashvili,WFM,,,,arena:jun21lta
,soldadoCR06,FM,,,,arena:jun21lta
,RaahilMullick,IM,,,,arena:jun21lta
,Perligero,CM,,,,arena:jun21lta
,Stela28,WFM,,,,arena:jun21lta
,neslraCsungaM77,GM,,,,arena:960jun21
,R_Berzinsh,IM,,,,arena:960jun21
,TheBigGreek,IM,,,,arena:960jun21
,mrchess2013,GM,,,,arena:960jun21
,horacio59,FM,,,,arena:960jun21
,Satarsa4772,GM,,,,arena:960jun21
,Koukku,NM,,,,arena:960jun21
,e4onlye4,FM,,,,arena:960jun21
,molodoiataker,FM,,,,arena:960jun21
,LuisFSiles,FM,,,,arena:960jun21
,AjedrezHN,IM,,,,arena:960jun21
,RahmanAdel,FM,,,,arena:960jun21
,surreyking,CM,,,,arena:960jun21
,khubushka2007,IM,,,,arena:960jun21
,Overrated_Bum,NM,,,,arena:960jun21
,BenjaminBokTwitch,GM,,,,arena:960jun21
,Shalamberidze,IM,,,,arena:960jun21
,anemih,FM,,,,arena:960jun21
,Vandros59,FM,,,,arena:960jun21
,H-Aryanejad,FM,,,,arena:960jun21
,Nebula64,FM,,,,arena:960jun21
,MSK101,GM,,,,arena:960jun21
,Djager97,IM,,,,arena:960jun21
,itore,IM,,,,arena:960jun21
,ydkwia,NM,,,,arena:960jun21
,Bird_f4,FM,,,,arena:960jun21
,juandivc,CM,,,,arena:960jun21
,Gabi_G,IM,,,,arena:960jun21
,Fermin-Ajedrez,IM,,,,arena:960jun21
,GuilhermeDeola,NM,,,,arena:960jun21
,josefghng,FM,,,,arena:960jun21
,testviking,IM,,,,arena:960jun21
,sergitocuba,FM,,,,arena:960jun21
,guicar16,CM,,,,arena:960jun21
,Sekk2083,FM,,,,arena:960jun21
,Gatiloco77,FM,,,,arena:960jun21
,Antonio37220,FM,,,,arena:960jun21
,aljado59,NM,,,,arena:960jun21
,MiauCat,FM,,,,arena:960jun21
,Intoirrelevance,WCM,,,,arena:960jun21
,wateenellende,IM,,,,arena:jul21lta
,Yerba_on_the_Board,IM,,,,arena:jul21lta
,specialsunflower,NM,,,,arena:jul21lta
,Doppelbauer01,FM,,,,arena:jul21lta
,korbul,IM,,,,arena:jul21lta
,BraydonP,NM,,,,arena:jul21lta
,tahaozkan2007,FM,,,,arena:jul21lta
,rOI19,WIM,,,,arena:jul21lta
,Dark_Knight_Rises13,IM,,,,arena:jul21lta
,jesusmartinduque,IM,,,,arena:jul21lta
,Boydia-Sidi,FM,,,,arena:jul21lta
,ThinWhiteDuke20,IM,,,,arena:jul21lta
,Irina_Mikhaylova,WGM,,,,arena:jul21lta
,Fariasov,CM,,,,arena:jul21lta
,cristianogsouza,NM,,,,arena:jul21lta
,ksm2016,WNM,,,,arena:jul21lta
,michellopezabreu,FM,,,,arena:jul21lta
,Edgar_Karagyozyan,CM,,,,arena:jul21lta
,DrTango,FM,,,,arena:jul21lta
,Pevinya,WFM,,,,arena:jul21lta
,Dflach,CM,,,,arena:jul21lta
,NCMM,CM,,,,arena:jul21lta
,wang5ter,NM,,,,arena:jul21lta
,Shahaliyev,IM,,,,arena:jul21lta
,Vladimir_Bychkov,FM,,,,arena:jul21lta
,coachalexis,NM,,,,arena:jul21lta
,malkomilovich,CM,,,,arena:jul21lta
,LuisFlaquer,FM,,,,arena:jul21lta
,krasavchik96,CM,,,,arena:jul21lta
,sonson28291,FM,,,,arena:jul21lta
,artsportscience,CM,,,,arena:jul21lta
,Twelvedigits,GM,,,,arena:aug21lta
,jLmTik,NM,,,,arena:aug21lta
,Kombinattor01,FM,,,,arena:aug21lta
,GoughPhar,NM,,,,arena:aug21lta
,nihilistiq,NM,,,,arena:aug21lta
,namaganda,WFM,,,,arena:aug21lta
,bob_2004,FM,,,,arena:aug21lta
,Mashi2maro,IM,,,,arena:aug21lta
,ShavageShark,FM,,,,arena:aug21lta
,ilimchess,NM,,,,arena:aug21lta
,fighter2005,NM,,,,arena:aug21lta
,thaboelias1,CM,,,,arena:aug21lta
,Yerlan-Ra,FM,,,,arena:aug21lta
,Stilou,CM,,,,arena:aug21lta
,mightypenguin,FM,,,,arena:aug21lta
,Harlan_Coben,GM,,,,arena:aug21lta
,jkbk,NM,,,,arena:aug21lta
,venturaMF,FM,,,,arena:aug21lta
,chessplayer202020,IM,,,,arena:sep21lta
,AlaaElhares30,CM,,,,arena:sep21lta
,ChessPathshala,GM,,,,arena:sep21lta
,ChessMood_Star,IM,,,,arena:sep21lta
,Eldrail,FM,,,,arena:sep21lta
,stomatolog13,IM,,,,arena:sep21lta
,PrDrProper,NM,,,,arena:sep21lta
,sture1234,FM,,,,arena:sep21lta
,PhilippHumburg,FM,,,,arena:sep21lta
,GIRINATHP76,IM,,,,arena:sep21lta
,dragonwelb,FM,,,,arena:sep21lta
,mateusviageiro,FM,,,,arena:sep21lta
,Kusox,NM,,,,arena:sep21lta
,EliamGerena,FM,,,,arena:sep21lta
,ChessAssist,NM,,,,arena:sep21lta
,RST2003,IM,,,,arena:sep21lta
,SIDDHARTH_CHESS,IM,,,,arena:sep21lta
,ricaurte55,FM,,,,arena:sep21lta
,supergiuly,WFM,,,,arena:sep21lta
,Number_1734,FM,,,,arena:sep21lta
,Chesskingoriginal,NM,,,,arena:sep21lta
,stasOR,FM,,,,arena:sep21lta
,whiteprocess,FM,,,,arena:sep21lta
,deepblue9494,CM,,,,arena:sep21lta
,Noki102,NM,,,,arena:sep21lta
,agsjgm,FM,,,,arena:sep21lta
,TenzaSangetsu,IM,,,,arena:sep21lta
,Koenigsindisch,IM,,,,arena:sep21lta
,the_Hudri,FM,,,,arena:sep21lta
,elf19074,FM,,,,arena:sep21lta
,el_sorcio8,FM,,,,arena:sep21lta
,NaderaIM,IM,,,,arena:sep21lta
,Maxwell_The_Great,FM,,,,arena:sep21lta
,Biofritz,NM,,,,arena:sep21lta
,HabibAmini,CM,,,,arena:sep21lta
,Positional-Squeezer,FM,,,,arena:oct21lta
,Moondust33,IM,,,,arena:oct21lta
,DmitriyBiryuk777,FM,,,,arena:oct21lta
,deadpool14,FM,,,,arena:oct21lta
,Firebullet,IM,,,,arena:oct21lta
,omw_up,CM,,,,arena:oct21lta
,ChessFighter2013,NM,,,,arena:oct21lta
,chessknight2001,NM,,,,arena:oct21lta
,dimochka_tsoi,FM,,,,arena:oct21lta
,jorgedj2003,FM,,,,arena:oct21lta
,janei,FM,,,,arena:oct21lta
,ninoliza,WCM,,,,arena:oct21lta
,domtichess,GM,,,,arena:oct21lta
,QuieroAJedrez,IM,,,,arena:oct21lta
,halki,WNM,,,,arena:oct21lta
,Laketo1104,CM,,,,arena:oct21lta
,gingerlover101,CM,,,,arena:oct21lta
,PawnSacrifice98,NM,,,,arena:oct21lta
,raton-123,FM,,,,arena:oct21lta
,Dolphin_2010,FM,,,,arena:oct21lta
,koreanjett,FM,,,,arena:oct21lta
,peachybaby69,NM,,,,arena:oct21lta
,momocatty,WFM,,,,arena:oct21lta
,Taktychenko,FM,,,,arena:960oct21
,lelys,GM,,,,arena:960oct21
,Afshari_M,FM,,,,arena:960oct21
,YasinEmrah,FM,,,,arena:960oct21
,Plaskett7,GM,,,,arena:960oct21
,benkonian,FM,,,,arena:960oct21
,ninfabb,WGM,,,,arena:960oct21
,StarChief,FM,,,,arena:960oct21
,beni2006,IM,,,,arena:960oct21
,Antelacus,NM,,,,arena:960oct21
,Chop-That-Wood,NM,,,,arena:960oct21
,mikolka1985,GM,,,,arena:960oct21
,WelshTiger,FM,,,,arena:960oct21
,Welcome_to_Flagistan,IM,,,,arena:960oct21
,Jupiter435,IM,,,,arena:960oct21
,showmaster33,NM,,,,arena:960oct21
,AmazingChess202,NM,,,,arena:960oct21
,EGNfanclub,NM,,,,arena:960oct21
,ArnieChipmunk,CM,,,,arena:960oct21
,SeniorPhysician,CM,,,,arena:960oct21
,Aditya404,NM,,,,arena:960oct21
,chaneli16,WFM,,,,arena:960oct21
,SupelPatty,WFM,,,,arena:960oct21
,nikola1988,FM,,,,arena:960oct21
,IngDiegoMRChess,CM,,,,arena:960oct21
,Moon_Light19,WCM,,,,arena:960oct21
,SalgadoChess,GM,,,,arena:960oct21
,Arina_Maryina,WFM,,,,arena:960oct21
,MichaelOratovsky,GM,,,,arena:960oct21
,CACHS,FM,,,,arena:960oct21
,chessdjw,GM,,,,arena:nov21lta
,markb0716,NM,,,,arena:nov21lta
,mirciulica14,FM,,,,arena:nov21lta
,ralfi1,FM,,,,arena:nov21lta
,Bala77,NM,,,,arena:nov21lta
,GKANSK,CM,,,,arena:nov21lta
,bigorso,CM,,,,arena:nov21lta
,JohnCena91,FM,,,,arena:nov21lta
,Fanatist,FM,,,,arena:nov21lta
,shootnik64,CM,,,,arena:nov21lta
,XizAhk,WCM,,,,arena:nov21lta
,agileknight,IM,,,,arena:nov21lta
,Andreiistra,GM,,,,arena:nov21lta
,rudyLibanez,FM,,,,arena:nov21lta
,Schachbrettchen,WFM,,,,arena:nov21lta
,MartinLorenzini,GM,,,,arena:nov21lta
,Unmillondejaques,FM,,,,arena:nov21lta
,Jjjf,IM,,,,arena:nov21lta
,Jernej_Skuhala,FM,,,,arena:nov21lta
,stefan20004,IM,,,,arena:nov21lta
,psykaac,FM,,,,arena:nov21lta
,PracticalChessBeauty,FM,,,,arena:nov21lta
,darsen_dancer,IM,,,,arena:nov21lta
,kakistos,NM,,,,arena:nov21lta
,AjedrezArmagedon,FM,,,,arena:nov21lta
,Yurasova_Daria,WFM,,,,arena:nov21lta
,chesslh,CM,,,,arena:nov21lta
,AnupDeshmukh,IM,,,,arena:nov21lta
,YEIKOCASTELLA,FM,,,,arena:nov21lta
,tdf98pantani,GM,,,,arena:nov21lta
,Mr_64,FM,,,,arena:nov21lta
,DrChampionstein,GM,,,,arena:dec21lta
,Frontier96,IM,,,,arena:dec21lta
,kubadaleko,FM,,,,arena:dec21lta
,adjorno,FM,,,,arena:dec21lta
,ascunanan,NM,,,,arena:dec21lta
,slp04,FM,,,,arena:dec21lta
,ThunderClap,NM,,,,arena:dec21lta
,Ar4uha,FM,,,,arena:dec21lta
,aworldchampion,FM,,,,arena:dec21lta
,pakarma,FM,,,,arena:dec21lta
,Oburg007,IM,,,,arena:dec21lta
,JacksterThePro,FM,,,,arena:dec21lta
,AlexeyOlegovich,IM,,,,arena:dec21lta
,PizzaTonno,FM,,,,arena:dec21lta
,Maurice93,FM,,,,arena:dec21lta
,AlvinM,FM,,,,arena:dec21lta
,PushyDiscovery,FM,,,,arena:dec21lta
,Mescalero81,IM,,,,arena:dec21lta
,skrillexstyle,FM,,,,arena:dec21lta
,bacchus65,FM,,,,arena:dec21lta
,Ellsyum,WFM,,,,arena:dec21lta
,MagzyPotato,FM,,,,arena:dec21lta
,Manuelecampos,FM,,,,arena:dec21lta
,elaniquilador,IM,,,,arena:dec21lta
,PseudoBenko,IM,,,,arena:dec21lta
,JustOK,NM,,,,arena:dec21lta
,Kyle_Reese,CM,,,,arena:dec21lta
,tka3,FM,,,,arena:dec21lta
,shellyflintic,FM,,,,arena:dec21lta
,heydino,WCM,,,,arena:dec21lta
,fsm666fsm,FM,,,,arena:dec21lta
,jesusitov,CM,,,,arena:dec21lta
,GrandByniolus,GM,,,,arena:jan22lta
,L1m1t,FM,,,,arena:jan22lta
,sravanrenjith,FM,,,,arena:jan22lta
,PeshkaCh,FM,,,,arena:jan22lta
,koziororo,FM,,,,arena:jan22lta
,Tschess05,IM,,,,arena:jan22lta
,DO_2002,FM,,,,arena:jan22lta
,Moiphatlakanyi,CM,,,,arena:jan22lta
,itakitsu,NM,,,,arena:jan22lta
,EFHA71,CM,,,,arena:jan22lta
,Katarina0TP,GM,,,,arena:jan22lta
,rychessmaster1,FM,,,,arena:jan22lta
,toninhojit,NM,,,,arena:jan22lta
,Gdmonster22,CM,,,,arena:jan22lta
,Dog_Stalemate,NM,,,,arena:jan22lta
,Glupander8,FM,,,,arena:jan22lta
,rickywsb,NM,,,,arena:jan22lta
,MiqO2143,CM,,,,arena:jan22lta
,Gobindo,GM,,,,arena:jan22lta
,Michal248,FM,,,,arena:jan22lta
,zerofts,GM,,,,arena:jan22lta
,itstwentyfour24,CM,,,,arena:jan22lta
,diasattack,FM,,,,arena:jan22lta
,escha,WFM,,,,arena:jan22lta
,masenik,CM,,,,arena:jan22lta
,So0o0o0zi,IM,,,,arena:jan22lta
,A-Zubarev,GM,,,,arena:jan22lta
,Aaryan98,CM,,,,arena:jan22lta
,murashkoVL1953,IM,,,,arena:jan22lta
,fighter098,FM,,,,arena:jan22lta
,pneumatico94,NM,,,,arena:jan22lta
,Clapa2020,CM,,,,arena:jan22lta
,KanalSzachowy,CM,,,,arena:jan22lta
,Anacreonte,FM,,,,arena:jan22lta
,adi2944,FM,,,,arena:jan22lta
,ebzoli,CM,,,,arena:jan22lta
,boguszp,CM,,,,arena:jan22lta
,MEGARAPTOR1,IM,,,,arena:jan22lta
,SPINidea,FM,,,,arena:jan22lta
,papadosor,FM,,,,arena:jan22lta
,trickyholds,FM,,,,arena:jan22lta
,thaytoancovua,CM,,,,arena:jan22lta
,Skibbi,FM,,,,arena:jan22lta
,higescha,GM,,,,arena:jan22lta
,Experience_Chess,GM,,,,arena:feb22lta
,onamissionfromGod,GM,,,,arena:feb22lta
,ACStasian,IM,,,,arena:feb22lta
,t0gEtHeR,FM,,,,arena:feb22lta
,W8W8W8W8W8,IM,,,,arena:feb22lta
,petrik05,FM,,,,arena:feb22lta
,CSB7,IM,,,,arena:feb22lta
,Udar59,FM,,,,arena:feb22lta
,Ouss13,CM,,,,arena:feb22lta
,General_gavs,FM,,,,arena:feb22lta
,NaToncheva,FM,,,,arena:feb22lta
,PokochajSzachy,CM,,,,arena:feb22lta
,teddybear19,FM,,,,arena:feb22lta
,THE_COOL_GUY,IM,,,,arena:feb22lta
,DrCeltic,CM,,,,arena:feb22lta
,YessssssDoooooThat,FM,,,,arena:feb22lta
,Kondor75,IM,,,,arena:feb22lta
,Nekemovitch,NM,,,,arena:feb22lta
,Erlenmeyerkolben,IM,,,,arena:feb22lta
,AlexandraD,WFM,,,,arena:feb22lta
,RoteKampfflieger,IM,,,,arena:feb22lta
,HATilay,FM,,,,arena:feb22lta
,Petriashvili2,IM,,,,arena:feb22lta
,Artyom-Odegov,FM,,,,arena:feb22lta
,Trandangminhquang,FM,,,,arena:feb22lta
,Ramadhan_D,NM,,,,arena:feb22lta
,HpRmDrNsT,CM,,,,arena:feb22lta
,Kipchoge71,FM,,,,arena:feb22lta
,Anna_Ko_RnD,WFM,,,,arena:feb22lta
,Twas-A-Trap,NM,,,,arena:feb22lta
,Igor_Lutz,NM,,,,arena:feb22lta
,BSambuev,GM,,,,arena:960feb22
,davidb2,GM,,,,arena:960feb22
,El_Rupe,CM,,,,arena:960feb22
,lokiy47,IM,,,,arena:960feb22
,Luu77,FM,,,,arena:960feb22
,giftedcreation,NM,,,,arena:960feb22
,Mingzbozorg,CM,,,,arena:960feb22
,danesz2014,IM,,,,arena:960feb22
,Lopez09,NM,,,,arena:960feb22
,Paralyzed2019,FM,,,,arena:960feb22
,GregShahade,IM,,,,arena:960feb22
,I_Hit_18K_on_BS,CM,,,,arena:960feb22
,MamonovPetr,FM,,,,arena:960feb22
,HamishCoaching,FM,,,,arena:960feb22
,gmboring,NM,,,,arena:960feb22
,vrekhson,NM,,,,arena:960feb22
,Maci,FM,,,,arena:960feb22
,jamestsherwin,IM,,,,arena:960feb22
,CasadoConLaJoda,IM,,,,arena:960feb22
,MrKooshaJ,FM,,,,arena:960feb22
,chess_lover2020,GM,,,,arena:960feb22
,segisvona,FM,,,,arena:960feb22
,KoronaVirusMaster,NM,,,,arena:960feb22
,rueoxy001,IM,,,,arena:960feb22
,agus_k,FM,,,,arena:960feb22
,gamura1,FM,,,,arena:960feb22
,FISHER418,NM,,,,arena:960feb22
,wLh26,IM,,,,arena:mar22lta
,gerla,IM,,,,arena:mar22lta
,MalatiaGM,GM,,,,arena:mar22lta
,ploddingpawn,WFM,,,,arena:mar22lta
,FlamingDragon01,FM,,,,arena:mar22lta
,calcu_later,FM,,,,arena:mar22lta
,AceBonaventura,FM,,,,arena:mar22lta
,schaakinitiatiefSIV,FM,,,,arena:mar22lta
,MeteorCity,NM,,,,arena:mar22lta
,Chaldon66,FM,,,,arena:mar22lta
,DERG_CHESS,CM,,,,arena:mar22lta
,daeg,IM,,,,arena:mar22lta
,Bardiya___Daneshvar,GM,,,,arena:mar22lta
,cheburashka15,IM,,,,arena:mar22lta
,Sandro88,CM,,,,arena:mar22lta
,Iajedrez,WIM,,,,arena:mar22lta
,supercute,FM,,,,arena:mar22lta
,simplethinker,FM,,,,arena:mar22lta
,marichola,WFM,,,,arena:mar22lta
,thejokerjokic,FM,,,,arena:mar22lta
,ChampionOnTime,IM,,,,arena:apr22lta
,GUNNE_USER,FM,,,,arena:apr22lta
,AutHun,IM,,,,arena:apr22lta
,giaphuc2009,CM,,,,arena:apr22lta
,Samra,GM,,,,arena:apr22lta
,Ginzburg_Yakov,FM,,,,arena:apr22lta
,Orakul135,IM,,,,arena:apr22lta
,elamier,FM,,,,arena:apr22lta
,Fins,IM,,,,arena:apr22lta
,Ketchup,FM,,,,arena:apr22lta
,ahpek,CM,,,,arena:apr22lta
,chunB,FM,,,,arena:apr22lta
,TheMigos,IM,,,,arena:apr22lta
,DianaMirza,WFM,,,,arena:apr22lta
,Tiramisuuti,IM,,,,arena:apr22lta
,way2fast4you,FM,,,,arena:apr22lta
,miksa99,FM,,,,arena:apr22lta
,NoelStuder,GM,,,,arena:apr22lta
,Bugcrusher,FM,,,,arena:apr22lta
,ljuks,FM,,,,arena:apr22lta
,rajesh1464,CM,,,,arena:apr22lta
,IL2002vip,FM,,,,arena:apr22lta
,baovu,CM,,,,arena:apr22lta
,ZivkovicN,IM,,,,arena:apr22lta
,Harikrishnapentala,GM,,,,arena:apr22lta
,LoruF,FM,,,,arena:apr22lta
,AjedrezInteligente,CM,,,,arena:apr22lta
,Rafa3D,FM,,,,arena:apr22lta
,Sibelius_92,FM,,,,arena:apr22lta
,johngalt1618,WFM,,,,arena:apr22lta
,Akki20,GM,,,,arena:apr22lta
,ManuDavid2910,FM,,,,arena:apr22lta
,tamojerry,IM,,,,arena:may22lta
,daro94,GM,,,,arena:may22lta
,Cute_Penguin04,IM,,,,arena:may22lta
,EndritUruci,FM,,,,arena:may22lta
,MilanZajic,GM,,,,arena:may22lta
,SutorminDA,FM,,,,arena:may22lta
,jmpion7,CM,,,,arena:may22lta
,bumbalica,GM,,,,arena:may22lta
,Endgame_Maestro,NM,,,,arena:may22lta
,The-Iceman,NM,,,,arena:may22lta
,FallacyofComposition,IM,,,,arena:may22lta
,GeneralM,IM,,,,arena:may22lta
,safyahmad1265,CM,,,,arena:may22lta
,PumpUpYourRating,GM,,,,arena:may22lta
,Harshal-Shahi,FM,,,,arena:may22lta
,dkb12085,NM,,,,arena:may22lta
,RhetoricalBrilliance,NM,,,,arena:may22lta
,beto_betun,CM,,,,arena:may22lta
,AperaciumNocturne,CM,,,,arena:may22lta
,Trikos,IM,,,,arena:may22lta
,Jaboder,FM,,,,arena:may22lta
,coach_armin_khajavi,FM,,,,arena:may22lta
,estudiante2008,FM,,,,arena:may22lta
,spv79,GM,,,,arena:may22lta
,Hell_team_captain,NM,,,,arena:may22lta
,I_aM_Javiiiiii,IM,,,,arena:may22lta
,DiseasedDonkey,FM,,,,arena:may22lta
,Alex_Ivanov,IM,,,,arena:may22lta
,Kaan1903,FM,,,,arena:may22lta
,niknikniknik,FM,,,,arena:may22lta
,marioneta86,NM,,,,arena:may22lta
,handenursa,WCM,,,,arena:may22lta
,Francois-Vareille,IM,,,,arena:may22lta
,Fang3416,CM,,,,arena:may22lta
,ikhasu,IM,,,,arena:may22lta
,CoachFede,NM,,,,arena:may22lta
,Dmitry_Anikonov,FM,,,,arena:jun22lta
,dr_xStranger,IM,,,,arena:jun22lta
,Ragehunter,FM,,,,arena:jun22lta
,jlf287,CM,,,,arena:jun22lta
,gatopanzaarriba,FM,,,,arena:jun22lta
,mifisk,FM,,,,arena:jun22lta
,LongNosehair,FM,,,,arena:jun22lta
,familijatop71,CM,,,,arena:jun22lta
,purposeless_73,WIM,,,,arena:jun22lta
,Think_Fast_Move_Fast,FM,,,,arena:jun22lta
,Shiraas,IM,,,,arena:jun22lta
,Mikkel_Vinh,CM,,,,arena:jun22lta
,bambi3000,WIM,,,,arena:jun22lta
,lldb14,WFM,,,,arena:jun22lta
,ruzomberok,IM,,,,arena:jun22lta
,DarkAlekhine,GM,,,,arena:jun22lta
,NoSpaghetti,NM,,,,arena:jun22lta
,Axelfalke,FM,,,,arena:jun22lta
,ChessRook_eTwitch,NM,,,,arena:jun22lta
,Rock_Maninoff,FM,,,,arena:jun22lta
,Thanozz,GM,,,,arena:jun22lta
,MAGMAchess,NM,,,,arena:jun22lta
,dancesarrr,NM,,,,arena:jun22lta
,Sona_999,WIM,,,,arena:jun22lta
,pedrogil,FM,,,,arena:jun22lta
,peradetlic83,GM,,,,arena:jun22lta
,fadamos,FM,,,,arena:jun22lta
,IvanStankovic,FM,,,,arena:jun22lta
,GuruChessAcademy,CM,,,,arena:jun22lta
,innocentguy,CM,,,,arena:jun22lta
,Nextlevel4naija,IM,,,,arena:jun22lta
,Perdomov,CM,,,,arena:jun22lta
,Bacus_Dharim,FM,,,,arena:jun22lta
,SoyescoBar,WFM,,,,arena:jun22lta
,StanislavNPZ2020,FM,,,,arena:jun22lta
,www68,IM,,,,arena:960jun22
,Avinash2004,IM,,,,arena:960jun22
,Ajedrezactivo,GM,,,,arena:960jun22
,venajalainen,GM,,,,arena:960jun22
,Magic_Chess_by,WFM,,,,arena:960jun22
,Rile-Man,FM,,,,arena:960jun22
,molinajesus2801,CM,,,,arena:960jun22
,nousecomp,FM,,,,arena:960jun22
,Gro23,IM,,,,arena:960jun22
,lider34,FM,,,,arena:960jun22
,michalred,FM,,,,arena:960jun22
,dr_strategy,FM,,,,arena:960jun22
,sterpfi,FM,,,,arena:960jun22
,BKuDa1,FM,,,,arena:960jun22
,Playwellsometimes,FM,,,,arena:960jun22
,Fafa13RT,IM,,,,arena:960jun22
,JohnWarosa,IM,,,,arena:960jun22
,ElbekAlikulov,IM,,,,arena:960jun22
,ABARMOTT,FM,,,,arena:960jun22
,Stanmaster14,FM,,,,arena:960jun22
,MariyaYakimova,WFM,,,,arena:960jun22
,nasty_turtle123,NM,,,,arena:960jun22
,TSMFTXH,GM,,,,arena:jul22lta
,STL_Liang,GM,,,,arena:jul22lta
,Stouuf,IM,,,,arena:jul22lta
,P_Salman,FM,,,,arena:jul22lta
,Makham21,FM,,,,arena:jul22lta
,LiteMods,FM,,,,arena:jul22lta
,Toropov_Pavel,FM,,,,arena:jul22lta
,TurkishPro2008,FM,,,,arena:jul22lta
,arnaldofdelavara,IM,,,,arena:jul22lta
,SrPopando,FM,,,,arena:jul22lta
,veni_vidi_vici2007,FM,,,,arena:jul22lta
,Geor83,FM,,,,arena:jul22lta
,lolsirs,FM,,,,arena:jul22lta
,The_Princess_Moon,WFM,,,,arena:jul22lta
,Issa2005,CM,,,,arena:jul22lta
,KeFarokhi,FM,,,,arena:jul22lta
,chickenwings96,NM,,,,arena:jul22lta
,rolyku,FM,,,,arena:jul22lta
,Paulius22,FM,,,,arena:jul22lta
,JungleViking,GM,,,,arena:jul22lta
,DominikDerBoss,FM,,,,arena:jul22lta
,navidkhosravi,FM,,,,arena:jul22lta
,halberdier77,NM,,,,arena:jul22lta
,blijmetsjoerd69,FM,,,,arena:jul22lta
,P33RA,FM,,,,arena:jul22lta
,hilmans,IM,,,,arena:jul22lta
,MagicianFromRiga8,NM,,,,arena:aug22lta
,LaMoMia,IM,,,,arena:aug22lta
,Greenlantern07,IM,,,,arena:aug22lta
,Yurovskykh_Oleksandr,FM,,,,arena:aug22lta
,lefonghua,FM,,,,arena:aug22lta
,ChuckPhil,CM,,,,arena:aug22lta
,nau64,FM,,,,arena:aug22lta
,LamazeSimon,IM,,,,arena:aug22lta
,Sinquefield,FM,,,,arena:aug22lta
,MerugaMentality,NM,,,,arena:aug22lta
,bartsimpson6,FM,,,,arena:aug22lta
,Taylanruzgar,CM,,,,arena:aug22lta
,JuliusCeres,FM,,,,arena:aug22lta
,navnp04,NM,,,,arena:aug22lta
,DontmessWithMe_2,NM,,,,arena:aug22lta
,LongLiveTheKnight,NM,,,,arena:aug22lta
,WizardSA,CM,,,,arena:aug22lta
,cthake,CM,,,,arena:aug22lta
,wonderknight64,FM,,,,arena:aug22lta
,khoipham,IM,,,,arena:aug22lta
,Kubiksen94,FM,,,,arena:aug22lta
,kanliieren,NM,,,,arena:aug22lta
,Uvall,FM,,,,arena:aug22lta
,Vladimir_Simakov_81,FM,,,,arena:aug22lta
,Riner21,FM,,,,arena:aug22lta
,Siri20,FM,,,,arena:aug22lta
,linda_krumina,WFM,,,,arena:aug22lta
,ivanrojo,CM,,,,arena:960aug22
,Creighton00064,IM,,,,arena:960aug22
,imsorrycheckmate,NM,,,,arena:960aug22
,MauroTirelli96,NM,,,,arena:960aug22
,vladoboch,IM,,,,arena:960aug22
,Kieu_Bich_Thuy,WFM,,,,arena:960aug22
,Premier_Chess,NM,,,,arena:960aug22
,SlowGrinder,IM,,,,arena:960aug22
,KingsChessAdmin,NM,,,,arena:960aug22
,DarthKiller2018,FM,,,,arena:960aug22
,miljac,FM,,,,arena:960aug22
,Smirnov_Alexandr,FM,,,,arena:960aug22
,Kodrut,IM,,,,arena:960aug22
,thedeadlights,NM,,,,arena:960aug22
,S_DM,FM,,,,arena:960aug22
,gmbmw,NM,,,,arena:960aug22
,Garfield64,FM,,,,arena:960aug22
,chessiando,GM,,,,arena:960aug22
,alpltl,NM,,,,arena:960aug22
,ArfanKhaidar,NM,,,,arena:960aug22
,BrianShaw,GM,,,,arena:960aug22
,Vladimirech,FM,,,,arena:960aug22
,RussianBlizzard,CM,,,,arena:sep22lta
,Bryce_Loski,IM,,,,arena:sep22lta
,SharkieCroc,IM,,,,arena:sep22lta
,Alexander_Domalchuk,IM,,,,arena:sep22lta
,Fenrisulfur,FM,,,,arena:sep22lta
,Kaer_Morhen,CM,,,,arena:sep22lta
,TheBigPhoenix,FM,,,,arena:sep22lta
,Ellaijio,IM,,,,arena:sep22lta
,simon2006,FM,,,,arena:sep22lta
,Dr_DarthVader,FM,,,,arena:sep22lta
,GoodGamerpro100,FM,,,,arena:sep22lta
,Miguelss,NM,,,,arena:sep22lta
,Vetranio,GM,,,,arena:sep22lta
,Joker123chemp,IM,,,,arena:sep22lta
,HosaniOmran,IM,,,,arena:sep22lta
,SipahiPower,NM,,,,arena:sep22lta
,deepinmyheart31,FM,,,,arena:sep22lta
,FaustiOro,IM,,,,arena:sep22lta
,alphafischer2019,FM,,,,arena:sep22lta
,KsW22,CM,,,,arena:sep22lta
,Luisy2005,FM,,,,arena:sep22lta
,Josechess-Twitch,FM,,,,arena:sep22lta
,giornogiovanna8u,CM,,,,arena:sep22lta
,TemurKuybokarov,GM,,,,arena:sep22lta
,kimstevenyap,IM,,,,arena:sep22lta
,Alexey_Ustinov,FM,,,,arena:sep22lta
,Lelatoreli,IM,,,,arena:sep22lta
,BabyKu,FM,,,,arena:sep22lta
,Zilleruelo,CM,,,,arena:sep22lta
,yonaltimur,FM,,,,arena:sep22lta
,HydR,FM,,,,arena:sep22lta
,smealow,CM,,,,arena:sep22lta
,bluemint,WFM,,,,arena:sep22lta
,HandKnit,CM,,,,arena:sep22lta
,sachista15,FM,,,,arena:sep22lta
,Gakolchess765,FM,,,,arena:oct22lta
,CHAMPIONN-9,NM,,,,arena:oct22lta
,Achamian,FM,,,,arena:oct22lta
,Devil_Sun,CM,,,,arena:oct22lta
,Alamzhi,FM,,,,arena:oct22lta
,Ali_Almudevar,NM,,,,arena:oct22lta
,ElMVP17,NM,,,,arena:oct22lta
,MR_HW,IM,,,,arena:oct22lta
,ewa_mat,WFM,,,,arena:oct22lta
,KillerAnaconda,FM,,,,arena:oct22lta
,gkchessind,WIM,,,,arena:oct22lta
,TheOneTrapMan,CM,,,,arena:oct22lta
,SouthAfricanWolf,CM,,,,arena:oct22lta
,ChessPromotionAlex,IM,,,,arena:oct22lta
,PLUS_ULTRA22,CM,,,,arena:oct22lta
,marasmus01,FM,,,,arena:oct22lta
,Akylbekov_Nasir,FM,,,,arena:oct22lta
,thunderation,WFM,,,,arena:oct22lta
,butinica,IM,,,,arena:oct22lta
,ElConejoPeludo,FM,,,,arena:oct22lta
,incredible123,CM,,,,arena:oct22lta
,Dsanchez1973,NM,,,,arena:oct22lta
,AlexaPiet,WFM,,,,arena:oct22lta
,defense57,CM,,,,arena:oct22lta
,Inv1ctusmaneo,WFM,,,,arena:oct22lta
,Lion-Al-Messi,FM,,,,arena:nov22lta
,Masya1984,GM,,,,arena:nov22lta
,sahibsinghknight,IM,,,,arena:nov22lta
,Manuela004,WFM,,,,arena:nov22lta
,backinaction,FM,,,,arena:nov22lta
,NocteSidus,FM,,,,arena:nov22lta
,surrenderPLS,FM,,,,arena:nov22lta
,Averin_22nikolay,FM,,,,arena:nov22lta
,chessm1105,GM,,,,arena:nov22lta
,WhiteRabbit00735,IM,,,,arena:nov22lta
,El_Tapatio,CM,,,,arena:nov22lta
,DmitriiZakurdaev,CM,,,,arena:nov22lta
,Aayush_Blue,FM,,,,arena:nov22lta
,ajay_karthikeyan,IM,,,,arena:nov22lta
,Reti_Chesspert,GM,,,,arena:nov22lta
,Goroshkov_Maksym,FM,,,,arena:nov22lta
,SAInt_777,FM,,,,arena:nov22lta
,MKlenburg,IM,,,,arena:nov22lta
,wienermeasure,CM,,,,arena:nov22lta
,kyle2007,NM,,,,arena:nov22lta
,Gbeto,GM,,,,arena:nov22lta
,LarsAndreassen,CM,,,,arena:nov22lta
,Veleamater,FM,,,,arena:nov22lta
,Superdioni,CM,,,,arena:nov22lta
,dimkor,IM,,,,arena:nov22lta
,Albornoz00,GM,,,,arena:nov22lta
,ForestoMaggie,WIM,,,,arena:nov22lta
,Kampan,IM,,,,arena:nov22lta
,CarlosPujol,FM,,,,arena:nov22lta
,EnesMaruflu,NM,,,,arena:nov22lta
,jucAx,NM,,,,arena:nov22lta
,ded_moped,FM,,,,arena:nov22lta
,HallucinatingIQ,FM,,,,arena:nov22lta
,Fisher_The_Galactic,FM,,,,arena:dec22lta
,NewOpeningsBrO,FM,,,,arena:dec22lta
,Alex_Sahakyan,IM,,,,arena:dec22lta
,Sacrificeinutile22,CM,,,,arena:dec22lta
,JakaBrilej,FM,,,,arena:dec22lta
,championreeve,IM,,,,arena:dec22lta
,lazarofree,FM,,,,arena:dec22lta
,Andrej20,FM,,,,arena:dec22lta
,Anello_Di_Saturno,FM,,,,arena:dec22lta
,G_Max,FM,,,,arena:dec22lta
,Houdinovic,IM,,,,arena:dec22lta
,camilochess,CM,,,,arena:dec22lta
,Michael247,NM,,,,arena:dec22lta
,Dimitriy1975,NM,,,,arena:dec22lta
,IapIap,FM,,,,arena:dec22lta
,XadrezSJP,NM,,,,arena:dec22lta
,DoktorIce,NM,,,,arena:dec22lta
,stefanloeffler,IM,,,,arena:dec22lta
,PapaleguasMT,NM,,,,arena:dec22lta
,Sandro970,FM,,,,arena:dec22lta
,victor325,FM,,,,arena:dec22lta
,danshev16,CM,,,,arena:dec22lta
,Schachmatttrainer,FM,,,,arena:dec22lta
,fermopil,WFM,,,,arena:dec22lta
,Barbashinigor,FM,,,,arena:dec22lta
,manneredmonkey,NM,,,,arena:dec22lta
,Sreyas2008,FM,,,,arena:dec22lta
,JosueAraujok,IM,,,,arena:dec22lta
,Saitamab,FM,,,,arena:dec22lta
,SvetlanaChess,WIM,,,,arena:dec22lta
,bizzaredovez,WCM,,,,arena:dec22lta
,iam24601,FM,,,,arena:dec22lta
,Colmen,FM,,,,arena:dec22lta
,VojtaPlat,GM,,,,arena:dec22lta
,khvichasupatashvili,IM,,,,arena:dec22lta
,GwapingsAttack2002,IM,,,,arena:dec22lta
,Dr-Mavix,FM,,,,arena:dec22lta
,NobelOscar,CM,,,,arena:dec22lta
,fish206204,CM,,,,arena:dec22lta
,MMKZH,FM,,,,arena:dec22lta
,uthra18,WFM,,,,arena:dec22lta
,walmikh,FM,,,,arena:960dec22
,Nuel1,FM,,,,arena:960dec22
,Supra_FM,FM,,,,arena:960dec22
,RD-2,GM,,,,arena:960dec22
,Gransiurell,FM,,,,arena:960dec22
,wgraif,FM,,,,arena:960dec22
,NewNr1,NM,,,,arena:960dec22
,Pabllik1983,FM,,,,arena:960dec22
,Voldemator,FM,,,,arena:960dec22
,GustavoDOliveira,NM,,,,arena:960dec22
,Maria_Larina,WFM,,,,arena:960dec22
,Bultenibo,IM,,,,arena:960dec22
,LeoTobares,FM,,,,arena:960dec22
,Starlight_at_night,FM,,,,arena:960dec22
,Andpalchuk,GM,,,,arena:960dec22
,Davidsch04,FM,,,,arena:960dec22
,SiroglanTalibov,IM,,,,arena:960dec22
,iplaychess_007,WFM,,,,arena:960dec22
,Your-Coach,CM,,,,arena:960dec22
,bushidonaruto,GM,,,,arena:960dec22
,OutOfCuriosity,WGM,,,,arena:960dec22
,SSJGSSJ,FM,,,,arena:jan23lta
,Nicolochess,FM,,,,arena:jan23lta
,ketchess,WIM,,,,arena:jan23lta
,Krutoiizekb2003,NM,,,,arena:jan23lta
,koncheto,CM,,,,arena:jan23lta
,Dagda7,FM,,,,arena:jan23lta
,CamelClutcher,NM,,,,arena:jan23lta
,Byf,WFM,,,,arena:jan23lta
,q_een,CM,,,,arena:jan23lta
,Chessdreamer2020,FM,,,,arena:jan23lta
,bangchess21,FM,,,,arena:jan23lta
,prettyScream,CM,,,,arena:jan23lta
,Lussuria,NM,,,,arena:jan23lta
,deatheater123,FM,,,,arena:jan23lta
,rudi1234,FM,,,,arena:jan23lta
,Angel7hanat,IM,,,,arena:jan23lta
,TonySoprano8,FM,,,,arena:jan23lta
,moloko0,FM,,,,arena:jan23lta
,Nagimov_Artiom,FM,,,,arena:jan23lta
,Miguelho67,IM,,,,arena:jan23lta
,FeriAts,CM,,,,arena:jan23lta
,zmarian,NM,,,,arena:jan23lta
,Apjoshua,FM,,,,arena:jan23lta
,Nawin_JJ,FM,,,,arena:jan23lta
,Makhsum_Bozorov,FM,,,,arena:jan23lta
,igoruchiha,NM,,,,arena:jan23lta
,JonSnowNW,FM,,,,arena:jan23lta
,usei16caracteres,NM,,,,arena:jan23lta
,ShadowKing78,FM,,,,arena:jan23lta
,RKS26,CM,,,,arena:jan23lta
,Arpinate,CM,,,,arena:jan23lta
,lorneracosta12345,CM,,,,arena:jan23lta
,Queen_Iryna,WIM,,,,arena:jan23lta
,SalgadoLO,CM,,,,arena:jan23lta
,Azumilover,GM,,,,arena:feb23lta
,Novozhilov_Semyon,FM,,,,arena:feb23lta
,pawnpushersaccademy,CM,,,,arena:feb23lta
,realmadridfc1234,FM,,,,arena:feb23lta
,Karttunen,IM,,,,arena:feb23lta
,BrizuelaR,CM,,,,arena:feb23lta
,SpanishFighter,CM,,,,arena:feb23lta
,BraveEagle,FM,,,,arena:feb23lta
,guillan,CM,,,,arena:feb23lta
,CrazySage,GM,,,,arena:feb23lta
,mocusle,IM,,,,arena:feb23lta
,Chessponi,WIM,,,,arena:feb23lta
,MIM64,CM,,,,arena:feb23lta
,elefantemito,NM,,,,arena:feb23lta
,zinkevichJulia,WIM,,,,arena:feb23lta
,Navyblue12,WNM,,,,arena:feb23lta
,Olexiy_Bilych,IM,,,,arena:feb23lta
,szmark,CM,,,,arena:feb23lta
,AlPacino80,FM,,,,arena:feb23lta
,Jorgitomgs,IM,,,,arena:feb23lta
,Alarcon_86,IM,,,,arena:feb23lta
,poik4m,FM,,,,arena:feb23lta
,lionking15,IM,,,,arena:feb23lta
,BaldHedgehog,WFM,,,,arena:feb23lta
,DingMaster,FM,,,,arena:feb23lta
,Kaisa014,IM,,,,arena:feb23lta
,aculina,WGM,,,,arena:feb23lta
,Rvera,GM,,,,arena:feb23lta
,Hayolo,GM,,,,arena:960feb23
,NikolaGry,FM,,,,arena:960feb23
,ChessArt777,FM,,,,arena:960feb23
,TrompeterImEther,FM,,,,arena:960feb23
,WesleySoFTW,IM,,,,arena:960feb23
,Heinza9,CM,,,,arena:960feb23
,Olm65,FM,,,,arena:960feb23
,Sokol1488,FM,,,,arena:960feb23
,fredmund,NM,,,,arena:960feb23
,pangazmat,NM,,,,arena:960feb23
,Sergey_Kasparov,GM,,,,arena:960feb23
,Manu_ChessExcelsior,CM,,,,arena:960feb23
,Sergey_70,GM,,,,arena:960feb23
,Iskusnyh_SV,GM,,,,arena:960feb23
,BAziukAs,CM,,,,arena:960feb23
,miepie777,FM,,,,arena:960feb23
,Varvara31,WFM,,,,arena:960feb23
,BXMSChess,NM,,,,arena:960feb23
,crosky,NM,,,,arena:960feb23
,ajedrez-facil,CM,,,,arena:960feb23
,alexey4eg2,FM,,,,arena:960feb23
,tuti2500,FM,,,,arena:960feb23
,mauripoluthrona,FM,,,,arena:960feb23
,aLaCrItOuS,NM,,,,arena:960feb23
,hamidebh001,FM,,,,arena:mar23lta
,the_machine_31,NM,,,,arena:mar23lta
,BooomBoss,FM,,,,arena:mar23lta
,ArtemDyachuk,FM,,,,arena:mar23lta
,DeinSchachtrainer,IM,,,,arena:mar23lta
,Tim-Grutter,IM,,,,arena:mar23lta
,QmK_lT000rks,FM,,,,arena:mar23lta
,UnknownSuperGM,FM,,,,arena:mar23lta
,MskChessTVYouTube,CM,,,,arena:mar23lta
,bodoque50,FM,,,,arena:mar23lta
,Nicolai-master,FM,,,,arena:mar23lta
,Nick122,NM,,,,arena:mar23lta
,Genarovsky,NM,,,,arena:mar23lta
,dipintodiblu,NM,,,,arena:mar23lta
,Eliteplayer4,WCM,,,,arena:mar23lta
,mmmike11,FM,,,,arena:mar23lta
,KlepikovNick,FM,,,,arena:mar23lta
,loekchess,FM,,,,arena:mar23lta
,mEmoRabLesLUISITo,CM,,,,arena:mar23lta
,Khoshal_Mohenzai,FM,,,,arena:mar23lta
,Masterofbrinkmanship,FM,,,,arena:mar23lta
,alekhinnemanaba,FM,,,,arena:mar23lta
,drdaro,FM,,,,arena:mar23lta
,MySt3Ry,FM,,,,arena:mar23lta
,chesstutgood,FM,,,,arena:mar23lta
,leandrojj13,FM,,,,arena:mar23lta
,AgeofExcuse,IM,,,,arena:mar23lta
,WinstonSilvakov,NM,,,,arena:mar23lta
,Donde_esta_tu_rey,IM,,,,arena:mar23lta
,rionel22,CM,,,,arena:mar23lta
,racer478,IM,,,,arena:apr23lta
,VB2006,NM,,,,arena:apr23lta
,DerMichel,CM,,,,arena:apr23lta
,Brotello,NM,,,,arena:apr23lta
,calculorapido,IM,,,,arena:apr23lta
,BardurOrn,CM,,,,arena:apr23lta
,lelouch_li_britania,FM,,,,arena:apr23lta
,Viscam24,CM,,,,arena:apr23lta
,Erow,IM,,,,arena:apr23lta
,necp,GM,,,,arena:apr23lta
,Kuan1981,FM,,,,arena:apr23lta
,KZYB08,WCM,,,,arena:apr23lta
,HCMB,CM,,,,arena:apr23lta
,Vicmary2005,WFM,,,,arena:apr23lta
,AlgarveHoopoe,NM,,,,arena:960apr23
,RIPOL,IM,,,,arena:960apr23
,Khromkin,FM,,,,arena:960apr23
,An2r31,FM,,,,arena:960apr23
,Jotheboss,FM,,,,arena:960apr23
,timi16,IM,,,,arena:960apr23
,tjychess,GM,,,,arena:960apr23
,jeigoth5,CM,,,,arena:960apr23
,DmitryKryakvin,GM,,,,arena:960apr23
,jGabriel-Ledezma,FM,,,,arena:960apr23
,Aleksandar-Topalov,CM,,,,arena:960apr23
,Pina07,CM,,,,arena:960apr23
,camivette,WFM,,,,arena:960apr23
,balack,CM,,,,arena:960apr23
,Mossadcentral,FM,,,,arena:960apr23
,sabke,FM,,,,arena:may23lta
,Levi_1604,IM,,,,arena:may23lta
,Paff_Morris_Twitch,CM,,,,arena:may23lta
,Timchess2007,CM,,,,arena:may23lta
,playablecharacter,NM,,,,arena:may23lta
,ChesscularGodofChess,CM,,,,arena:may23lta
,LittleChessRook,WCM,,,,arena:may23lta
,Couvervan,CM,,,,arena:may23lta
,Arnedo01,NM,,,,arena:may23lta
,Rgoltsman,CM,,,,arena:may23lta
,Arm-Boy,CM,,,,arena:may23lta
,Narkotik_Kal,FM,,,,arena:may23lta
,elmishigami,WCM,,,,arena:may23lta
,Haykk_Yeritsyan,FM,,,,arena:may23lta
,Kvaidan,CM,,,,arena:may23lta
,bubeliang,FM,,,,arena:may23lta
,Lau_King_26,FM,,,,arena:may23lta
,mihajlovskij,NM,,,,arena:may23lta
,walaasarwat,IM,,,,arena:may23lta
,Kazmin_Semyon,FM,,,,arena:may23lta
,Thomas_Delaroy,FM,,,,arena:may23lta
,bluejay1897,FM,,,,arena:may23lta
,Carlitus2004,FM,,,,arena:may23lta
,STL_Moradiabadi,GM,,,,arena:may23lta
,Muslim_player_05,FM,,,,arena:may23lta
,Wanderlust_Indigo,FM,,,,arena:may23lta
,kleyton80,NM,,,,arena:may23lta
,karthikeyan32,CM,,,,arena:may23lta
,roxael,CM,,,,arena:may23lta
,r2r2525,NM,,,,arena:may23lta
,Chessisnotfair,GM,,,,arena:jun23lta
,gmspideribarra,GM,,,,arena:jun23lta
,Mesa_1,IM,,,,arena:jun23lta
,Temur_Odinaev,FM,,,,arena:jun23lta
,Mirakel05,IM,,,,arena:jun23lta
,friday_night_jets,NM,,,,arena:jun23lta
,Garmendiarov,CM,,,,arena:jun23lta
,ChessMood,GM,,,,arena:jun23lta
,Ranaroek66,GM,,,,arena:jun23lta
,KotPiratik,FM,,,,arena:jun23lta
,Ferrari_Chess11,NM,,,,arena:jun23lta
,ArthasMennethil,FM,,,,arena:jun23lta
,gasimov_00,FM,,,,arena:jun23lta
,zehra77,WFM,,,,arena:jun23lta
,Blunderbus9,FM,,,,arena:jun23lta
,GIFCM2007,FM,,,,arena:jun23lta
,magenireth,CM,,,,arena:jun23lta
,OneAndAHalph,FM,,,,arena:jun23lta
,Pleurotus,FM,,,,arena:jun23lta
,ArturDaiLima,NM,,,,arena:jun23lta
,Evargalo,FM,,,,arena:jun23lta
,taulajoe,NM,,,,arena:jun23lta
,Just_ImProViSaTioN,IM,,,,arena:jul23lta
,vishwa_vijeta,CM,,,,arena:jul23lta
,Giannatos,FM,,,,arena:jul23lta
,theEuropean,FM,,,,arena:jul23lta
,Abelguzin_Dinar,FM,,,,arena:jul23lta
,ChrisFromTexas,NM,,,,arena:jul23lta
,Kavri,NM,,,,arena:jul23lta
,dan_tes,FM,,,,arena:jul23lta
,Blitzrules,CM,,,,arena:jul23lta
,KindaLoseer,CM,,,,arena:jul23lta
,Mariia29,WFM,,,,arena:jul23lta
,CheckAB,CM,,,,arena:jul23lta
,YulyaPishchal,WFM,,,,arena:jul23lta
,Guzman70,CM,,,,arena:jul23lta
,MohgLordofBlood,IM,,,,arena:jul23lta
,TheBullyBoy,IM,,,,arena:jul23lta
,lalalisaa,WFM,,,,arena:jul23lta
,Blackoperator,NM,,,,arena:jul23lta
,CFN_Fatality,WFM,,,,arena:jul23lta
,Jpgx,CM,,,,arena:jul23lta
,A-Liang,GM,,,,arena:jul23lta
,abdurakhmanov_02,IM,,,,arena:jul23lta
,Zakaryan_David,IM,,,,arena:jul23lta
,bigmaster24,NM,,,,arena:jul23lta
,om_gendut,NM,,,,arena:jul23lta
,KanseiMigatte,FM,,,,arena:jul23lta
,Marticafierro,WGM,,,,arena:jul23lta
,nemanja123456,FM,,,,arena:jul23lta
,Alpha_Cesar,CM,,,,arena:jul23lta
,stupidbeansprout,CM,,,,arena:jul23lta
,No_leas_mi_nick12,IM,,,,arena:jul23lta
,yanekirillshubin,IM,,,,arena:aug23lta
,DrAgnevstein,GM,,,,arena:aug23lta
,ChessPlayer8x8,IM,,,,arena:aug23lta
,Kroker,CM,,,,arena:aug23lta
,HardDrive54,CM,,,,arena:aug23lta
,BreatEastonEllis,CM,,,,arena:aug23lta
,Alex-31,FM,,,,arena:aug23lta
,iunusov_08,CM,,,,arena:aug23lta
,MissingShadow,FM,,,,arena:aug23lta
,leplusfaible,CM,,,,arena:aug23lta
,SrBasulto04,FM,,,,arena:aug23lta
,DragonWizard01,NM,,,,arena:aug23lta
,Davigator,CM,,,,arena:aug23lta
,Ulterior_Motive,NM,,,,arena:aug23lta
,shahinlorpari,GM,,,,arena:aug23lta
,subham777,NM,,,,arena:aug23lta
,lvlUIS10,FM,,,,arena:aug23lta
,masterr_yi,FM,,,,arena:aug23lta
,DrDonaldstein,FM,,,,arena:aug23lta
,Lordiron,FM,,,,arena:aug23lta
,mircica,GM,,,,arena:aug23lta
,Sunrisebyself,NM,,,,arena:aug23lta
,hypnopsycho,CM,,,,arena:aug23lta
,TimofeevAr,GM,,,,arena:960aug23
,EmirSharshenbek,CM,,,,arena:960aug23
,EvgenyBurmakin,FM,,,,arena:960aug23
,chris_gl,FM,,,,arena:960aug23
,adireddyarjun,FM,,,,arena:960aug23
,Grig95,WCM,,,,arena:960aug23
,Juicy_Fork,FM,,,,arena:960aug23
,Gatorchess,NM,,,,arena:960aug23
,DaargaatJoop,CM,,,,arena:960aug23
,Nizi3,GM,,,,arena:960aug23
,Mar_12_Mar,FM,,,,arena:960aug23
,Offtherecord,CM,,,,arena:960aug23
,ramakrishna64,FM,,,,arena:960aug23
,ilikeknights,CM,,,,arena:960aug23
,Sweet-Bonanza,IM,,,,arena:960aug23
,F-Ghaith2021,CM,,,,arena:960aug23
,Chesssaga,NM,,,,arena:960aug23
,Mr_Grey,FM,,,,arena:sep23lta
,Emporio_Armani,FM,,,,arena:sep23lta
,varunvar,IM,,,,arena:sep23lta
,Soberov_Emil,CM,,,,arena:sep23lta
,ArmanGhevondyanchess,CM,,,,arena:sep23lta
,Dubs123,FM,,,,arena:sep23lta
,Tottenham-Hotspur,FM,,,,arena:sep23lta
,ChessWorld2007,FM,,,,arena:sep23lta
,sakkozo01,FM,,,,arena:sep23lta
,TheHardPlayer,CM,,,,arena:sep23lta
,Wael_Mina_Sabry,CM,,,,arena:sep23lta
,CaptainJackSparrow71,GM,,,,arena:sep23lta
,AlmasChampion1,IM,,,,arena:sep23lta
,gakashchess,GM,,,,arena:sep23lta
,manuelpomares,FM,,,,arena:sep23lta
,ninjastrick,CM,,,,arena:sep23lta
,Big_Problems,FM,,,,arena:sep23lta
,joksi_03,WIM,,,,arena:sep23lta
,chess_is_wonder,WFM,,,,arena:sep23lta
,questingbeast,FM,,,,arena:sep23lta
,walfa1,CM,,,,arena:sep23lta
,TheHeadCoach,IM,,,,arena:sep23lta
,danii929,WCM,,,,arena:sep23lta
,IamNeneu,NM,,,,arena:sep23lta
,PJatoba,FM,,,,arena:sep23lta
,dmitry1968,FM,,,,arena:sep23lta
,checkmagnus,NM,,,,arena:sep23lta
,joSechess1994,FM,,,,arena:sep23lta
,ChessCoach-UEG,IM,,,,arena:sep23lta
,Niksss2023,IM,,,,arena:sep23lta
,M_Onee,FM,,,,arena:sep23lta
,eragon11,IM,,,,arena:sep23lta
,sunnmoon17,FM,,,,arena:sep23lta
,tutifrutty,WFM,,,,arena:sep23lta
,ALPH40,FM,,,,arena:sep23lta
,Barath2000,CM,,,,arena:sep23lta
,EduardoMChess,NM,,,,arena:sep23lta
,MrTarrasch,FM,,,,arena:sep23lta
,LionSatranc,FM,,,,arena:sep23lta
,cedchass25,FM,,,,arena:oct23lta
,Nobler_mind,CM,,,,arena:oct23lta
,QuasarQuest,FM,,,,arena:oct23lta
,Zairbek_k,WFM,,,,arena:oct23lta
,seb54749014,NM,,,,arena:oct23lta
,Nakano_N1no,FM,,,,arena:oct23lta
,candychessboard,WFM,,,,arena:oct23lta
,kacper05,FM,,,,arena:oct23lta
,WillZeitnot,NM,,,,arena:oct23lta
,DevinBooker01,FM,,,,arena:oct23lta
,kpio91,GM,,,,arena:oct23lta
,korn111,FM,,,,arena:oct23lta
,adarshwick,IM,,,,arena:oct23lta
,MathiCasa,FM,,,,arena:oct23lta
,neri_gaite,WFM,,,,arena:oct23lta
,Alimpic,FM,,,,arena:oct23lta
,podliza1,WCM,,,,arena:oct23lta
,kathryna,WCM,,,,arena:oct23lta
,KOKid101,NM,,,,arena:oct23lta
,Juanitochess,CM,,,,arena:oct23lta
,A-AE,FM,,,,arena:oct23lta
,KokkinosKanapes,CM,,,,arena:oct23lta
,lalomoses,NM,,,,arena:oct23lta
,KarolK05,FM,,,,arena:oct23lta
,Chewbacca18,GM,,,,arena:oct23lta
,ChessWarrior7070,CM,,,,arena:oct23lta
,toniaa,WFM,,,,arena:oct23lta
,Falkber,CM,,,,arena:oct23lta
,markljubarov,FM,,,,arena:oct23lta
,Zeitnet,CM,,,,arena:oct23lta
,Patrocl,FM,,,,arena:oct23lta
,thujer,GM,,,,arena:nov23lta
,YurasovMat-2012,FM,,,,arena:nov23lta
,NeonAssassin777,IM,,,,arena:nov23lta
,johnnydurant,CM,,,,arena:nov23lta
,Inci2019,IM,,,,arena:nov23lta
,Erebuni91,GM,,,,arena:nov23lta
,Atomrod,GM,,,,arena:nov23lta
,Doraemon2008,CM,,,,arena:nov23lta
,Khatiboo-Fish,GM,,,,arena:nov23lta
,Tanmaychopra,FM,,,,arena:nov23lta
,marci_chess,FM,,,,arena:nov23lta
,Lisij17,CM,,,,arena:nov23lta
,samepatzer,CM,,,,arena:nov23lta
,shtrubi,IM,,,,arena:nov23lta
,shlumpa,CM,,,,arena:nov23lta
,KING_OF_CS2,FM,,,,arena:nov23lta
,Dodosha_Rah,WFM,,,,arena:nov23lta
,d1rang1d,FM,,,,arena:nov23lta
,Sting2010,FM,,,,arena:nov23lta
,The_Fun_Begins,FM,,,,arena:nov23lta
,Doctor_Luber,CM,,,,arena:nov23lta
,zjfdxyikhn3,FM,,,,arena:nov23lta
,gidropark,GM,,,,arena:nov23lta
,Ragnar_Lothbrok85,FM,,,,arena:nov23lta
,Ceres_D,IM,,,,arena:nov23lta
,iceonboard,CM,,,,arena:nov23lta
,udithj22,CM,,,,arena:nov23lta
,mnrendrexlopes,NM,,,,arena:nov23lta
,TitledMoneyGrabber,FM,,,,arena:nov23lta
,RichardAlejandro9006,IM,,,,arena:nov23lta
,jesselroy99,FM,,,,arena:nov23lta
,adypady,IM,,,,arena:nov23lta
,chessplayer7878,WGM,,,,arena:nov23lta
,yg2kneatyy,NM,,,,arena:nov23lta
,Templarium,FM,,,,arena:nov23lta
,vovasev,FM,,,,arena:nov23lta
,topce,CM,,,,arena:nov23lta
,Cyb3rFight3r,CM,,,,arena:nov23lta
,Cristi_Coca,FM,,,,arena:nov23lta
,HaylerMFcuba,FM,,,,arena:nov23lta
,Ducu17,IM,,,,arena:dec23lta
,NINDJAxx8,FM,,,,arena:dec23lta
,kingrunner32,IM,,,,arena:dec23lta
,SuperPower2011,FM,,,,arena:dec23lta
,jimmy0613,FM,,,,arena:dec23lta
,SlavenPastar,IM,,,,arena:dec23lta
,Samid2002,FM,,,,arena:dec23lta
,SantryanDavid,CM,,,,arena:dec23lta
,titanshahmat2003,CM,,,,arena:dec23lta
,Jaimtap,FM,,,,arena:dec23lta
,Vladimir_Aridov,FM,,,,arena:dec23lta
,NelsonLinda,CM,,,,arena:dec23lta
,KiKiKiRA,IM,,,,arena:dec23lta
,Fengwi,NM,,,,arena:dec23lta
,runner24,FM,,,,arena:dec23lta
,KaiouRetsu,FM,,,,arena:dec23lta
,Battle12,CM,,,,arena:dec23lta
,sezur,FM,,,,arena:dec23lta
,Koreschikov_Maxim,FM,,,,arena:dec23lta
,Mikasinskii,FM,,,,arena:dec23lta
,Kantanna,WIM,,,,arena:dec23lta
,Dr_Chessrob,GM,,,,arena:dec23lta
,bltn12y,NM,,,,arena:dec23lta
,umutbekiragaoglu,NM,,,,arena:dec23lta
,kassaylilla,WFM,,,,arena:dec23lta
,nuadvaga,CM,,,,arena:dec23lta
,PoAslan04,FM,,,,arena:dec23lta
,Doha_Qatar,FM,,,,arena:dec23lta
,mokerslag,FM,,,,arena:dec23lta
,veneteanuc,FM,,,,arena:dec23lta
,Wafwhij02,GM,,,,arena:dec23lta
,DavidOjeda,FM,,,,arena:dec23lta
,Link-Click,FM,,,,arena:dec23lta
,nickmatta,NM,,,,arena:dec23lta
,TienLinh02051990,FM,,,,arena:dec23lta
,TooBadForYou,NM,,,,arena:dec23lta
,ASKA538,FM,,,,arena:dec23lta
,Nohaypanduro,IM,,,,arena:dec23lta
,SuanFernandes,NM,,,,arena:dec23lta
,PatriciaHdez,FM,,,,arena:dec23lta
,killer840,GM,,,,arena:960dec23
,HaykoCepkin,NM,,,,arena:960dec23
,SpiritAirlines,NM,,,,arena:960dec23
,FlipSNOW,NM,,,,arena:960dec23
,kstorn,NM,,,,arena:960dec23
,turtlechess55,IM,,,,arena:960dec23
,sanjaypune,FM,,,,arena:960dec23
,JAMJEST,CM,,,,arena:960dec23
,totoarias,CM,,,,arena:960dec23
,catchme-ifyoucan,WFM,,,,arena:960dec23
,Krabbe,CM,,,,arena:960dec23
,Eagle_2019,GM,,,,arena:960dec23
,roggefeller,IM,,,,arena:960dec23
,pankajfm,FM,,,,arena:960dec23
,UddinJamal,CM,,,,arena:960dec23
,Kunk,NM,,,,arena:960dec23
,balachess2006,FM,,,,arena:jan24lta
,Ti-Ga,FM,,,,arena:jan24lta
,Langua-Chess,FM,,,,arena:jan24lta
,Zoot-Allures,CM,,,,arena:jan24lta
,Beaterawn,FM,,,,arena:jan24lta
,mwadsworth,GM,,,,arena:jan24lta
,morexcuses93,CM,,,,arena:jan24lta
,Blixiron22,NM,,,,arena:jan24lta
,rapidoylancero,CM,,,,arena:jan24lta
,chesstrainner9X,CM,,,,arena:jan24lta
,SabKaDaddy,IM,,,,arena:jan24lta
,variantplayer123,FM,,,,arena:jan24lta
,mkllnd1517,FM,,,,arena:jan24lta
,JaackCamel,NM,,,,arena:jan24lta
,kgwrestler,CM,,,,arena:jan24lta
,arturogonzalez,CM,,,,arena:jan24lta
,carocann1,FM,,,,arena:jan24lta
,sstrb,FM,,,,arena:jan24lta
,J_Oneee,IM,,,,arena:jan24lta
,Gettingold72,GM,,,,arena:jan24lta
,Bekazanybekova,WCM,,,,arena:jan24lta
,octopus_assassin,FM,,,,arena:jan24lta
,MargaritaShkalova,WIM,,,,arena:jan24lta
,Sergey_Averchenko,FM,,,,arena:jan24lta
,Mortred07,FM,,,,arena:feb24lta
,RealPerangel,GM,,,,arena:feb24lta
,Unicorn7Love,IM,,,,arena:feb24lta
,Lord_Maxik,FM,,,,arena:feb24lta
,HelonosGR,GM,,,,arena:feb24lta
,TBest,CM,,,,arena:feb24lta
,Fighter_001,WIM,,,,arena:feb24lta
,benammar,CM,,,,arena:feb24lta
,gaho2005,CM,,,,arena:feb24lta
,Hunterrun,FM,,,,arena:feb24lta
,VVD62,IM,,,,arena:feb24lta
,Train_Your_Dragon,NM,,,,arena:feb24lta
,Artem_chess01,FM,,,,arena:feb24lta
,AdamCollins,CM,,,,arena:feb24lta
,dub_max,FM,,,,arena:feb24lta
,promacherrrr,IM,,,,arena:feb24lta
,Arrayashike_23,NM,,,,arena:feb24lta
,Chess_Computer_101,NM,,,,arena:feb24lta
,Elistratov_Semyon,IM,,,,arena:feb24lta
,Elito29,GM,,,,arena:feb24lta
,firemonkey11,CM,,,,arena:feb24lta
,AaronAlonso03,IM,,,,arena:feb24lta
,Finally_I_Won,CM,,,,arena:feb24lta
,Asasinn,CM,,,,arena:feb24lta
,Goldfinger007,NM,,,,arena:feb24lta
,AuraZ0,IM,,,,arena:feb24lta
,odishka,WCM,,,,arena:feb24lta
,krivoy1973,FM,,,,arena:feb24lta
,Showdrez,NM,,,,arena:feb24lta
,Raja_Senggol,NM,,,,arena:feb24lta
,alanford,FM,,,,arena:feb24lta
,rosa_del_nilo,WFM,,,,arena:feb24lta
,STL_Grischuk,GM,,,,arena:mar24lta
,BryanL,FM,,,,arena:mar24lta
,Frolov_Vitaly,CM,,,,arena:mar24lta
,ColdBloodShed,FM,,,,arena:mar24lta
,DrGreateinstein,IM,,,,arena:mar24lta
,CNeto,NM,,,,arena:mar24lta
,theSchlumpf,CM,,,,arena:mar24lta
,AParadiseLost,FM,,,,arena:mar24lta
,kaissa10,WFM,,,,arena:mar24lta
,torre-64,FM,,,,arena:mar24lta
,Zig_Zag_Zug_Zwang,FM,,,,arena:mar24lta
,leonteo,NM,,,,arena:mar24lta
,CHEMPION-BG,FM,,,,arena:mar24lta
,RebelJohnny,CM,,,,arena:mar24lta
,Keriman,WFM,,,,arena:mar24lta
,Melkonyan_Vardan,CM,,,,arena:mar24lta
,RMchess04,FM,,,,arena:mar24lta
,Malek_Koniahli,FM,,,,arena:mar24lta
,GreterCR06,WFM,,,,arena:mar24lta
,AntunesPeroza,NM,,,,arena:mar24lta
,petrovich_gm,GM,,,,arena:mar24lta
,lh12345,WCM,,,,arena:mar24lta
,Akewjon,IM,,,,arena:mar24lta
,AlfredoAguilera3000,FM,,,,arena:mar24lta
,YegoryoCh,FM,,,,arena:mar24lta
,Mukhriez1676,CM,,,,arena:mar24lta
,Linesman39,FM,,,,arena:mar24lta
,richess2,FM,,,,arena:mar24lta
,laksshana,WFM,,,,arena:mar24lta
,Khegay1997,GM,,,,arena:960mar24
,besfighter,FM,,,,arena:960mar24
,Gorbaev,IM,,,,arena:960mar24
,druper,CM,,,,arena:960mar24
,KlerCaku,WCM,,,,arena:960mar24
,SamTheKid,NM,,,,arena:960mar24
,brough,FM,,,,arena:960mar24
,Mginsburg,IM,,,,arena:960mar24
,philipp77,FM,,,,arena:960mar24
,HansSchmidt,GM,,,,arena:960mar24
,GinoNZ,CM,,,,arena:960mar24
,FoxLord11,NM,,,,arena:960mar24
,TitarovVasiliYoutube,CM,,,,arena:960mar24
,AlechinKaspar,CM,,,,arena:960mar24
,DND_Me,WFM,,,,arena:960mar24
,FernandoArauzAlonso,CM,,,,arena:960mar24
,Phillipe1995,CM,,,,arena:apr24lta
,Cruise97,GM,,,,arena:apr24lta
,SixBucks,NM,,,,arena:apr24lta
,Respectful_Dave,FM,,,,arena:apr24lta
,adartarhan2007,IM,,,,arena:apr24lta
,knight-2021,WCM,,,,arena:apr24lta
,leilei8514,NM,,,,arena:apr24lta
,Imluckygirl,WGM,,,,arena:apr24lta
,lisychess,IM,,,,arena:apr24lta
,TheBB99,FM,,,,arena:apr24lta
,ARMJoker,GM,,,,arena:apr24lta
,Toxic_Trapper,FM,,,,arena:apr24lta
,ExcitingTrap,WIM,,,,arena:apr24lta
,SuPErlia,WFM,,,,arena:apr24lta
,KillerR00k,NM,,,,arena:apr24lta
,CoolChessPlayer6,NM,,,,arena:apr24lta
,monoboy2016,IM,,,,arena:apr24lta
,KADIRSORIADELGADO,FM,,,,arena:apr24lta
,Domingos_Junior,FM,,,,arena:apr24lta
,NigiriSushi,CM,,,,arena:apr24lta
,smotherhubbard,FM,,,,arena:apr24lta
,TomBus1960,CM,,,,arena:apr24lta
,Astroni,FM,,,,arena:apr24lta
,huig,FM,,,,arena:apr24lta
,orisko,WFM,,,,arena:apr24lta
,user_silva2002,FM,,,,arena:apr24lta
,Lavidaloco,CM,,,,arena:apr24lta
,FIRE2006,NM,,,,arena:apr24lta
,nico29batista,FM,,,,arena:apr24lta
,Coolfish814,NM,,,,arena:apr24lta
,Camilla_Lee,NM,,,,arena:apr24lta
,danifantini,WFM,,,,arena:apr24lta
,RAJARAJCHOLAN008,CM,,,,arena:apr24lta
,midnighttactician,CM,,,,arena:apr24lta
,razumihin07,FM,,,,arena:apr24lta
,Joven_jubilado,CM,,,,arena:may24lta
,dr_dre08,IM,,,,arena:may24lta
,spriteball,FM,,,,arena:may24lta
,Herzog2012,FM,,,,arena:may24lta
,N_I_Chess,NM,,,,arena:may24lta
,MichaelSimpson,IM,,,,arena:may24lta
,EamonMont,NM,,,,arena:may24lta
,Azuolas1,CM,,,,arena:may24lta
,Frankie_Badacsonyi,FM,,,,arena:may24lta
,Grinch1307,FM,,,,arena:may24lta
,sina_iran,GM,,,,arena:may24lta
,AAK203,IM,,,,arena:may24lta
,Iljushin_Alexey,GM,,,,arena:may24lta
,SNCSolidGuy,FM,,,,arena:may24lta
,joy_x6,WCM,,,,arena:may24lta
,NTDVAN,GM,,,,arena:may24lta
,Poet13,GM,,,,arena:may24lta
,Mary149,WFM,,,,arena:may24lta
,ChessHeroes,NM,,,,arena:may24lta
,strategic09,IM,,,,arena:may24lta
,bryantman2014,CM,,,,arena:may24lta
,MrLion3000,CM,,,,arena:may24lta
,Chaitanya1932,CM,,,,arena:may24lta
,Tuzibaba,IM,,,,arena:may24lta
,masterofpuppets2,FM,,,,arena:may24lta
,Championsteein,NM,,,,arena:may24lta
,AmbartsumianTyhran,CM,,,,arena:jun24lta
,MkrtchyanMariam,WIM,,,,arena:jun24lta
,gameadventure,FM,,,,arena:jun24lta
,StreetDog24,FM,,,,arena:jun24lta
,Amazon_A,FM,,,,arena:jun24lta
,serena-maria,WIM,,,,arena:jun24lta
,satrancdelisi23,CM,,,,arena:jun24lta
,SILVERKNIGHT101,NM,,,,arena:jun24lta
,RobertDowneyJr0111,FM,,,,arena:jun24lta
,goldenstatewarrior,CM,,,,arena:jun24lta
,Vanellope04,WFM,,,,arena:jun24lta
,trainerm,NM,,,,arena:jun24lta
,Darmin_D,FM,,,,arena:jun24lta
,LEGENYA19989898,NM,,,,arena:jun24lta
,Attacker123,FM,,,,arena:jun24lta
,Silversik,CM,,,,arena:jun24lta
,zuzannaklaraa,WCM,,,,arena:jun24lta
,hugo314,FM,,,,arena:jun24lta
,Tr_xter,CM,,,,arena:jun24lta
,Ivanchucky1609,CM,,,,arena:jun24lta
,PeredaM,CM,,,,arena:jun24lta
,spyker27,FM,,,,arena:jun24lta
,turboblindsmurf,CM,,,,arena:jun24lta
,VacheH009,CM,,,,arena:jun24lta
,Andrey-Ivanov2011,CM,,,,arena:jun24lta
,kakulia14,FM,,,,arena:jun24lta
,deterring,NM,,,,arena:jun24lta
,Lelouch_Vi_Brittania,CM,,,,arena:jun24lta
,Boterhoofd,FM,,,,arena:jun24lta
,L-M2024,NM,,,,arena:jun24lta
,lotrisking,CM,,,,arena:jun24lta
,michelyglesias,CM,,,,arena:jun24lta
,KingsCordial,FM,,,,arena:jun24lta
,Top_Dad,CM,,,,arena:jun24lta
,CaissaPrincess1,WIM,,,,arena:jun24lta
,royalchesssamarkand,GM,,,,arena:jul24lta
,Taga-Daet,IM,,,,arena:jul24lta
,Zenekritikus04,CM,,,,arena:jul24lta
,Statham_13,FM,,,,arena:jul24lta
,EnergeticHold13,FM,,,,arena:jul24lta
,haski_2014,WFM,,,,arena:jul24lta
,nikto_ne_dolzhenznat,CM,,,,arena:jul24lta
,Valery_Skatchkov2004,FM,,,,arena:jul24lta
,snow_fairy14,NM,,,,arena:jul24lta
,T_Candidatos_2025,IM,,,,arena:jul24lta
,Stoichess,GM,,,,arena:jul24lta
,Dragon_Sword,NM,,,,arena:jul24lta
,FedirBohatyrchuk1892,NM,,,,arena:jul24lta
,havishjesuit123,FM,,,,arena:jul24lta
,Jorcerys,WIM,,,,arena:jul24lta
,legendreturns,GM,,,,arena:jul24lta
,santig8,CM,,,,arena:jul24lta
,Pepse66,FM,,,,arena:jul24lta
,Markus_Ragger,GM,,,,arena:jul24lta
,Maus7,IM,,,,arena:jul24lta
,GG1223334444,CM,,,,arena:jul24lta
,XLiNt,CM,,,,arena:jul24lta
,oaao-2011mf,FM,,,,arena:jul24lta
,Ernur2008,FM,,,,arena:jul24lta
,VITAMIN321,NM,,,,arena:jul24lta
,Christ_is_alive,FM,,,,arena:jul24lta
,holy_ghost,GM,,,,arena:jul24lta
,Dr_Zee,FM,,,,arena:jul24lta
,Seasidesunset,CM,,,,arena:jul24lta
,Rsmon54Terrible,FM,,,,arena:jul24lta
,Polstastisch,FM,,,,arena:jul24lta
,Atlacatl_SV,FM,,,,arena:jul24lta
,YADEESHA,CM,,,,arena:jul24lta
,BeautyGirl,WGM,,,,arena:jul24lta
,Slowplay007,FM,,,,arena:jul24lta
,Kyrie-Irving,FM,,,,arena:jul24lta
,hhcuuid,GM,,,,arena:jul24lta
,DK7887,FM,,,,arena:jul24lta
,CasperyLiu,FM,,,,arena:jul24lta
,Jerome_Cooking,CM,,,,arena:jul24lta
,Fibromyalgia,NM,,,,arena:jul24lta
,Jinela_Rodriguez,WIM,,,,arena:jul24lta
,lattykk,IM,,,,arena:jul24lta
,FairChess_on_YouTube,GM,,,,arena:960jul24
,MRuslan11,CM,,,,arena:960jul24
,Victory24601,FM,,,,arena:960jul24
,Kaffernfanger,CM,,,,arena:960jul24
,ubdip,FM,,,,arena:960jul24
,Doomfist,NM,,,,arena:960jul24
,Silvermist15,WGM,,,,arena:960jul24
,robertoyepez,NM,,,,arena:960jul24
,Gica505,CM,,,,arena:960jul24
,Sonics1962,FM,,,,arena:960jul24
,FlyingPenguin06,CM,,,,arena:960jul24
,erwinlami,GM,,,,arena:960jul24
,Glek_Igor,GM,,,,arena:960jul24
,SuperPlatypus,NM,,,,arena:960jul24
,Darkness-of-Fischer,FM,,,,arena:960jul24
,leoloia,FM,,,,arena:960jul24
,Jungle_Jaguar,IM,,,,arena:aug24lta
,SharkBlueKing9879,CM,,,,arena:aug24lta
,Kirill_Razumovsky,FM,,,,arena:aug24lta
,Fianchettolaeufer,FM,,,,arena:aug24lta
,PudgeTheButcher,CM,,,,arena:aug24lta
,Masterasasin,IM,,,,arena:aug24lta
,HoangNam_ChessCoach,FM,,,,arena:aug24lta
,wrapchess,CM,,,,arena:aug24lta
,Alexi_Founder,FM,,,,arena:aug24lta
,blindfoldbilly,NM,,,,arena:aug24lta
,Kevingeorgemicheal,IM,,,,arena:aug24lta
,King__Crusher,CM,,,,arena:aug24lta
,RodneyNLKL,FM,,,,arena:aug24lta
,Orezculapte,NM,,,,arena:aug24lta
,WuNDERKIND_08,FM,,,,arena:aug24lta
,rsalcedoiii,IM,,,,arena:aug24lta
,Laurin_2009,CM,,,,arena:aug24lta
,MgaPR,NM,,,,arena:aug24lta
,EnisMetin,NM,,,,arena:aug24lta
,BoraCilek,FM,,,,arena:aug24lta
,doberman_333,FM,,,,arena:aug24lta
,Chessninja482,CM,,,,arena:aug24lta
,Polina3004,WFM,,,,arena:aug24lta
,kirotori,WCM,,,,arena:aug24lta
,chesspassion_11,CM,,,,arena:aug24lta
,Vishyking64,FM,,,,arena:aug24lta
,Dr_Martic,GM,,,,arena:aug24lta
,JungBoss123,FM,,,,arena:aug24lta
,NikolozTsomaia,FM,,,,arena:aug24lta
,Petr_Mikhalchenko,FM,,,,arena:aug24lta
,Jurcasa13,IM,,,,arena:aug24lta
,Gyulamiryan_Koryun,CM,,,,arena:aug24lta
,handofprince,GM,,,,arena:sep24lta
,Turtunya,FM,,,,arena:sep24lta
,Turboplombir,FM,,,,arena:sep24lta
,StrongKhaganaK1ller,IM,,,,arena:sep24lta
,Igrok_V_Proshlom,FM,,,,arena:sep24lta
,IgorVershinin2009,FM,,,,arena:sep24lta
,stevis5,NM,,,,arena:sep24lta
,ozizwiz,NM,,,,arena:sep24lta
,Gagarinec,IM,,,,arena:sep24lta
,mango_madness,CM,,,,arena:sep24lta
,bolus2,FM,,,,arena:sep24lta
,DJ-Logan,FM,,,,arena:sep24lta
,Carnivorass,FM,,,,arena:sep24lta
,NonSens,IM,,,,arena:sep24lta
,phoneman145,CM,,,,arena:sep24lta
,malakismayil,WFM,,,,arena:sep24lta
,MAHanif,CM,,,,arena:sep24lta
,GERAmini,NM,,,,arena:sep24lta
,castle_2008,CM,,,,arena:sep24lta
,caktchess,NM,,,,arena:sep24lta
,Knightrider100,WFM,,,,arena:sep24lta
,Gigantobear,WFM,,,,arena:sep24lta
,orange_fox_7,NM,,,,arena:sep24lta
,QueenEatingDragon,NM,,,,arena:sep24lta
,txebyshev,FM,,,,arena:sep24lta
,dbestsmiles,FM,,,,arena:sep24lta
,Yan_Dyomin2010,FM,,,,arena:sep24lta
,cukierbd,FM,,,,arena:sep24lta
,vish1080,NM,,,,arena:sep24lta
,whatever04,WFM,,,,arena:sep24lta
,Amois,FM,,,,arena:sep24lta
,Budisavljevic1,GM,,,,arena:sep24lta
,SoFie1010,WCM,,,,arena:sep24lta
,GambitGerard,FM,,,,arena:sep24lta
,Shamatava_Nick,FM,,,,arena:sep24lta
,Tactrics64,FM,,,,arena:sep24lta
,TheKingWolf_1,NM,,,,arena:sep24lta
,JKJENSEN,CM,,,,arena:sep24lta
,SpartakMos,FM,,,,arena:sep24lta
,Biduletrucmachin,WCM,,,,arena:sep24lta
,Krunchmaster,CM,,,,arena:sep24lta
,Remontada_Reloaded,IM,,,,arena:sep24lta
,BeautiFullMindChess,FM,,,,arena:sep24lta
,BobbyFisher_1943,CM,,,,arena:sep24lta
,General_Zod_01,IM,,,,arena:sep24lta
,TanitoluwaAps116,IM,,,,arena:oct24lta
,Slayerking03,FM,,,,arena:oct24lta
,PlavRuck,CM,,,,arena:oct24lta
,schachlatan64,IM,,,,arena:oct24lta
,LSChessonTwitch,NM,,,,arena:oct24lta
,Creative68,FM,,,,arena:oct24lta
,johndoe695,CM,,,,arena:oct24lta
,Edgarhay012,FM,,,,arena:oct24lta
,piotrek212,CM,,,,arena:oct24lta
,easy12345,WNM,,,,arena:oct24lta
,RuslanN88,CM,,,,arena:oct24lta
,cItOsOl04,CM,,,,arena:oct24lta
,Barbriaya,CM,,,,arena:oct24lta
,jeppehaldfalk,FM,,,,arena:oct24lta
,JL2006,FM,,,,arena:oct24lta
,jaime_sonho01,CM,,,,arena:oct24lta
,Chesszd,WCM,,,,arena:oct24lta
,emirislamking,CM,,,,arena:oct24lta
,sar2007,CM,,,,arena:oct24lta
,spacejunkie72,IM,,,,arena:oct24lta
,NoRoadto2300,CM,,,,arena:oct24lta
,otychess,FM,,,,arena:oct24lta
,Sabreena,WCM,,,,arena:oct24lta
,KonstantinKornienko,FM,,,,arena:nov24lta
,Emac30,CM,,,,arena:nov24lta
,Metallist2020,CM,,,,arena:nov24lta
,MagicSchlumpf,CM,,,,arena:nov24lta
,lovesomemama,IM,,,,arena:nov24lta
,king_staz,FM,,,,arena:nov24lta
,Ilostagain2,FM,,,,arena:nov24lta
,CosmicVision,NM,,,,arena:nov24lta
,Josephrov,FM,,,,arena:nov24lta
,moonlight2025,WCM,,,,arena:nov24lta
,Valentun_Hulka,FM,,,,arena:nov24lta
,Maroczy1,CM,,,,arena:nov24lta
,pablomatic,CM,,,,arena:nov24lta
,B-A-N-K-A-I,CM,,,,arena:nov24lta
,entrenador_Lcst,NM,,,,arena:nov24lta
,timatima,FM,,,,arena:nov24lta
,Ganziitoo,IM,,,,arena:nov24lta
,RomanK_13,FM,,,,arena:nov24lta
,ferplus,CM,,,,arena:nov24lta
,Jemimapaulo2007,WFM,,,,arena:nov24lta
,Roli_The_First,CM,,,,arena:nov24lta
,KRUMMEL2008,IM,,,,arena:nov24lta
,Zhaslan_Aligozhin,FM,,,,arena:nov24lta
,Outsourcer,CM,,,,arena:nov24lta
,meoluoi91,WGM,,,,arena:nov24lta
,Buyofl,FM,,,,arena:nov24lta
,Tremil_2,NM,,,,arena:nov24lta
,Elretornodelmore,FM,,,,arena:nov24lta
,RaceKing_2022,FM,,,,arena:nov24lta
,Idvan,FM,,,,arena:nov24lta
,CranberryCheese,CM,,,,arena:nov24lta
,Davesondo,CM,,,,arena:nov24lta
,FRAM3D_T,CM,,,,arena:nov24lta
,ACT254,CM,,,,arena:nov24lta
,Amazing_Defence,FM,,,,arena:dec24lta
,Na_Ferrari,IM,,,,arena:dec24lta
,ortizfrancisco,NM,,,,arena:dec24lta
,Wolfito11,NM,,,,arena:dec24lta
,KzRoma,FM,,,,arena:dec24lta
,slowchessplayer2001,NM,,,,arena:dec24lta
,Slea,FM,,,,arena:dec24lta
,disto,CM,,,,arena:dec24lta
,Varga-91,FM,,,,arena:dec24lta
,kty99,CM,,,,arena:dec24lta
,schachinator999,CM,,,,arena:dec24lta
,UVIGI,IM,,,,arena:dec24lta
,jab2015,NM,,,,arena:dec24lta
,Lily-lissana,IM,,,,arena:dec24lta
,Ganec,FM,,,,arena:dec24lta
,secretpieces6,WCM,,,,arena:dec24lta
,Nyameba,CM,,,,arena:dec24lta
,Morenoteambarrio,IM,,,,arena:dec24lta
,Mahan_83,FM,,,,arena:dec24lta
,Benonithisone,CM,,,,arena:dec24lta
,unpazajedrez,NM,,,,arena:dec24lta
,belenchessy,WCM,,,,arena:dec24lta
,Coraa29,WCM,,,,arena:dec24lta
,Liekkisiivet,NM,,,,arena:dec24lta
,BMpachess,NM,,,,arena:dec24lta
,lProstoy,CM,,,,arena:dec24lta
,pranav27,NM,,,,arena:dec24lta
,AJSF2020,IM,,,,arena:dec24lta
,MGL2024,FM,,,,arena:dec24lta
,pbehzad,WIM,,,,arena:dec24lta
,GerSanto,NM,,,,arena:dec24lta
,cuervo22,NM,,,,arena:dec24lta
,SecretPieces,CM,,,,arena:dec24lta
,Pin_It,CM,,,,arena:dec24lta
,painkiller3,FM,,,,arena:dec24lta
,Keeper0416,FM,,,,arena:dec24lta
,iam_not_real,CM,,,,arena:dec24lta
,Founoir,FM,,,,arena:dec24lta
,petrover,FM,,,,arena:dec24lta
,TCF_Punisher,IM,,,,arena:dec24lta
,gokmet,NM,,,,arena:dec24lta
,BuendiaChess,FM,,,,arena:dec24lta
,Latinceadam34,CM,,,,arena:dec24lta
,rhungaski,GM,,,,arena:dec24lta
,Torvosaurus,NM,,,,arena:dec24lta
,wizardcrusher,FM,,,,arena:dec24lta
,Igorshyvanov,NM,,,,arena:dec24lta
,benedekisti,CM,,,,arena:dec24lta
,ANTUCO69,IM,,,,arena:dec24lta
,ElimChessKG,CM,,,,arena:dec24lta
,Vitruviy,CM,,,,arena:960dec24
,OkkotsuYuta03,FM,,,,arena:960dec24
,sulaimanashrafi,CM,,,,arena:960dec24
,JoeAssaad,CM,,,,arena:960dec24
,Practice_Tailung,CM,,,,arena:960dec24
,LGchessmaster,FM,,,,arena:960dec24
,MartinOksendal1,FM,,,,arena:960dec24
,kasparov57349,NM,,,,arena:960dec24
,LebronJames22,GM,,,,arena:960dec24
,Yottabyte97,IM,,,,arena:feb25lta
,Tunartank,CM,,,,arena:feb25lta
,ZohiiiDD_10,IM,,,,arena:feb25lta
,The_Fawkes,FM,,,,arena:feb25lta
,JeanLucMagritte,FM,,,,arena:feb25lta
,SamTakoj,FM,,,,arena:feb25lta
,invoker11,CM,,,,arena:feb25lta
,foldesmarci2009,FM,,,,arena:feb25lta
,KnightMaster88,CM,,,,arena:feb25lta
,Maletaja1,CM,,,,arena:feb25lta
,EloXadrez23,NM,,,,arena:feb25lta
,alexcoach,FM,,,,arena:feb25lta
,Georgianhawk2007,FM,,,,arena:feb25lta
,MirMan,GM,,,,arena:feb25lta
,Babay81,FM,,,,arena:feb25lta
,Shivananda1964,FM,,,,arena:feb25lta
,chessbasebrasil,NM,,,,arena:feb25lta
,Koshulyan_Egor,FM,,,,arena:feb25lta
,Noves,NM,,,,arena:feb25lta
,YuraGar,CM,,,,arena:feb25lta
,Gallego_12,FM,,,,arena:feb25lta
,Germily,CM,,,,arena:feb25lta
,Montekristoo_kontu,WFM,,,,arena:feb25lta
,MG_broker007,CM,,,,arena:feb25lta
,bro-2025,CM,,,,arena:feb25lta
,DZLethal,NM,,,,arena:feb25lta
,Artchessplay,CM,,,,arena:feb25lta
,Chessterx07,NM,,,,arena:feb25lta
,RANGER2,NM,,,,arena:feb25lta
,ondra2004,FM,,,,arena:feb25lta
,shubhi10,WFM,,,,arena:feb25lta
,warrior5191,GM,,,,arena:feb25lta
,deadly_bishops,FM,,,,arena:feb25lta
,Aries65,NM,,,,arena:feb25lta
,marcostrelew,NM,,,,arena:feb25lta
,grandprixgambit,WCM,,,,arena:feb25lta
,Mndapoett,IM,,,,arena:feb25lta
,Puerco,NM,,,,arena:feb25lta
,xovan,CM,,,,arena:feb25lta
,camaronbrujo20,FM,,,,arena:feb25lta
,UGgm_Manuel256,CM,,,,arena:feb25lta
,rigo-loya,NM,,,,arena:feb25lta
,FussyKitten,FM,,,,arena:feb25lta
,aberbacha,NM,,,,arena:feb25lta
,GAGIK_JAN,CM,,,,arena:mar25lta
,mentalrepresentation,IM,,,,arena:mar25lta
,G0ldman,FM,,,,arena:mar25lta
,SheeshBroOmg,FM,,,,arena:mar25lta
,Alena-1979,FM,,,,arena:mar25lta
,Mastakmaestro,FM,,,,arena:mar25lta
,Gianmarco_es,IM,,,,arena:mar25lta
,Angel_of_chess9,CM,,,,arena:mar25lta
,Billythekid30,CM,,,,arena:mar25lta
,elchechereche,CM,,,,arena:mar25lta
,Champion3864,FM,,,,arena:mar25lta
,TaylorPrime,CM,,,,arena:mar25lta
,messi-and-fischer,FM,,,,arena:mar25lta
,MaxikerMayta,CM,,,,arena:mar25lta
,bichobolita_004,FM,,,,arena:mar25lta
,ShcheglovGleb10,FM,,,,arena:mar25lta
,SpeedyFalcon,CM,,,,arena:mar25lta
,FunnyBlani,WCM,,,,arena:mar25lta
,Ghost-lupinx,FM,,,,arena:mar25lta
,Hanami-Metsubou,CM,,,,arena:mar25lta
,Nf6player,FM,,,,arena:mar25lta
,GoodKnightRookie,NM,,,,arena:mar25lta
,emonmarley,FM,,,,arena:mar25lta
,SanthoshAyyappan,NM,,,,arena:mar25lta
,aidaronerbaev,FM,,,,arena:mar25lta
,LunaAzul13,WIM,,,,arena:mar25lta
,io_11,NM,,,,arena:mar25lta
,Pournami_2009,WCM,,,,arena:mar25lta
,blue_tiger98,CM,,,,arena:mar25lta
,Jeziel_Player,NM,,,,arena:mar25lta
,andreykin_01,CM,,,,arena:mar25lta
,Bjarne_V,CM,,,,arena:mar25lta
,myrcellatoc8,CM,,,,arena:mar25lta
,NightOFzero,FM,,,,arena:mar25lta
,Hanbutaev_2012,NM,,,,arena:mar25lta
,GoTarraGo,NM,,,,arena:mar25lta
,Black_knight_mz,CM,,,,arena:mar25lta
,VladTheBest,CM,,,,arena:mar25lta
,Alex_Rad,FM,,,,arena:mar25lta
,WelshWhiteSinge,FM,,,,arena:mar25lta
,Aryan_Tamadon,FM,,,,arena:mar25lta
,Antek_Radzimski,FM,,,,arena:mar25lta
,Chesssplayerr8,CM,,,,arena:mar25lta
,lama17,NM,,,,arena:mar25lta
,alwayssforwardd,CM,,,,arena:mar25lta
,VojtaR,FM,,,,arena:mar25lta
,jskfk,CM,,,,arena:mar25lta
,Tactical-Attack,NM,,,,arena:mar25lta
,erdalars6565,CM,,,,arena:mar25lta
,FabianPonzo,NM,,,,arena:mar25lta
,Chess-om,CM,,,,arena:mar25lta
,jishi03,WFM,,,,arena:mar25lta
,jcmesa,CM,,,,arena:mar25lta
,Famous-Fighter,FM,,,,arena:apr25lta
,Dynamicus,CM,,,,arena:apr25lta
,Mari_nosacheva,WFM,,,,arena:apr25lta
,sportik_shark,IM,,,,arena:apr25lta
,AC-008,CM,,,,arena:apr25lta
,EvergreenSF,WNM,,,,arena:apr25lta
,GeNer4tion_KiLL,FM,,,,arena:apr25lta
,Grsiidran777,NM,,,,arena:apr25lta
,GlennTipton,FM,,,,arena:apr25lta
,CorfuInChess,CM,,,,arena:apr25lta
,max1rossi,NM,,,,arena:apr25lta
,ChellyYh2010,CM,,,,arena:apr25lta
,Ibon_17,CM,,,,arena:apr25lta
,WesBoss,NM,,,,arena:apr25lta
,monpri,WFM,,,,arena:apr25lta
,NatWill,NM,,,,arena:apr25lta
,EunaaaXinn,WFM,,,,arena:apr25lta
,DanilNajdin,FM,,,,arena:apr25lta
,Smellhead,FM,,,,arena:apr25lta
,Toromoreno,FM,,,,arena:apr25lta
,PishgamChessClub,FM,,,,arena:apr25lta
,mr_lolipop,CM,,,,arena:apr25lta
,universalchess247,WFM,,,,arena:apr25lta
,PeterJJackson,NM,,,,arena:apr25lta
,Nicky_MF,WFM,,,,arena:apr25lta
,CharmFate006,WCM,,,,arena:apr25lta
,petrosianuro,FM,,,,arena:apr25lta
,eva2012,WFM,,,,arena:apr25lta
,DrKerfuffle,IM,,,,arena:apr25lta
,Baigildin_Albert,FM,,,,arena:apr25lta
,Bimaniv,CM,,,,arena:apr25lta
,RapiderSL,WFM,,,,arena:apr25lta
,Shadow_Breaker,CM,,,,arena:apr25lta
,TheBalancedPlayer,CM,,,,arena:960apr25
,DormAxKnight,IM,,,,arena:960apr25
,VasikF,FM,,,,arena:960apr25
,yearofrabbits,CM,,,,arena:960apr25
,SergerBeurier,IM,,,,arena:960apr25
,PChernomordik,FM,,,,arena:960apr25
,SacSacCheckmate,IM,,,,arena:960apr25
,alekhinejaja05,NM,,,,arena:960apr25
,KolSuvvin,FM,,,,arena:960apr25
,farbmates,NM,,,,arena:960apr25
,TheChessKiller3,FM,,,,arena:960apr25
,AGM_tapirus,CM,,,,arena:960apr25
,Girkassa,IM,,,,arena:960apr25
,Monsieur3044,CM,,,,arena:960apr25
,LACPLESIS27,FM,,,,arena:960apr25
,MrMasterMak,CM,,,,arena:960apr25
,leochessq,CM,,,,arena:960apr25
,Teacher_1,CM,,,,arena:960apr25
,DrPulcher,CM,,,,arena:960apr25
,hamidtahmasebiii,FM,,,,arena:may25lta
,supermanA,CM,,,,arena:may25lta
,shrekinkedisi14,CM,,,,arena:may25lta
,Weerasekara,FM,,,,arena:may25lta
,fantasy-chess,FM,,,,arena:may25lta
,chesscrasherdeno,CM,,,,arena:may25lta
,Mpaape,CM,,,,arena:may25lta
,prakharbajaj,CM,,,,arena:may25lta
,ArtemAndrienko2008,NM,,,,arena:may25lta
,AnonymousChes,IM,,,,arena:may25lta
,Stewartgranger,CM,,,,arena:may25lta
,Franmu14,FM,,,,arena:may25lta
,EverestEndgameMaster,CM,,,,arena:may25lta
,THE-SPEAKER,FM,,,,arena:may25lta
,Mabuza222,CM,,,,arena:may25lta
,Asatryan_Gor,CM,,,,arena:may25lta
,IGS_Progresa,FM,,,,arena:may25lta
,IALIIALIIALI,FM,,,,arena:may25lta
,Knorthern_Knight,CM,,,,arena:may25lta
,IK_TARASOV,FM,,,,arena:may25lta
,Achyuth_Star,CM,,,,arena:may25lta
,XadrezLogico,NM,,,,arena:may25lta
,JustAHarmlessDuck,FM,,,,arena:may25lta
,Bgah,FM,,,,arena:may25lta
,Roseberline,WCM,,,,arena:may25lta
,yahytin,FM,,,,arena:may25lta
,Ajedrezczu,NM,,,,arena:may25lta
,ZZZaaa1,WIM,,,,arena:may25lta
,Niclas,GM,,,,arena:may25lta
,Vversipellis,FM,,,,arena:may25lta
,ArmandoSantiago,NM,,,,arena:may25lta
,Robsky13,CM,,,,arena:may25lta
,Razzoo0,CM,,,,arena:may25lta
,JANS172009,FM,,,,arena:may25lta
,xxysoul6,GM,,,,arena:may25lta
,Armen_ChessMate,IM,,,,arena:may25lta
,WhiteBoader,FM,,,,arena:may25lta
,coixuong103,IM,,,,arena:may25lta
,gmman88,NM,,,,arena:may25lta
,Iran_Chess_Trainer,FM,,,,arena:may25lta
,carlosibarra,FM,,,,arena:may25lta
,johnmorazo23,FM,,,,arena:may25lta
,fleyfort202,CM,,,,arena:may25lta
,ChessHarborButcher,FM,,,,arena:may25lta
,Catherine_Kaslan,WFM,,,,arena:may25lta
,chucho2009,CM,,,,arena:may25lta
,Onlybrilliantmoves,FM,,,,arena:jun25lta
,dechessed,FM,,,,arena:jun25lta
,XilacOrigami,NM,,,,arena:jun25lta
,Diamantidis,IM,,,,arena:jun25lta
,Manvel_Arakelyan,FM,,,,arena:jun25lta
,NoMate4u,FM,,,,arena:jun25lta
,iazz1,FM,,,,arena:jun25lta
,Kavaliro,CM,,,,arena:jun25lta
,ChopperMD,WFM,,,,arena:jun25lta
,EdenHazard8,FM,,,,arena:jun25lta
,mobil,NM,,,,arena:jun25lta
,Sesenco,FM,,,,arena:jun25lta
,raining_taco,NM,,,,arena:jun25lta
,daaleksandrov,CM,,,,arena:jun25lta
,Chess_Trainer_Caq,FM,,,,arena:jun25lta
,GeographyMaster1,FM,,,,arena:jun25lta
,Nikitaka16,FM,,,,arena:jun25lta
,mickeljackson1388,CM,,,,arena:jun25lta
,OursBulgare,FM,,,,arena:jun25lta
,Winner82827281910,WCM,,,,arena:jun25lta
,AwinKINGreen,CM,,,,arena:jun25lta
,Sello-Mahlangu,CM,,,,arena:jun25lta
,Chinchin120dexter,FM,,,,arena:jun25lta
,Saviy_Pyshchkins,FM,,,,arena:jul25lta
,DirikoluDeniz,CM,,,,arena:jul25lta
,BulgakDamir,CM,,,,arena:jul25lta
,Fandorine_68,FM,,,,arena:jul25lta
,Bgabor91,FM,,,,arena:jul25lta
,FredFertig_fuer_Arme,FM,,,,arena:jul25lta
,ilprofessore87,FM,,,,arena:jul25lta
,unsatisfied_Ahmet,CM,,,,arena:jul25lta
,ranibow_ghost,NM,,,,arena:jul25lta
,DenianCXI2,NM,,,,arena:jul25lta
,KnIgHtSlaShEr2020,NM,,,,arena:jul25lta
,koll6,CM,,,,arena:jul25lta
,paruchi,FM,,,,arena:jul25lta
,ava1411,FM,,,,arena:jul25lta
,IwantToBeGood,CM,,,,arena:jul25lta
,CAPAHAALAND,NM,,,,arena:jul25lta
,arkadan,CM,,,,arena:jul25lta
,gmtal2026,CM,,,,arena:jul25lta
,king_of_australia,CM,,,,arena:jul25lta
,FifideMaster,FM,,,,arena:jul25lta
,RabbitsGrowOnTrees,CM,,,,arena:jul25lta
,PablosEscobar,FM,,,,arena:jul25lta
,preparandotorneo2007,CM,,,,arena:jul25lta
,Bobbletrot,FM,,,,arena:jul25lta
,Kamillo,NM,,,,arena:jul25lta
,Pesandu-Liyanage,FM,,,,arena:jul25lta
,Gpmgscorpion,FM,,,,arena:jul25lta
,playaenmadrid8,FM,,,,arena:jul25lta
,bitter-cikolata,WCM,,,,arena:jul25lta
,MaratGilfanovYoutube,FM,,,,arena:jul25lta
,MaxiDag30,CM,,,,arena:jul25lta
,kasztan_10,WCM,,,,arena:jul25lta
,PolishEngland,CM,,,,arena:jul25lta
,IgorMizinov,FM,,,,arena:jul25lta
,bixit00,NM,,,,arena:jul25lta
,Arsen2002,FM,,,,arena:jul25lta
,nietsretkyNrD2900,NM,,,,arena:jul25lta
,Culture_Echecs,CM,,,,arena:jul25lta
,serendipitymate,WIM,,,,arena:jul25lta
,MetreveliG,NM,,,,arena:jul25lta
,Sadullo_Azizov1,CM,,,,arena:jul25lta
,No_Enemy_MasterOfsh,FM,,,,arena:jul25lta
,HakanTooGood,CM,,,,arena:jul25lta
,Lorenzo1624,CM,,,,arena:jul25lta
,Gadhavi_Veerbhadra,CM,,,,arena:jul25lta
,hectorjose02,FM,,,,arena:jul25lta
,MadDawgg,NM,,,,arena:jul25lta
,TwoHeartsOneBoard-RG,WCM,,,,arena:jul25lta
,GHMackenzie,FM,,,,arena:aug25lta
,Souhardo,IM,,,,arena:aug25lta
,AnuarT,CM,,,,arena:aug25lta
,South4fricanSamurai1,CM,,,,arena:aug25lta
,Justaregularkid,CM,,,,arena:aug25lta
,SectumsempraS,NM,,,,arena:aug25lta
,Nuh-uh,CM,,,,arena:aug25lta
,qpymgh,FM,,,,arena:aug25lta
,ScrewlessMachine,NM,,,,arena:aug25lta
,MAethelflaed,FM,,,,arena:aug25lta
,Siphephile2001,CM,,,,arena:aug25lta
,SneakyNyte,FM,,,,arena:aug25lta
,CPPJS,FM,,,,arena:aug25lta
,GmenLudo,NM,,,,arena:aug25lta
,DreadlordPawn3,NM,,,,arena:aug25lta
,BelBelTT,GM,,,,arena:aug25lta
,Master1465,FM,,,,arena:aug25lta
,JanGolecki,FM,,,,arena:aug25lta
,Box06,IM,,,,arena:aug25lta
,Sarker_Avik,CM,,,,arena:aug25lta
,tzotzii,WNM,,,,arena:aug25lta
,Sofia_Zaitseva,CM,,,,arena:aug25lta
,willsidney,CM,,,,arena:aug25lta
,NF2019,WCM,,,,arena:aug25lta
,Skillerbabo,FM,,,,arena:aug25lta
,danielBEST,NM,,,,arena:aug25lta
,JonasPradoLobo,IM,,,,arena:aug25lta
,duongvuanh,CM,,,,arena:aug25lta
,Oblivara,CM,,,,arena:aug25lta
,neverwin16,CM,,,,arena:aug25lta
,khalilovchess2009,CM,,,,arena:aug25lta
,BlackWhiteChess23,FM,,,,arena:aug25lta
,kadek_iin,WFM,,,,arena:aug25lta
,dzilb,IM,,,,arena:aug25lta
,JS2606,FM,,,,arena:aug25lta
,mikhailtal20100,CM,,,,arena:aug25lta
,rey_jacinto,NM,,,,arena:aug25lta
,Dom1nant1337,FM,,,,arena:aug25lta
,AngelDiMaria1,FM,,,,arena:aug25lta
,rennafulmine,NM,,,,arena:aug25lta
,kaban4ic,CM,,,,arena:aug25lta
,mariubaldo135,WIM,,,,arena:aug25lta
,unknownaccount1,CM,,,,arena:sep25lta
,EndGameMaster48,CM,,,,arena:sep25lta
,gleb_kornienko2003,WCM,,,,arena:sep25lta
,Idontcare600elo,CM,,,,arena:sep25lta
,hlopokk,WFM,,,,arena:sep25lta
,baratheont,NM,,,,arena:sep25lta
,El_Fish_En_Twitch,CM,,,,arena:sep25lta
,Hypermolnia,CM,,,,arena:sep25lta
,ABOMEGA,CM,,,,arena:sep25lta
,Chessbird,CM,,,,arena:sep25lta
,iAspet,CM,,,,arena:sep25lta
,gkesi07,FM,,,,arena:sep25lta
,justwanttoplay0,FM,,,,arena:sep25lta
,TheNotoriousNH,CM,,,,arena:sep25lta
,NeymarSSJ,FM,,,,arena:sep25lta
,Chessibague,IM,,,,arena:sep25lta
,Ernesto_Inarkiev,GM,,,,arena:sep25lta
,Gollatzproblem,FM,,,,arena:sep25lta
,JSS_Fighter_07,FM,,,,arena:sep25lta
,SarthakGattani,NM,,,,arena:sep25lta
,mrozek98,CM,,,,arena:sep25lta
,gabry2011,NM,,,,arena:sep25lta
,AleLeo2008,NM,,,,arena:sep25lta
,Pudge1mba228,CM,,,,arena:sep25lta
,Baagandedaniel,CM,,,,arena:sep25lta
,Fisherman_Pro,FM,,,,arena:sep25lta
,PulcinoPro,NM,,,,arena:sep25lta
,Omogolo11,CM,,,,arena:sep25lta
,Anonym365492,WCM,,,,arena:sep25lta
,Garayev_Kanan,IM,,,,arena:sep25lta
,Exodom,FM,,,,arena:sep25lta
,yingpan123,FM,,,,arena:sep25lta
,Battery_bad,CM,,,,arena:sep25lta
,chucky666,CM,,,,arena:sep25lta
,E4bestbytest1,CM,,,,arena:sep25lta
,vincent_keymer_fan,CM,,,,arena:sep25lta
,veteran75,GM,,,,arena:960sep25
,Dregon_Defon,FM,,,,arena:960sep25
,xenonradonoganesson,IM,,,,arena:960sep25
,MirOBV,CM,,,,arena:960sep25
,specteryamasaki,FM,,,,arena:960sep25
,richdataanalyst,FM,,,,arena:960sep25
,Camperone,FM,,,,arena:960sep25
,PandaMala,FM,,,,arena:960sep25
,Blunder_111,CM,,,,arena:960sep25
,MithrasMonkey,FM,,,,arena:960sep25
,AlexanderJasinski,NM,,,,arena:960sep25
,AAPA23,CM,,,,arena:960sep25
,DenizAkt,CM,,,,arena:960sep25
,Smile_2011,WFM,,,,arena:960sep25
,Juraj_Oruzinsky,FM,,,,arena:960sep25
,Nora_Heidemann,WCM,,,,arena:960sep25
,mgroison,NM,,,,arena:960sep25
,ZoubkovaVila,IM,,,,arena:960sep25
,NeonNinja73,CM,,,,arena:960sep25
,ApexTheBest06,CM,,,,arena:960sep25
,MingoDeLasCavernas,NM,,,,arena:960sep25
,Patryk10,CM,,,,arena:960sep25
,alumno,FM,,,,arena:960sep25
,SmeagolRadiatori,CM,,,,arena:960sep25
,Dani097,CM,,,,arena:960sep25
,TIGER_15,CM,,,,arena:960sep25
,Cocowawa,IM,,,,arena:960sep25
,lmfchess,WCM,,,,arena:960sep25
,quelqn,CM,,,,arena:960sep25
,Ifeelsorryforyou,FM,,,,arena:oct25lta
,greek_Magnus,CM,,,,arena:oct25lta
,hibyehwa,IM,,,,arena:oct25lta
,BlackDeath777,FM,,,,arena:oct25lta
,ChesslessGuy876,CM,,,,arena:oct25lta
,GoFar,FM,,,,arena:oct25lta
,CrusherMachine1908,FM,,,,arena:oct25lta
,SimonMatejka2,CM,,,,arena:oct25lta
,MonkeyDiDragon,CM,,,,arena:oct25lta
,lacampora,FM,,,,arena:oct25lta
,BV2006,NM,,,,arena:oct25lta
,Goozack,NM,,,,arena:oct25lta
,HelloItsDmitri,IM,,,,arena:oct25lta
,Draske,GM,,,,arena:oct25lta
,Masterchess2006,CM,,,,arena:oct25lta
,AdvikP,CM,,,,arena:oct25lta
,EnglishKangaroo,NM,,,,arena:oct25lta
,alfrechesss,FM,,,,arena:oct25lta
,cool_hand_gh99,FM,,,,arena:oct25lta
,T0KY0002320,CM,,,,arena:oct25lta
,Carow-Kann,IM,,,,arena:oct25lta
,NiviAttack,WFM,,,,arena:oct25lta
,caissa12,WFM,,,,arena:oct25lta
,Daniel_Recker,FM,,,,arena:oct25lta
,boblife,FM,,,,arena:oct25lta
,zsolti_83,FM,,,,arena:oct25lta
,mangomango6842,CM,,,,arena:oct25lta
,besarquis,WIM,,,,arena:oct25lta
,TocinoEspacial,CM,,,,arena:oct25lta
,AdvantagePlayer,GM,,,,arena:oct25lta
,Fleetwood_Mac,FM,,,,arena:oct25lta
,El_Gran_Gonzalez,CM,,,,arena:oct25lta
,BillieJoe,FM,,,,arena:oct25lta
,Elodosia,WFM,,,,arena:oct25lta
,buenamor1972,CM,,,,arena:oct25lta
,lucsart016,NM,,,,arena:oct25lta
,CoachTimur,CM,,,,arena:oct25lta
,SuperMishutka,FM,,,,arena:oct25lta
,RatkovicP,FM,,,,arena:oct25lta
,Berserk2600,FM,,,,arena:nov25lta
,RookPunisher,FM,,,,arena:nov25lta
,suhani99,CM,,,,arena:nov25lta
,StasKoronaGdansk,CM,,,,arena:nov25lta
,NextAbracadabra,CM,,,,arena:nov25lta
,MMOPK,CM,,,,arena:nov25lta
,fiumedk,CM,,,,arena:nov25lta
,Peko1234,FM,,,,arena:nov25lta
,kl123,CM,,,,arena:nov25lta
,isobelligkomakiruika,IM,,,,arena:nov25lta
,Persian_leopard,CM,,,,arena:nov25lta
,DiegoMaciasPino,IM,,,,arena:nov25lta
,irenexie,WFM,,,,arena:nov25lta
,puzzleracer2007,IM,,,,arena:nov25lta
,SilentPower33,CM,,,,arena:nov25lta
,BrightFalcon,FM,,,,arena:nov25lta
,Advikmac,CM,,,,arena:nov25lta
,paul_h1rs,FM,,,,arena:nov25lta
,Khamzat_BChimaev14,CM,,,,arena:nov25lta
,Filipdol,CM,,,,arena:nov25lta
,Kamaldaoudi,CM,,,,arena:nov25lta
,holtchess,CM,,,,arena:nov25lta
,ansko1999,CM,,,,arena:nov25lta
,idelaria,IM,,,,arena:nov25lta
,CoradoRafael96,CM,,,,arena:nov25lta
,bolsiiiii,CM,,,,arena:nov25lta
,Orlando_Gloom,GM,,,,arena:nov25lta
,mirkosajin,FM,,,,arena:nov25lta
,Utopist_Trainer,CM,,,,arena:nov25lta
,kralj58,FM,,,,arena:nov25lta
,lehjoz,CM,,,,arena:nov25lta
,BorisNavrodskiy,FM,,,,arena:nov25lta
,Robert_Sava,CM,,,,arena:nov25lta
,akinator11,NM,,,,arena:nov25lta
,zolidernas,FM,,,,arena:nov25lta
,Jero_el_siniestro,FM,,,,arena:dec25lta
,La_Bete_du_Gevaudan,FM,,,,arena:dec25lta
,vlaxaki,CM,,,,arena:dec25lta
,legendchamp,CM,,,,arena:dec25lta
,boec-2021,CM,,,,arena:dec25lta
,PawnArchitect,FM,,,,arena:960dec25
,Piterskii_KMC,FM,,,,arena:960dec25
,Mops2_2004,IM,,,,arena:960dec25
,Akbas_Kaan,NM,,,,arena:960dec25
,Commissaire-Maigret,FM,,,,arena:960dec25
,KrstAlex,IM,,,,arena:960dec25
,KingVittorio,NM,,,,arena:960dec25
,Mideden,CM,,,,arena:960dec25
,ChickenJoggy1010,CM,,,,arena:960dec25
,PositionalGenius,FM,,,,arena:960dec25
,Dr_Targarian,FM,,,,arena:960dec25
,Viacheslav92,FM,,,,arena:960dec25
,Chess_whale,WCM,,,,arena:960dec25
,A-123412345,CM,,,,arena:960dec25
,Boqueron95,IM,,,,arena:960dec25
,zurprize123,FM,,,,arena:960dec25
,Ugly_Toenail,CM,,,,arena:960dec25
,LLRAChess,NM,,,,arena:960dec25
,Etud-otradnoe,IM,,,,arena:960dec25
,BClasesGE,NM,,,,arena:960dec25
,Mobtlt,CM,,,,arena:960dec25
,IronSharkNo1,CM,,,,arena:960dec25
,Ciciban13,WFM,,,,arena:960dec25
,dar1eck,WFM,,,,arena:960dec25
,GrocholChess,CM,,,,arena:960dec25
