Player,AvgRating,GamesCount,OpeningDiversity,Aggressiveness,Platform
.i .i,2588.0897435897436,78,3.559157632053119,0.28205128205128205,Lichess
1.Nc3!? - 1... Nc6!?,2331.313432835821,67,2.3750986869474473,0.373134328358209,Lichess
"ADU, Oladapo",2456.109375,2560,4.004610304556367,0.36796875,Lichess
AJSF2020,2483.84375,32,1.0302211476235266,0.21875,Lichess
AMADAN,2452.562197092084,619,3.5578883108932917,0.5525040387722132,Lichess
ASVZ,2426.5809523809526,210,2.4078310765002002,0.5571428571428572,Lichess
AVolodin,2588.972972972973,37,3.079545139809247,0.4864864864864865,Lichess
A_Kukhmazov,2674.5443349753696,812,3.8697830936324595,0.437192118226601,Lichess
Aakaash Meduri,2348.5675675675675,37,2.4716697508738896,0.24324324324324326,Lichess
Aaron_Whitney,2355.016129032258,62,3.131477091981055,0.5161290322580645,Lichess
Aaryan Varshney,2428.4,20,2.6491586832740177,0.45,Lichess
"Abasov, Nijat",2702.0708661417325,127,3.869640675018864,0.4015748031496063,Lichess
"Abdel Razik, Khaled",2508.496907216495,485,3.819323359155672,0.4865979381443299,Lichess
Abdelazeez Mohamed 12202576,2274.3571428571427,14,2.6390573296152584,0.35714285714285715,Lichess
Abdulla Khayala,2393.6428571428573,28,2.142621659947292,0.5357142857142857,Lichess
Abel Oquendo,2311.7722222222224,180,3.8538893882344483,0.5055555555555555,Lichess
"Abrashkin, Boris",2356.405326523167,2741,3.5673167670431645,0.43816125501641734,Lichess
Abubaker Tagelsir,2436.3291139240505,79,2.520273736335011,0.7088607594936709,Lichess
AchrefLahbecha,2401.1597633136093,169,3.371711370423609,0.4319526627218935,Lichess
Adam Taylor,2417.0666666666666,45,3.57938896373468,0.4222222222222222,Lichess
Adarsh Tripathi,2407.1555555555556,45,2.7935210250250004,0.2222222222222222,Lichess
Adeeel,2445.8387978142077,366,4.255567201668558,0.4562841530054645,Lichess
Adegboyega Adebayo,2495.8652739933395,3303,2.8148291229151385,0.602482591583409,Lichess
Aditya Mittal,2473.0,10,2.163955656882057,0.2,Lichess
"Adly, Ahmed",2634.6279069767443,43,2.3430827476949103,0.6744186046511628,Lichess
Adrian Fuentes,2317.1666666666665,12,2.484906649788001,0.5833333333333334,Lichess
Adrian Secheres,2587.5988023952095,167,3.6579108755234717,0.38922155688622756,Lichess
Adán Ríos Escobar,2422.1360544217687,147,3.6265206731569535,0.5102040816326531,Lichess
AerospasticMonkey,2380.7391304347825,23,2.8943995444300383,0.391304347826087,Lichess
"Aghasaryan, Robert",2537.199203187251,251,4.322228683625813,0.3745019920318725,Lichess
Aghasiyev Kamal,2439.7570093457944,107,4.094612057751122,0.3644859813084112,Lichess
"Aghayev, Miragha",2551.1724137931033,145,4.2030461753389226,0.43448275862068964,Lichess
Agustin Nieto,2287.6,10,2.0253262207700677,0.5,Lichess
Ahn Hongjin,2400.7714285714287,35,3.3819644732538676,0.4857142857142857,Lichess
"Aitbayev, Aslan",2608.869918699187,246,3.8281929575272473,0.4024390243902439,Lichess
Ajeossi94,2446.875,16,1.923065784324152,0.625,Lichess
Akintoye Abdulraheem,2392.545045045045,666,4.132650396623606,0.5345345345345346,Lichess
Akmal Fayzullayev,2478.9139072847684,151,3.8193383402361354,0.5298013245033113,Lichess
"Akselrod, Vladislav",2565.016806722689,476,3.7043715451593004,0.4054621848739496,Lichess
Al-Mudahka,2533.808383233533,167,3.018919868612218,0.5389221556886228,Lichess
"Alaimo, Riccardo",2235.8367346938776,49,2.913474747135246,0.4897959183673469,Lichess
AlainBruxelles,2337.40782122905,179,3.823409711685364,0.4301675977653631,Lichess
Alamzhi,2471.7727272727275,22,2.626164786467235,0.18181818181818182,Lichess
Alan Walton,2336.076923076923,13,1.303875529336385,0.7692307692307693,Lichess
Alejandro Castellanos Gómez,2402.128947368421,380,3.364018430336731,0.21842105263157896,Lichess
Alejandro J. Torrente C.,2410.8735632183907,87,3.1107428554195073,0.5747126436781609,Lichess
Aleksandr Kozak,2417.364864864865,74,2.497363224638206,0.5405405405405406,Lichess
Aleksandr Moiseenko,2516.311111111111,45,3.2788746184544992,0.5777777777777777,Lichess
"Aleksandrov, Danila (Александров Данила)",2334.5,88,3.3914013585677942,0.5340909090909091,Lichess
Aleksei Aleksandrov,2546.6666666666665,54,3.1497101704718586,0.48148148148148145,Lichess
Aleksei Sarana,2723.490566037736,106,3.3524455486266405,0.4339622641509434,Lichess
Aleksei Sorokin,2627.05325443787,169,4.033350795854301,0.2781065088757396,Lichess
Aleksey Kukelko,2486.2105263157896,266,3.9791926990000888,0.41353383458646614,Lichess
AlekseyBorisovich,2379.7120418848167,191,0.5342549142874817,0.11518324607329843,Lichess
Alessandro Manzone Barranco,2548.848705501618,1236,3.985522823926012,0.36003236245954695,Lichess
Alex,2470.028880866426,277,3.7129624266298675,0.3574007220216607,Lichess
Alex Astaneh,2575.471074380165,242,4.28210898208667,0.43388429752066116,Lichess
Alex Ivanov (Алексей Иванов),2453.284263959391,197,3.2523929243289507,0.5279187817258884,Lichess
Alex Terzi,2422.042857142857,70,3.040636578134205,0.37142857142857144,Lichess
Alexander Fikiet,2401.2542372881358,177,4.007528366464273,0.4971751412429379,Lichess
AlexanderPrincipe,2537.234234234234,111,3.366867658060643,0.45045045045045046,Lichess
Alexei Tapia,2402.0459770114944,87,1.8631248174211585,0.7816091954022989,Lichess
Alexey_15,2467.9166666666665,12,1.7481554572476763,0.08333333333333333,Lichess
Alexr58,2474.992141453831,509,2.398108944449974,0.6679764243614931,Lichess
"Ali Marandi, Cemil Can",2619.6373626373625,91,3.3875488088243357,0.5824175824175825,Lichess
Ali Polatel,2249.8,15,2.5232109529528914,0.4,Lichess
"Ali, Muhammad Lutfi",2517.8618784530386,181,3.819913022689228,0.4143646408839779,Lichess
Alias Falkesi Alias CheFalquito,2436.521327014218,211,2.390162052655188,0.4028436018957346,Lichess
"Aliavdin, Nikolai",2555.535874439462,2230,4.6189710467107945,0.40896860986547084,Lichess
"Aligozhin, Zhaslan",2465.9310344827586,116,3.6238085770771553,0.47413793103448276,Lichess
"Alinasab, Mobina",2442.4716981132074,53,3.014018013867285,0.6415094339622641,Lichess
"Aliyev, Ravan",2450.646153846154,65,3.694307667456008,0.3384615384615385,Lichess
"Almagro Llamas, Pablo",2536.6980470706058,1997,2.6964199687704196,0.5708562844266399,Lichess
"Almeida Quintana, Omar",2608.1428571428573,315,3.9327207820199486,0.43492063492063493,Lichess
"Almiron, Antonio",2438.382222222222,450,4.645007259052025,0.36444444444444446,Lichess
"Alvarado, Carlos",2393.822033898305,118,3.0026663856758447,0.3305084745762712,Lichess
"Alvarez Calzadilla, Jose Avelino",2414.1540983606556,305,4.37501049045792,0.4491803278688525,Lichess
"Alvarez Pedraza, Aramis",2503.25,76,3.054502001442141,0.32894736842105265,Lichess
AlwaysMore,2535.2097902097903,429,4.0394059414440635,0.4358974358974359,Lichess
"Amaro Alfonso, Raynner",2472.684210526316,171,3.8039913561979803,0.4853801169590643,Lichess
"Ambartsumova, Karina",2473.872180451128,133,3.87828087557071,0.3157894736842105,Lichess
Amer Karim,2298.766666666667,30,2.9504258637418843,0.3333333333333333,Lichess
"Amin, Bassem",2591.3636363636365,22,2.8152049266199475,0.45454545454545453,Lichess
Amin_____tb,2523.9166666666665,12,2.253857589601352,0.5,Lichess
Amirmohammad Soozankar,2316.4,10,2.3025850929940455,0.4,Lichess
Anatoliy Polischuk,2388.9473684210525,57,0.8696215979613766,0.8421052631578947,Lichess
"Andersen, Gunnar",2461.2254601226996,652,4.39570242562046,0.49846625766871167,Lichess
"Andonovski, Ljubisa",2322.9568452380954,672,4.059490383665652,0.40476190476190477,Lichess
"Andrejevs, Arvids",2376.6315789473683,76,2.4317878836588895,0.4473684210526316,Lichess
Andres Guerrero,2436.1172566371683,452,2.9326220382437436,0.37389380530973454,Lichess
Andrew,2494.3988764044943,178,3.158683437007586,0.47752808988764045,Lichess
Andrey Souza Neves,2328.1875,16,2.252728336819822,0.4375,Lichess
Andriy Zazuliak,2454.3947368421054,76,3.3437920844970987,0.34210526315789475,Lichess
Andrés Eloy Pérez Candelas,2276.7027027027025,37,2.7274126687124713,0.6216216216216216,Lichess
Ankit Rajpara,2544.9565217391305,23,1.3685960384567026,0.5217391304347826,Lichess
"Annaberdiyev, Meylis",2552.7546296296296,216,3.18398909515219,0.4537037037037037,Lichess
Anurag Mhamal,2548.372781065089,169,2.6889274221009125,0.5207100591715976,Lichess
Anwesh Upadhyaya,2475.719298245614,57,3.602055678881361,0.3333333333333333,Lichess
Apjoshua,2444.41975308642,81,2.2523812491210276,0.5925925925925926,Lichess
"Aponte Ramos, Argimiro",2261.0,24,2.532140934034009,0.2916666666666667,Lichess
Arash Akbarinia,2409.625,24,2.4961806749775364,0.2916666666666667,Lichess
Arashy_89,2458.0,22,2.523922032900179,0.22727272727272727,Lichess
Araz Al-Saffar,2428.9141104294476,326,4.256950074181033,0.29754601226993865,Lichess
Archturus,2415.837837837838,37,1.7330181718464253,0.5405405405405406,Lichess
"Arias, Juan Cruz",2464.2953586497893,237,3.577940774209723,0.31223628691983124,Lichess
Ariel Marichal,2374.5309446254073,307,3.7242334282389695,0.3811074918566775,Lichess
Ariel Nicolas Tokman,2438.234693877551,98,3.1377100712672505,0.4387755102040816,Lichess
Arjun Erigaisi,2672.3846153846152,26,3.0448204824645773,0.5384615384615384,Lichess
Arka50,2636.0,91,4.034573513823838,0.31868131868131866,Lichess
Arman Pourghanbarzad,2486.214111922141,411,3.544049489199616,0.4282238442822384,Lichess
ArnieChipmunk,2341.6190476190477,21,2.912494403331052,0.7142857142857143,Lichess
Arnold-2005,2548.8289473684213,304,3.3213179374769273,0.33223684210526316,Lichess
ArnoldEssing,2387.353846153846,65,3.0862624316822354,0.4153846153846154,Lichess
Aronyak Ghosh,2391.3846153846152,13,2.20478541691352,0.15384615384615385,Lichess
"Aroshidze, Levan",2572.937931034483,145,3.485782488015965,0.4206896551724138,Lichess
"Arslanov, Shamil",2469.0027855153203,359,3.8963345428367555,0.362116991643454,Lichess
Artem Dyachuk fm,2265.046391752577,194,3.921479394257505,0.422680412371134,Lichess
Artem Timofeev,2545.75,20,2.1809455605615966,0.0,Lichess
"Artemiev, Vladislav",2865.1454545454544,165,4.161973993971304,0.2727272727272727,Lichess
Arturo Augusto Fernandez Hernandez,2441.190541466758,1459,4.2614431925083025,0.455106237148732,Lichess
Artusha29,2544.708609271523,302,3.895808561543674,0.4503311258278146,Lichess
"Arutinian, David",2588.0,99,2.6113330703048367,0.24242424242424243,Lichess
"Asgharzadeh, Mitra",2297.153846153846,13,2.098147389135067,0.23076923076923078,Lichess
Ashot2001,2430.0555555555557,18,2.582306344313967,0.4444444444444444,Lichess
"Aslanov, Umid",2272.0625,16,2.3933121229745242,0.375,Lichess
"Atabayev, Maksat",2506.955882352941,68,3.56943312352288,0.5735294117647058,Lichess
Atakishiyev04,2455.532258064516,62,3.4577520576382903,0.3709677419354839,Lichess
"Atalik, Suat",2617.344155844156,154,3.7218310273992277,0.4155844155844156,Lichess
"Atanejhad, Sahebali",2400.228956228956,1485,4.257351043649843,0.37373737373737376,Lichess
"Aukhatov, Roman",2409.052197802198,364,2.962914542640916,0.3159340659340659,Lichess
"Aumont, Alexandre",2298.623287671233,146,3.337567983871773,0.4931506849315068,Lichess
AutHun,2439.2337662337663,308,4.144323030851405,0.5454545454545454,Lichess
Avenger82,2516.9565217391305,92,3.7662530651189075,0.3804347826086957,Lichess
AwareIdea,2471.8682170542634,129,3.809135309098214,0.29457364341085274,Lichess
"Aydincelebi, Kagan",2397.520376175549,319,3.467811796289888,0.5454545454545454,Lichess
"Azarov, Sergei",2655.6181818181817,110,3.5855660246572314,0.4818181818181818,Lichess
Azat Nurmammedov,2484.3030303030305,33,2.2256643521146295,0.5454545454545454,Lichess
Azde,2396.176470588235,17,2.5577938601077324,0.5294117647058824,Lichess
BIG_Pirate,2385.8653846153848,156,2.495667238613797,0.17307692307692307,Lichess
BLC2316,2361.74358974359,39,3.165917516496865,0.48717948717948717,Lichess
BMWHero,2715.874074074074,405,4.350232756750862,0.4222222222222222,Lichess
Babasss,2458.7650130548304,383,3.8058580245007474,0.2689295039164491,Lichess
"Babiy, Olga",2405.2258064516127,62,3.335672242307713,0.6935483870967742,Lichess
"Babujian, Levon",2569.6728971962616,107,3.271299488180685,0.35514018691588783,Lichess
"Bacallao Alonso, Yusnel",2638.1760391198045,409,4.146179430542777,0.32273838630806845,Lichess
"Bachmann, Axel",2559.150442477876,113,4.039522263327274,0.40707964601769914,Lichess
"Bagrationi, Alexander",2502.27972027972,143,4.067161935577236,0.48951048951048953,Lichess
Bakayoyo,2603.3271028037384,107,3.6800193516218074,0.4953271028037383,Lichess
"Bakhmatsky, Vladislav",2624.490322580645,310,4.058533282806927,0.38064516129032255,Lichess
"Balazs, Gabor",2457.449275362319,69,3.0089914959388238,0.4782608695652174,Lichess
"Ballecer, Dino",2526.757575757576,165,3.3023077436156867,0.6,Lichess
"Banawa, Joel",2534.4243119266057,436,3.7865627301486313,0.3555045871559633,Lichess
"Bancod, Ronald",2360.9113924050635,553,3.59256727312223,0.5370705244122965,Lichess
Banele Fortune Mhango,2420.891327063741,957,4.503475683203279,0.3793103448275862,Lichess
"Banikas, Hristos",2672.2875,80,3.4095005754409415,0.3875,Lichess
"Banzea, Alexandru-Bogdan",2406.25,108,3.68663326976049,0.4444444444444444,Lichess
Barbikusz,2403.387640449438,178,3.7191361579923066,0.4550561797752809,Lichess
"Barp, Alberto",2524.6929824561403,114,4.048660856773501,0.3333333333333333,Lichess
"Bartholomew, John",2428.125,16,2.1006789212792607,0.1875,Lichess
Barys74,2562.7937219730943,223,4.163155651546461,0.4484304932735426,Lichess
"Bashirli, Nail",2505.1,10,2.163955656882057,0.7,Lichess
"Baskakov, Egor",2670.7977161500817,1226,2.8037583580692464,0.35807504078303426,Lichess
"Baskin, Robert",2403.25,12,2.3693821196946763,0.6666666666666666,Lichess
Bassket,2323.8947368421054,19,2.871476118054867,0.42105263157894735,Lichess
Batko2003,2527.9142857142856,70,2.9289570841537635,0.5571428571428572,Lichess
"Batsiashvili, Nino",2424.5412844036696,109,3.446202970677219,0.5137614678899083,Lichess
"Baumegger, Siegfried",2485.745614035088,342,4.055138277232468,0.5321637426900585,Lichess
Beep Beep,2853.1111111111113,216,0.657022981956511,0.17592592592592593,Lichess
"Beerdsen, Thomas",2528.4444444444443,252,3.7472972057276337,0.5119047619047619,Lichess
"Beinoras, Mindaugas",2563.1654135338345,266,2.8046409535853782,0.6616541353383458,Lichess
"Bekturov, Tamerlan",2466.5438596491226,57,3.632338002297338,0.2631578947368421,Lichess
Beletko,2449.576271186441,3599,4.374888560902407,0.4217838288413448,Lichess
"Belov, Vladimir",2492.0,22,2.8152049266199475,0.5,Lichess
Benefactorr,2782.308108108108,370,4.060733135510877,0.5054054054054054,Lichess
Benek77,2457.0666666666666,135,3.3951635181438844,0.5111111111111111,Lichess
Bengalas88,2453.153846153846,13,2.2450352741261774,0.23076923076923078,Lichess
Benjamin Snodgrass,2309.25,52,2.976022166273092,0.2692307692307692,Lichess
"Beradze, Irakli",2577.9938744257274,653,4.3012759861798076,0.5114854517611026,Lichess
"Bernotas, Arturs",2462.1111111111113,18,2.5823063443139667,0.6111111111111112,Lichess
"Bersamina, Paulo",2505.9908256880735,109,3.8510565852593137,0.6238532110091743,Lichess
Bestinblitz,2688.604806408545,749,1.9997061007053676,0.22162883845126835,Lichess
"Bettalli, Francesco",2402.3483146067415,178,3.6797268209288134,0.4044943820224719,Lichess
"Beukema, Jasper",2414.373493975904,166,3.5407353788778457,0.42771084337349397,Lichess
Bibekthing,2378.313543599258,539,4.073840623927945,0.4712430426716141,Lichess
"Bilan, Danila",2309.785714285714,14,2.5400363038209806,0.35714285714285715,Lichess
BirdSetFree7,2371.912087912088,91,3.533745350986622,0.6043956043956044,Lichess
Bird_f4,2543.772151898734,79,3.2731557359037233,0.4430379746835443,Lichess
Biriyani,2614.481592039801,1005,4.297267664177903,0.445771144278607,Lichess
"Bitelmajer, Martin",2470.6746987951806,166,4.036761752464699,0.3855421686746988,Lichess
Blackoperator,2510.393346379648,2044,4.10895213692705,0.5215264187866928,Lichess
Blazinq,2524.2608695652175,46,3.154645330770203,0.30434782608695654,Lichess
"Blesic, Vaso",2465.657942238267,1108,4.312994750558468,0.4359205776173285,Lichess
"Blit, Jacques",2505.5172413793102,58,3.47461951260132,0.5689655172413793,Lichess
Blitzmachine2003,2529.417218543046,151,3.7953538368809063,0.40397350993377484,Lichess
"Blomqvist, Erik",2504.451612903226,62,3.202240644974979,0.5645161290322581,Lichess
"Bodek, Michael",2572.242424242424,66,3.355167374745539,0.5,Lichess
"Boe, Mads",2426.2985074626868,67,2.0445812037186366,0.44776119402985076,Lichess
Bogdan,2333.3291925465837,161,3.6664488109906053,0.30434782608695654,Lichess
Bogdanov Egor,2492.4,20,1.7771358806162145,0.8,Lichess
"Bologan, Victor",2596.02752293578,109,3.632794592439561,0.4954128440366973,Lichess
Bondar Dmytro,2245.0,10,2.3025850929940455,0.6,Lichess
"Boor, Carl",2419.8454545454547,220,3.935417034383266,0.44545454545454544,Lichess
"Boraso, Alessio",2422.7851772287863,931,3.9143725037587846,0.6047261009667024,Lichess
"Boros, Denes",2679.302536231884,552,3.853865790764189,0.4221014492753623,Lichess
Borsuk Konstantin,2466.721518987342,79,3.668629524487016,0.3037974683544304,Lichess
"Bortnyk, Mykola",2482.25,12,1.8143075196071252,0.75,Lichess
"Boruchovsky, Avital",2579.1,10,2.163955656882057,0.3,Lichess
"Bouvier, Bruno",2410.1085790884717,746,3.553890371485494,0.5254691689008043,Lichess
"Bouzidi, Ahmed",2359.0149625935164,401,2.9321216482561323,0.5062344139650873,Lichess
BrainPlunger,2407.6153846153848,13,2.20478541691352,0.6923076923076923,Lichess
"Brancaleoni, Maurizio",2418.3376623376626,77,3.2959502718416562,0.5064935064935064,Lichess
"Braun, Christian",2448.9158878504672,107,3.5106908447960383,0.6261682242990654,Lichess
BrianShaw,2484.635135135135,74,2.517625886570495,0.47297297297297297,Lichess
Brogdoth,2474.146496815287,157,2.4750703391854554,0.535031847133758,Lichess
Brotello,2415.0833333333335,12,1.8200759753606217,0.3333333333333333,Lichess
"Brunello, Sabino",2484.0625,16,2.772588722239781,0.4375,Lichess
"Bryakin, Mikhail",2477.9701492537315,67,3.3372399094308585,0.373134328358209,Lichess
BucklingChess,2403.4430147058824,544,3.531731834384039,0.5845588235294118,Lichess
Budapestupendo,2525.8552631578946,76,2.8900419801651576,0.40789473684210525,Lichess
Buffy7,2435.5,18,2.8133554045006157,0.4444444444444444,Lichess
Bugzilla,2516.707746478873,284,3.5404069777013936,0.2992957746478873,Lichess
Buknoy,2472.2915662650603,415,3.7918926987842996,0.3759036144578313,Lichess
Burberry,2569.502151198525,1627,4.177623922187373,0.4148740012292563,Lichess
"Burcu, Cagatay",2384.153846153846,13,2.458311329683084,0.46153846153846156,Lichess
BurgerKing,2521.8729792147806,433,4.546840893455394,0.3325635103926097,Lichess
"Burmakin, Evgeniy",2390.1935483870966,31,2.997756703271982,0.41935483870967744,Lichess
"Bykov, Egor",2525.0833333333335,36,2.803163733935407,0.5,Lichess
Bárður Örn Birkisson,2366.3846153846152,13,2.20478541691352,0.38461538461538464,Lichess
Bülent Erşahin,2394.0520833333335,96,3.8799087624766275,0.40625,Lichess
C009,2506.684210526316,19,2.187270992063101,0.8421052631578947,Lichess
CARLOS GALLEGOS,2385.5813953488373,43,3.3055821825342084,0.37209302325581395,Lichess
CRISTHIAN ARNALDO CRUZ SANCHEZ,2594.0,26,2.864738512190568,0.15384615384615385,Lichess
"Cabrera Pando, Ramiro",2420.8945686900956,626,3.7689328820458914,0.4424920127795527,Lichess
Cacarlsen,2384.036093418259,471,3.4435344359858413,0.47770700636942676,Lichess
CainMarko,2481.8064516129034,31,1.850643533804442,0.8064516129032258,Lichess
"Camacho Collados, Jose",2483.546391752577,291,3.742519493241303,0.44329896907216493,Lichess
"Camacho Martinez, Guillermo",2428.858536585366,205,3.7919689868959,0.44878048780487806,Lichess
Camilo Ernesto Gomez,2623.119318181818,176,3.54992190772578,0.3693181818181818,Lichess
"Campbell, Charles",2373.4405010438413,479,3.7653630191904925,0.4321503131524008,Lichess
"Can, Melih Kaan",2347.90625,64,3.4127333965215563,0.390625,Lichess
Candela Francisco,2365.714285714286,35,2.772888371523499,0.5714285714285714,Lichess
"Canty, James",2427.71875,96,2.70265989228058,0.4270833333333333,Lichess
CaptainPrice322,2486.8364611260054,373,3.240888397062242,0.4584450402144772,Lichess
Careless_Subroto,2414.2105263157896,76,3.346970670915674,0.42105263157894735,Lichess
Carlos Abiad,2454.5754716981132,106,3.002337985222888,0.4811320754716981,Lichess
Carlos Alberto Chávez Suárez,2405.0557103064066,359,3.163169968925273,0.43454038997214484,Lichess
Carlos Alberto Viana Jr.,2383.068493150685,73,3.670574950190192,0.3561643835616438,Lichess
Carlos Dávila Lopez,2376.5079365079364,63,3.335738428717405,0.5396825396825397,Lichess
Carlos Ernesto Burgos Figueroa,2417.2954545454545,88,3.2412273381864862,0.4659090909090909,Lichess
Carlos Marin,2389.763779527559,127,3.801470877851068,0.5984251968503937,Lichess
Carlos Squella Lavín,2382.8507462686566,67,3.386431504445849,0.3880597014925373,Lichess
"Carlsson, Ludvig",2491.5348837209303,43,3.4667792012690795,0.3488372093023256,Lichess
"Carlstedt, Jonathan",2437.0,80,3.1789670829746965,0.375,Lichess
"Carnicelli, Valerio",2360.9375,16,2.3933121229745242,0.5,Lichess
Carrygun,2420.162162162162,74,3.4044808850891504,0.3783783783783784,Lichess
"Carvalho, Guillermo",2403.970588235294,68,2.441776748179897,0.19117647058823528,Lichess
"Caspi, Israel",2516.2345679012346,162,3.9379554553021596,0.4876543209876543,Lichess
"Castella Garcia, Fausto",2389.714285714286,189,3.3375549723066618,0.7142857142857143,Lichess
"Castillo Coca, Mairebis",2334.3611111111113,36,2.661742879219936,0.4166666666666667,Lichess
"Castro Torres, Jose Luis",2284.7368421052633,19,2.5796246736085746,0.42105263157894735,Lichess
Ceejay24,2435.5,134,3.941215494433521,0.3880597014925373,Lichess
Cellini,2412.31914893617,47,2.761044202524362,0.46808510638297873,Lichess
Cesar Eduardo Ugarte Soto,2338.492537313433,201,3.0370850821610182,0.4228855721393035,Lichess
ChSalas,2451.7785714285715,140,3.95906301978786,0.3142857142857143,Lichess
ChainsOfFantasia,2551.7372262773724,274,4.06346049197848,0.2956204379562044,Lichess
Chalalpa,2432.921568627451,51,3.12472943222176,0.5490196078431373,Lichess
Chamaeleon3,2497.5061728395062,81,2.2629714644447803,0.37037037037037035,Lichess
Chancleta,2584.743169398907,549,3.4181128875232996,0.4936247723132969,Lichess
"Chandra, Akshat",2694.190476190476,483,4.587148272891293,0.36438923395445133,Lichess
Charles Storey,2458.9117647058824,34,2.899370419893724,0.38235294117647056,Lichess
CheckAB,2356.769230769231,221,4.33489038392441,0.3167420814479638,Lichess
"Cheng, Xiao",2448.8548387096776,62,3.5248308170473184,0.43548387096774194,Lichess
"Cheparinov, Ivan",2740.4024390243903,164,4.019840365918086,0.38414634146341464,Lichess
"Chernikov, Vladimir",2354.4,15,2.5232109529528914,0.06666666666666667,Lichess
"Chernomordik, Pavel",2363.8333333333335,18,2.212256610922266,0.6666666666666666,Lichess
"Chernov, Mikhail",2388.735099337748,302,3.3873126482451648,0.5529801324503312,Lichess
ChesSniper2000,2474.504798464491,521,2.50512109444353,0.061420345489443376,Lichess
ChessTurner,2562.6330275229357,218,3.6345996991808005,0.37155963302752293,Lichess
Chess_Horse,2309.5833333333335,24,2.1596726083563844,0.125,Lichess
Chessbird,2322.7368421052633,19,2.3474375882098704,0.47368421052631576,Lichess
"Chigaev, Maksim",2699.0344827586205,261,4.198470798268495,0.44061302681992337,Lichess
"Chizhikov, Vladislav",2472.9487951807228,332,3.6775565529918093,0.4759036144578313,Lichess
Chop-That-Wood,2281.5080645161293,124,3.0077523740245034,0.4596774193548387,Lichess
Christian Almeida do Nascimento,2301.685185185185,54,2.725869281733775,0.3888888888888889,Lichess
Christian Toth,2338.128514056225,249,3.0569134485350715,0.28112449799196787,Lichess
"Christiansen, Johan-Sebastian",2557.75,60,3.369371673247415,0.45,Lichess
"Christie, Joshua",2514.3835182250396,631,4.431914384367069,0.4215530903328051,Lichess
"Chumpitaz, Ann",2424.828244274809,262,3.891496714565845,0.5572519083969466,Lichess
"Chylewski, Patryk",2550.0872274143303,321,4.328657664245545,0.3582554517133956,Lichess
Cisterciense,2292.1875,32,2.9728457116721207,0.34375,Lichess
Claudio Olivares,2416.6666666666665,12,2.3693821196946763,0.75,Lichess
Coach Lorente,2450.5425531914893,376,2.894563692343735,0.07180851063829788,Lichess
CoachJesse,2440.0759493670885,79,3.1418455637230487,0.4050632911392405,Lichess
ColdBloodShed,2450.681640625,512,3.7374775564913794,0.5625,Lichess
Colmen,2447.5056526207604,973,3.8838750747228508,0.49743062692702983,Lichess
"Colovic, Dusan",2388.9767441860463,43,1.9786040811218037,0.20930232558139536,Lichess
Computercheat,2463.0919540229884,87,3.241372456507283,0.3448275862068966,Lichess
Connor Clarke,2250.0833333333335,12,2.138333059508028,0.25,Lichess
"Coro, Lucas",2403.6101694915255,59,3.698483887158397,0.4406779661016949,Lichess
Cortado,2406.9615384615386,26,2.8114194983013414,0.46153846153846156,Lichess
"Corvi, Marco",2282.3571428571427,14,2.5400363038209806,0.35714285714285715,Lichess
"Cotonnec, Melkior",2435.0153846153844,65,2.682453782406018,0.47692307692307695,Lichess
"Crevatin, Leo",2404.1666666666665,12,2.484906649788001,0.75,Lichess
"Crispin Ferreras, Darvi Abraham",2272.3868613138684,137,3.666778300778568,0.40875912408759124,Lichess
Cristian Barros Rivadeneira,2543.7698412698414,126,3.6695008962085716,0.3253968253968254,Lichess
Cristian Chirila,2468.4109589041095,73,3.0691038148324674,0.6301369863013698,Lichess
Cristian Machidon,2465.4467005076144,197,3.914603370241229,0.4619289340101523,Lichess
Cristian Vasquez,2372.2432432432433,37,2.7040870952704354,0.5675675675675675,Lichess
CristianS27,2415.0321910695743,963,3.750918057338515,0.5794392523364486,Lichess
Cristóbal Torres Bravo,2483.976501305483,383,3.6136511487628287,0.4386422976501306,Lichess
CrouchingTiger,2366.5846153846155,65,3.571569696792492,0.3076923076923077,Lichess
Crusher22,2423.657142857143,70,2.6206764801999944,0.2857142857142857,Lichess
"Cruz, Jonathan",2582.856707317073,328,1.1774548221982568,0.8201219512195121,Lichess
"Cupid, Kevin",2360.9066666666668,75,3.5759238542078267,0.49333333333333335,Lichess
CyberLion,2526.2916666666665,96,2.6745783698133874,0.28125,Lichess
D-Fernandez,2549.4166666666665,48,3.249974348460891,0.4791666666666667,Lichess
DR AS,2366.6315789473683,19,2.524545921633359,0.42105263157894735,Lichess
"Daeschler, Florian",2422.181347150259,193,3.3415256554910164,0.3005181347150259,Lichess
"Danchevski, Orce",2447.705298013245,302,3.5931948800175526,0.33774834437086093,Lichess
"Daneshvar, Bardiya",2525.9166666666665,12,2.253857589601352,0.3333333333333333,Lichess
Daniel Barria Zuñiga,2487.388719512195,656,4.263434637491944,0.36890243902439024,Lichess
Daniel He,2515.5,170,3.0256736099109762,0.18235294117647058,Lichess
Daniel Herman,2348.5616438356165,73,3.0865293731884687,0.5068493150684932,Lichess
Daniel López González,2343.957264957265,117,4.026733132017997,0.37606837606837606,Lichess
Daniel Martian,2496.3140417457307,1054,2.7990532273248045,0.4971537001897533,Lichess
Daniel Núñez,2332.8333333333335,48,2.9322818907042496,0.5625,Lichess
Daniel Rodriguez,2496.791739130435,2300,3.53359011893198,0.5534782608695652,Lichess
DaniloBesedes,2460.1428571428573,119,3.706126797831078,0.4369747899159664,Lichess
"Dann, Matthias",2510.731707317073,41,3.077742401906038,0.4878048780487805,Lichess
Danyyil Mosesov,2455.818181818182,11,2.1458417525947544,0.45454545454545453,Lichess
"Darini, Pouria",2522.61,100,3.461480323272921,0.45,Lichess
DarkKnight97,2611.203045685279,197,3.9853813603511017,0.43147208121827413,Lichess
Dark_Knight_Rises13,2439.451219512195,82,3.4379754042412034,0.5487804878048781,Lichess
DarthMccartney,2625.344370860927,151,3.9141527129905818,0.4304635761589404,Lichess
Daskevich,2589.427240461402,2254,3.074416272534826,0.5106477373558119,Lichess
"Datu, Alcon John",2460.973154362416,149,3.8294542573011223,0.42953020134228187,Lichess
David,2376.6666666666665,12,2.138333059508028,0.4166666666666667,Lichess
David Castañeda,2467.1253687315634,678,3.753950891434274,0.41887905604719766,Lichess
Davide Cappai,2439.9209039548023,354,3.668647491363253,0.536723163841808,Lichess
"De Prado Rodriguez, Oscar Bruno",2441.235294117647,17,1.152564616149156,0.23529411764705882,Lichess
"Dedebas, Emre Emin",2445.72,50,3.202777350473853,0.4,Lichess
DeinSchachtrainer,2559.902912621359,103,2.054050731796215,0.0,Lichess
"Delgadillo, Adonay",2414.659259259259,135,4.233425988131353,0.4148148148148148,Lichess
"Delgado Ramirez, Neuris",2543.1111111111113,36,3.1289368348758364,0.4722222222222222,Lichess
"Della Morte, Pablo",2407.375,16,2.512658529529802,0.625,Lichess
"Demidov, Mikhail",2648.169014084507,71,2.719304244596468,0.5352112676056338,Lichess
DenianCXI2,2255.4375,16,2.3933121229745242,0.3125,Lichess
"Denisenko, Denis",2419.551724137931,261,1.9393571067812734,0.2950191570881226,Lichess
DenishevM,2464.2727272727275,22,2.8389889331547,0.45454545454545453,Lichess
Derek Z.,2404.24,25,1.7551156808826642,0.28,Lichess
"Devaev, Alexander",2391.2692537313433,1675,3.8960373931107264,0.36895522388059704,Lichess
"Di Benedetto, Edoardo",2483.669603524229,227,3.9074093879678964,0.46255506607929514,Lichess
DiaryTraining,2641.4263959390864,197,3.4872422646252628,0.38071065989847713,Lichess
Diaschess88,2471.0,50,3.003119585770751,0.6,Lichess
"Diaz Velandia, Jose Manuel",2592.137931034483,29,1.9431458588238968,0.0,Lichess
Diego Espiñeira,2408.060606060606,33,3.2444540412628635,0.3333333333333333,Lichess
Diego_Flores,2439.9333333333334,45,2.382806299671664,0.7333333333333333,Lichess
DiseasedDonkey,2401.7586206896553,29,2.8712202522291133,0.3793103448275862,Lichess
"Djordjevic, Vuk",2592.510067114094,596,3.5996035314195085,0.5637583892617449,Lichess
Dmitry Khegay,2448.035714285714,28,2.7972523184691345,0.25,Lichess
Dmytro Mischuk,2603.925512104283,537,4.636298232103665,0.44878957169459965,Lichess
"Dodeja, Pawan",2455.298076923077,312,3.0450286908156157,0.6282051282051282,Lichess
Dome Laux,2315.529411764706,17,1.1185405956431655,0.7058823529411765,Lichess
Dominique Myers,2306.0,20,2.579843965218023,0.7,Lichess
DonFulgencio,2404.2047244094488,127,3.257271169815732,0.3858267716535433,Lichess
DonFulgenzio,2421.6831325301205,830,4.033415014423844,0.45542168674698796,Lichess
DonMateo85,2528.6585365853657,41,3.2340405399995724,0.4878048780487805,Lichess
"Donchenko, Alexander",2594.309090909091,55,3.6354310517196056,0.2727272727272727,Lichess
Doppelbauer01,2383.230769230769,13,2.351673301904631,0.5384615384615384,Lichess
"Doric, Darko",2616.0438667749795,2462,2.6856485644109984,0.661251015434606,Lichess
Doritos57,2419.45,220,3.4288493414246886,0.4409090909090909,Lichess
"Dorokhin, Mykhailo",2374.176470588235,17,2.3439329813080194,0.6470588235294118,Lichess
Dr. Jens Nebel,2364.0555555555557,18,2.2161022480912638,0.7777777777777778,Lichess
Dr. Norbert Barth,2406.3109987357775,791,4.243780648724347,0.4740834386852086,Lichess
DrBoki,2401.859574468085,235,3.322316942596242,0.3404255319148936,Lichess
DrMundoXP,2480.64,25,2.553454531530652,0.6,Lichess
DrTomQ,2314.246753246753,154,2.288841130676153,0.2857142857142857,Lichess
Dragon700,2575.684210526316,57,2.135664759275473,0.5263157894736842,Lichess
DragonMaterz,2439.32183908046,174,3.7077911510703743,0.40804597701149425,Lichess
"Draskovic, Luka",2525.4310344827586,116,3.36301449365439,0.3879310344827586,Lichess
"Drozdowski, Kacper",2580.5454545454545,11,1.9722469794234416,0.2727272727272727,Lichess
"Drygalov, Andrey",2723.149606299213,254,3.6620931273054884,0.4251968503937008,Lichess
DuRo1988,2398.6716417910447,134,3.8153319359459026,0.5149253731343284,Lichess
DuRuDiDo,2485.7851099830796,591,4.623244056956237,0.41116751269035534,Lichess
Ducu17,2507.9166666666665,36,2.9073266100667112,0.5,Lichess
Dumit Semerene,2468.3139013452915,446,2.550487333228632,0.5739910313901345,Lichess
Dusan Jovanovic,2461.1842304776346,1319,2.5483740721682855,0.4094010614101592,Lichess
"Dutina, Dario",2370.1990632318502,427,2.3422648692481154,0.5199063231850117,Lichess
"Dvirnyy, Danyyil",2670.05476673428,493,4.907535327950603,0.4381338742393509,Lichess
Dybamo,2674.10303030303,165,4.092213549104662,0.509090909090909,Lichess
Dávid Haszon,2369.4444444444443,27,3.193148394810263,0.4074074074074074,Lichess
E-Shaposhnikov,2723.275942479596,2573,4.354367236173168,0.4741546832491255,Lichess
ENERGIE73,2336.457142857143,350,3.004921730460828,0.23142857142857143,Lichess
EXCELADDIKT,2498.7118644067796,59,2.9306383915031873,0.4406779661016949,Lichess
Eamon Montgomery,2283.6666666666665,36,2.519071826390857,0.4444444444444444,Lichess
Eddy Ravelo,2444.1104972375692,905,3.5659006425191,0.507182320441989,Lichess
Edgar_Karagyozyan,2427.242424242424,99,1.80552108132027,0.030303030303030304,Lichess
Eduardo Iturrizaga,2700.0149253731342,67,3.1505883678365887,0.22388059701492538,Lichess
Edwin A. Urbina,2288.3333333333335,60,2.834748050291501,0.6333333333333333,Lichess
Efren Ramos,2356.6898734177216,158,3.9033069912636145,0.44936708860759494,Lichess
"Egorov, Evgeny",2555.047210300429,233,2.6209348331690823,0.48068669527896996,Lichess
El_Rupe,2398.5911016949153,944,3.7402697316103146,0.4480932203389831,Lichess
Eldrail,2464.287037037037,216,3.235231512416706,0.19444444444444445,Lichess
ElenaS,2434.257575757576,66,3.314984786116917,0.3787878787878788,Lichess
Elfugitivo,2594.536312849162,179,4.2044224879726375,0.36312849162011174,Lichess
Elier Miranda,2552.3821989528797,191,3.5863841948075104,0.450261780104712,Lichess
Elijah Logozar,2295.1176470588234,34,2.52497863197329,0.5588235294117647,Lichess
"Eljanov, Pavel",2656.0,28,3.1836729714837877,0.32142857142857145,Lichess
Eloist,2397.8132530120483,498,3.4080615783780415,0.4979919678714859,Lichess
Elretornodelmore,2568.8053691275168,298,4.147328862754417,0.5436241610738255,Lichess
Emanuel Vaglio,2364.9285714285716,14,2.4410152780267027,0.35714285714285715,Lichess
"Eminov, Orkhan",2465.8,35,2.8739572124896715,0.4,Lichess
Emmanuel Carter,2398.6,35,3.1443140113476007,0.2857142857142857,Lichess
EmotiChess,2397.6153846153848,13,2.458311329683084,0.5384615384615384,Lichess
Endson Lima,2266.5263157894738,19,2.4791224365093933,0.15789473684210525,Lichess
Eneasz Wiewióra,2455.646153846154,65,2.795133010196726,0.46153846153846156,Lichess
Enes Tanrıverdi,2463.1030405405404,592,4.66602510840983,0.4510135135135135,Lichess
Epaminondas Kourousis,2449.103626943005,193,4.114945641002419,0.37823834196891193,Lichess
Erik Rönkä,2424.0969101123596,712,4.33954349913819,0.49297752808988765,Lichess
"Ermolaev, Andrey",2479.2188270083784,2029,2.5727441141462872,0.18087727944800394,Lichess
"Ermolaev, Evgeny",2429.1428571428573,14,2.1439522006438696,0.5714285714285714,Lichess
Ernest Colding,2339.8636363636365,22,2.323396822783116,0.36363636363636365,Lichess
ErnesticoCuba,2381.8991228070176,456,4.039602591202738,0.40350877192982454,Lichess
Ernesto Real de Azúa,2481.589285714286,56,3.5659013660362513,0.375,Lichess
"Ernst, Sipke",2488.5185185185187,27,2.8976680950647618,0.2222222222222222,Lichess
Erottev,2452.7332382310983,701,4.157415091293855,0.39942938659058486,Lichess
"Ertan, Can",2488.24011299435,354,3.2040066581282733,0.4491525423728814,Lichess
Escudeyro,2287.714285714286,14,2.5400363038209806,0.5,Lichess
"Esipenko, Andrey",2589.0,14,2.5400363038209806,0.21428571428571427,Lichess
"Espinosa Veloz, Ermes",2484.9945945945947,185,3.7683348497279128,0.5027027027027027,Lichess
"Euler, Gerd",2421.1170212765956,470,4.756411535476351,0.42127659574468085,Lichess
Evargalo,2369.718592964824,199,3.203706448240165,0.23618090452261306,Lichess
Evgeniy Pak,2422.4666666666667,15,2.395908119293929,0.26666666666666666,Lichess
"Eynullayev, Altay",2408.3846153846152,13,2.20478541691352,0.23076923076923078,Lichess
"FAWOLE, John Oyeyemi",2281.276923076923,65,3.2103408105669065,0.15384615384615385,Lichess
FM/AGM TYKHON CHERNIAIEV,2457.781758957655,307,4.207129729299779,0.5146579804560261,Lichess
FT Hemant Sharma,2470.6862745098038,51,2.9655841178842612,0.47058823529411764,Lichess
FT Swayams Mishra,2528.318181818182,44,2.9354891517395805,0.29545454545454547,Lichess
Fabián Ernesto Vivas Zamora,2364.7,10,2.0253262207700677,0.7,Lichess
Fabsid,2501.0,12,2.3693821196946763,0.5,Lichess
Facundo Domínguez,2258.4545454545455,11,2.0982737395252498,0.6363636363636364,Lichess
"Falcon, Benjamin",2503.261855670103,485,4.518062006332667,0.422680412371134,Lichess
Faridder,2584.682926829268,123,2.866798665254655,0.4878048780487805,Lichess
FatherGascoigne,2513.65,40,3.2121713795617453,0.45,Lichess
"Fawzy, Adham",2494.722222222222,18,2.505289990918418,0.7222222222222222,Lichess
FearlessKing64,2266.9166666666665,12,2.253857589601352,0.75,Lichess
Federtiu,2552.6201550387595,129,3.5476447500164547,0.3798449612403101,Lichess
"Fedoseev, Vladimir",2636.24,50,3.586108320231188,0.42,Lichess
FeegLood,2602.3076923076924,78,0.6111530726227853,0.41025641025641024,Lichess
Felini21,2429.6136363636365,44,2.7512801145658368,0.5909090909090909,Lichess
Felix Ynojosa,2498.810810810811,37,2.2235396864394392,0.43243243243243246,Lichess
Fenrisulfur,2399.5,32,3.2924491076597393,0.40625,Lichess
FerDIINaNDo,2458.4978354978357,231,3.5584430164372294,0.41125541125541126,Lichess
"Fernandez Mazzetti, Ignacio",2417.852534562212,217,3.5256683528921613,0.23963133640552994,Lichess
"Fernandez, Daniel",2579.5583333333334,240,3.208593761248277,0.3,Lichess
Fernando Díaz Santacruz,2357.4583333333335,72,3.3056052208184905,0.5277777777777778,Lichess
Fernando Miguel Fernandez Sánchez,2479.4444444444443,18,2.659322697709517,0.2777777777777778,Lichess
Fernando Osorio,2340.732558139535,86,2.590821085221897,0.6627906976744186,Lichess
"Fichter, Fabian",2261.4,10,1.6957425341696346,0.8,Lichess
Fidel Corrales,2546.283185840708,113,3.924239082260014,0.3805309734513274,Lichess
"Fier, Alexandr",2607.0198412698414,252,4.46821879237582,0.4722222222222222,Lichess
Filipets_Egor,2512.1875,48,3.2119677247006884,0.4583333333333333,Lichess
Finally_I_Won,2362.663043478261,92,2.8841881499335518,0.532608695652174,Lichess
Fire_Serpent,2419.983870967742,124,3.9862823193198302,0.46774193548387094,Lichess
Firebullet,2400.3333333333335,12,2.210253577620973,0.5,Lichess
FireonBoard,2569.529296875,1024,3.5895665808198465,0.48828125,Lichess
"Firstov, Juri",2423.9411764705883,17,0.22371807606583377,1.0,Lichess
FlinkerFreddy,2462.658899923606,2618,3.560030100947646,0.43086325439266615,Lichess
FlySooHigh,2486.3366336633662,101,2.962038508662132,0.43564356435643564,Lichess
"Flynn, Jacob",2255.3809523809523,21,2.6895357734679943,0.2857142857142857,Lichess
"Fominykh, Maria",2342.818181818182,11,2.1458417525947544,0.6363636363636364,Lichess
Former_Player,2598.201923076923,104,2.285621081290814,0.6442307692307693,Lichess
Francisco,2448.979632063075,1522,2.836391187492003,0.29894875164257556,Lichess
Francisco León,2314.0,12,2.210253577620973,0.5,Lichess
FranklinAPalomo,2548.264150943396,636,3.639505192529361,0.5125786163522013,Lichess
FreddieForgiato,2485.658064516129,155,3.5960092170732185,0.4129032258064516,Lichess
"Fridman, Daniel",2591.9166666666665,12,2.210253577620973,0.5833333333333334,Lichess
Frode Urkedal,2597.456557377049,1220,4.325827717908563,0.4278688524590164,Lichess
Frogkiller,2406.6736111111113,144,3.8469418545753737,0.4652777777777778,Lichess
FrostWyrm,2622.214285714286,70,3.7829028346251343,0.5571428571428572,Lichess
Funo09,2648.022123893805,452,3.6868749658372324,0.6128318584070797,Lichess
Furrumba,2398.277777777778,18,1.8891591637540213,0.2777777777777778,Lichess
G0DZILLA,2556.0573537762634,1761,3.3279851670097007,0.14764338444065872,Lichess
GAGIK_JAN,2422.0040322580644,248,3.8790266441808114,0.5887096774193549,Lichess
GM Dimitris Alexakis,2491.6617647058824,68,3.076865215505346,0.6470588235294118,Lichess
GM Roberto Mogranzini,2453.189006750241,1037,3.6525125589726337,0.17357762777242045,Lichess
GM Sarhan Guliev,2395.6,40,3.246828738589743,0.45,Lichess
GP9isback,2457.2285714285713,280,3.557424532161913,0.2785714285714286,Lichess
GUNNE_USER,2391.9148936170213,141,3.651985779210296,0.46808510638297873,Lichess
"Gabdrakhmanov, Azat",2409.9333333333334,45,3.06924164238138,0.4888888888888889,Lichess
Gabix94,2530.6008403361343,1190,4.5104422449124915,0.3949579831932773,Lichess
Gabriel Antonio Salazar Olchowski,2317.8846153846152,26,2.9915014685753505,0.5769230769230769,Lichess
Gabriel Garmendia,2344.2291666666665,96,3.1394366708049097,0.40625,Lichess
Gabriel Tortola Flores Vieira,2426.0342577487763,613,3.8626832333472922,0.4812398042414356,Lichess
"Gabuzyan, Hovhannes",2609.318181818182,44,3.0987651368490163,0.5,Lichess
"Gadimbayli, Abdulla",2699.7846153846153,130,3.1666601381800805,0.4461538461538462,Lichess
Gahan MG,2403.923076923077,13,2.098147389135067,0.3076923076923077,Lichess
"Gaitan, Juan Manuel",2435.266666666667,15,2.2459520807289133,0.2,Lichess
Gakolchess765,2419.75,40,2.679677417181001,0.2,Lichess
"Galaktionov, Artem",2631.7841726618703,139,3.2872155095894704,0.35251798561151076,Lichess
"Galchenko, Matvey",2618.587912087912,182,3.3112146385847945,0.29120879120879123,Lichess
Gallito64,2351.6666666666665,21,2.083377640644436,0.42857142857142855,Lichess
Gamza_Juventus,2551.1176470588234,17,0.5783252866601273,0.23529411764705882,Lichess
Ganec,2437.4761904761904,21,2.7555497906641797,0.5238095238095238,Lichess
"Garcia Cardenas, Pablo",2540.5301204819275,249,4.185516670162779,0.3654618473895582,Lichess
"Garcia, Jan Emmanuel",2557.257575757576,66,2.592297522026281,0.07575757575757576,Lichess
"Gareyev, Timur",2488.590909090909,22,2.9020023132056036,0.5454545454545454,Lichess
Garrincha1,2478.698113207547,212,3.2208397757253584,0.29245283018867924,Lichess
"Gasimov, Parviz",2388.128048780488,164,3.820622140551368,0.573170731707317,Lichess
Gatorchess,2415.322033898305,118,2.690675626652716,0.5169491525423728,Lichess
"Gattass, Allan",2431.921760391198,818,4.589371991532958,0.4877750611246944,Lichess
"Gavarrete, Nahun",2390.5757575757575,33,3.1445801968384903,0.5454545454545454,Lichess
Gawain Jones,2665.5555555555557,27,2.763014949153831,0.48148148148148145,Lichess
"Gazic, Josip",2281.3939393939395,33,2.784996118900933,0.6060606060606061,Lichess
"Gedajlovic, Max",2519.9498069498068,259,3.098983282278708,0.14285714285714285,Lichess
"Geivondian, Arman",2447.204778156997,586,3.5850453778815314,0.447098976109215,Lichess
"Gelman, Alexander",2460.4545454545455,319,3.562254183361645,0.28213166144200624,Lichess
GeneralM,2413.8120805369126,149,3.388138441341209,0.4966442953020134,Lichess
"Genocchio, Daniele",2461.1803921568626,1020,4.42769396534316,0.3803921568627451,Lichess
Gerardo Santopietro,2265.6363636363635,11,2.1458417525947544,0.36363636363636365,Lichess
"Gerasimenyuk, Mikhail",2382.871794871795,39,2.1191967946496844,0.5128205128205128,Lichess
Gettingold72,2537.066929133858,254,3.8381709433578015,0.5354330708661418,Lichess
Gevorg_Harutjunyan,2604.222222222222,45,2.988449754834822,0.6666666666666666,Lichess
"Ghane, Shojaat",2345.923076923077,13,2.351673301904631,0.38461538461538464,Lichess
"Gheng, Josef",2421.1345454545453,825,4.209878602899664,0.4303030303030303,Lichess
"Ghersinich, Enrico",2430.6311881188117,404,3.897241252600469,0.46534653465346537,Lichess
"Ghorbani, Hadi",2419.513029315961,614,3.864309068153596,0.49185667752442996,Lichess
"Giannatos, Peter",2428.1115384615387,260,3.8374279757774468,0.5269230769230769,Lichess
"Gilevych, Artem",2471.9418604651164,172,4.03045258513668,0.37790697674418605,Lichess
"Gimenez Aguirre, Alejo Ismael",2407.5757575757575,33,2.7870937391749315,0.5757575757575758,Lichess
GinoNZ,2425.5686274509803,51,3.536060128044742,0.43137254901960786,Lichess
"Ginsburg, Gennadi",2433.470588235294,187,4.166013160897071,0.39037433155080214,Lichess
Giovanni Mejia,2452.0555555555557,108,3.0939012858137906,0.32407407407407407,Lichess
Girish Koushik,2620.3544303797466,79,2.645433492962539,0.6708860759493671,Lichess
Girón,2302.4615384615386,13,1.7782333057997077,0.15384615384615385,Lichess
"Givon, Asaf",2541.8041627246926,2114,4.2255965464650105,0.46877956480605487,Lichess
GmenLudo,2361.4244604316546,139,3.244503739346932,0.37410071942446044,Lichess
"Gnojek, Petr",2336.6666666666665,18,2.659322697709517,0.3888888888888889,Lichess
Godzillator,2409.0833333333335,348,3.2941198754226018,0.5201149425287356,Lichess
"Golizadeh, Asghar",2664.10970464135,237,4.096192502405112,0.43037974683544306,Lichess
"Golubev, Mikhail",2495.561797752809,178,3.342750455078494,0.46629213483146065,Lichess
"Golubka, Petro",2567.955990220049,409,4.672113559453109,0.4058679706601467,Lichess
"Gomez Sanchez, Jorge Marcos",2478.3286384976527,213,3.3759963349886983,0.5305164319248826,Lichess
"Gomez, Carlos David",2484.431654676259,1112,4.583488458806508,0.43345323741007197,Lichess
"Gongora Montes, Benjamin",2359.0526315789475,38,1.6542904076499254,0.631578947368421,Lichess
Gonzaga22,2350.955223880597,67,3.031514217192879,0.5074626865671642,Lichess
GoodFellas1903,2514.589285714286,56,2.7785648847632567,0.7142857142857143,Lichess
Goranor,2391.898305084746,118,2.2380557862254657,0.3559322033898305,Lichess
"Gordievsky, Dmitry",2595.406976744186,86,3.1666211299357663,0.3488372093023256,Lichess
GorkiPelin,2396.511111111111,45,2.8919534625340786,0.4444444444444444,Lichess
"Gorodetzky, David",2646.7166666666667,120,3.836371266415144,0.43333333333333335,Lichess
Goroshkov_Maksym,2351.6428571428573,42,2.3188650904257133,0.7142857142857143,Lichess
"Grabinsky, Joshua",2507.883333333333,60,2.940366387338377,0.5166666666666667,Lichess
Graham Horobetz,2462.1294964028775,278,3.6821111189941216,0.49640287769784175,Lichess
"Graif, William",2442.1176470588234,187,2.620585028466824,0.42780748663101603,Lichess
Grammnik,2377.3333333333335,21,2.846480386134867,0.2857142857142857,Lichess
GreatDamnedRedSpot,2278.846153846154,13,1.9915093613566137,0.3076923076923077,Lichess
Greyworm,2523.6739130434785,46,3.3350770938438172,0.5217391304347826,Lichess
"Grigorov, Grigor",2689.1746031746034,126,3.3325762808130444,0.25396825396825395,Lichess
"Grigoryan, Karen",2736.224,125,3.340920736245302,0.448,Lichess
"Grinev, Valeriy",2612.3414634146343,41,3.314426805024068,0.4146341463414634,Lichess
"Grishchenko, Sergey",2577.1491935483873,248,3.3632303005199855,0.5,Lichess
"Gschnitzer, Adrian",2502.1451612903224,62,2.487960128961021,0.7258064516129032,Lichess
Guannan Song,2460.8596491228072,114,3.462369875664943,0.47368421052631576,Lichess
GuilhermeDeola,2297.8333333333335,12,2.484906649788001,0.3333333333333333,Lichess
Guillermo Gustavo Soppe,2432.951251646904,759,4.772248301162643,0.39789196310935443,Lichess
Gunfighters,2512.0272727272727,110,3.2178695689904617,0.3090909090909091,Lichess
Gustavo Oliveira,2373.5733333333333,75,2.7327705418801127,0.18666666666666668,Lichess
"Guven, Oguz Kagan",2443.42,250,3.946759438506464,0.372,Lichess
"Guzman, Christopher",2485.451834862385,436,3.7078361276965985,0.5206422018348624,Lichess
"Gwaze, Robert",2555.4575513851655,1119,4.157857469247827,0.4253798033958892,Lichess
HabibAmini,2393.625,24,2.2934481209234536,0.25,Lichess
"Hacker, Jonas",2402.2363636363634,55,3.294912417019663,0.41818181818181815,Lichess
"Hadzovic, Amir",2379.7660818713452,171,2.584650323802242,0.5672514619883041,Lichess
"Hafiz, Arif Abdul",2683.620606060606,825,3.492883044012446,0.6012121212121212,Lichess
Haik Martirosyan,2662.5384615384614,13,1.9251211907908181,0.38461538461538464,Lichess
"Hajiyev, Kanan",2389.9271844660193,412,3.762125200826784,0.2815533980582524,Lichess
HandKnit,2392.928240740741,432,3.7344213097176158,0.2361111111111111,Lichess
HansSchmidt,2833.80350877193,285,3.470229855593961,0.3017543859649123,Lichess
"Hansen, Eric",2717.049645390071,141,3.9164957942017264,0.5460992907801419,Lichess
"Hapaku, Charles",2367.1533018867926,424,3.9976007354571297,0.29245283018867924,Lichess
Harald Lögdahl,2276.5714285714284,14,2.0692024658203625,0.5714285714285714,Lichess
HardSign,2503.7906976744184,43,3.4467083590050014,0.4883720930232558,Lichess
Harlan_Coben,2717.186868686869,198,4.109554768935968,0.4797979797979798,Lichess
Harsha Bharathakoti,2596.3,50,3.239263709283648,0.46,Lichess
"Hartge, Gedeon",2405.2820512820513,78,3.3756067309515614,0.44871794871794873,Lichess
"Haub, Thorsten Michael",2458.866666666667,15,0.7201248812718097,0.13333333333333333,Lichess
"Haug, Johannes",2417.6,45,3.0016157462305215,0.5111111111111111,Lichess
"Hauge, Lars Oskar",2466.2792792792793,111,3.380946045186502,0.4864864864864865,Lichess
"Haussernot, Cecile",2520.3333333333335,21,2.9785084205272367,0.6666666666666666,Lichess
Haydon,2650.895287958115,191,4.013305359866347,0.36649214659685864,Lichess
Heisenberg01,2665.0098522167486,203,3.719780335765013,0.4827586206896552,Lichess
HelgiGretarsson,2459.65,120,3.4767154277185313,0.5833333333333334,Lichess
"Hemam, Moulaye Brahim",2255.0222222222224,45,2.7570995605730984,0.5777777777777777,Lichess
Henry Panesso,2451.466135458167,251,2.9190786039374443,0.5219123505976095,Lichess
Henry_Onyekuru_21,2348.1363636363635,66,2.4848683532281806,0.24242424242424243,Lichess
"Herrera, Martin",2256.275641025641,156,3.6916954137081937,0.26282051282051283,Lichess
"Hertneck, Gerald",2458.783505154639,97,3.5197993241896715,0.23711340206185566,Lichess
"Hesham, Abdelrahman",2532.689045936396,283,3.963501159085512,0.47703180212014135,Lichess
Hesian,2447.681818181818,22,2.8152049266199475,0.5909090909090909,Lichess
Hipólito Asis Gargatagli,2649.1173633440512,622,4.323812248562922,0.44212218649517687,Lichess
"Hirneise, Jens",2504.3655287260617,1201,4.219771298076174,0.511240632805995,Lichess
"Hnydiuk, Aleksander",2420.366666666667,30,3.1064969046460256,0.43333333333333335,Lichess
HooCee,2450.34371257485,835,3.480165508629522,0.4095808383233533,Lichess
"Hopman, Pieter",2446.939393939394,132,3.8732640386941464,0.3181818181818182,Lichess
Horacio Pereyra,2352.493365500603,829,3.5630430861977973,0.4957780458383595,Lichess
"Hossain, Enamul",2430.910714285714,112,3.990535570643945,0.42857142857142855,Lichess
"Hosseinzadeh, Nima",2442.266990291262,206,3.828196538316259,0.5048543689320388,Lichess
Hou Ji Yao,2410.7848837209303,172,3.4185331843458515,0.4941860465116279,Lichess
Hovik7,2595.5384615384614,39,3.0741864282415525,0.358974358974359,Lichess
HrvojeZagreb,2279.951219512195,164,2.0034011807316467,0.25609756097560976,Lichess
"Hua, Eugene",2322.0,10,2.0253262207700677,0.2,Lichess
"Hulka, Valentyn",2392.439393939394,66,3.2074254106560005,0.5606060606060606,Lichess
Humberto Blanco,2481.518883415435,1218,4.381222952844779,0.4367816091954023,Lichess
"Hungaski, Robert",2615.4656084656085,756,4.563383589753372,0.4365079365079365,Lichess
Hunter Klotz-Burwell,2506.6803652968038,219,3.300307502655169,0.3105022831050228,Lichess
"Husbands, Orlando",2474.912114014252,421,4.052763889946242,0.5083135391923991,Lichess
"Huschenbeth, Niclas",2473.3846153846152,13,2.20478541691352,0.23076923076923078,Lichess
Héctor Delgado Ramos,2536.108864696734,643,4.4062022957142934,0.41368584758942456,Lichess
IGMGataKamsky,2737.4727272727273,220,2.96699388990777,0.33636363636363636,Lichess
IM Satranc,2645.896551724138,29,2.024483082266035,0.3793103448275862,Lichess
IM Vadim Cernov Anatolych,2373.76430976431,297,2.8529771373241144,0.5353535353535354,Lichess
IMFAR,2569.291893998441,2566,4.676921628770354,0.4208885424785659,Lichess
IMaDale,2468.9545454545455,66,3.3362605350025696,0.5,Lichess
Iajedrez,2356.794117647059,34,2.8765492527472456,0.35294117647058826,Lichess
IamNeneu,2339.920233463035,514,4.013451394028492,0.5097276264591439,Lichess
Ian Ocampos,2383.8732394366198,71,3.3900556285563983,0.6197183098591549,Lichess
"Ibrayev, Nurlan",2499.5481927710844,332,4.508450094502042,0.35843373493975905,Lichess
"Idani, Pouya",2598.9,20,2.7616257121977803,0.4,Lichess
Idvan,2420.7073170731705,41,1.569020467409942,0.17073170731707318,Lichess
Igor (Игорь) Glek (Глек),2561.5494252873564,435,3.4509064603156525,0.5655172413793104,Lichess
Ilia Kakushadze,2441.2549019607845,51,2.9954809276725696,0.5882352941176471,Lichess
Illia Golichenko,2426.8811881188117,101,3.6483653495875714,0.39603960396039606,Lichess
"Indjic, Aleksandar",2747.5734597156397,211,4.413304483521031,0.4881516587677725,Lichess
InnocuousMate,2397.3727726300785,1403,3.43170150556864,0.4982181040627227,Lichess
"Irizanin, Radoje",2360.007299270073,137,2.471608202251785,0.29927007299270075,Lichess
Isaac García,2567.5876288659792,97,2.5522965945132112,0.5257731958762887,Lichess
Isaac Okeke,2328.28,125,3.701305528441375,0.48,Lichess
"Isajevsky, Anton",2501.3375,80,3.1632287727421518,0.2375,Lichess
Isan Ortiz,2577.2349514563107,515,4.190967024914548,0.34757281553398056,Lichess
"Iskandarov, Misratdin",2599.821052631579,95,3.852419492973664,0.5473684210526316,Lichess
Ismael Vidal ID FIDE: 3901718,2524.2643171806167,227,3.886263388728704,0.31718061674008813,Lichess
Israel Tovio Yepez,2463.67816091954,174,3.113746817886532,0.5804597701149425,Lichess
Ivan Maxmillian Putra,2436.153846153846,13,2.2450352741261774,0.15384615384615385,Lichess
Ivan Mesquita,2558.6190476190477,42,3.159724324164881,0.40476190476190477,Lichess
Ivan Soriano,2431.1463414634145,123,3.921725399844816,0.4959349593495935,Lichess
IvanMarinkovic,2546.5388349514565,206,3.2526607479837377,0.4563106796116505,Lichess
Ivan_Sarenac,2545.82,100,3.182093392074256,0.4,Lichess
"Ivanisevic, Ivan",2535.4666666666667,15,2.488327743368588,0.4666666666666667,Lichess
"Ivic, Matija",2495.409090909091,22,2.536220969470581,0.3181818181818182,Lichess
"Ivlev, Aleksey",2591.1923076923076,286,4.308335913342036,0.3706293706293706,Lichess
Iván Vallés Moreno,2455.258339006127,2938,3.994151829880363,0.34649421375085093,Lichess
Iván Vargas Maliqueo,2374.9803921568628,51,3.3011110075927506,0.37254901960784315,Lichess
JBakker,2432.468085106383,94,2.328322938724291,0.5425531914893617,Lichess
JK,2345.909090909091,44,2.733897825666376,0.5,Lichess
"Jacobsen, Mikkel Manosri",2365.2927927927926,222,3.6068828182103747,0.34684684684684686,Lichess
Jacquol,2467.8571428571427,14,2.4036404106149494,0.21428571428571427,Lichess
"Jaferian, Koosha",2371.719298245614,57,1.413476521291145,0.40350877192982454,Lichess
"Jahnz, Fabian",2352.3333333333335,12,1.8200759753606217,0.16666666666666666,Lichess
Jaime Romero Barreto,2381.1,10,1.8343719702816237,0.7,Lichess
Jaime Valmana,2385.6969696969695,33,2.2869907492666366,0.5757575757575758,Lichess
JakeDarmanin,2364.8714285714286,210,3.3370902460437346,0.42857142857142855,Lichess
James Jackson,2442.646954674221,2824,3.9949018519140465,0.459985835694051,Lichess
James Plaskett,2466.94964028777,139,3.7848829793419916,0.45323741007194246,Lichess
"Janik, Igor",2439.3474576271187,118,3.760749119719087,0.4830508474576271,Lichess
Jann,2316.435064935065,154,3.0519160308348625,0.4935064935064935,Lichess
Jano Samuel Pacho,2309.169491525424,177,4.162312752507509,0.5084745762711864,Lichess
Janou,2304.3673469387754,49,3.2252756044629183,0.2857142857142857,Lichess
"Jaracz, Pawel",2513.1428571428573,35,3.1443140113476007,0.4857142857142857,Lichess
Jari Järvenpää,2330.74358974359,39,2.5828094892869427,0.3333333333333333,Lichess
"Jarmula, Lukasz",2552.7618069815194,1461,4.543355609211735,0.49828884325804246,Lichess
Jasugi99,2567.277777777778,54,2.6339469335286436,0.2962962962962963,Lichess
"Javakhishvili, Lela",2429.6206896551726,29,2.98486979933271,0.4482758620689655,Lichess
Javier Benitez,2470.9,10,1.9730014063936128,0.3,Lichess
Javiera Gomez,2384.9761904761904,42,2.610176440003506,0.6190476190476191,Lichess
JayDee0305,2598.1466666666665,75,2.452948470430477,0.29333333333333333,Lichess
Jcrossover,2372.7014925373132,67,3.305733974499645,0.3283582089552239,Lichess
Jeet Jain,2402.2903225806454,31,3.2103913397883903,0.2903225806451613,Lichess
"Jegorovas, Aleksandras",2417.4809160305344,262,3.988346193335756,0.3816793893129771,Lichess
Jennys Soler Guerra,2499.9122807017543,114,3.4989852439983467,0.5614035087719298,Lichess
"Jere, Daniel",2577.993079584775,289,2.1177670459827587,0.0,Lichess
Jerry,2627.1052221356194,1283,4.75990033687673,0.4505066250974279,Lichess
Jerzy Jesus,2445.12,525,4.1845159758518715,0.5238095238095238,Lichess
Jesper Thybo,2550.1162790697676,86,3.6712641441198834,0.3488372093023256,Lichess
JessePinkman,2515.0,14,2.242973226438147,0.5,Lichess
Jessejames88,2400.1585365853657,164,3.5013019145488986,0.45121951219512196,Lichess
Jessel Mwadzura,2458.33748960931,1203,3.237627860361937,0.5178719866999169,Lichess
Jesús González Mata,2382.1063829787236,141,3.1797646569368743,0.40425531914893614,Lichess
Jethro07,2416.4615384615386,143,3.581580511391571,0.4405594405594406,Lichess
Joachim B. Nilsen,2499.8172043010754,372,4.430452800533243,0.47043010752688175,Lichess
"Jocev, Milan",2447.0,22,2.5992343495214847,0.5,Lichess
JoeAssaad,2347.5833333333335,36,2.7988207338404893,0.6111111111111112,Lichess
John Bob III,2277.1935483870966,31,2.908318357393279,0.4838709677419355,Lichess
John Chernoff,2321.611510791367,139,3.041711545346555,0.30935251798561153,Lichess
JohnScott,2480.574324324324,444,3.656845475839487,0.3355855855855856,Lichess
JonahWillow,2464.88,25,2.358831279638734,0.52,Lichess
Jonny Manuel Cueto Chajtur,2407.8944805194806,1232,2.5465431053728316,0.5121753246753247,Lichess
Jorge Baúles,2456.1008403361343,238,3.7359422811368566,0.40336134453781514,Lichess
Jorge Luis Castañeda,2538.3867346938778,980,1.6060212649258871,0.23265306122448978,Lichess
Jorge Sepúlveda,2417.4457831325303,249,3.9571397550779013,0.4939759036144578,Lichess
Jorge luis Castañeda A.,2527.7051282051284,624,1.7753451552568267,0.21474358974358973,Lichess
"Jorquera, Marcelo",2362.233333333333,30,2.213006287732542,0.6,Lichess
Jose Gascon Del Nogal,2468.4893617021276,47,3.43183286564848,0.5957446808510638,Lichess
Jose Martinez Alcantara,2566.9375,16,2.772588722239781,0.5,Lichess
Joshua Ruiz,2605.684523809524,168,3.7596221156102754,0.44047619047619047,Lichess
Joshukid,2490.0,13,2.351673301904631,0.38461538461538464,Lichess
Josue Castillo,2402.633663366337,101,2.741881642200749,0.4752475247524752,Lichess
Josè Rafael Sequera Paolini,2395.848214285714,112,3.1780569652042634,0.48214285714285715,Lichess
José Antonio García de Dios,2414.9555555555557,90,3.7249992858852568,0.2777777777777778,Lichess
José Antonio Herrera Reyes,2543.2922077922076,308,1.9069472028834011,0.6493506493506493,Lichess
José Carlos Ibarra Jerez,2546.6428571428573,42,3.238196630498317,0.5,Lichess
José Cubas,2429.0344827586205,29,3.0624332675559947,0.4827586206896552,Lichess
José Daniel Gemy,2466.0257731958764,194,3.506758021113792,0.5154639175257731,Lichess
José Francisco Veiga,2386.7272727272725,11,1.893788232391138,0.45454545454545453,Lichess
José Gabriel Cardoso Cardoso,2580.7589285714284,112,3.390876406429472,0.4642857142857143,Lichess
José Padeiro,2308.2417582417584,91,3.2689591851320174,0.5274725274725275,Lichess
José Santos,2447.3426966292136,178,3.5614785093986474,0.33707865168539325,Lichess
"Jovic, Stevan",2415.159284497445,2348,3.98392773228922,0.40928449744463374,Lichess
JoySpaceman,2436.904761904762,21,2.8215638078603646,0.2857142857142857,Lichess
Juan Camilo Arango,2387.4523809523807,420,3.4358060950429774,0.5357142857142857,Lichess
Juan David López Perdomo,2273.3260869565215,138,2.996008946911247,0.427536231884058,Lichess
Juan Herrera,2483.1646090534978,486,3.6384004457122,0.4218106995884774,Lichess
Juan José Converset,2360.695652173913,23,2.8943995444300383,0.782608695652174,Lichess
Juan Pablo Demaría,2401.296875,192,3.8502941203409087,0.46875,Lichess
JudiciousGambit,2490.6666666666665,36,3.075893987517935,0.5555555555555556,Lichess
"Juhasz, Armin",2540.4095238095238,315,4.107306957882385,0.4095238095238095,Lichess
JuleVerne,2616.234234234234,111,3.9401970318097432,0.3783783783783784,Lichess
Julia Efremova,2252.818181818182,11,1.0335620542068176,0.0,Lichess
Julian Andes Gallego Vasquez,2368.029069767442,172,3.7571112845308,0.38953488372093026,Lichess
Julian Estrada,2321.397435897436,78,3.41224536283149,0.4230769230769231,Lichess
Julian Nahuel Villca,2406.59375,32,2.2081534190304155,0.0625,Lichess
Julian Proleiko,2529.3703703703704,270,4.275797335858236,0.337037037037037,Lichess
Julian Rojas,2421.8333333333335,12,2.3693821196946763,0.16666666666666666,Lichess
Julien,2339.2862903225805,248,2.6416344420704703,0.6854838709677419,Lichess
Julio Díaz,2400.4117647058824,17,2.476247132983033,0.47058823529411764,Lichess
"Jumabayev, Rinat",2543.090909090909,22,2.7521915465690436,0.45454545454545453,Lichess
JungleViking,2511.4333333333334,30,2.8117964276298957,0.4,Lichess
Jup78,2397.75,20,2.6491586832740186,0.45,Lichess
JustAnAppleToday,2415.5029585798816,169,3.320274500136126,0.47337278106508873,Lichess
Just_aseke,2455.75641025641,78,1.327997634823199,0.8846153846153846,Lichess
Jøran Aulin-Jansson,2383.714285714286,28,2.0723141277623296,0.32142857142857145,Lichess
Jürgen Gegenfurtner,2510.960322797579,1487,4.559066986611329,0.34364492266308005,Lichess
K-Georgiev,2736.0420168067226,119,3.5637428464730307,0.2857142857142857,Lichess
KLAUSS MOSNEGUTU,2369.734375,256,2.9975106204018513,0.37109375,Lichess
KNCP_719,2508.101869761444,1551,3.24524577001315,0.5235332043842682,Lichess
Kabeljaukrieger,2449.288209606987,916,4.353324498661231,0.4203056768558952,Lichess
"Kalantaryan, Norayr",2528.9526627218934,169,3.486094541679972,0.40236686390532544,Lichess
"Kalvaitis, Sigitas",2480.88344988345,429,3.4565606891800424,0.47785547785547783,Lichess
Kamal Daoudi,2264.391304347826,92,3.413871354021885,0.4673913043478261,Lichess
"Kamalsyah, Muhammad",2388.714285714286,14,2.5400363038209806,0.42857142857142855,Lichess
"Kandil, Adham",2437.875,56,3.451468800646342,0.5178571428571429,Lichess
"Kantans, Toms",2528.57880055788,717,3.9345799711152054,0.4393305439330544,Lichess
Kanthecarowin,2404.5799522673033,419,3.578060290048063,0.38902147971360385,Lichess
"Kanyamarala, Tarun",2380.214285714286,14,2.242973226438147,0.8571428571428571,Lichess
"Kapitanchuk, Tomas",2423.6666666666665,30,2.904216051704555,0.5,Lichess
"Karas, Marek",2354.7027027027025,37,2.950346309190239,0.35135135135135137,Lichess
"Karim, Ismael",2467.9485094850947,738,3.8479663030671594,0.5176151761517616,Lichess
"Karimov, Farukh",2412.266666666667,30,2.884467064611005,0.3333333333333333,Lichess
Karlos_ulsk,2489.7073231692075,4001,3.3479357986498575,0.22419395151212196,Lichess
KarolK05,2413.127659574468,47,2.9665155094556166,0.2765957446808511,Lichess
"Karttunen, Mika",2534.8827106863596,1151,4.522685186923628,0.4317984361424848,Lichess
"Kashtanov, Ruslan",2460.1428571428573,91,3.4030489044075445,0.4945054945054945,Lichess
"Kavyev, Ruslan",2422.5806451612902,31,3.031514648030985,0.22580645161290322,Lichess
"Kazakov, Konstantin",2489.7272727272725,99,2.611686216949262,0.1919191919191919,Lichess
Keeper0416,2439.2256097560976,164,3.6020481036322307,0.3902439024390244,Lichess
Keith Arkell,2466.274509803922,102,3.0400268912906125,0.2647058823529412,Lichess
Keith Jeffrey Khumalo,2485.1640625,512,4.100312337723684,0.3515625,Lichess
Ketchup,2313.6923076923076,13,2.098147389135067,0.3076923076923077,Lichess
Kevel Oliva Castañeda,2628.078313253012,332,3.9209378948158196,0.3644578313253012,Lichess
"Kezin, Roman",2621.841628959276,221,3.7183706287792315,0.3891402714932127,Lichess
KfLoRiAn,2583.0700854700854,585,4.678308644931533,0.3811965811965812,Lichess
"Khairat, Ahmed",2331.456,750,3.5249624649758013,0.7133333333333334,Lichess
"Khanin, Semen",2572.9489795918366,98,3.972245242573176,0.5,Lichess
"Khlebovich, Alexander",2679.225,1640,3.915001784314759,0.2890243902439024,Lichess
"Khodabandeh, Milad",2356.296296296296,27,2.8657034203478973,0.5185185185185185,Lichess
"Khusnutdinov, Rustam",2657.5454545454545,44,3.106487820339716,0.3409090909090909,Lichess
Kindor King,2357.0666666666666,30,1.8300637723929456,0.06666666666666667,Lichess
KingRAZOR,2266.849673202614,153,3.673110442907808,0.6274509803921569,Lichess
"Kiremitciyan, Ari",2457.9641943734014,391,3.051609290659316,0.38107416879795397,Lichess
Klavdia_Nik,2338.132,250,2.6307205936668177,0.5,Lichess
"Klekowski, Maciej",2545.4205607476633,107,3.8115661940729617,0.27102803738317754,Lichess
Klimakovs Sergejs,2438.409090909091,22,2.5393673998815784,0.45454545454545453,Lichess
"Klimenko, Sergey",2467.6388888888887,36,2.6970780392196048,0.3888888888888889,Lichess
"Klukin, Kirill",2589.8201058201057,378,3.8166080774073783,0.2857142857142857,Lichess
KmRiOaOlNy,2407.5,62,2.1341490105502223,0.45161290322580644,Lichess
Kmpk,2465.8342245989306,187,2.0404603148795375,0.7058823529411765,Lichess
"Kobo, Ori",2645.335483870968,155,3.9150003454299265,0.41935483870967744,Lichess
KokkinosKanapes,2353.75,24,2.278081366326457,0.2916666666666667,Lichess
"Kollars, Dmitrij",2570.9146341463415,82,3.797771697665805,0.47560975609756095,Lichess
Konstantin,2532.180335507922,2146,3.0955854970892407,0.5027958993476235,Lichess
Konstantin Loy,2373.6,80,2.8305598171840867,0.75,Lichess
Konstantin_Bazarov,2460.8756906077347,362,4.461922775024082,0.5580110497237569,Lichess
"Korchmar, Vasiliy",2614.2045454545455,44,2.6439540086697226,0.4772727272727273,Lichess
"Korkmaz, Necmettin",2388.9173553719006,121,3.1985287936013895,0.371900826446281,Lichess
"Korley, Kassa",2403.366666666667,30,2.9216576564967065,0.43333333333333335,Lichess
"Korobkin, Maxim",2536.089108910891,909,4.676070880373743,0.33443344334433445,Lichess
"Kosakowski, Jakub",2448.0714285714284,28,3.1341624585866477,0.5357142857142857,Lichess
Kostas Tsiamis,2415.383333333333,60,3.274863256297159,0.45,Lichess
"Kostin, Konstantin",2407.64,50,2.8970474882373938,0.52,Lichess
Kostis Megalios,2464.5,318,4.019418631257131,0.3553459119496855,Lichess
Kotofeyca,2371.5128205128203,39,3.123892749821594,0.38461538461538464,Lichess
"Koutsin, Sergey",2452.7244094488187,635,3.8259209048870915,0.38740157480314963,Lichess
"Koval, Artem",2392.4,20,2.6923109941417858,0.55,Lichess
"Kovalchuk, Alexey",2501.9259927797834,554,4.029212564925474,0.41335740072202165,Lichess
"Kovalenko, Igor",2744.611464968153,314,4.322844299799226,0.3248407643312102,Lichess
"Kovalev, Vladislav",2721.2934782608695,92,2.932212566154647,0.5108695652173914,Lichess
"Kowalski, Igor",2514.75,12,2.484906649788001,0.5833333333333334,Lichess
"Kozhuharov, Spas",2553.25956284153,366,3.8186866951184872,0.3469945355191257,Lichess
"Kozlov, Roman",2502.82962962963,135,3.6942731335036014,0.362962962962963,Lichess
"Kozlov, Stanislav",2411.9033613445376,238,3.727872132176992,0.5210084033613446,Lichess
"Kozusek, Daniel",2401.1111111111113,216,4.228797759048057,0.5138888888888888,Lichess
"Krasikov, Vladislav",2480.119318181818,1232,4.323573191681117,0.4496753246753247,Lichess
"Krykun, Yuriy",2442.6786355475765,557,4.780845034282207,0.4452423698384201,Lichess
"Krzyzanowski, Marcin",2552.3532219570407,419,4.370871509501549,0.5035799522673031,Lichess
Kudakwashe Sibanda,2351.938775510204,98,3.8473975213255502,0.32653061224489793,Lichess
"Kuegel, Tobias",2343.0689655172414,29,2.994200027075774,0.6206896551724138,Lichess
"Kuipers, Eelco",2423.0988372093025,516,2.809842519627395,0.47093023255813954,Lichess
"Kuipers, Stefan",2527.804054054054,444,3.7554903412960154,0.46396396396396394,Lichess
"Kukov, Velislav",2403.0434782608695,46,1.2419980312939796,0.17391304347826086,Lichess
Kumi,2447.9213197969543,788,2.9814597912659924,0.6192893401015228,Lichess
"Kumic, Filip",2461.4258620689657,2900,4.549273878852574,0.47172413793103446,Lichess
"Kunin, Vitaly",2552.275,40,2.169063592589746,0.35,Lichess
Kunk,2333.6330275229357,109,4.05444751008972,0.3302752293577982,Lichess
Kural1,2378.8048780487807,82,3.539902033497595,0.36585365853658536,Lichess
"Kurayan, Ruslan",2443.9310344827586,29,2.41423511660638,0.6551724137931034,Lichess
KurisuMakise,2378.353846153846,65,2.7513887992001305,0.4,Lichess
"Kushko, Dmitriy",2495.536327608983,757,3.4733930331357756,0.5891677675033025,Lichess
"Kuznecov, Mikhail",2562.2507552870093,331,1.8131281011667357,0.2598187311178248,Lichess
"Kvon, Andrey",2518.8333333333335,30,3.308777757587496,0.5,Lichess
Kyle_Reese,2269.362068965517,58,3.497327665913009,0.43103448275862066,Lichess
"L'Ami, Erwin",2688.470588235294,51,3.656406148775842,0.5098039215686274,Lichess
LISANDRO FERNANDEZ,2493.6525423728813,118,3.7798770228636713,0.4152542372881356,Lichess
LM Lance,2484.222222222222,117,3.7564916857591153,0.42735042735042733,Lichess
LUIS FLAQUER,2407.6277173913045,368,4.329312018962741,0.33152173913043476,Lichess
"La Manna, Andrea",2388.75,28,2.6138181076888913,0.39285714285714285,Lichess
LaDaf,2449.8986402966625,809,2.611133097702447,0.4647713226205192,Lichess
LaMoleGuines,2449.0833333333335,60,3.2942086711081733,0.2833333333333333,Lichess
"Lambrechts, Koen",2340.3548387096776,93,3.573156673904821,0.41935483870967744,Lichess
"Landi, Alberto",2438.019230769231,104,2.768290356803516,0.5576923076923077,Lichess
"Langheinrich, Ferenc",2480.659574468085,47,3.433305662862139,0.40425531914893614,Lichess
Lars Magne Andreassen,2378.1627906976746,43,2.9687352694936844,0.37209302325581395,Lichess
Lastro,2500.5183246073298,191,2.8454112817060984,0.6335078534031413,Lichess
"Lavrik, Dmitry",2520.080882352941,136,3.404678316436647,0.3897058823529412,Lichess
Lavrik87,2463.6119402985073,67,3.3806881431670335,0.44776119402985076,Lichess
"Laylo, Darwin",2448.7697368421054,152,3.1967712717611976,0.26973684210526316,Lichess
"Lazavik, Denis",2522.4032258064517,62,3.6366287493956952,0.46774193548387094,Lichess
Leandro Campelo,2254.695652173913,23,2.8943995444300383,0.43478260869565216,Lichess
Lector118,2497.573667711599,319,4.018574704254636,0.4231974921630094,Lichess
"Leenhouts, Koen",2491.835874439462,1115,4.44318922689784,0.31748878923766816,Lichess
Legendary-Phiri,2416.116113744076,422,3.9709015011799194,0.3957345971563981,Lichess
Lelouch_Vi_Brittania,2272.5714285714284,14,2.3046193848206715,0.35714285714285715,Lichess
Lenin Guerra,2559.775401069519,187,3.682751440626417,0.5508021390374331,Lichess
Leon Marohom,2431.902985074627,134,3.557345126292006,0.44776119402985076,Lichess
"Leon Valdes, Jony Wilson",2423.1372549019607,51,3.255335220477653,0.1568627450980392,Lichess
Leon4rdo,2538.2939393939396,330,4.367904168298754,0.4090909090909091,Lichess
"Lewtak, Damian",2437.4545454545455,88,3.5703266302779575,0.3522727272727273,Lichess
"Leyva, Hector",2413.2754237288136,236,3.964906390109253,0.4152542372881356,Lichess
"Li, Henry",2379.09375,96,3.1903918541823106,0.4166666666666667,Lichess
Liem Quang Le,2844.923728813559,118,3.64063269897288,0.4491525423728814,Lichess
"Limontaite, Simona",2315.9333333333334,15,2.7080502011022105,0.4,Lichess
Lioni26,2516.99670781893,1215,4.563475701939064,0.4806584362139918,Lichess
LittlePumpkin,2596.1380522088352,5976,4.709112747059868,0.36178045515394913,Lichess
"Liubarov, Mark",2316.0714285714284,14,1.90853528164356,0.5714285714285714,Lichess
"Liyanage, Ranindu Dilshan",2437.9181286549706,171,3.5145059416568754,0.4327485380116959,Lichess
Ljucifer,2456.2704918032787,122,3.193986213037248,0.32786885245901637,Lichess
Loay Sameer,2467.12268907563,595,2.0707032449023752,0.6941176470588235,Lichess
"Lodici, Lorenzo",2511.0,23,2.954673212304816,0.30434782608695654,Lichess
"Loiacono, Leonardo",2474.9518229166665,768,3.6758122527459784,0.4908854166666667,Lichess
"Lombaers, Peter",2426.7330612244896,1225,4.0029825860406545,0.3404081632653061,Lichess
"Lopez, Mario Yber",2313.4514767932487,237,3.6372047556447447,0.4388185654008439,Lichess
Lopez09,2456.261952191235,2008,4.044817938327999,0.5039840637450199,Lichess
Lord Adrian Soderstrom,2414.478260869565,69,3.543028845342223,0.4927536231884058,Lichess
Lordiron,2330.6825396825398,126,3.477924654988644,0.21428571428571427,Lichess
"Lorparizangeneh, Shahin",2604.063492063492,63,3.256309472600234,0.49206349206349204,Lichess
LouiVos,2655.6976744186045,86,3.904015234397065,0.29069767441860467,Lichess
"Lovkov, Roman",2541.4285714285716,14,2.6390573296152584,0.42857142857142855,Lichess
Lovro Čupić,2446.1844897959186,1225,4.186165752442547,0.5314285714285715,Lichess
Luca Albertini,2385.2938775510206,490,4.278967560314691,0.4142857142857143,Lichess
Luca Varriale,2331.2,10,2.0253262207700677,0.4,Lichess
Lucas Cardoso,2459.305164319249,213,4.100756271035004,0.43661971830985913,Lichess
Lucasran,2496.0,10,1.9730014063936128,0.1,Lichess
Lucky___123,2368.076923076923,13,2.2450352741261774,0.0,Lichess
Luis Alejandro Mateus Urbano,2460.8816568047337,338,3.6824007228017046,0.4437869822485207,Lichess
Luis Angel Lopez Villier,2272.1666666666665,12,1.9356005054539454,0.16666666666666666,Lichess
Luis Guillermo Antunez Soler,2459.239436619718,142,3.191526973486514,0.4788732394366197,Lichess
Luis Manuel PerezRodriguez,2415.5625,16,2.3066687254045313,0.75,Lichess
Luis Raygoza,2382.658385093168,161,3.45561250626866,0.35403726708074534,Lichess
"Luke Brezmes, Cristofer",2261.3529411764707,17,1.9054200431101367,0.4117647058823529,Lichess
"Lund, Gunnar",2415.222222222222,108,2.702108031376176,0.49074074074074076,Lichess
Luomfu,2449.8826291079813,426,3.8654549394618085,0.38497652582159625,Lichess
Luu77,2450.680693069307,404,4.510005788743393,0.46782178217821785,Lichess
LuukDeGrote,2473.6822742474915,299,3.2150733143864914,0.6086956521739131,Lichess
MAURICIO RIOS,2445.553191489362,141,3.8524580024042883,0.48936170212765956,Lichess
MAsTerhec,2356.7432239657633,701,3.173644150974202,0.6319543509272468,Lichess
MFAlejandroArias1987,2350.0,38,1.1695617499388034,0.18421052631578946,Lichess
MFJoseClement,2432.51201011378,791,4.725934730571405,0.3780025284450063,Lichess
MF_miftahulhudany,2431.555910543131,313,3.8030620319852657,0.36421725239616615,Lichess
MHanDaMan,2444.8892857142855,840,3.1477578044027714,0.48095238095238096,Lichess
MI Marcelo Playa,2335.8,10,1.1682824501765625,0.5,Lichess
MIThePunisherXX,2585.2702702702704,740,3.8417529729860127,0.28378378378378377,Lichess
MKO78,2573.0943396226417,53,3.147750463094011,0.4528301886792453,Lichess
MLev0907,2315.4864864864867,37,2.151036596730582,0.24324324324324326,Lichess
MM,2401.181818181818,11,1.666332585328325,0.7272727272727273,Lichess
Mac Daddy,2477.8122866894196,293,3.180121932150935,0.4334470989761092,Lichess
Maci,2430.9357976653696,1542,4.0039858137765005,0.43060959792477305,Lichess
"Macovei, Andrei",2535.8283261802576,233,3.602160316516621,0.3776824034334764,Lichess
"Madaminov, Mukhiddin",2431.8076923076924,26,2.511630343572311,0.23076923076923078,Lichess
"Madrigal, Mariano",2379.1555555555556,45,2.953566545250518,0.5333333333333333,Lichess
"Maerevoet, Sim",2506.1341463414633,82,3.8296770722855933,0.35365853658536583,Lichess
Mafaaz Khalid,2284.4358974358975,78,3.0403588245775226,0.41025641025641024,Lichess
MagicAndy,2512.9835566382462,1642,4.016749373873489,0.2856272838002436,Lichess
Magners,2504.1945392491466,293,3.325224218772684,0.5938566552901023,Lichess
"Mahdavirad, Mehdi",2407.6762589928057,139,0.47810768058063935,0.9136690647482014,Lichess
"Mahdian, Anousha",2372.016129032258,124,2.8428096358440262,0.3870967741935484,Lichess
Mahri,2348.176470588235,17,2.7516666169315167,0.47058823529411764,Lichess
"Maidel, Anton",2507.3804347826085,644,4.634092853811673,0.40683229813664595,Lichess
"Maier, Christian",2403.630681818182,176,3.3137332280164724,0.4772727272727273,Lichess
"Makarian, Rudik",2465.1,10,2.3025850929940455,0.5,Lichess
"Maksimovic, Dejan",2449.63,1200,1.7610892733011871,0.015833333333333335,Lichess
"Malmstig, Erik",2298.090909090909,55,2.083577225491938,0.6909090909090909,Lichess
"Mamedov, Rauf",2526.6666666666665,12,2.3693821196946763,0.4166666666666667,Lichess
"Mammadov, Zaur",2608.6632653061224,294,2.3340087704180483,0.5238095238095238,Lichess
"Mammadova, Gulnar",2526.3764705882354,340,3.3474748084061288,0.40588235294117647,Lichess
Manafov_Vugar,2549.1503759398497,133,3.862241702583018,0.45112781954887216,Lichess
"Manakov, Ilya",2428.0,170,2.649250606301069,0.38235294117647056,Lichess
"Mandura, Tijana",2418.4437194127245,613,4.252604023157513,0.4274061990212072,Lichess
MannyQT,2582.7115384615386,52,2.970660094978556,0.4230769230769231,Lichess
Manukyan Sargis A.,2440.892018779343,213,3.726789557919737,0.43661971830985913,Lichess
"Manukyan, Artyom",2471.7042253521126,71,3.117221113032567,0.39436619718309857,Lichess
Mapwright,2732.043795620438,1370,4.642121714552272,0.38175182481751824,Lichess
Marc Balague,2363.7137404580153,262,3.834365909494744,0.3931297709923664,Lichess
Marc Chevrin,2342.8763636363637,1375,3.215871244501895,0.48872727272727273,Lichess
Marc Christian Nazario 💎,2442.1794871794873,156,3.390117210320169,0.5448717948717948,Lichess
"Marcelin, Cyril",2531.4898132427843,1178,3.5253788895569342,0.3522920203735144,Lichess
Marcelo Alejandro Panelo Muñoz,2444.5,50,3.17138246184798,0.36,Lichess
Marcus Schmücker,2392.3333333333335,81,2.2597438625370727,0.5432098765432098,Lichess
"Mardov, Dimitar",2469.303135888502,287,4.294670102880192,0.4564459930313589,Lichess
"Margana, Adhy",2431.8230769230768,130,3.6696776348583153,0.3,Lichess
Mark Biernacki,2334.1,10,1.6094379124341,0.3,Lichess
Marko Srebrnič,2458.0421052631577,95,3.7556625313370455,0.42105263157894735,Lichess
"Markov, Mikhail",2622.929411764706,170,3.1656120379513815,0.2,Lichess
"Martin Duque, Jesus",2425.810810810811,37,2.7790219256012407,0.4864864864864865,Lichess
"Martinez Romero, Martin",2438.406976744186,86,3.9080954325946795,0.47674418604651164,Lichess
"Martinovic, Sasa",2665.9437984496126,1032,3.459954154795433,0.5058139534883721,Lichess
"Martínez Reyes, Pedro Ramon",2363.0714285714284,14,2.4036404106149494,0.7142857142857143,Lichess
Masterclass2,2454.0797266514805,439,4.777709455822125,0.3621867881548975,Lichess
Masya1984,2548.5832241153344,763,3.5000979783048676,0.5674967234600262,Lichess
"Mata Gonzalez, Jose Fernando",2486.72027972028,143,2.4598495696730245,0.43356643356643354,Lichess
Matej Blažeka,2442.4347826086955,46,3.203154798447205,0.4782608695652174,Lichess
Mateus Viageiro,2389.2820512820513,39,3.40132296224237,0.3333333333333333,Lichess
Matias Antonio Carcamo,2327.703703703704,27,2.6409469170795963,0.5555555555555556,Lichess
Matias Pérez Gormaz,2511.8970358814354,641,4.261807531296092,0.4960998439937597,Lichess
Matt O,2387.934065934066,91,3.5530321253981363,0.6263736263736264,Lichess
Matthew Fishbein,2392.0602409638554,83,3.9396163684651415,0.4819277108433735,Lichess
Matthew Wadsworth,2462.4857142857145,70,2.625823889430619,0.4142857142857143,Lichess
Matvey Shcherbin,2603.414686825054,463,2.3127796503786175,0.5464362850971922,Lichess
"Matviishen, Viktor",2517.090909090909,33,3.2024451212289273,0.30303030303030304,Lichess
Matyáš Zeman,2456.285046728972,214,3.637095635793005,0.2523364485981308,Lichess
Matías Ianovsky.,2388.65367965368,231,4.208134575578139,0.38961038961038963,Lichess
Matías halac,2414.3351063829787,188,3.157581728569657,0.1595744680851064,Lichess
Mauri Lehtosaari,2428.8481012658226,79,2.3239155724654035,0.620253164556962,Lichess
Mauricio Jimenez,2469.232428115016,1252,4.168272336510538,0.2515974440894569,Lichess
"Mazanchenko, Dmitry",2272.0263157894738,38,2.9597382065717692,0.631578947368421,Lichess
Mazi Leon,2431.3513513513512,111,3.3696126713506147,0.4594594594594595,Lichess
"Mchedlishvili, Mikheil",2673.4862385321103,109,3.6247738620457723,0.43119266055045874,Lichess
Md. Abu Hanif,2410.254098360656,122,2.4170736575211036,0.06557377049180328,Lichess
"Medina Diaz, Rafael Alejandro",2273.5454545454545,11,2.3978952727983707,0.36363636363636365,Lichess
"Medina Paz, Miguel",2489.6425120772947,207,3.8120199072243257,0.42028985507246375,Lichess
"Mejia, Cherry Ann",2264.448275862069,29,2.404904888863316,0.4827586206896552,Lichess
MerVit,2488.7130801687763,237,4.051541883935455,0.3037974683544304,Lichess
Mergen Satranç | Mergen Chess,2574.7555555555555,45,3.4137285204154804,0.28888888888888886,Lichess
Merlotty,2421.8333333333335,18,2.5532370029937144,0.3888888888888889,Lichess
Mert Erdoğdu,2335.9166666666665,12,2.253857589601352,0.25,Lichess
"Meshkovs, Nikita",2654.5648854961833,131,3.9332935434981455,0.4198473282442748,Lichess
Meskenas,2659.5632911392404,158,3.764892764520686,0.379746835443038,Lichess
"Mesnyankin, Nikita",2348.9333333333334,15,2.0488828279013442,0.3333333333333333,Lichess
MiauCat,2419.20245398773,163,4.0815457532847095,0.5030674846625767,Lichess
Michael,2305.4794520547944,73,2.111320633790805,0.4383561643835616,Lichess
Michael Klenburg (IM),2460.054054054054,74,3.337794361219692,0.4189189189189189,Lichess
Michel Alejandro Díaz Pérez,2457.165680473373,169,4.0341983262558925,0.5029585798816568,Lichess
Michel Lopez Abreu,2390.040598290598,468,1.7368383812925123,0.6944444444444444,Lichess
Mieszko Miś,2513.050295857988,338,3.9210343661416918,0.4319526627218935,Lichess
Mig_31,2501.1456692913384,762,4.090169581831497,0.49343832020997375,Lichess
Miguel Eduardo González Ballén,2266.186046511628,43,2.668696388375906,0.7674418604651163,Lichess
MihaiG,2418.511111111111,45,3.421279588717498,0.5333333333333333,Lichess
"Mihok, Oliver",2548.6979405034326,1311,4.049601792806204,0.5339435545385202,Lichess
"Mikaelyan, Arman",2636.266666666667,135,3.8903190948291853,0.48148148148148145,Lichess
"Mikanovic, Sandro",2421.7272727272725,22,2.3471808293178684,0.09090909090909091,Lichess
MikeGScarn,2777.5015673981193,319,4.430916987483065,0.4012539184952978,Lichess
Mikhail Melnichuk,2467.435185185185,108,3.123249995819351,0.5185185185185185,Lichess
"Mikhailov, Viacheslav",2577.705035971223,139,2.894729501559902,0.5467625899280576,Lichess
Mikhalchenko Petr Alekseevich,2589.112701252236,1118,2.1658972316566487,0.2370304114490161,Lichess
"Mikrut, Dariusz",2445.257575757576,132,3.908515002257685,0.36363636363636365,Lichess
"Milanovic, Danilo",2542.8055555555557,36,2.9913616173293636,0.3888888888888889,Lichess
"Milchev, Nikolay",2503.3354430379745,316,2.985364061586882,0.2848101265822785,Lichess
Minh Le,2714.3554006968643,287,3.9896495303091135,0.3519163763066202,Lichess
"Minina, Veronika",2352.3636363636365,22,2.2243004996270583,0.22727272727272727,Lichess
MirMan,2548.878048780488,41,3.383739248713866,0.4634146341463415,Lichess
Mircea Parligras,2583.5405405405404,37,2.915533637424272,0.43243243243243246,Lichess
"Miron, Lucian-Costin",2493.3458980044347,451,4.404745543139439,0.4567627494456763,Lichess
Miroslav Miljković,2545.653846153846,26,2.8446135835842394,0.38461538461538464,Lichess
"Mirzoev, Azer",2524.2105263157896,19,2.6250481587325396,0.47368421052631576,Lichess
Misha Bilous,2389.823529411765,17,2.670119889806817,0.5882352941176471,Lichess
MithrasMonkey,2316.5555555555557,27,2.4445171068326395,0.37037037037037035,Lichess
"Mkrtchyan, Simon",2479.5,86,3.5905144610154194,0.32558139534883723,Lichess
"Moiseenko, Vadim",2631.2910344827587,725,4.482887828819062,0.4606896551724138,Lichess
"Molaei, Mohammadamin",2474.3867924528304,212,3.7287090816457327,0.39622641509433965,Lichess
Moltini,2471.825,120,3.5719677472289737,0.425,Lichess
Monsieur3044,2433.1176470588234,17,1.7731058914351234,0.6470588235294118,Lichess
MoonlighT89,2520.240740740741,54,3.308421979841027,0.3333333333333333,Lichess
"Moradiabadi, Elshan",2572.9814814814813,108,3.7081190477002828,0.4444444444444444,Lichess
"Moranda, Wojciech",2654.0405405405404,148,4.20249167765496,0.40540540540540543,Lichess
Morgran,2416.9791666666665,96,2.3202255633573814,0.46875,Lichess
"Moroni, Luca Jr",2590.2258064516127,93,3.5601239718363296,0.43010752688172044,Lichess
"Morozov, Nichita",2481.7557251908397,262,4.002349780124318,0.33969465648854963,Lichess
Morphy123,2469.5433070866143,127,3.006348653125734,0.5196850393700787,Lichess
"Morris, James",2496.5,10,1.8343719702816237,0.4,Lichess
"Mortazavi, Ali",2467.5516587677726,2110,3.2877002802339597,0.5526066350710901,Lichess
Mortn,2416.9896373056995,193,4.117323520788283,0.42487046632124353,Lichess
"Mosadeghpour, Masoud",2550.8536585365855,41,2.842746327301226,0.5121951219512195,Lichess
Mousavi Seyed Khalil,2525.769230769231,13,2.458311329683084,0.3076923076923077,Lichess
"Movahed, Sina",2416.2125,80,3.3237731401224826,0.6625,Lichess
MrGreen08,2418.8571428571427,140,2.2491232829676657,0.3,Lichess
Mrjoeyg,2451.8513513513512,148,3.660776372520892,0.5067567567567568,Lichess
Munkhgal_Gombosuren,2453.8,10,1.6957425341696346,0.1,Lichess
"Muradov, Soltan",2419.010752688172,93,3.7999223336714802,0.5483870967741935,Lichess
"Murzin, Volodar",2533.842105263158,76,2.7890669074163816,0.6578947368421053,Lichess
Mushini Ajay,2437.214285714286,126,4.004645416434552,0.49206349206349204,Lichess
"Musovic, Armin",2524.1153846153848,26,0.32450838693107065,0.0,Lichess
Mustafa Yelken,2361.224568138196,521,4.1945509962079495,0.42610364683301344,Lichess
Mustafa Yılmaz,2603.288,125,4.255030679940154,0.512,Lichess
Mv17,2491.352640545145,587,4.389871159686197,0.45826235093696766,Lichess
"Mwenya, Oscar",2348.4436363636364,275,3.9332738149847875,0.5454545454545454,Lichess
N Z,2417.766666666667,60,3.352898776749229,0.4166666666666667,Lichess
NB4,2433.374045801527,131,3.0655629465389627,0.5572519083969466,Lichess
NFChess13,2441.1626794258373,209,4.078644239612336,0.41626794258373206,Lichess
NIKSH1266,2462.2285714285713,70,3.0048935478814776,0.6142857142857143,Lichess
Nad Titus Petre,2447.16,25,2.675181144602198,0.32,Lichess
"Nakahara, Kan",2425.4901960784314,51,3.503572462051238,0.49019607843137253,Lichess
"Nalbant, Tuna Onat",2620.6567164179105,67,3.5113431846014937,0.3880597014925373,Lichess
Narayanan Srinath,2535.5,10,2.163955656882057,0.2,Lichess
Narayanan.S.L,2628.3636363636365,11,2.3978952727983707,0.5454545454545454,Lichess
"Narvaez Ramirez, Faber Alberto",2368.345353675451,1442,4.501275268423759,0.46879334257975036,Lichess
"Nassr, Ali",2440.294117647059,17,2.5577938601077324,0.4117647058823529,Lichess
"Nava, Roderick",2451.9327731092435,119,2.998215999656706,0.47058823529411764,Lichess
"Nazari, Arad",2449.5454545454545,11,1.893788232391138,0.5454545454545454,Lichess
Nazmi Can Doğan,2454.8907103825136,366,4.394439048436135,0.40437158469945356,Lichess
"Nedev, Tanio",2285.3478260869565,23,2.7511022893863717,0.2608695652173913,Lichess
"Needleman, Alejandro",2409.8444444444444,225,3.2071750320325716,0.39555555555555555,Lichess
"Needleman, Gaston",2395.1739130434785,23,2.690828621511594,0.5217391304347826,Lichess
"Neiksans, Arturs",2612.1136363636365,44,2.7795289168178203,0.36363636363636365,Lichess
"Neimer, Vitaly",2424.1071428571427,28,2.9174329732922164,0.5357142857142857,Lichess
Nelson Fernandez,2391.490740740741,216,4.134345241481538,0.48148148148148145,Lichess
Nelson Moraes,2394.047244094488,127,2.270604811263713,0.5511811023622047,Lichess
"Nesterov, Arseniy",2672.5474452554745,137,3.3667608923209835,0.5912408759124088,Lichess
"Neugebauer, Martin",2500.9413369713507,1466,4.545581008434462,0.534106412005457,Lichess
"Neuman, Petr",2495.2514285714287,175,3.816343039871626,0.33714285714285713,Lichess
NeverEnough,2846.525,440,3.299924627670456,0.22727272727272727,Lichess
NewNr1,2332.777777777778,54,1.7231510172162574,0.2222222222222222,Lichess
Nghia Dong,2472.157894736842,38,2.2867178868427787,0.18421052631578946,Lichess
"Nguyen, Thai Dai Van",2565.5,50,3.596573283106479,0.38,Lichess
Nick Matta,2490.866666666667,165,3.385988880974115,0.3151515151515151,Lichess
Nicomedes Alisangco,2362.1323529411766,136,3.438146534436796,0.35294117647058826,Lichess
"Nielsen, Viktor Haarmark",2427.8365384615386,312,4.163959524666222,0.4230769230769231,Lichess
Nihal Sarin,2593.6,15,2.7080502011022105,0.3333333333333333,Lichess
"Nikolashvili, Giorgi",2491.205882352941,102,2.6501472934709485,0.7058823529411765,Lichess
Nikolay Chadaev,2750.6150793650795,756,4.581595752947695,0.40343915343915343,Lichess
Nikolay Maevskiy,2490.1428571428573,84,3.9305197459506207,0.4642857142857143,Lichess
Nikolay Yordanov,2367.64,25,2.754331703559254,0.52,Lichess
"Nikologorskiy, Konstantin",2440.969696969697,33,3.2706069569402985,0.48484848484848486,Lichess
"Nikolova, Adriana",2380.1666666666665,18,2.5532370029937144,0.1111111111111111,Lichess
NikosGeo,2506.300518134715,193,3.558704868468404,0.37823834196891193,Lichess
"Nilsson, Joakim",2490.143884892086,139,2.6254565798674063,0.37410071942446044,Lichess
Nitish Belurkar,2513.153846153846,286,3.2074829129244957,0.6083916083916084,Lichess
"Njili, Kamel",2460.855421686747,83,3.6381402242579104,0.42168674698795183,Lichess
NoFastDraw,2533.2727272727275,44,2.0462409307385148,0.5,Lichess
NoMate4u,2291.5625,16,2.685945324669788,0.5,Lichess
Nobody Really,2411.565789473684,76,2.45961430628678,0.6710526315789473,Lichess
"Noe, Christopher",2557.7105263157896,38,2.948553400308995,0.4473684210526316,Lichess
"Nogueira, Ivan Kuhlmann",2400.0404411764707,272,2.440466208093627,0.22426470588235295,Lichess
Nohaypanduro,2520.939393939394,231,3.9002078997284464,0.35064935064935066,Lichess
NonSens,2515.8253968253966,63,3.483917133757269,0.42857142857142855,Lichess
"Nordahl, Helge",2432.3137254901962,408,4.112335796626109,0.5147058823529411,Lichess
Norival Chess,2551.8571428571427,14,1.8288411561741995,0.35714285714285715,Lichess
Novak Čabarkapa,2559.0,10,1.6094379124341,0.5,Lichess
"Novikov, Evgenij",2414.8308270676694,266,4.352141944901793,0.39097744360902253,Lichess
"Nozdrachev, Vladislav",2682.0865051903115,289,4.004225967585986,0.48788927335640137,Lichess
"Nsubuga, Haruna",2257.7021276595747,47,3.254242010255789,0.2765957446808511,Lichess
Number_1734,2447.1290322580644,217,1.7088634068488555,0.8018433179723502,Lichess
"Nuri, Murad",2530.557620817844,269,4.253991045724251,0.3382899628252788,Lichess
"Nyambe, Maketo",2284.3333333333335,12,2.253857589601352,0.6666666666666666,Lichess
Néstor Cofré,2458.461956521739,184,4.017123460301149,0.6032608695652174,Lichess
OCChess,2623.440170940171,468,4.296660674971073,0.37393162393162394,Lichess
"Obad, Andrija",2431.0338983050847,295,3.9588813187438543,0.376271186440678,Lichess
"Obgolts, Erik",2598.2139303482586,201,2.6262780818627847,0.2885572139303483,Lichess
"Oboladze, Luka",2483.3821989528797,191,4.235388966621667,0.4031413612565445,Lichess
"Obregon Rivero, Juan Carlos",2525.7,40,2.7439582568493233,0.625,Lichess
Oburg007,2422.938679245283,424,3.976585343278737,0.5023584905660378,Lichess
Odirovski,2483.1679813553246,11156,2.2354592012533745,0.4259591251344568,Lichess
Odnoobraz,2580.563596491228,912,0.49374573985866627,0.13486842105263158,Lichess
"Ohanyan, Emin",2427.6060606060605,99,3.320967158162875,0.5252525252525253,Lichess
"Ojeda, Jesus David",2312.6666666666665,42,3.329127225969004,0.35714285714285715,Lichess
"Okara, Andrey",2448.2439585730726,869,4.072658422435205,0.5431530494821634,Lichess
"Okas, Walter",2400.6666666666665,210,3.5204650459275086,0.37142857142857144,Lichess
"Okike, David",2326.45566286216,4556,3.936513682770018,0.42251975417032483,Lichess
Oladipo30,2426.809523809524,21,2.438364304899864,0.47619047619047616,Lichess
Oleksandr Bortnyk,2609.9166666666665,12,2.253857589601352,0.4166666666666667,Lichess
Oleksandr Matlak,2454.311111111111,315,2.67121689812469,0.2126984126984127,Lichess
Oleksiy Solovchuk,2464.523316062176,193,3.8318248864391795,0.29533678756476683,Lichess
Oliver_Cromvel,2416.3275862068967,58,2.995702208702931,0.22413793103448276,Lichess
"Olsson, William",2372.784753363229,223,2.777307735554604,0.21524663677130046,Lichess
Omar García Blanco,2483.5981308411215,642,2.6574376799983788,0.6074766355140186,Lichess
Omnivor,2406.5026455026455,189,3.489241002846876,0.36507936507936506,Lichess
"Oparin, Grigoriy",2717.5117647058823,340,4.1203814161701064,0.45294117647058824,Lichess
OpeningGeek,2610.0103626943005,193,3.670480146818065,0.5492227979274611,Lichess
"Oragwu, Chukwunonso",2345.233830845771,201,4.097556025264376,0.5422885572139303,Lichess
Orlando_Gloom,2566.71768707483,3234,3.207908004037524,0.461038961038961,Lichess
Orlen Ruiz Sánchez,2454.7246376811595,690,3.8762710547645454,0.48840579710144927,Lichess
"Orlov, Andrey",2565.1881188118814,101,3.1773750974756703,0.42574257425742573,Lichess
"Ortega Amarelle, Mariano",2439.7745901639346,244,4.49499386905553,0.38934426229508196,Lichess
Oscar Ardila,2284.6666666666665,105,3.411795173440958,0.2571428571428571,Lichess
Oscar Gerardo Sànchez Enrìquez,2478.205882352941,136,3.9242745507181507,0.375,Lichess
Oscar Zavarce,2404.1071428571427,28,2.898745539586339,0.2857142857142857,Lichess
"Osmak, Yuliia",2512.2366863905327,169,3.7132565406516354,0.46153846153846156,Lichess
Overrated_Bum,2268.2105263157896,38,1.5208984456977073,0.8421052631578947,Lichess
"Ozen, Bahadir",2576.65,120,3.4391587037100777,0.39166666666666666,Lichess
Oļģerts Indričāns,2407.453020134228,596,4.244493812425145,0.4697986577181208,Lichess
P Saravana Krishnan,2459.8636363636365,22,2.5393673998815784,0.45454545454545453,Lichess
PC's FAN,2618.6279069767443,172,3.734089790407777,0.622093023255814,Lichess
Pablo,2386.1256544502617,191,3.1046308750203586,0.4712041884816754,Lichess
Pablo Molina,2458.08940397351,302,4.11883560225232,0.5927152317880795,Lichess
Pablo Salinas,2520.487804878049,41,3.1215305459000042,0.43902439024390244,Lichess
Pablo Trujillo,2252.722222222222,18,2.2640492601665603,0.6666666666666666,Lichess
PabloChess32,2281.590909090909,44,3.0434744402888114,0.5,Lichess
Pabmar70,2362.575,40,2.863142151637296,0.475,Lichess
Padmini Rout,2448.264150943396,53,3.4076715400152158,0.4528301886792453,Lichess
PainOfChocolat,2463.714285714286,175,3.7077187279528085,0.4114285714285714,Lichess
"Pakhomov, Egor",2590.6283185840707,226,3.179170218440417,0.39823008849557523,Lichess
"Palachev, Petr",2567.36,25,2.6779500033638755,0.28,Lichess
"Palchuk, Andrii",2456.53021978022,364,4.219045418617309,0.4258241758241758,Lichess
"Palencia Morales, Wilson Guillermo",2375.080985915493,284,3.8322836309267556,0.31338028169014087,Lichess
"Palu, Andres",2428.8840579710145,207,3.174293473186903,0.5458937198067633,Lichess
"Pantzar, Milton",2489.6702127659573,94,3.8309506771869093,0.3829787234042553,Lichess
Pap Gyula,2636.248959200666,1201,4.45756354611764,0.5087427144046628,Lichess
"Papakonstantinou, Dimitrios",2400.9,10,1.193549604098133,0.5,Lichess
Paparama,2516.293827160494,405,3.7024021373451323,0.454320987654321,Lichess
Papasimakopoulos Alexandros,2498.7888091822097,3485,3.930510437671504,0.3942611190817791,Lichess
"Papayan, Oleg",2432.9,40,3.1775140205337475,0.5,Lichess
"Papp, Levente",2466.1363636363635,44,2.891431275793636,0.11363636363636363,Lichess
"Papp, Petra",2534.25,32,2.815910421024777,0.625,Lichess
Paranoyak,2427.714285714286,42,3.0308423294502473,0.47619047619047616,Lichess
"Parraga, Alejandro",2379.1866666666665,75,3.7280871595040512,0.4533333333333333,Lichess
"Pascua, Haridas",2636.2616279069766,172,4.288689744849622,0.47674418604651164,Lichess
"Paszewski, Mateusz",2461.1242603550295,169,3.6485690881157917,0.4260355029585799,Lichess
Patolindo,2407.0,17,2.476247132983033,0.29411764705882354,Lichess
Patrick Aizpurua,2546.9201817001945,1541,4.677340939103944,0.3445814406229721,Lichess
PaulfromSPb,2566.137931034483,58,3.0766710447603245,0.43103448275862066,Lichess
Paulo Jatoba,2420.5938416422287,1364,2.8503745249859653,0.5388563049853372,Lichess
"Paulsen, Dirk",2431.8359375,128,3.453907677478241,0.375,Lichess
"Paveto, Kevin",2450.6428571428573,14,2.5400363038209806,0.5714285714285714,Lichess
Paweł Kowalczyk,2536.5555555555557,27,2.9877714524221317,0.5925925925925926,Lichess
Paweł Teclaf,2679.20246659815,2919,4.256356569209186,0.49640287769784175,Lichess
PayTheBill,2276.2105263157896,19,2.524545921633359,0.42105263157894735,Lichess
Peacefully,2659.406779661017,59,3.233139639398245,0.2033898305084746,Lichess
"Peng, Li Min",2578.1463414634145,164,3.7639495430953414,0.5,Lichess
Penguin12356,2452.694736842105,190,3.9888251952881193,0.35789473684210527,Lichess
"Perera Alfonso, Rene Humberto",2434.04932735426,223,3.568458933168172,0.4125560538116592,Lichess
"Perez Marimon, Jorge De Jesus",2323.3333333333335,36,3.0228511401600344,0.5277777777777778,Lichess
"Perez Ponsa, Federico",2724.214285714286,98,3.8296210363249026,0.41836734693877553,Lichess
"Perez, Daniel",2450.6001984126983,1008,3.404038949419766,0.5138888888888888,Lichess
"Perez, Maximiliano",2470.6911764705883,68,2.9065142624570792,0.47058823529411764,Lichess
"Perrine, Dalton",2434.0516129032258,155,2.9374567459060876,0.5483870967741935,Lichess
"Persson, Richard",2279.566037735849,53,2.5369181934933294,0.660377358490566,Lichess
"Perunovic, Milos",2546.230769230769,26,2.6846565419165596,0.4230769230769231,Lichess
Petar Arnaudov,2508.411558669002,571,4.260911651856466,0.4168126094570928,Lichess
Pete Karagianis,2366.0225563909776,133,3.6499847854551306,0.43609022556390975,Lichess
"Petronijevic, Zoran",2562.134285714286,350,2.701802514789323,0.5428571428571428,Lichess
Petrosilius Zwackelmann,2363.0434782608695,138,4.174899148331128,0.4492753623188406,Lichess
"Petrosyan, Manuel",2654.4057971014495,69,3.5231695516354526,0.2753623188405797,Lichess
"Petrov, Martin",2518.7875,80,3.525176692493409,0.25,Lichess
"Pfreundt, Jakob",2535.8525798525798,407,4.180655362207016,0.4668304668304668,Lichess
Philosopherr,2432.548387096774,31,2.7381699432019655,0.5161290322580645,Lichess
Phúc Nguyễn Đặng Hồng,2511.9655172413795,29,2.8351341733487994,0.41379310344827586,Lichess
"Pichot, Alan",2593.375,24,2.947004770161298,0.3333333333333333,Lichess
PierrotDeCastelnau,2525.4919354838707,124,4.047217380683632,0.3709677419354839,Lichess
"Piliposyan, Robert",2497.665071770335,209,4.13098447174017,0.42105263157894735,Lichess
"Pinto, Daniel",2326.4545454545455,11,1.8937882323911377,0.18181818181818182,Lichess
Piotrek79,2429.205278592375,341,4.15766101173382,0.3255131964809384,Lichess
Piranaseven,2368.4621026894865,409,4.159312775833026,0.40097799511002447,Lichess
Piscean64,2472.0714285714284,14,2.4410152780267027,0.35714285714285715,Lichess
"Piscopo, Pierluigi",2469.904069767442,1376,4.734338851748571,0.44694767441860467,Lichess
PlemSovhoz,2529.4776536312847,716,3.972066429307605,0.36033519553072624,Lichess
"Plenca, Jadranko",2577.5041666666666,480,3.812734393847595,0.49375,Lichess
"Plenca, Julijan",2470.395613322502,1231,4.7410567313244965,0.5467099918765231,Lichess
Pleurotus,2316.8571428571427,14,2.4410152780267027,0.5,Lichess
"Plichta, Kamil",2572.7551224387807,2001,4.30948142671771,0.56071964017991,Lichess
Pliukha_Mikhail,2548.846019247594,1143,3.0411102916459543,0.5975503062117236,Lichess
"Plotkin, Mark",2478.5472972972975,592,4.598259370855056,0.5236486486486487,Lichess
Podrebo,2501.8819444444443,288,3.5108699496537503,0.4791666666666667,Lichess
"Poetsch, Hagen",2526.9117647058824,34,2.990911208006388,0.5882352941176471,Lichess
"Pogosian, Manvel",2403.096153846154,104,3.8235545743524275,0.38461538461538464,Lichess
Polihisztor,2402.2982456140353,57,3.126344932490867,0.38596491228070173,Lichess
"Polo, Victor Ramon",2262.59375,32,2.430901007066591,0.34375,Lichess
"Pomares Diaz, Manuel Alejandro",2344.1743119266057,218,3.7428335641109998,0.38073394495412843,Lichess
"Popovic, Dusan",2673.8434782608697,115,3.8361006396625195,0.46956521739130436,Lichess
Popovich2020,2681.618336886994,469,2.213248746532984,0.7100213219616205,Lichess
"Posthuma, Joshua",2531.8908341915553,1942,3.936847847626852,0.4181256436663234,Lichess
"Pourramezanali, Amirreza",2605.9076923076923,65,3.3359010900023263,0.4153846153846154,Lichess
"Predojevic, Borki",2719.435582822086,163,3.884511553978948,0.3987730061349693,Lichess
Printezis04,2525.706422018349,327,3.628449476780233,0.5474006116207951,Lichess
Proteuo,2430.2782340862423,974,3.0538430443669804,0.4948665297741273,Lichess
"Proudian, Armen",2538.0078125,128,2.5687053627596783,0.625,Lichess
Prydun Andrii | Pandr,2459.0185185185187,54,2.1208030501419506,0.09259259259259259,Lichess
Przemysław Koc,2413.7565789473683,304,2.4257760747503307,0.555921052631579,Lichess
"Pulpan, Jakub",2565.457142857143,35,2.941030529182652,0.4857142857142857,Lichess
"Punin, Andrii",2546.7607934655775,857,3.9241154510713105,0.4912485414235706,Lichess
Pupu Churru,2570.7380952380954,84,3.4214643329308396,0.5476190476190477,Lichess
PurpleAvocado,2437.904761904762,42,3.1516338938412907,0.2857142857142857,Lichess
PusheenMeow,2388.0222222222224,45,2.453821178095602,0.7333333333333333,Lichess
Pyrih Roman,2426.3636363636365,22,2.4371246463145226,0.5,Lichess
"Quesada Vera, Liordis",2589.1560062402496,641,3.3726094166438862,0.34321372854914195,Lichess
"Quiroga Jaquez, Angel Ivan",2431.3396226415093,265,1.4046817340001903,0.41509433962264153,Lichess
"Quizon, Daniel",2516.5576923076924,52,3.1212711173335363,0.7307692307692307,Lichess
ROBERT ARELLANO,2363.81220657277,213,3.5711369857205537,0.29577464788732394,Lichess
"Raceanu, Valentin",2419.135135135135,37,2.8754114788594345,0.3783783783783784,Lichess
Raden_Maafy,2381.6363636363635,11,2.2718685126965625,0.36363636363636365,Lichess
"Radlovacki, Jovan",2481.5113122171947,221,3.202716302741179,0.4117647058823529,Lichess
"Radzhabov, Rodion",2439.553191489362,94,3.446653083255386,0.5,Lichess
Rafael Antonio Mendoza Vega,2453.788888888889,90,3.93354086744972,0.4666666666666667,Lichess
Rafael Prasca,2423.35,60,3.138621030816318,0.2833333333333333,Lichess
Rafał Tymrakiewicz,2453.1911764705883,136,2.526213512834549,0.5955882352941176,Lichess
Rahman2017,2399.114285714286,35,3.2085808850183217,0.3142857142857143,Lichess
RahmanAdel,2467.739229024943,441,4.4869475458717325,0.3356009070294785,Lichess
"Raicevic, Vladimir",2456.035337879727,1613,3.5590471899585445,0.3775573465592065,Lichess
"Rakhmanov, Aleksandr",2738.4753086419755,162,2.3129286258581505,0.5432098765432098,Lichess
Ramdon35000,2296.608695652174,23,3.014946880179594,0.21739130434782608,Lichess
"Ramezani, Mahan",2467.546391752577,97,3.057221756194302,0.5360824742268041,Lichess
"Ramirez Medina, Victor",2463.2164634146343,1640,4.61989124156889,0.3676829268292683,Lichess
Ramon Gonzalez Parejo,2486.3233082706765,665,4.140858647464873,0.5172932330827068,Lichess
Ramón Aullana,2395.1923076923076,208,3.7406014233902454,0.3894230769230769,Lichess
"Rastbod, Ali",2465.777777777778,18,2.274240930731769,0.2777777777777778,Lichess
Rasul_Musaev,2446.5131578947367,228,3.4456167931056703,0.4692982456140351,Lichess
"Ratkovic, Miloje",2611.750679347826,1472,4.429524858037,0.4273097826086957,Lichess
"Ratkovic, Milovan",2565.2424412094065,1786,4.30787626593106,0.48376259798432253,Lichess
Ratnakaran,2441.809523809524,21,2.4665771436049355,0.5238095238095238,Lichess
"Ravot, Sylvain",2269.4666666666667,15,2.615630577027551,0.4666666666666667,Lichess
Re_dei_matti,2421.748502994012,334,3.145082855432949,0.5239520958083832,Lichess
RebeccaHarris,2747.5405405405404,74,3.328460643400968,0.24324324324324326,Lichess
"Redzisz, Michal",2260.0,11,1.8937882323911377,0.36363636363636365,Lichess
Reikoda,2351.6041666666665,48,3.4052810140726413,0.3333333333333333,Lichess
Reinaldo Rodríguez,2396.3819444444443,144,3.6778372677655025,0.4652777777777778,Lichess
Reivis Brizuela,2405.0080645161293,124,3.6270071695229835,0.3790322580645161,Lichess
Rekcul,2567.336283185841,226,3.7408095890785757,0.415929203539823,Lichess
Remo Bassan,2444.32,25,2.8443053266982625,0.24,Lichess
Renan Reis,2340.6382978723404,141,3.713226270957527,0.49645390070921985,Lichess
Renato Alfredo Terry Lujan,2519.2,10,2.163955656882057,0.6,Lichess
Renzo Rengifo Blancas,2377.35,20,2.553681558029796,0.4,Lichess
Renzo rengifo,2419.0,10,2.3025850929940455,0.5,Lichess
René Wittke,2481.0218068535823,321,3.174499989985881,0.3956386292834891,Lichess
"Reshetnikov, Alexey",2595.679347826087,184,4.491383808277062,0.40217391304347827,Lichess
Reynold Fernández,2388.5608465608466,189,3.352218538313307,0.291005291005291,Lichess
Rhrt,2443.6497461928934,197,2.660653972326914,0.7309644670050761,Lichess
Ricardo Darruda,2447.237341772152,316,3.0253303326414653,0.34810126582278483,Lichess
Ricardo França,2448.980769230769,156,3.6947671246718556,0.5,Lichess
Ricardo Garcia Correa,2300.4166666666665,12,2.138333059508028,0.25,Lichess
Richard Diaz,2331.867326732673,505,3.547825235339192,0.45544554455445546,Lichess
Richard Mládek,2536.751308900524,382,4.122755411328602,0.46335078534031415,Lichess
Richelieu Salcedo III,2482.423728813559,177,3.4686324177321173,0.4067796610169492,Lichess
"Rios Parra, Alejandro",2397.920792079208,101,3.6291718194725058,0.5544554455445545,Lichess
Rob G Pantoja,2599.181818181818,33,2.799973213053279,0.48484848484848486,Lichess
Robert Díaz Villagrán,2537.0263157894738,266,3.6286939059455046,0.4699248120300752,Lichess
Robert Lončar,2487.9532467532467,770,4.09784956514922,0.35974025974025975,Lichess
Roberto Carlos Miramontes,2425.372159090909,352,2.790349353304787,0.09659090909090909,Lichess
Roberto Carlos Sánchez Álvarez,2479.712962962963,108,3.5092304454313843,0.49074074074074076,Lichess
Roberto Carlos Yepez Rodriguez,2252.1071428571427,28,2.351657702394884,0.32142857142857145,Lichess
RobertoJBMolina,2654.6051502145924,233,3.1634067243518986,0.4334763948497854,Lichess
Robin Dragomirescu,2448.818181818182,33,2.8158292174097808,0.42424242424242425,Lichess
Robin-Side,2439.832,625,2.5124727757364522,0.456,Lichess
Robinson Pérez,2429.056267806268,1404,3.616061554865113,0.44017094017094016,Lichess
"Rodchenkov, Vitaly",2447.922048997773,449,3.7665455059338004,0.41648106904231624,Lichess
Rodrigo Vasquez,2684.4309764309764,2079,4.529525093299246,0.4304954304954305,Lichess
Rodrigo da Silva Borges,2289.721568627451,255,4.495588514334726,0.5019607843137255,Lichess
"Rodrigue-Lemieux, Shawn",2458.4095238095238,105,3.671250949735607,0.3142857142857143,Lichess
"Rodrigues, Edgar",2419.904761904762,147,3.4183943568820645,0.4897959183673469,Lichess
"Rodriguez Hernandez, Luis Daniel",2420.242016806723,595,3.772495231734891,0.49747899159663866,Lichess
"Rogic, Davor",2555.0258620689656,116,3.821001741305364,0.4051724137931034,Lichess
Roi Reinaldo Castiñeira,2493.9295774647885,71,3.0525498776250912,0.6197183098591549,Lichess
Romanator123,2439.4341085271317,129,3.074791942170755,0.23255813953488372,Lichess
RomanianForce,2425.6271186440677,59,3.2271922318559607,0.288135593220339,Lichess
Ronald Brizuela,2572.6889632107022,299,3.7689581842779654,0.3712374581939799,Lichess
"Rosen, Eric",2488.006993006993,143,2.8796097170057435,0.4195804195804196,Lichess
"Roshka, Yevgeniy",2606.4074074074074,81,3.0382611019816084,0.4691358024691358,Lichess
"Rosner, Jonas",2423.8125,16,1.9770061729088613,0.0625,Lichess
Rubén Domingo Núñez,2512.556338028169,426,3.2041137296872138,0.5328638497652582,Lichess
Ruediger1,2490.289597000937,1067,2.7934067069202095,0.7994376757263355,Lichess
Ruefi,2451.2926829268295,82,2.7955667728400426,0.6219512195121951,Lichess
"Ruge, Edison",2307.5,24,2.4631046437978115,0.4583333333333333,Lichess
"Ruperez Benito, Antonio",2502.4545454545455,55,3.08741700070663,0.6363636363636364,Lichess
"Rychagov, Andrey",2549.6428571428573,14,2.3046193848206715,0.35714285714285715,Lichess
"Rzayev, Bahruz",2503.378048780488,246,3.7909616755007303,0.540650406504065,Lichess
SD63,2511.9084507042253,142,3.6175237311170765,0.30985915492957744,Lichess
"Sadykov, Ramil",2474.3333333333335,180,3.635546176265143,0.5333333333333333,Lichess
"Sahidi, Samir",2579.7244582043345,323,4.262618974569714,0.38080495356037153,Lichess
Sai Agni Jeevitesh J,2521.619469026549,113,2.329282161034368,0.168141592920354,Lichess
Saif_2004_JOR,2440.021978021978,91,3.239261539583995,0.4175824175824176,Lichess
"Sambuev, Bator",2667.8493297587133,1865,4.382417743863967,0.457372654155496,Lichess
Sammed Shete,2458.0,43,3.285511340270131,0.5116279069767442,Lichess
Samuel He,2334.5833333333335,12,2.210253577620973,0.5,Lichess
"Sanal, Vahap",2392.8125,16,2.252728336819822,0.625,Lichess
Sandpacer,2426.9615384615386,104,3.110983599326029,0.4807692307692308,Lichess
"Sanikidze, Tornike",2669.2432432432433,407,4.190991651992816,0.5085995085995086,Lichess
Sansa92,2420.2608695652175,92,3.6552073075080402,0.32608695652173914,Lichess
"Santagati, Alessandro",2373.8867924528304,53,2.788819975358203,0.5094339622641509,Lichess
Santiago Beltrán Rueda,2480.314935064935,308,3.6659439897817374,0.36688311688311687,Lichess
Santiago Quiñones,2415.153846153846,104,4.0023053625294756,0.3557692307692308,Lichess
Santiago Rodríguez,2426.4285714285716,49,2.391906031127725,0.7142857142857143,Lichess
Saparmyrat,2548.915789473684,95,3.6633278698481826,0.4631578947368421,Lichess
"Sapunov, Evgeny",2606.133676092545,389,3.5319321189085975,0.32390745501285345,Lichess
"Saraci, Nderim",2660.873076923077,260,3.733075208380509,0.48846153846153845,Lichess
Sargis Manukyan,2390.0,45,3.234257551550866,0.35555555555555557,Lichess
"Saric, Ante",2578.76,75,2.9999794488159006,0.49333333333333335,Lichess
"Saric, Ivan",2794.7305502846298,527,4.143568454038215,0.34724857685009486,Lichess
"Sariego Figueredo, Wilfredo",2466.9430241051864,1369,1.9939083663725734,0.8173849525200877,Lichess
Sasageyo,2509.448275862069,145,3.5774882721453083,0.31724137931034485,Lichess
Satscho,2423.368715083799,537,4.114063757399423,0.5381750465549349,Lichess
"Satyapragyan, Swayangsu",2483.3783783783783,74,3.3303314939156152,0.33783783783783783,Lichess
"Savchenko, Boris",2517.764705882353,17,2.670119889806817,0.4117647058823529,Lichess
"Saya, Ethan",2412.7637540453075,309,3.3883361991182466,0.511326860841424,Lichess
Saymone,2443.75,12,2.253857589601352,0.6666666666666666,Lichess
"Schekachikhin, Maksim",2533.7408163265304,490,4.014598968061572,0.3224489795918367,Lichess
Schemato,2357.6315789473683,38,2.425994358033933,0.07894736842105263,Lichess
"Schippers, Maurice",2528.1377245508984,501,3.8354301468176297,0.4471057884231537,Lichess
"Schitco, Ivan",2558.003021148036,331,4.079322376475734,0.3595166163141994,Lichess
"Schmakel, Sam",2501.6161616161617,99,2.9338133970757876,0.7171717171717171,Lichess
"Schnaider, Ilan",2296.7272727272725,44,3.149886513632545,0.38636363636363635,Lichess
"Schuh, Dirk",2507.939603106126,1159,3.360204572681966,0.41242450388265744,Lichess
"Schut, Han",2270.3636363636365,11,1.9722469794234416,0.7272727272727273,Lichess
Sebastian Sanchez Lizcano,2524.2204545454547,440,3.819316428156721,0.32727272727272727,Lichess
"Sebenik, Matej",2540.134887593672,1201,4.843176971810882,0.4079933388842631,Lichess
"Sedlak, Nikola",2554.682926829268,41,2.719008627193328,0.24390243902439024,Lichess
"Segarra, Randy",2507.29945799458,738,4.204186361866482,0.470189701897019,Lichess
Semen Grebeniuk,2446.3958333333335,144,3.318940337417594,0.5208333333333334,Lichess
Seppo,2496.954248366013,459,3.5399842466792,0.355119825708061,Lichess
SerGo055,2428.3333333333335,12,2.484906649788001,0.4166666666666667,Lichess
Sergey Matsenko,2651.418181818182,55,2.7204344418219266,0.36363636363636365,Lichess
Sergey_Kasparov,2595.5256797583083,662,3.387742616997972,0.3972809667673716,Lichess
Serog1sPerog1s,2436.31884057971,207,2.9862458300013652,0.33816425120772947,Lichess
"Servat, Roberto",2507.3215507411633,2631,4.155486565848652,0.4283542379323451,Lichess
"Setyaki, Azarya Jodi",2504.0826446280994,121,3.3599888982691746,0.5371900826446281,Lichess
SevanB,2497.363157894737,570,3.929860523005754,0.37894736842105264,Lichess
"Sevdimaliyev, Urfan",2377.7272727272725,55,2.810483675125073,0.5454545454545454,Lichess
"Sevgi, Volkan",2556.5597826086955,184,3.115039544993545,0.5489130434782609,Lichess
"Sevostianov, Pavel",2367.6129032258063,31,3.0871950491506843,0.4838709677419355,Lichess
"Sevostianov, Vladimir",2387.6112084063047,571,4.45888239941452,0.46409807355516636,Lichess
"Sezdbekov, Ruslan",2489.9411764705883,34,2.7596247523594246,0.4117647058823529,Lichess
"Shagbazyan, Taron",2636.5811320754715,265,4.145638903441101,0.37358490566037733,Lichess
"Shahinyan, David",2573.6363636363635,11,1.9722469794234416,0.5454545454545454,Lichess
ShahxaibKhan,2300.1486988847582,269,3.700950877225752,0.3754646840148699,Lichess
Shakhzod Vakhidov,2362.049689440994,161,3.0947743282884588,0.22981366459627328,Lichess
Shalamberidze,2456.9333333333334,210,3.737819059405313,0.36666666666666664,Lichess
"Shamatava, Ana",2429.4615384615386,13,2.351673301904631,0.6153846153846154,Lichess
"Shankovskyi, Andrii",2462.6456953642382,302,3.251339234040614,0.5165562913907285,Lichess
Shant7777777,2656.6532258064517,124,3.937601517726776,0.4274193548387097,Lichess
Shaolin_Master,2572.769230769231,13,2.458311329683084,0.46153846153846156,Lichess
"Sharafiev, Azat",2385.3125,16,2.772588722239781,0.3125,Lichess
"Sharankov, Grigory",2464.021739130435,138,3.3697143209819127,0.2608695652173913,Lichess
Shawn Martinez,2337.0416666666665,48,2.4236955304738257,0.4583333333333333,Lichess
"Shchukin, Dmitry",2506.1572398190046,6188,3.3909236187775234,0.6380090497737556,Lichess
ShcufNaiRolf,2409.048387096774,62,3.640704096802401,0.5161290322580645,Lichess
Shelev Oberoi,2376.5263157894738,19,1.5561838212305419,0.631578947368421,Lichess
"Shevchenko, Danylo",2399.721886336155,827,2.6525864828943746,0.5272067714631197,Lichess
"Shevchenko, Kirill",2709.6011904761904,168,3.8149381820034813,0.4880952380952381,Lichess
"Shevelev, Dmitri",2393.0,17,1.7233917060220525,0.29411764705882354,Lichess
"Shimanov, Aleksandr",2713.669902912621,309,4.280786957108513,0.3592233009708738,Lichess
"Shirazi, Kamran",2457.3345588235293,272,2.8330694983525855,0.48161764705882354,Lichess
"Shkapenko, Pavel",2596.655982905983,468,2.427586451575766,0.4807692307692308,Lichess
"Shoker, Samy",2539.5272727272727,110,3.191233256887089,0.22727272727272727,Lichess
Shtemb22,2566.317073170732,41,3.2212783901516566,0.5121951219512195,Lichess
"Shuvalova, Polina",2463.698630136986,73,3.5020229207202016,0.3698630136986301,Lichess
Shyam Sundar,2602.408866995074,203,4.148366872233589,0.3842364532019704,Lichess
"Shymanskyi, Oleksandr",2427.613300492611,406,1.1465275930212515,0.8448275862068966,Lichess
Sidhant Mohapatra,2491.313432835821,67,3.512643580636942,0.3582089552238806,Lichess
"Sielecki, Christof",2495.8338028169014,355,3.9027719585070866,0.38309859154929576,Lichess
Sigma_Tauri,2683.77397260274,146,3.2665412376342986,0.4726027397260274,Lichess
"Silich, Yahor",2400.8217821782177,101,3.1590430734023025,0.45544554455445546,Lichess
"Silva Lucena, Cristian",2431.3216783216785,143,3.719156275638179,0.5034965034965035,Lichess
"Silva, Luca",2412.020618556701,97,3.679104689720693,0.28865979381443296,Lichess
Silvio Andrés Llorens,2380.085195530726,716,3.37400703222038,0.2946927374301676,Lichess
Simon Ansell,2454.0823529411764,85,2.8604146116344036,0.25882352941176473,Lichess
"Simonian, Hrair",2599.465909090909,88,2.8803558364777007,0.4090909090909091,Lichess
"Singh, Arvinder Preet",2333.204379562044,137,3.628740980854261,0.5401459854014599,Lichess
"Siniauski, Artsiom",2353.3684210526317,19,2.7255503958317213,0.3684210526315789,Lichess
"Sirosh, Ilja",2478.4958519463944,1567,4.579702429556809,0.34077855775366944,Lichess
"Sjugirov, Sanan",2611.3333333333335,21,2.5575077390756227,0.38095238095238093,Lichess
"Skliarov, Viktor",2538.7361111111113,72,2.7324068207607497,0.4305555555555556,Lichess
"Skrondal, Inge Sandstad",2396.6428571428573,140,3.4985949873588105,0.3357142857142857,Lichess
Skuran,2368.8275862068967,58,3.1877999896109985,0.13793103448275862,Lichess
Slaviša Milanović,2469.5142857142855,35,2.9681239800897954,0.37142857142857144,Lichess
Slea,2469.2083333333335,312,3.4785887371805546,0.5128205128205128,Lichess
"Slizhevsky, Alexander",2460.462365591398,372,3.9579658998180087,0.5403225806451613,Lichess
SmoothAsAHedgehog,2610.9206349206347,567,3.597444048001605,0.30864197530864196,Lichess
Sokol1488,2382.5384615384614,13,1.9251211907908181,0.5384615384615384,Lichess
"Sokolov, Andrei",2582.116138763198,663,4.253745011693996,0.33182503770739064,Lichess
"Solano Cuya, Bryan",2473.072796934866,261,3.5050424355594894,0.4521072796934866,Lichess
"Solberg, Joachim",2442.064935064935,77,3.4358004261364803,0.5974025974025974,Lichess
"Solodovnichenko, Yuri",2569.842105263158,190,3.6733296882874504,0.5473684210526316,Lichess
"Solonar, Stefan",2403.214285714286,14,1.8288411561741995,0.2857142857142857,Lichess
Som2310,2644.5461847389556,249,3.8622713460845297,0.4859437751004016,Lichess
SomeMightSay,2548.9166666666665,12,2.210253577620973,0.5833333333333334,Lichess
Someone African,2491.698475811796,1509,4.79420857862959,0.4234592445328032,Lichess
"Sorensen, Hampus",2439.0731707317073,82,3.6118053809302095,0.47560975609756095,Lichess
"Soukup, Jiri",2364.6901408450703,71,3.6038586778983257,0.4788732394366197,Lichess
"Souleidis, Georgios",2433.609756097561,41,2.372920180382557,0.5121951219512195,Lichess
"Soysal, Serkan",2581.4607843137255,510,4.070757421814579,0.396078431372549,Lichess
"Spata, German",2463.564417177914,163,3.7234536407473704,0.4233128834355828,Lichess
"Spichkin, Alexander",2294.6383363471973,1106,2.0415146717313832,0.6708860759493671,Lichess
Spinaltap,2549.0334586466165,2660,4.849707452142764,0.4018796992481203,Lichess
"Spitzl, Vinzent",2439.112359550562,89,3.2740854077936965,0.5842696629213483,Lichess
Spongebobispro,2400.6153846153848,13,2.458311329683084,0.38461538461538464,Lichess
"Srbis, Jurica",2539.4471264367817,3480,4.2853474897547486,0.45517241379310347,Lichess
Sreyas2008,2287.3125,16,2.3933121229745242,0.75,Lichess
Srihari L R,2365.695652173913,23,2.362439688679286,0.4782608695652174,Lichess
Srinath Rao SV,2566.1428571428573,21,2.441660565330433,0.5714285714285714,Lichess
"Stalmach, Richard",2323.936507936508,63,3.0759772266715344,0.47619047619047616,Lichess
Stamatis Kourkoulos,2427.146153846154,260,3.4808327615539993,0.6307692307692307,Lichess
StanislavNovikov,2554.233009708738,103,3.5731464497857406,0.46601941747572817,Lichess
"Starozhilov, Leonid",2558.550724637681,69,3.418819603227223,0.37681159420289856,Lichess
Stefan Mladenović,2414.0,10,1.0888999753452235,0.0,Lichess
Stein55,2444.9109589041095,730,4.906872319354928,0.4123287671232877,Lichess
"Stelmaszyk, Nico",2401.9021739130435,184,2.8360950774735247,0.7010869565217391,Lichess
Stephen Adams,2437.564499484004,969,3.8395503742460857,0.3993808049535604,Lichess
Steven Rojas,2419.96835443038,158,3.8644217329638066,0.4430379746835443,Lichess
Stewartgranger,2323.6666666666665,27,2.8782885341845934,0.2222222222222222,Lichess
Stoichess,2575.740740740741,81,3.3692557751916046,0.5802469135802469,Lichess
"Storme, Isak",2425.7631578947367,38,3.3092532847243072,0.39473684210526316,Lichess
Stradivari17,2471.990099009901,101,3.602184892540135,0.45544554455445546,Lichess
Strelok2222,2452.98273381295,695,3.652888147232922,0.46474820143884893,Lichess
"Strikovic, Aleksa",2642.8440065681443,3045,3.1915858411740614,0.2922824302134647,Lichess
"Sturt, Raven",2482.459203036053,527,4.582274771407073,0.4497153700189753,Lichess
"Sukovic, Andrej",2367.5833333333335,24,2.5568271679009458,0.5416666666666666,Lichess
"Sulashvili, Malkhaz",2545.9007633587785,131,3.3949596442595826,0.22900763358778625,Lichess
Sultanjr,2450.568093385214,514,3.6432348270234094,0.41245136186770426,Lichess
SummitSchoolOfChess,2447.6666666666665,21,2.598605177997306,0.5238095238095238,Lichess
Sunny_night,2569.939393939394,33,1.8482824522842367,0.696969696969697,Lichess
SuperJesus88,2470.9523809523807,42,3.2506549196355685,0.4523809523809524,Lichess
Super_FM,2386.5618279569894,372,3.2352677401802907,0.4946236559139785,Lichess
Surena,2426.2021276595747,94,2.8201156677064168,0.6276595744680851,Lichess
Susanto Megaranto Garcho,2537.5106382978724,47,3.1609962531102953,0.2978723404255319,Lichess
"Svane, Frederik",2507.1317829457366,258,4.2006762221817056,0.4108527131782946,Lichess
"Svane, Rasmus",2689.4925595238096,672,4.368064111395973,0.41517857142857145,Lichess
SwamiChaturanga,2410.0,58,3.2997559935115084,0.3103448275862069,Lichess
Swetlove,2549.448598130841,428,3.6671515252781917,0.26635514018691586,Lichess
"Sychev, Klementy",2691.4745762711864,59,3.0489907340338362,0.3898305084745763,Lichess
"Sydoryka, Vladyslav",2438.0393700787404,127,2.6518774911451453,0.07086614173228346,Lichess
"Syrov, Arkadi",2389.681818181818,176,3.91542031491606,0.4659090909090909,Lichess
SzparuMen,2418.7873134328356,268,4.313234525434655,0.43656716417910446,Lichess
Sérgio Cabila,2369.4583333333335,72,3.8615536014258045,0.4583333333333333,Lichess
THE_PLAYER2,2477.5137614678897,109,3.0600189386784633,0.42201834862385323,Lichess
TacticalMaster,2497.8928571428573,112,3.548394718853844,0.42857142857142855,Lichess
Tactigol,2395.279069767442,43,3.1322166023164413,0.46511627906976744,Lichess
Tadeáš Baláček,2455.639439906651,857,4.235358993512995,0.3162193698949825,Lichess
"Taher, Yoseph Theolifus",2578.6470588235293,34,3.194778025818136,0.4411764705882353,Lichess
Taipei101,2422.5641025641025,39,3.027742402623468,0.46153846153846156,Lichess
Talibov Shiroghlan,2576.7073170731705,41,3.2905908338414553,0.3170731707317073,Lichess
TalsApprentice,2471.28125,64,3.5011616159842327,0.234375,Lichess
Talu Mircea,2465.095238095238,84,3.509519064499007,0.5119047619047619,Lichess
Tanaz_Azali,2267.909090909091,11,1.9722469794234416,0.18181818181818182,Lichess
Tarik Selbes,2375.563025210084,119,3.9204179453664643,0.48739495798319327,Lichess
"Tay, Junior",2446.2960969044416,743,3.302146345837547,0.5275908479138627,Lichess
"Tekeyev, Zaur",2620.6451923076925,1040,4.632361855376338,0.4307692307692308,Lichess
"Ter-Saakian, Grigorii",2423.3970588235293,68,2.7144737612778744,0.4117647058823529,Lichess
"Ter-Sahakyan, Samvel",2613.516129032258,31,3.0871950491506843,0.3548387096774194,Lichess
"Terletsky, Oleg",2385.843137254902,51,2.819688849547802,0.27450980392156865,Lichess
"Tesic, Dragan",2414.4166666666665,36,3.1163249828002093,0.4166666666666667,Lichess
The Sunshine,2395.612188365651,361,3.6819307911343855,0.45706371191135736,Lichess
TheBB99,2419.9579831932774,119,3.52042522331434,0.4957983193277311,Lichess
TheCableBox,2472.8846153846152,78,3.0664848806059952,0.44871794871794873,Lichess
TheHeadCoach,2448.9166666666665,12,2.253857589601352,0.25,Lichess
TheRussianStudent,2396.5,32,3.0161674104571174,0.5625,Lichess
The_Machine04,2322.714285714286,28,1.3491669592852673,0.6428571428571429,Lichess
ThierryBaudet,2427.8563535911603,181,4.408546941393196,0.425414364640884,Lichess
Thorbjørn Bromann,2444.7432712215323,483,2.116722447298505,0.42857142857142855,Lichess
"Thorfinnsson, Bjorn",2450.057142857143,35,1.531502601706064,0.8,Lichess
Ti-Ga,2467.8920863309354,834,3.8748858979316023,0.4460431654676259,Lichess
TiBreizh,2431.2087912087914,91,3.634633399163267,0.45054945054945056,Lichess
Tien Nguyen,2441.6153846153848,13,1.4105135571148382,0.0,Lichess
Tigran Harutyunyan,2520.375,16,2.599301927099795,0.25,Lichess
"Tilicheev, Viacheslav",2558.5866666666666,225,4.096730966349794,0.4888888888888889,Lichess
TimAina1,2492.8221830985917,568,4.036236285722409,0.43838028169014087,Lichess
"Timagin, Petr",2429.5135135135133,37,3.2312856509855044,0.40540540540540543,Lichess
TimeToSmile,2467.023305084746,944,1.6700682172144306,0.2245762711864407,Lichess
Timofey Ilyin,2526.912087912088,91,3.2970274272169355,0.4835164835164835,Lichess
TinyMinnow,2333.173076923077,52,2.769625017233954,0.21153846153846154,Lichess
"Tissir, Mohamed",2441.7682403433478,233,2.93289478861377,0.48068669527896996,Lichess
Titus369,2475.6923076923076,117,3.594199036972482,0.4017094017094017,Lichess
"To, Nhat Minh",2538.5714285714284,63,3.6770259466656072,0.5079365079365079,Lichess
Tobias Kölle,2470.235294117647,17,2.278302525039134,0.5882352941176471,Lichess
"Todorov, Todor",2497.746031746032,252,3.8489591411510182,0.4722222222222222,Lichess
Toivo Keinänen,2528.17277486911,382,3.458772210956263,0.3089005235602094,Lichess
Tom O'Gorman,2459.744537815126,595,4.684858236346329,0.4336134453781513,Lichess
"Tomb, Maroun",2457.826470588235,1020,4.555486423732685,0.4294117647058823,Lichess
Tomek Jaskółka,2396.1652173913044,115,2.5497922669927826,0.28695652173913044,Lichess
Tomás Valentín Sosa,2549.8260869565215,23,2.954673212304816,0.5217391304347826,Lichess
"Toniutti, Ezio",2386.896551724138,29,2.775613744565672,0.3103448275862069,Lichess
TormentaNegra,2506.471052631579,380,2.046634221947616,0.039473684210526314,Lichess
Trader72,2490.952978056426,319,3.6060865004295257,0.2727272727272727,Lichess
Tran Thanh Tu,2507.742105263158,190,3.023472205834616,0.23684210526315788,Lichess
TrappedPiece,2496.6099290780144,282,3.335455026009334,0.49645390070921985,Lichess
TreasureChess777,2378.153846153846,312,1.1627265310711379,0.40064102564102566,Lichess
"Triapishko, Alexandr",2669.7118644067796,118,3.758743454940588,0.3983050847457627,Lichess
"Trifonov, Denis",2427.0890518596125,1909,4.069674498039481,0.5825039287585123,Lichess
"Trkulja, Goran",2370.2285714285713,70,3.4030133431895115,0.6714285714285714,Lichess
"Trushelyov, Victor",2428.9,20,2.0126926438092823,0.5,Lichess
Trushko Andrii,2478.5897435897436,2028,1.680347089448954,0.7830374753451677,Lichess
Tschess05,2611.2153846153847,65,2.9247050123749903,0.38461538461538464,Lichess
"Tukhaev, Adam",2550.0891719745223,157,3.6572807973492827,0.5732484076433121,Lichess
"Turgut, Tansel",2424.285714285714,133,2.321080784127681,0.42857142857142855,Lichess
"Turincio Garcia, Sergio",2331.259259259259,27,3.051700801855861,0.37037037037037035,Lichess
"Turqueza, Mari Joseph",2466.4603174603176,189,4.040185776573672,0.2698412698412698,Lichess
TuxThePenguin,2279.95,20,2.6923109941417858,0.4,Lichess
Tuzibaba,2359.9285714285716,14,2.5400363038209806,0.42857142857142855,Lichess
Tyrell Harriott,2387.7904468412944,649,1.485372755298223,0.2172573189522342,Lichess
"Ulanov, Alexandr",2610.342105263158,38,3.0352859494143716,0.21052631578947367,Lichess
"Umarov, Sabir",2278.153846153846,13,2.031759218569271,0.38461538461538464,Lichess
UmbertoRUS,2346.383333333333,60,2.851972972727246,0.3,Lichess
UnSinge2700,2510.864406779661,59,3.1960003498925285,0.5254237288135594,Lichess
UnVieuxMonsieur,2653.277777777778,18,1.3479749600127218,0.7222222222222222,Lichess
UnholyCrusade,2467.0789473684213,38,2.640347386137869,0.5526315789473685,Lichess
Unkreativ3,2475.5986842105262,456,3.478177309131369,0.4100877192982456,Lichess
"Unuk, Laura",2385.373134328358,67,3.605955157628254,0.373134328358209,Lichess
"Urazayev, Arystanbek",2569.032786885246,61,3.3537618063643624,0.45901639344262296,Lichess
"Urbina, Ricardo",2370.2,10,1.8343719702816237,0.5,Lichess
"Ustinov, Alexey",2376.0,33,2.5088873032938808,0.21212121212121213,Lichess
"Uzcategui Rodriguez, Alejandro",2402.2388059701493,67,3.264352053272186,0.5522388059701493,Lichess
VLABOR64B,2275.246875,640,3.877438110731014,0.384375,Lichess
"Vachylia, Andrii",2400.28125,32,3.335770806444736,0.5,Lichess
Vagizovich,2607.716894977169,438,3.444492900221064,0.4292237442922374,Lichess
"Vajda, Levente",2456.8356164383563,73,2.2044935448491807,0.589041095890411,Lichess
"Vajic, Goran",2469.527696793003,343,2.358460538696531,0.5918367346938775,Lichess
"Vakhania, Aleksandra",2296.6875,16,1.9770061729088613,0.3125,Lichess
"Vallejo Pons, Francisco",2718.811403508772,228,4.21800506587092,0.41228070175438597,Lichess
"Van Dael, Siem",2371.8055555555557,36,2.85428376270881,0.3611111111111111,Lichess
"Van Roon, Sjoerd",2322.657142857143,35,2.916372065829642,0.4857142857142857,Lichess
"Van de Mortel, Jan",2475.9166666666665,12,2.094729047527649,0.4166666666666667,Lichess
Vanya_004,2578.5333333333333,120,3.682405821671134,0.44166666666666665,Lichess
"Varacalli, Francisco",2405.5875,80,3.6424537864881796,0.4625,Lichess
"Vargas Arteaga, Alexis",2453.250255362615,979,3.897470217981247,0.5873340143003064,Lichess
VasikF,2441.006451612903,155,3.959375916854072,0.4838709677419355,Lichess
"Vastrukhin, Oleg",2619.535135135135,185,2.6567256778584527,0.5837837837837838,Lichess
"Vazquez, Guillermo",2656.5662650602408,83,3.717908804895376,0.3253012048192771,Lichess
Veleamater,2411.90625,32,2.6453463300840125,0.625,Lichess
"Velten, Paul",2656.9682715074982,6335,4.071965052340027,0.47308602999210736,Lichess
"Vibbert, Sean",2475.6511627906975,516,3.6657481520073043,0.4728682170542636,Lichess
Victor mendez,2332.714285714286,91,2.9450348528652577,0.21978021978021978,Lichess
"Vidonyak, Roman",2448.4503311258277,302,3.4425008613831203,0.4139072847682119,Lichess
ViejoTortuga,2626.831932773109,476,4.286358932141511,0.47058823529411764,Lichess
Vilka Sipilä,2540.1105990783412,1302,2.904182084594401,0.7150537634408602,Lichess
"Villegas, Franco",2386.549019607843,51,3.4389482097766435,0.47058823529411764,Lichess
Vinicius Rego,2405.4675324675327,154,3.589693958735342,0.3246753246753247,Lichess
Vitor Ferreira,2420.4830287206264,383,4.026502175133497,0.5143603133159269,Lichess
"Viviani, Alessio",2390.220606060606,825,4.005970644955631,0.44363636363636366,Lichess
Vjacheslav Weetik (Витик),2499.956302521008,595,3.372870438120512,0.36134453781512604,Lichess
Vladica Andrejić,2234.5714285714284,28,3.0846519456895085,0.42857142857142855,Lichess
Vladimir,2402.186046511628,86,3.2952316210910446,0.5930232558139535,Lichess
Vladimir Bukal,2389.8823529411766,68,2.3471991153512204,0.22058823529411764,Lichess
Vladimir Zhaldybin,2425.4638447971784,567,3.920700594975442,0.4021164021164021,Lichess
Vladislav Kasparov,2468.095890410959,584,3.271880312241083,0.4914383561643836,Lichess
Vladyslav Lukiianchuk,2470.9189189189187,37,2.908220756220249,0.35135135135135137,Lichess
"Vlasenko, Alexey",2397.0746268656717,67,3.829517267594969,0.43283582089552236,Lichess
"Vocaturo, Daniele",2532.2727272727275,22,0.5481178804418445,0.13636363636363635,Lichess
"Voinikonis, Nikita",2466.3817567567567,296,4.508616918883185,0.49324324324324326,Lichess
VolcanoExplorer,2513.542857142857,35,2.7390329650774135,0.45714285714285713,Lichess
"Volkov, Nika",2511.825,40,2.6099150724916775,0.1,Lichess
Volodymyr Vusatiuk,2458.181818181818,22,2.523922032900179,0.45454545454545453,Lichess
"Volovich, Vasily",2535.8837209302324,258,3.1999978992409783,0.6124031007751938,Lichess
"Voyska, Margarita",2335.3,20,2.6923109941417858,0.4,Lichess
"Vukcevic, Nemanja",2381.015748031496,127,3.8055909419751988,0.4645669291338583,Lichess
"Vypkhaniuk, Ihor",2497.719246031746,1008,4.390611422709943,0.37996031746031744,Lichess
"Vysochin, Spartak",2648.9411764705883,204,2.770105778958352,0.4264705882352941,Lichess
Víctor Mago,2442.3490566037735,318,3.389915242136264,0.3522012578616352,Lichess
"Wang, Kevin",2506.598639455782,147,3.972480891709376,0.4013605442176871,Lichess
Warlord_X,2388.6315789473683,19,2.5796246736085746,0.47368421052631576,Lichess
Watneg,2675.2916666666665,24,2.5426689148346635,0.5416666666666666,Lichess
WattSchrott,2418.4451219512193,164,3.5253159587707574,0.4451219512195122,Lichess
Wea_pawn,2458.385568835768,2259,3.930592697430151,0.4404603806994245,Lichess
WhiteBoader,2381.335294117647,170,3.7937358228116125,0.47058823529411764,Lichess
Whynot72,2449.4078751857355,1346,4.513893516753058,0.41084695393759285,Lichess
"Wieczorek, Oskar",2562.560975609756,123,3.1719024409571217,0.36585365853658536,Lichess
WildTricks,2453.9114103472716,1411,4.141566093829897,0.5244507441530829,Lichess
Wild_of_luck,2413.9498806682577,419,4.061049772419766,0.4009546539379475,Lichess
Winston Cu-Hor,2539.0741573033706,445,2.235586943966739,0.26292134831460673,Lichess
"Winter Atwell, Adrian",2310.5833333333335,24,2.499064902854284,0.5833333333333334,Lichess
"Wisniacki, Flavio",2389.1495901639346,3416,3.3666502118144503,0.36504683840749413,Lichess
Witte van Haemstede,2366.1428571428573,14,2.3419942522324253,0.7142857142857143,Lichess
Wong Yinn Long,2459.2,25,2.71980985486504,0.4,Lichess
"Wu, Derek",2410.3214285714284,28,2.9174329732922164,0.5714285714285714,Lichess
Xavier Povill,2390.0454545454545,22,2.7521915465690436,0.5,Lichess
Y A N,2424.434673366834,398,2.807024775731316,0.6633165829145728,Lichess
"Yakimova, Mariya",2382.255319148936,47,2.8654228988988897,0.3829787234042553,Lichess
"Yakubboev, Nodirbek",2625.285714285714,63,3.31192060391976,0.5079365079365079,Lichess
"Yanchenko, Roman",2556.5,16,2.685945324669788,0.5,Lichess
Yanidze,2369.64,25,2.4522138853535296,0.52,Lichess
"Yap, Kim Steven",2434.1363636363635,22,2.074489732990498,0.5,Lichess
Yaro Zherebukh,2718.5731707317073,82,3.13691714318401,0.45121951219512196,Lichess
Yaser Quesada Perez,2684.1147540983607,244,3.8255354845091984,0.4016393442622951,Lichess
"Yashmetov, Mikhail",2540.625,24,2.982965029217771,0.25,Lichess
Yeison Gutiérrez,2268.4166666666665,24,2.6723516979942703,0.4166666666666667,Lichess
"Yeke, Serkan",2386.515625,64,3.4275501274864,0.46875,Lichess
"Yeletsky, Ivan",2681.451094890511,685,4.62164885297767,0.4145985401459854,Lichess
Yelfry Torres,2414.795918367347,49,2.4912424243374884,0.061224489795918366,Lichess
"Yelisieiev, Yevhenii",2476.433121019108,157,3.4150611068526677,0.2356687898089172,Lichess
YoNoMateAMiHijo,2477.08,25,2.71980985486504,0.32,Lichess
"Yuffa, Daniil",2674.6605504587155,545,4.44619516880369,0.3981651376146789,Lichess
Yuriy_Ayrapetyan,2554.7671232876714,73,3.0943152594900862,0.4794520547945205,Lichess
"Yurtseven, Melih",2478.6960784313724,102,3.4020760282851636,0.5784313725490197,Lichess
"Zahedifar, Anahita",2350.266666666667,15,2.395908119293929,0.26666666666666666,Lichess
"Zakhartsov, Vladimir",2570.4574468085107,94,3.6949455602280574,0.3617021276595745,Lichess
"Zamorano, Jorge",2626.64039408867,203,4.2655870629118935,0.43842364532019706,Lichess
ZappBrannigan86,2446.5865026099927,2682,3.2906645399365146,0.2505592841163311,Lichess
"Zarnicki, Pablo",2475.233009708738,103,3.847409899942657,0.34951456310679613,Lichess
"Zarubitski, Viachaslau",2464.1176470588234,17,2.588573162682118,0.47058823529411764,Lichess
Zaven_ChessMood,2735.2272727272725,22,2.4494235828849242,0.45454545454545453,Lichess
Zeck,2444.909574468085,188,3.420191351579624,0.48404255319148937,Lichess
"Zelbel, Patrick",2587.1674641148325,209,3.431233771347818,0.6555023923444976,Lichess
"Zhalmakhanov, Ramazan",2550.9692307692308,65,3.4701593316846666,0.49230769230769234,Lichess
"Zhigalko, Sergei",2770.2367021276596,376,3.1273480476676068,0.35638297872340424,Lichess
"Zhunussov, Bibek",2280.5,12,2.253857589601352,0.4166666666666667,Lichess
ZibbitVideos,2461.113300492611,609,3.128947712445221,0.13793103448275862,Lichess
"Zierk, Steven",2625.822222222222,90,3.3695876045228426,0.4,Lichess
Ziitoune,2397.8571428571427,14,2.5400363038209806,0.6428571428571429,Lichess
"Zimmermann, Julian",2391.9305555555557,288,3.7540288302599265,0.4097222222222222,Lichess
"Zivkovic, Nemanja",2442.554166666667,240,4.057285709805689,0.3958333333333333,Lichess
Ziyamammadov,2325.769230769231,13,0.7937300551584247,0.23076923076923078,Lichess
"Zografos, Achilleas",2306.382075471698,212,3.3844421303780066,0.4811320754716981,Lichess
Zoltan Medvegy,2557.1493055555557,288,3.451884890153278,0.3090277777777778,Lichess
Zoran IM Novoselski,2432.5714285714284,266,4.205577304233236,0.4699248120300752,Lichess
Zsolt Szilágyi,2479.8056300268095,1492,4.352540403115008,0.45911528150134046,Lichess
"Zubritskiy, Artyom",2653.5949367088606,474,3.6944646978857514,0.28270042194092826,Lichess
ZuchBolt,2331.3253968253966,126,3.574559641385253,0.30952380952380953,Lichess
ZugZwangTR,2369.4210526315787,19,2.40615957539782,0.3157894736842105,Lichess
"Zuluaga Mancilla, Cesar",2396.9036144578313,166,2.6046165953123115,0.15060240963855423,Lichess
"Zwirs, Nico",2527.8507326007325,1092,4.736572258735013,0.47985347985347987,Lichess
abrakadabra02,2574.064676616915,201,4.211888581472589,0.48258706467661694,Lichess
abricot,2436.9247311827958,651,3.703477424974863,0.39477726574500765,Lichess
adabash,2485.1794871794873,78,3.326873654740847,0.4358974358974359,Lichess
agus_k,2456.3846153846152,13,2.458311329683084,0.3076923076923077,Lichess
ahmedotaleb,2384.1153846153848,26,2.918057526079795,0.7692307692307693,Lichess
alanford,2404.5102339181285,684,4.513979999919238,0.3961988304093567,Lichess
alekhinnemanaba,2357.3571428571427,84,3.4111899732004187,0.7380952380952381,Lichess
alexey4eg2,2431.330882352941,136,1.6347854188255382,0.25,Lichess
alik0001,2407.939393939394,33,2.7009782788330607,0.6363636363636364,Lichess
alonmindlin,2570.060606060606,132,4.013401657908183,0.5606060606060606,Lichess
alumno,2520.150684931507,73,3.6540976311361355,0.410958904109589,Lichess
am fa,2375.9827586206898,58,1.8742454138527993,0.4482758620689655,Lichess
amiralfio,2397.6197183098593,71,3.559388340885362,0.2535211267605634,Lichess
amirhosein kashefi,2446.256,125,3.713358287381187,0.368,Lichess
anantone,2467.1042363433667,1794,4.3294268724607035,0.3216276477146042,Lichess
andrewrun,2398.877551020408,49,2.580148432862755,0.5714285714285714,Lichess
andrzejkrzywda,2375.5,90,3.7161790109039954,0.36666666666666664,Lichess
anhao,2556.9772727272725,1056,3.4134984930955286,0.3693181818181818,Lichess
antonio96,2296.9166666666665,60,2.9949985840162303,0.45,Lichess
arian gholami,2494.8571428571427,14,1.6357434952314975,0.2857142857142857,Lichess
arnikka89,2356.2025862068967,232,3.5346281718157626,0.5387931034482759,Lichess
artem64,2424.4827586206898,29,2.4683642349268506,0.5517241379310345,Lichess
avantage_ru,2662.9615384615386,52,1.4561686492174013,0.46153846153846156,Lichess
avchess1,2499.524682651622,709,4.5820523829889845,0.41607898448519043,Lichess
bacchus65,2240.777777777778,18,2.212256610922266,0.6666666666666666,Lichess
baguliches,2466.285714285714,14,2.5400363038209806,0.2857142857142857,Lichess
batuhannozen,2377.5714285714284,63,3.3263341491490483,0.5555555555555556,Lichess
bcn000,2353.103448275862,29,2.1635016724963716,0.4827586206896552,Lichess
belles-lettres,2497.76,50,3.169998032467141,0.46,Lichess
benammar,2350.723404255319,47,2.746823292915556,0.574468085106383,Lichess
bendy cable,2419.2135076252725,918,3.688544083622319,0.4324618736383442,Lichess
besfighter,2349.8,10,1.4978661367769954,0.6,Lichess
betheking,2585.8,55,3.364350326288188,0.4727272727272727,Lichess
blackclover1999,2418.527777777778,36,1.8043184888042267,0.4722222222222222,Lichess
blank37,2533.5409090909093,220,4.112595049246359,0.40454545454545454,Lichess
blitzbullet,2460.3333333333335,663,3.5202739320259067,0.5339366515837104,Lichess
bluegalaxy4,2361.6857142857143,105,3.6466891823135255,0.44761904761904764,Lichess
boldpilot22622,2388.176470588235,17,2.425479708432719,0.47058823529411764,Lichess
bubeng01,2364.3030303030305,33,3.2864629612967997,0.5454545454545454,Lichess
bushidonaruto,2676.31914893617,47,3.278597793092133,0.3404255319148936,Lichess
chakin,2503.2580645161293,31,1.90302085618145,0.5161290322580645,Lichess
chargemax23,2546.09626719057,1527,3.979530556388264,0.5219384413883431,Lichess
chaturangadasa,2381.046511627907,86,3.2834352246163503,0.6627906976744186,Lichess
chechess888,2475.910447761194,603,3.5122250537628665,0.42454394693200664,Lichess
chessasuke,2493.5151515151515,33,3.186589116872426,0.42424242424242425,Lichess
chesscode93,2446.0,21,2.1729270915085936,0.19047619047619047,Lichess
chessemyDE,2522.7821782178216,101,3.0817409054385476,0.21782178217821782,Lichess
chesshoudini,2282.060606060606,33,2.7485462919025654,0.48484848484848486,Lichess
chessm1105,2620.4310954063603,283,4.226740507504909,0.42402826855123676,Lichess
chessmaniac3298,2405.0,24,2.751915969031122,0.625,Lichess
chessmaster2006,2497.2738095238096,84,2.9967949587347444,0.5357142857142857,Lichess
chessmathmunich,2343.1393442622953,122,2.9771653797939504,0.5,Lichess
chessmmaster,2418.8343373493976,332,4.473437636468474,0.41566265060240964,Lichess
chessninja48,2430.2136752136753,234,3.9453090577810976,0.36752136752136755,Lichess
chessyeg,2468.3934426229507,183,3.9161648690001973,0.47540983606557374,Lichess
chickencrossroad,2463.4238410596026,151,4.093812573019361,0.3509933774834437,Lichess
chiyabuddha,2409.953488372093,43,3.24110337504026,0.3488372093023256,Lichess
chrissyplaya,2268.8076923076924,26,2.371371346995421,0.5384615384615384,Lichess
colinov,2216.0,10,1.9730014063936128,0.3,Lichess
coluichenontiaspetti,2518.098901098901,91,3.79272341844858,0.3956043956043956,Lichess
cool4thechess,2333.909090909091,44,3.0196904337540613,0.45454545454545453,Lichess
crosky,2291.88,25,2.754331703559254,0.44,Lichess
cubansboy,2538.5,104,3.5173145726688584,0.47115384615384615,Lichess
dan_tes,2548.635294117647,85,3.562652773750838,0.4,Lichess
daorange,2422.861209964413,562,4.163179856312338,0.41637010676156583,Lichess
dau_npukypumb,2656.01226993865,163,3.82567822927522,0.24539877300613497,Lichess
dawtonlms,2398.108695652174,92,3.142113016682429,0.5978260869565217,Lichess
deepblue9494,2412.6326530612246,147,2.816912970883565,0.5238095238095238,Lichess
deni165,2420.9402985074626,134,2.99934542319948,0.4626865671641791,Lichess
dimkor,2429.311688311688,308,2.301421021886494,0.6136363636363636,Lichess
ding fanboy,2418.45746388443,623,3.852894747244023,0.4510433386837881,Lichess
ditkin,2410.596446700508,394,3.382803897533479,0.649746192893401,Lichess
domtichess,2528.2631578947367,19,2.40615957539782,0.5263157894736842,Lichess
donateIIo,2624.237837837838,1480,4.6106756449282,0.40337837837837837,Lichess
dreamteamer,2443.010582010582,189,3.600546309170892,0.4656084656084656,Lichess
ebijo,2440.8372093023254,43,2.5491041285278646,0.3023255813953488,Lichess
enpassant128,2424.28,25,2.9761388013384353,0.4,Lichess
ethereumclassic,2443.413043478261,46,3.30095221490265,0.41304347826086957,Lichess
fallingfatman,2553.230769230769,104,3.476487557113716,0.49038461538461536,Lichess
federerchi,2452.5682926829268,820,3.940162004119644,0.48292682926829267,Lichess
fender2001,2479.822222222222,45,2.946015476948501,0.6222222222222222,Lichess
filmer75,2503.5737373737375,495,4.185793852064418,0.49292929292929294,Lichess
fiumedk,2395.286713286713,286,3.1476712629563504,0.6783216783216783,Lichess
flamaster7,2401.2359550561796,89,3.5107156088880616,0.5056179775280899,Lichess
fourqueens13,2401.4838012958962,463,3.516886173042389,0.4470842332613391,Lichess
frankiejay,2439.153846153846,117,3.560907476521713,0.4700854700854701,Lichess
fredmund,2290.8533333333335,75,3.3239775624302546,0.30666666666666664,Lichess
fripSide,2549.6082251082253,462,3.5915038464076687,0.5974025974025974,Lichess
fsm666fsm,2362.3986013986014,143,3.798192743384832,0.4125874125874126,Lichess
gabriel flom battaglini,2490.9846153846156,130,3.8490040243186385,0.4846153846153846,Lichess
garnek123,2509.5330490405117,469,4.54053013366675,0.42430703624733473,Lichess
gerla,2400.7272727272725,11,1.8937882323911377,0.2727272727272727,Lichess
gmman88,2389.1662198391423,373,2.304283509827238,0.1742627345844504,Lichess
gnejs,2557.0,107,3.6569081959508716,0.4766355140186916,Lichess
goldenstatewarrior,2472.0263157894738,38,3.3546767698482727,0.4473684210526316,Lichess
grandmastergauri,2482.9764705882353,170,3.7375356945996066,0.40588235294117647,Lichess
grobdeg,2448.457142857143,35,2.7825968879118075,0.37142857142857144,Lichess
guesitos,2587.74678111588,233,3.381711869073713,0.49356223175965663,Lichess
gus_fring,2377.8763636363637,275,2.917763717357972,0.22181818181818183,Lichess
hajeko,2391.4340425531914,235,3.8069040987019953,0.5404255319148936,Lichess
hatembenarfa,2605.294117647059,68,2.597584537247268,0.7647058823529411,Lichess
hectorluis2019,2449.2881355932204,472,3.548953011216627,0.4978813559322034,Lichess
hirnloserverlierer,2510.5885167464116,418,4.2106762178905655,0.41866028708133973,Lichess
hongnhung2101,2350.2,10,0.8018185525433373,0.8,Lichess
hugo314,2319.5348837209303,43,3.2934136210513123,0.37209302325581395,Lichess
hyperreal,2513.1800382043934,2094,4.051456584953916,0.2932187201528176,Lichess
iam24601,2582.224215246637,223,3.164337288271825,0.6053811659192825,Lichess
impr0v3r,2493.257731958763,194,3.585811446406029,0.31958762886597936,Lichess
imzchessacademy2020,2275.0833333333335,48,3.1489414692536988,0.4791666666666667,Lichess
infiniteadaption,2455.054131054131,351,3.1004912526507544,0.47863247863247865,Lichess
inga83,2454.6279069767443,86,3.4416371775004726,0.37209302325581395,Lichess
inhocsignovinces73,2282.657142857143,35,2.3299766711939416,0.14285714285714285,Lichess
is_er_nog_hoop,2503.047006155568,1787,2.6846100915627362,0.442641298265249,Lichess
istdiesernamefrei,2447.1785714285716,280,4.174190628264343,0.325,Lichess
ivanoob,2573.452205882353,272,4.06806124077604,0.3492647058823529,Lichess
ivanrojo,2296.8285714285716,35,1.424224664462978,0.6571428571428571,Lichess
jamesARDEN13,2606.122807017544,228,2.884003298421722,0.2412280701754386,Lichess
janei,2369.2,15,1.0096137581740383,0.26666666666666666,Lichess
javirec,2406.962962962963,27,2.9683918915419634,0.5555555555555556,Lichess
jbj,2463.6483516483518,91,2.717082235612053,0.5934065934065934,Lichess
jeden94,2405.9418604651164,86,3.278678719920997,0.46511627906976744,Lichess
jimakos,2545.9964028776976,556,3.8763944097818386,0.43884892086330934,Lichess
jimmy0613,2413.8313725490198,510,4.168517128095751,0.35294117647058826,Lichess
jkbk,2265.8076923076924,26,1.717858519980721,0.07692307692307693,Lichess
jmf24,2393.4242424242425,132,3.5046596198723328,0.3560606060606061,Lichess
jmpion7,2340.054054054054,407,3.9080166433483834,0.4176904176904177,Lichess
jomarag,2452.582142857143,560,4.0089992449846,0.5785714285714286,Lichess
josiur,2412.6238651102462,1542,3.289335826159071,0.40077821011673154,Lichess
jsl,2636.5984615384614,1300,5.000319410841242,0.4323076923076923,Lichess
juanchesst,2520.3525179856115,1112,3.83934266635936,0.39748201438848924,Lichess
ka1ser,2391.5526315789475,114,3.3655717794002973,0.20175438596491227,Lichess
kacper05,2396.6071428571427,168,3.5571056274382196,0.4583333333333333,Lichess
kacpertop,2425.910447761194,67,2.5722140968903853,0.582089552238806,Lichess
kednanie,2389.4950980392155,816,4.363831269461296,0.375,Lichess
khubushka2007,2494.5509433962266,265,4.013934401051682,0.4830188679245283,Lichess
kiketf,2458.8636363636365,22,2.649948793001987,0.6818181818181818,Lichess
killer3333,2408.6923076923076,13,1.9915093613566137,0.6923076923076923,Lichess
king_staz,2320.85,20,2.7877881193860077,0.45,Lichess
kira1110,2525.3829787234044,94,2.5274239437378623,0.723404255319149,Lichess
klimkoj,2447.078616352201,318,4.171870673319552,0.44654088050314467,Lichess
kostya24,2453.1714285714284,105,2.9433177410633586,0.6666666666666666,Lichess
kyart2,2529.235294117647,17,2.670119889806817,0.4117647058823529,Lichess
lEcillEjanE,2449.7611940298507,134,3.2020134022813926,0.2835820895522388,Lichess
lagardeduroi007,2320.6521739130435,23,2.954673212304816,0.43478260869565216,Lichess
laguun,2455.4859211584876,1243,3.5297023503765637,0.3813354786806114,Lichess
leandrojj13,2276.5,12,2.3693821196946763,0.5833333333333334,Lichess
legato,2378.7156862745096,306,4.5097775221367655,0.39869281045751637,Lichess
lenochka18,2678.135087719298,570,4.684402050447876,0.4789473684210526,Lichess
leonteo,2378.7100938967137,852,2.545982783024069,0.48708920187793425,Lichess
leopslr,2471.7191011235955,356,3.646913499739872,0.4101123595505618,Lichess
licg,2535.3396226415093,106,3.401141916171599,0.4811320754716981,Lichess
likewater,2601.901785714286,112,3.304786083483104,0.48214285714285715,Lichess
linusj,2554.3254626675175,1567,3.931725849121867,0.43075941289087427,Lichess
lolsirs,2386.4772727272725,220,3.61673377057528,0.2818181818181818,Lichess
lordas69,2422.214285714286,14,0.8953326659680909,0.6428571428571429,Lichess
lovlas,2524.534708578913,3054,4.987478806196929,0.43320235756385067,Lichess
malkalmardgh,2284.6363636363635,33,2.5303024006859505,0.5151515151515151,Lichess
mango_toxico,2504.269230769231,78,3.3298834813290847,0.32051282051282054,Lichess
manneredmonkey,2438.456399437412,1422,2.469778388264448,0.012658227848101266,Lichess
mardgos,2561.876447876448,259,3.0346447176530242,0.4864864864864865,Lichess
master05,2376.4132653061224,196,3.7377276575672256,0.3622448979591837,Lichess
masterofpuppets2,2480.3984962406016,133,3.9096341241027672,0.44360902255639095,Lichess
matrix12345,2516.3142857142857,105,3.8584683811841165,0.4380952380952381,Lichess
mdynl123,2373.9615384615386,26,1.8689838315122604,0.5769230769230769,Lichess
medela2019,2588.561224489796,98,3.3626529914326477,0.42857142857142855,Lichess
mikromurks,2398.4893617021276,517,3.845091919230289,0.5918762088974855,Lichess
milacek,2737.5710843373495,830,4.4293842732784405,0.40481927710843374,Lichess
miljac,2434.2603305785124,242,3.606771019651915,0.47107438016528924,Lichess
minikarpov,2357.285714285714,14,2.1439522006438696,0.6428571428571429,Lichess
mohamed elsherief,2501.1009174311926,109,3.6826637533857336,0.4036697247706422,Lichess
mohammadmiran khademi,2415.875,32,3.146132506812108,0.40625,Lichess
moshakvar,2465.648401826484,438,3.6281258049509577,0.45662100456621,Lichess
mrataque,2417.2105263157896,19,1.9356732692787169,0.5263157894736842,Lichess
msb2,2743.8101265822784,79,3.3386419769334825,0.3037974683544304,Lichess
natelleka,2283.027027027027,37,3.08637410032859,0.5135135135135135,Lichess
nc_courage,2438.7267441860463,172,3.3349436600812097,0.36046511627906974,Lichess
necp,2503.5454545454545,55,3.0907524565279716,0.509090909090909,Lichess
nightfox,2414.5925925925926,27,2.9364272168250984,0.3333333333333333,Lichess
niknikniknik,2300.0416666666665,24,2.8456384931342567,0.5416666666666666,Lichess
nissousspou,2404.2093023255816,43,2.626850588030946,0.3488372093023256,Lichess
notmisha,2418.48031496063,508,3.3084620520269126,0.13976377952755906,Lichess
novik70,2427.4864864864867,74,2.144730611188833,0.6756756756756757,Lichess
nryba94,2480.200934579439,428,3.2789731991110296,0.4462616822429907,Lichess
ntbtdhs,2396.1428571428573,14,2.4036404106149494,0.21428571428571427,Lichess
odxn,2423.075317604356,1102,4.172097385363745,0.37840290381125224,Lichess
okchess1,2479.152,125,2.738508892359539,0.544,Lichess
opperwezen,2718.650975889782,871,4.227452716236938,0.43742824339839265,Lichess
orishuas,2406.803367408298,1663,2.8908039599487183,0.5213469633193024,Lichess
otychess,2297.3076923076924,13,2.2450352741261774,0.5384615384615384,Lichess
paleraven,2512.8076923076924,26,2.631337528027333,0.2692307692307692,Lichess
parmupill,2413.735632183908,87,2.697253392118276,0.5172413793103449,Lichess
pashpash,2473.9910313901346,223,3.59189837317917,0.5605381165919282,Lichess
pasteta,2437.3874509803923,1275,3.256398215513037,0.3819607843137255,Lichess
patzerplay,2403.4814814814813,27,1.7755525095414022,0.4444444444444444,Lichess
pawnwonder,2357.595744680851,47,3.1199867303397077,0.46808510638297873,Lichess
philipp77,2345.423076923077,26,2.9713765399690213,0.3076923076923077,Lichess
picklebick,2482.473094170404,446,3.6870119979903584,0.4798206278026906,Lichess
piscatorox,2336.214285714286,14,2.242973226438147,0.35714285714285715,Lichess
pneumatico94,2375.7881773399013,609,2.992601500604308,0.5927750410509032,Lichess
polishmozart,2394.8571428571427,28,2.778564884763258,0.75,Lichess
pollovsky,2361.241573033708,178,2.9033693621775574,0.5393258426966292,Lichess
purepecha1,2382.468085106383,47,3.313850366829766,0.40425531914893614,Lichess
quetepasa,2476.28078817734,406,3.8999522872751364,0.4187192118226601,Lichess
r31415,2341.9347826086955,46,3.1660202904172587,0.41304347826086957,Lichess
ragetilt,2525.6,130,3.156856690876883,0.5,Lichess
rasulovvugar,2683.6978851963745,331,4.555727080607625,0.4169184290030212,Lichess
rdm89,2429.6193548387096,155,3.7076674858679577,0.4129032258064516,Lichess
recapture,2651.7804878048782,41,3.269540926101081,0.6829268292682927,Lichess
refresher,2364.3571428571427,42,3.067145598478909,0.2619047619047619,Lichess
retired93,2621.574468085106,94,3.4871114014938556,0.3617021276595745,Lichess
rhinoceros2015,2629.8387096774195,403,3.146078557260934,0.42431761786600497,Lichess
ril-1997,2509.011952191235,251,4.318953406349535,0.4262948207171315,Lichess
rolly parondo,2491.280780780781,666,3.0956138283644856,0.3918918918918919,Lichess
rotaberg,2509.0243902439024,246,2.733265768047528,0.37398373983739835,Lichess
rtdrtd67,2339.0434782608695,23,2.8341258765552606,0.4782608695652174,Lichess
runittwice,2640.1337432744044,1301,4.824120525832253,0.3697156033820138,Lichess
samssky,2536.9375,80,3.044421180713242,0.3875,Lichess
sari07,2365.769230769231,13,2.458311329683084,0.46153846153846156,Lichess
satranc777,2304.451612903226,31,2.203772818544006,0.5806451612903226,Lichess
savila2105,2477.866666666667,120,2.931340272320104,0.4166666666666667,Lichess
scabies,2379.4084507042253,213,3.9490412782478628,0.5211267605633803,Lichess
second_life,2452.7264150943397,106,3.0268548966816824,0.6226415094339622,Lichess
sellaturcica97,2586.337748344371,151,3.4348895172864733,0.5364238410596026,Lichess
sewin16,2419.385581649372,1831,4.12711261202676,0.4631348989623157,Lichess
shadycharacter06,2459.90625,32,2.9976527350569144,0.28125,Lichess
showmaster33,2355.4310344827586,58,2.6064502439615023,0.6379310344827587,Lichess
shtrubi,2447.873949579832,119,3.328025061688659,0.3277310924369748,Lichess
shuriks91,2649.416593115622,1133,4.130778719082631,0.2744924977934687,Lichess
sid-al_1979,2509.7519181585676,782,2.9665444918433117,0.4744245524296675,Lichess
simplethinker,2413.7194244604316,139,3.9768872090994907,0.39568345323741005,Lichess
skavpl,2416.056818181818,88,2.970911487433629,0.5340909090909091,Lichess
smurf42,2557.6950611690077,4414,2.40390114462037,0.6252831898504757,Lichess
sonofdayman,2369.0,38,3.259002166174716,0.4473684210526316,Lichess
sorito,2467.127962085308,422,3.907519105920852,0.36255924170616116,Lichess
specialprize4u,2293.5263157894738,19,2.081598991501863,0.42105263157894735,Lichess
ssj2gohan,2559.1093247588424,311,2.4999317332599738,0.7234726688102894,Lichess
sstrb,2423.8823529411766,408,3.8666316496800897,0.5147058823529411,Lichess
stasOR,2315.2820512820513,39,2.6792201716837214,0.48717948717948717,Lichess
supertfc,2441.228540772532,932,4.113229776904332,0.3948497854077253,Lichess
supertigre,2660.995614035088,228,3.8461461599701714,0.44298245614035087,Lichess
sutcunuri,2491.8389513108614,267,4.313928114762151,0.4868913857677903,Lichess
svenos,2446.021276595745,329,3.4629501686861643,0.4316109422492401,Lichess
swimmerchess,2613.1242603550295,169,4.1830309404838015,0.514792899408284,Lichess
tactinhos2900,2491.2549778761063,1808,4.989757428445213,0.47898230088495575,Lichess
talk2uee,2288.6666666666665,54,3.2961684412882764,0.5555555555555556,Lichess
tallguychess,2276.0454545454545,22,2.649948793001987,0.4090909090909091,Lichess
tapu21,2406.0,11,2.2718685126965625,0.18181818181818182,Lichess
tchess123,2438.65,40,3.363882019267847,0.35,Lichess
tesla960,2330.0175438596493,57,2.644896972863072,0.543859649122807,Lichess
tgk59,2721.8970189701895,369,3.541945760784523,0.5149051490514905,Lichess
theSchlumpf,2303.092050209205,239,1.4240458642725125,0.20920502092050208,Lichess
theultimatehunter,2382.8705882352942,85,3.153444696097508,0.11764705882352941,Lichess
thijscom,2459.4916943521594,602,4.441114038912277,0.39368770764119604,Lichess
thujer,2646.4341637010675,281,3.9672418457212553,0.38434163701067614,Lichess
tigress123,2249.5454545454545,11,2.2718685126965625,0.6363636363636364,Lichess
tinymonster,2640.423076923077,104,2.892058908861411,0.3942307692307692,Lichess
tiresias64,2285.1,10,1.6957425341696346,0.3,Lichess
toninhojit,2420.902255639098,133,3.903837014636365,0.3233082706766917,Lichess
topce,2377.438905775076,1645,4.116532432151036,0.3203647416413374,Lichess
totoroo,2311.5,14,2.242973226438147,0.7857142857142857,Lichess
trickyholds,2485.1492007104794,563,3.5915904469400743,0.18650088809946713,Lichess
trizzy,2376.366666666667,30,2.8466796372141987,0.43333333333333335,Lichess
tsakos27,2444.736,375,4.1189133094734744,0.4693333333333333,Lichess
tunacem,2277.612244897959,98,2.8186462250268263,0.21428571428571427,Lichess
twofoxniel,2498.5966386554624,238,2.999495853990937,0.5210084033613446,Lichess
universe64,2366.1645569620255,79,2.859031049909104,0.3037974683544304,Lichess
upandcomer,2259.6153846153848,13,2.458311329683084,0.23076923076923078,Lichess
vantamaj,2431.0923076923077,130,2.4187507191793367,0.7076923076923077,Lichess
vendetto,2280.25,20,2.458204432785574,0.35,Lichess
venturaMF,2359.0208333333335,96,3.1066802436293286,0.5520833333333334,Lichess
victor222244,2458.730407523511,319,3.8737217624520963,0.45768025078369906,Lichess
vidavi,2268.318181818182,22,2.9650156932565075,0.36363636363636365,Lichess
vincentmasuka,2447.344387755102,392,3.734320815176883,0.6122448979591837,Lichess
vliegmachinist,2276.317073170732,41,3.3499271911255764,0.34146341463414637,Lichess
vsepro100,2576.1525423728813,177,3.1677950710064358,0.384180790960452,Lichess
vvchessli,2394.7179487179487,39,2.039288017549397,0.28205128205128205,Lichess
walaasarwat,2373.6603773584907,53,3.062869686547776,0.41509433962264153,Lichess
wanyaland,2433.695825049702,4024,4.8669656771571,0.3889165009940358,Lichess
warredw,2408.7994100294986,339,4.427639300640553,0.3333333333333333,Lichess
wrosee,2411.5068493150684,73,2.153152487583184,0.6027397260273972,Lichess
xAloneRebelx,2391.1875,16,2.4799555205445176,0.4375,Lichess
xEsLu,2326.0,11,1.6417347121875214,0.6363636363636364,Lichess
xaoc88,2374.825,40,2.483689288304884,0.425,Lichess
xxysoul6,2652.1833333333334,60,3.438984809058961,0.43333333333333335,Lichess
yaali15,2401.0062111801244,161,3.4684680368711067,0.30434782608695654,Lichess
yankitaspinar,2432.988795518207,357,3.9219619529501593,0.3865546218487395,Lichess
yansgirones,2406.6,55,3.3928911341298904,0.4727272727272727,Lichess
ylr5000,2505.6848484848483,165,4.094856710373689,0.3212121212121212,Lichess
yo lo,2429.203791469194,211,3.3229178471415795,0.3222748815165877,Lichess
yudinetz,2406.4615384615386,143,3.612449860857844,0.5734265734265734,Lichess
zuro22,2557.943231441048,687,4.107697165169843,0.3056768558951965,Lichess
Ömer Faruk Özer,2494.342599843383,2554,4.715439368865009,0.4866875489428348,Lichess
Łukasz Licznerski,2653.5104236718225,1487,3.8092431723431854,0.5568258238063215,Lichess
Азат Галиев,2320.0434782608695,23,2.690828621511594,0.13043478260869565,Lichess
Александр Зубов,2858.7254733218588,1162,4.660150260513449,0.39328743545611017,Lichess
Александр Потапов,2436.546218487395,119,3.077931485155305,0.4957983193277311,Lichess
Алексей Лызлов,2235.8,10,1.6957425341696346,0.8,Lichess
Алексей Тюханов,2364.6875,48,2.86925563525726,0.7083333333333334,Lichess
Алексей Яровинский,2595.5018276762403,1915,3.2833733265378893,0.385378590078329,Lichess
Алешин Олег,2511.0942028985505,138,3.999118718928059,0.4927536231884058,Lichess
Алишер Бегмуратов,2525.809523809524,126,3.11624682142224,0.35714285714285715,Lichess
Алёша Киселев,2412.4,30,2.5897665875948754,0.5333333333333333,Lichess
Анатолий Донсков,2453.6625,80,3.337301970349923,0.4625,Lichess
Андрей Хромкин,2392.2820512820513,78,3.2978064028971494,0.41025641025641024,Lichess
Артур Габриелян,2643.7704918032787,61,3.457679875098673,0.4262295081967213,Lichess
Артур Дилмухаметов,2567.4864864864867,185,3.3330244156595583,0.3027027027027027,Lichess
Без имени,2406.1776315789475,152,3.4721036066891866,0.3157894736842105,Lichess
Богдан Басько,2364.3,30,3.0716136950617225,0.3,Lichess
Ваграм Межлумян,2444.6315789473683,19,2.4791224365093933,0.3157894736842105,Lichess
Вадим Бобков,2456.150837988827,537,3.5621652161319566,0.4301675977653631,Lichess
Вадим Останин,2474.544776119403,134,3.756369289442165,0.44776119402985076,Lichess
Виктор Дмитренко,2448.723913043478,460,4.1186213419721565,0.3217391304347826,Lichess
Виктор Шапиро,2479.811475409836,488,3.1483081979360703,0.5040983606557377,Lichess
Виктория Тарасова,2405.76,75,3.0715791618435375,0.56,Lichess
Владимир,2306.7272727272725,11,1.8462202193216335,0.45454545454545453,Lichess
Владимир Алачихин,2349.0,28,2.7997245137920608,0.39285714285714285,Lichess
Владимир Бычков,2367.1428571428573,14,2.5400363038209806,0.2857142857142857,Lichess
Владимир Лауц,2391.463917525773,291,3.503889219173668,0.3917525773195876,Lichess
Владимир Михайловский,2451.6658163265306,392,3.919105068500399,0.4387755102040816,Lichess
Владимир Серебряков,2251.5560975609756,820,3.012018275093415,0.625609756097561,Lichess
Георгій Содоль,2420.9411764705883,17,2.507026435557418,0.7058823529411765,Lichess
Герман Кочетков,2464.561927283476,3383,1.2413040693184556,0.1714454626071534,Lichess
Гончаров Владислав,2538.2136363636364,220,4.327828533377884,0.38181818181818183,Lichess
Гор Глиджян,2562.620178041543,674,3.0596672446999236,0.5370919881305638,Lichess
Давид,2526.542496357455,2059,4.09137930037997,0.4774162214667314,Lichess
Данил Найдин,2441.7245762711864,236,4.168764637869363,0.3686440677966102,Lichess
Денис Першин,2516.5581395348836,43,1.6316666712070256,0.27906976744186046,Lichess
Денис Шилин,2395.28125,32,2.175099991433641,0.71875,Lichess
Дмитрий Гольцев,2396.3333333333335,27,2.53825844588553,0.3333333333333333,Lichess
Дмитрий Суманеев,2365.9375,16,2.252728336819822,0.0625,Lichess
Евгений Тараненко,2428.5175027066043,2771,2.473369329665,0.27715626127751714,Lichess
Егор Ковалев,2438.2804878048782,82,3.0412040872651263,0.4146341463414634,Lichess
Иван Провоторов,2434.3195652173913,460,3.4879231623233142,0.3782608695652174,Lichess
Кирилл Копёнкин,2525.946584938704,2284,3.459334158757295,0.3892294220665499,Lichess
Константин Житников,2488.1428571428573,14,2.4036404106149494,0.5,Lichess
Леонид Ноздрачев,2454.542857142857,70,3.3957941563547767,0.5,Lichess
Максим Голубовский,2410.154411764706,136,3.9728604097428666,0.39705882352941174,Lichess
Максим Луговской,2534.233333333333,30,2.783028220384718,0.26666666666666666,Lichess
Максим Матюнин,2406.125,24,2.499064902854284,0.2916666666666667,Lichess
Максим Омариев,2360.8809523809523,84,2.769127687568906,0.34523809523809523,Lichess
Маргарита Потапова,2402.4897959183672,49,3.102842867336343,0.46938775510204084,Lichess
Матвеев Владимир,2496.4684024952535,3687,3.767278863127307,0.3534038513696772,Lichess
Матфей Никологорский,2397.3541666666665,48,3.249974348460891,0.3125,Lichess
Михаил Пашинский,2351.7748691099478,382,2.9132747651984725,0.4895287958115183,Lichess
Никита Хорошев,2503.0666666666666,15,2.5232109529528914,0.5333333333333333,Lichess
Николай Vlassov,2350.3076923076924,13,1.4844575358174863,0.6923076923076923,Lichess
Николай Оглоблин,2491.335407086827,3697,3.932328898122551,0.33838247227481744,Lichess
Олег Кислов,2424.7,40,2.8377048453674965,0.4,Lichess
Олег Орлов,2495.849523809524,525,3.6853596304891076,0.3466666666666667,Lichess
Павел Смирнов,2581.3541666666665,48,3.5317065471610603,0.625,Lichess
Перелыгин Михаил,2326.866666666667,15,1.8065071652616693,0.06666666666666667,Lichess
Петр Костенко,2592.360248447205,161,3.8650451496245513,0.391304347826087,Lichess
Роман Овечкин,2472.4166666666665,60,3.0360284954393317,0.3,Lichess
Руслан Гнечко,2443.452218430034,586,4.361704109740984,0.41638225255972694,Lichess
Руслан Незамятин (Ruslan Nezamyatin),2233.2295918367345,196,3.8758080787303766,0.2857142857142857,Lichess
Рустам Кайырбеков,2405.1167512690354,394,3.396674817466138,0.3223350253807107,Lichess
Самигуллина Диана Ильдаровна,2276.5,16,2.166084939249829,0.3125,Lichess
Семен Митусов,2317.6666666666665,51,2.9486616430341566,0.5098039215686274,Lichess
Сергей Журов,2402.816037735849,212,2.707325089018437,0.4669811320754717,Lichess
Сергей Иванов,2238.3,10,1.4708084763221112,0.3,Lichess
Сергей Искусных,2575.208955223881,134,3.3524254252732537,0.3208955223880597,Lichess
Сергей Родченков,2456.148936170213,188,3.4853882927834205,0.44148936170212766,Lichess
Станислав Шлегин,2529.475138121547,181,2.7659363674151125,0.4972375690607735,Lichess
Феликс Алиханов,2396.3483870967743,155,3.2782046773361357,0.5806451612903226,Lichess
Феликс Кузнецов,2541.008474576271,118,3.2137787976708285,0.5169491525423728,Lichess
Юрий Жизмер,2476.6285714285714,35,2.6540631405703654,0.4,Lichess
куаныш сисабаев,2453.0,77,3.5771913064413097,0.22077922077922077,Lichess
بشير القديمي,2521.5529411764705,85,3.656782357854422,0.47058823529411764,Lichess
عمرو صبح,2348.09375,32,2.7995589165321353,0.3125,Lichess
🍌,2343.5,20,2.830940430253775,0.4,Lichess
