White_Unified_Name,Black_Sex,PlyCount,RatingDiff,White_Elo,Opening,IsAggressive
Horobetz,F,252,36,2407,Unknown,False
Horobetz,F,218,-19,2382,Unknown,False
Blitzstream-twitch,F,236,45,2460,Unknown,False
Blitzstream-twitch,F,125,63,2468,Unknown,False
Blitzstream-twitch,F,123,53,2463,Unknown,False
Blitzstream-twitch,F,240,1,2440,Unknown,False
Blitzstream-twitch,F,231,2,2440,Unknown,False
Spinaltap,F,146,142,2593,Unknown,False
Spinaltap,F,111,76,2560,Unknown,False
mutdpro,M,271,121,2498,Unknown,False
Spinaltap,F,194,12,2532,Unknown,False
Spinaltap,F,96,-34,2509,Unknown,False
Blitzstream-twitch,F,171,-33,2531,Unknown,False
Blitzstream-twitch,F,92,-108,2475,Unknown,False
Blitzstream-twitch,F,107,-92,2483,Unknown,False
Blitzstream-twitch,F,125,-127,2465,Unknown,False
SerginhoNS,F,174,-275,2324,Unknown,False
BarneyWFIStinson,F,224,-129,2478,Unknown,False
Luminael,F,149,-35,2572,Unknown,False
Luminael,F,117,20,2603,Unknown,False
RobertFontaine,F,118,-91,2493,Unknown,False
RobertFontaine,F,112,-79,2500,Unknown,False
RobertFontaine,F,172,-19,2534,Unknown,False
MadMerkel,F,93,161,2430,Unknown,False
pidargi,F,152,176,2432,Unknown,False
DreadHead,F,156,98,2631,Unknown,False
Voat,F,134,62,2609,Unknown,False
Peaudepailles,F,171,-6,2578,Unknown,False
Peaudepailles,F,206,-4,2579,Unknown,False
Peaudepailles,F,225,-44,2559,Unknown,False
Poiskowik32,F,157,147,2412,Unknown,False
mostrovski,F,140,60,2686,Unknown,False
smurf42,F,217,-24,2615,Unknown,False
TVEDAS,F,169,-90,2577,Unknown,False
TVEDAS,F,240,-78,2583,Unknown,False
TVEDAS,F,67,-70,2587,Unknown,False
MichelangeIo,F,272,62,2706,Unknown,False
MichelangeIo,F,268,56,2703,Unknown,False
MichelangeIo,F,172,27,2687,Unknown,False
MichelangeIo,F,150,22,2684,Unknown,False
Niper13,F,105,-112,2560,Unknown,False
bam_bam_po_gubam,F,198,-116,2578,Unknown,False
mostrovski,F,166,-32,2676,Unknown,False
mostrovski,F,265,-30,2677,Unknown,False
mostrovski,F,160,-69,2657,Unknown,False
RaphaeI,F,151,-82,2652,Unknown,False
donateIIo,F,158,-54,2688,Unknown,False
Elda64,F,328,95,2833,Unknown,False
mutdpro,M,169,-63,2752,Unknown,False
Elda64,F,131,34,2798,Unknown,False
mutdpro,M,167,-56,2755,Unknown,False
Elda64,F,158,28,2795,Unknown,False
mutdpro,M,309,-2,2778,Unknown,False
Elda64,F,290,25,2793,Unknown,False
MichelangeIo,F,151,40,2819,Unknown,False
MichelangeIo,F,109,13,2804,Unknown,False
BeepBeepImAJeep,F,133,32,2823,Unknown,False
BeepBeepImAJeep,F,96,89,2862,Unknown,False
BeepBeepImAJeep,F,221,76,2853,Unknown,False
BeepBeepImAJeep,F,145,92,2863,Unknown,False
BeepBeepImAJeep,F,185,79,2855,Unknown,False
BeepBeepImAJeep,F,157,66,2847,Unknown,False
BeepBeepImAJeep,F,264,82,2857,Unknown,False
Enialios,F,127,-38,2718,Unknown,False
Enialios,F,237,-59,2707,Unknown,False
pierrebl,F,107,-171,2604,Unknown,False
E-Shaposhnikov,F,135,39,2819,Unknown,False
Peaudepailles,F,171,-154,2636,Unknown,False
Peaudepailles,F,136,-179,2623,Unknown,False
SexyChessMen,F,145,-74,2725,Unknown,False
SexyChessMen,F,137,-66,2729,Unknown,False
mahyarchess1372,F,138,182,2452,Unknown,False
beatles_21,F,226,-120,2603,Unknown,False
mutdpro,M,149,109,2716,Unknown,False
beatles_21,F,189,-131,2599,Unknown,False
mutdpro,M,213,89,2703,Unknown,False
beatles_21,F,120,-113,2605,Unknown,False
mutdpro,M,149,133,2730,Unknown,False
fmrini,F,171,-145,2268,Unknown,False
Karlos_ulsk,F,178,-93,2561,Unknown,False
Karlos_ulsk,F,158,-138,2546,Unknown,False
Gannikus,F,102,-205,2501,Unknown,False
Mirac_K,F,171,-128,2596,Unknown,False
Jean-Nathan,F,167,187,2402,Unknown,False
muemmelmann,F,148,10,2446,Unknown,False
muemmelmann,F,211,67,2464,Unknown,False
Eggplant,F,227,215,2477,Unknown,False
YOSHE1,F,214,36,2405,Unknown,False
Upsylon,F,201,181,2485,Unknown,False
gpkal,F,213,124,2406,Unknown,False
gpkal,F,148,123,2406,Unknown,False
stiller_Zug,F,134,165,2457,Unknown,False
Kutyuli,F,208,70,2443,Unknown,False
anmadi,F,149,-55,2357,Unknown,False
RigelStar,F,185,-90,2311,Unknown,False
mmch2020,F,149,91,2427,Unknown,False
grammatico,F,210,74,2475,Unknown,False
Countryside,F,111,-31,2413,Unknown,False
yuroktexas84,F,211,17,2437,Unknown,False
Kutyuli,F,157,-27,2383,Unknown,False
Duro1988,F,86,-61,2343,Unknown,False
Duro1988,F,193,-53,2347,Unknown,False
Duro1988,F,122,-82,2332,Unknown,False
anmadi,F,201,14,2447,Unknown,False
opang-123,F,202,-31,2413,Unknown,False
opang-123,F,228,-28,2415,Unknown,False
opang-123,F,164,-47,2405,Unknown,False
opang-123,F,102,-39,2409,Unknown,False
opang-123,F,136,-15,2421,Unknown,False
opang-123,F,143,-35,2411,Unknown,False
Niper13,F,118,23,2468,Unknown,False
Niper13,F,198,2,2458,Unknown,False
Orlando_Gloom,F,210,77,2523,Unknown,False
Orlando_Gloom,F,264,110,2540,Unknown,False
Orlando_Gloom,F,95,99,2534,Unknown,False
landitirana,F,149,-59,2369,Unknown,False
landitirana,F,156,-11,2393,Unknown,False
dozer01,F,143,55,2409,Unknown,False
Leotenis,F,153,-40,2377,Unknown,False
Fightos,F,219,-5,2419,Unknown,False
KM2200,F,190,-105,2308,Unknown,False
KM2200,F,121,-94,2313,Unknown,False
Papa_1960,F,102,56,2487,Unknown,False
Papa_1960,F,195,48,2483,Unknown,False
Papa_1960,F,160,42,2480,Unknown,False
Papa_1960,F,217,78,2498,Unknown,False
landitirana,F,117,-16,2396,Unknown,False
grammatico,F,109,64,2400,Unknown,False
Superfav98,F,160,-36,2382,Unknown,False
Superfav98,F,107,-12,2394,Unknown,False
Superfav98,F,111,-52,2374,Unknown,False
OreWa,F,113,-44,2389,Unknown,False
OreWa,F,125,-58,2382,Unknown,False
OreWa,F,135,-11,2406,Unknown,False
barashek,F,139,34,2422,Unknown,False
Hercule39,F,117,88,2490,Unknown,False
RodTwinkz,F,217,-2,2413,Unknown,False
mlatb,M,161,23,2425,Unknown,False
n_bourbaki,F,256,-60,2364,Unknown,False
n_bourbaki,F,109,-68,2360,Unknown,False
n_bourbaki,F,232,-59,2365,Unknown,False
n_bourbaki,F,248,-31,2379,Unknown,False
n_bourbaki,F,165,35,2412,Unknown,False
LittlePumpkin,F,211,186,2548,Unknown,False
jsl,F,89,190,2559,Unknown,False
Eggplant,F,209,103,2468,Unknown,False
Eggplant,F,173,72,2453,Unknown,False
Eggplant,F,267,66,2450,Unknown,False
Eggplant,F,125,79,2456,Unknown,False
Eggplant,F,252,50,2442,Unknown,False
Karlos_ulsk,F,244,-46,2367,Unknown,False
Karlos_ulsk,F,244,-61,2360,Unknown,False
Ruediger1,F,156,-178,2580,Unknown,False
Ruediger1,F,246,-213,2567,Unknown,False
diamond11,F,134,-86,2342,Unknown,False
diamond11,F,117,-56,2357,Unknown,False
diamond11,F,209,-91,2339,Unknown,False
machm,F,88,14,2457,Unknown,False
Weetik,F,180,164,2597,Unknown,False
boriskaras,F,102,82,2438,Unknown,False
quantoalex,F,178,-39,2402,Unknown,False
quantoalex,F,116,-14,2415,Unknown,False
quantoalex,F,133,-11,2416,Unknown,False
scorpionchess2003,F,173,189,2602,Unknown,False
damestar,F,202,18,2426,Unknown,False
damestar,F,206,-5,2414,Unknown,False
Vugar_Gashimov,F,96,-52,2383,Unknown,False
Vugar_Gashimov,F,214,-23,2399,Unknown,False
Antitemp,F,159,-94,2317,Unknown,False
Stratersest,F,171,100,2505,Unknown,False
Stratersest,F,165,65,2470,Unknown,False
PetarBosnjak,F,162,-223,2567,Unknown,False
rovsila1,F,235,-43,2360,Unknown,False
rovsila1,F,107,-80,2341,Unknown,False
rovsila1,F,189,-67,2348,Unknown,False
Fightos,F,214,-83,2320,Unknown,False
Le_Truand,F,125,88,2416,Unknown,False
SteelBoy,F,203,53,2431,Unknown,False
theSlowestArrow,F,203,54,2496,Unknown,False
SteelBoy,F,235,69,2439,Unknown,False
dabee,F,208,37,2451,Unknown,False
Tahaned2015,F,121,148,2480,Unknown,False
Kovalchuk94,F,157,164,2515,Unknown,False
chessentialsBLOG,F,222,113,2424,Unknown,False
chessentialsBLOG,F,108,121,2428,Unknown,False
chessentialsBLOG,F,144,107,2421,Unknown,False
chessentialsBLOG,F,157,93,2414,Unknown,False
chessentialsBLOG,F,278,103,2419,Unknown,False
chessentialsBLOG,F,193,133,2434,Unknown,False
Riplus,F,240,382,2688,Unknown,False
DenLaz,F,270,181,2540,Unknown,False
DenLaz,F,110,203,2551,Unknown,False
DarkLumina,F,84,124,2445,Unknown,False
DarkLumina,F,155,108,2436,Unknown,False
norba94,F,123,-84,2347,Unknown,False
LaTrainee,F,108,92,2434,Unknown,False
peterbl,F,162,222,2570,Unknown,False
MirajaneStrauss,F,126,120,2487,Unknown,False
MirajaneStrauss,F,139,105,2479,Unknown,False
ShakhiMaty,F,154,80,2471,Unknown,False
ShakhiMaty,F,175,72,2467,Unknown,False
ShakhiMaty,F,180,23,2443,Unknown,False
scorpionchess2003,F,179,101,2512,Unknown,False
krasover,F,139,96,2520,Unknown,False
krasover,F,85,128,2537,Unknown,False
krasover,F,108,69,2506,Unknown,False
krasover,F,207,63,2503,Unknown,False
krasover,F,178,13,2477,Unknown,False
krasover,F,100,-9,2465,Unknown,False
ronaldbrizuela,F,236,-40,2454,Unknown,False
jsl,F,184,-56,2448,Unknown,False
cruz59,F,92,-10,2503,Unknown,False
lovlas,F,236,28,2520,Unknown,False
lovlas,F,213,69,2542,Unknown,False
lovlas,F,150,83,2550,Unknown,False
lovlas,F,171,72,2544,Unknown,False
jsl,F,88,-48,2416,Unknown,False
Satsanga,F,211,-39,2402,Unknown,False
pulvettd,F,174,7,2468,Unknown,False
pulvettd,F,72,47,2489,Unknown,False
pulvettd,F,158,40,2485,Unknown,False
pulvettd,F,148,37,2484,Unknown,False
pulvettd,F,130,32,2481,Unknown,False
Weetik,F,119,151,2555,Unknown,False
ArminTanzarian,F,130,15,2466,Unknown,False
ArminTanzarian,F,166,11,2464,Unknown,False
Karlos_ulsk,F,141,75,2508,Unknown,False
girafik,F,120,-2,2415,Unknown,False
girafik,F,178,-3,2415,Unknown,False
Prayer791,F,166,12,2440,Unknown,False
Dear-Santa-Claus,F,172,-94,2353,Unknown,False
Dear-Santa-Claus,F,193,-104,2348,Unknown,False
Dear-Santa-Claus,F,85,-92,2354,Unknown,False
Dear-Santa-Claus,F,84,-122,2339,Unknown,False
Dear-Santa-Claus,F,169,-110,2345,Unknown,False
highway61rev,F,121,-35,2427,Unknown,False
is_er_nog_hoop,F,166,-43,2417,Unknown,False
mlatb,M,233,-43,2478,Unknown,False
SteelBoy,F,183,14,2504,Unknown,False
Eggplant,F,148,-34,2378,Unknown,False
DenLaz,F,188,105,2482,Unknown,False
DenLaz,F,242,94,2477,Unknown,False
Papa_1960,F,197,-75,2426,Unknown,False
mlatb,M,109,92,2509,Unknown,False
Raffoo,F,136,-21,2475,Unknown,False
DreadHead,F,114,-35,2449,Unknown,False
DreadHead,F,146,-50,2442,Unknown,False
Dear-Santa-Claus,F,198,-169,2295,Unknown,False
Dear-Santa-Claus,F,106,-150,2305,Unknown,False
Dear-Santa-Claus,F,191,-92,2334,Unknown,False
Dear-Santa-Claus,F,231,-82,2339,Unknown,False
Dear-Santa-Claus,F,165,-114,2323,Unknown,False
Dear-Santa-Claus,F,159,-122,2319,Unknown,False
abunawas,F,218,3,2430,Unknown,False
Entertainment3ko,F,177,-46,2402,Unknown,False
Entertainment3ko,F,94,-39,2405,Unknown,False
ShakhiMaty,F,158,37,2505,Unknown,False
beatles_21,F,125,90,2549,Unknown,False
muemmelmann,F,166,-13,2438,Unknown,False
teddyhh,F,308,-6,2444,Unknown,False
Charlie_nic,F,143,-75,2351,Unknown,False
Dear-Santa-Claus,F,130,-137,2285,Unknown,False
Dear-Santa-Claus,F,90,-141,2283,Unknown,False
Dear-Santa-Claus,F,178,-125,2291,Unknown,False
Dear-Santa-Claus,F,223,-112,2298,Unknown,False
Dear-Santa-Claus,F,205,-95,2306,Unknown,False
alexey4eg2,F,182,60,2441,Unknown,False
Falkenauge,F,148,211,2600,Unknown,False
Spartron,F,109,101,2485,Unknown,False
Spartron,F,183,48,2458,Unknown,False
Spartron,F,161,43,2456,Unknown,False
Spartron,F,242,37,2453,Unknown,False
Tyrik003,F,113,3,2420,Unknown,False
KeyzerSoze,F,215,-22,2395,Unknown,False
KeyzerSoze,F,120,-18,2397,Unknown,False
KeyzerSoze,F,106,-14,2399,Unknown,False
pawelek07,F,64,173,2432,Unknown,False
RL12,F,210,91,2489,Unknown,False
RL12,F,227,80,2483,Unknown,False
mastertime,F,163,43,2431,Unknown,False
mastertime,F,154,17,2418,Unknown,False
mastertime,F,140,-25,2397,Unknown,False
mastertime,F,221,18,2418,Unknown,False
smurf42,F,147,63,2494,Unknown,False
ZeruHmyz,F,190,57,2462,Unknown,False
Eljujenio,F,159,5,2402,Unknown,False
redtom,F,176,16,2403,Unknown,False
CRNI_KER,F,198,-55,2352,Unknown,False
Eggplant,F,96,-54,2364,Unknown,False
JusticeBot,F,198,295,2547,Unknown,False
VladJ,F,113,124,2551,Unknown,False
VladJ,F,96,108,2542,Unknown,False
mastertime,F,114,-52,2388,Unknown,False
DragonRU1,F,137,218,2452,Unknown,False
sjakk98765,F,152,178,2440,Unknown,False
sjakk98765,F,139,145,2443,Unknown,False
fizteh,F,151,256,2547,Unknown,False
Incike,F,188,281,2564,Unknown,False
MLLagrangeHamilton,F,112,148,2430,Unknown,False
a7serebrov,F,144,-164,2280,Unknown,False
MyDyingBride,F,177,225,2469,Unknown,False
swindelbeest,F,132,140,2421,Unknown,False
MelodySoyani,F,123,312,2668,Unknown,False
Angie_La_invencible,F,254,214,2500,Unknown,False
cant_handle_h5,F,154,138,2430,Unknown,False
JoernAmWaViking,F,145,147,2415,Unknown,False
stiller_Zug,F,168,69,2405,Unknown,False
Odirovski,F,152,62,2416,Unknown,False
LittlePumpkin,F,273,-198,2611,Unknown,False
NicolaiJorgensen,F,116,105,2441,Unknown,False
NicolaiJorgensen,F,161,91,2434,Unknown,False
NicolaiJorgensen,F,129,78,2427,Unknown,False
mlatb,M,107,-76,2334,Unknown,False
Johanssc,F,227,107,2432,Unknown,False
mlatb,M,177,-133,2318,Unknown,False
Johanssc,F,98,156,2467,Unknown,False
mlatb,M,136,-177,2305,Unknown,False
Johanssc,F,228,195,2494,Unknown,False
mlatb,M,184,-212,2293,Unknown,False
Johanssc,F,100,228,2516,Unknown,False
mlatb,M,117,-242,2283,Unknown,False
Johanssc,F,131,254,2533,Unknown,False
mlatb,M,251,-267,2274,Unknown,False
Johanssc,F,73,247,2528,Unknown,False
mlatb,M,243,-259,2277,Unknown,False
Johanssc,F,131,210,2505,Unknown,False
mlatb,M,265,-224,2290,Unknown,False
Johanssc,F,157,207,2503,Unknown,False
mlatb,M,136,-221,2291,Unknown,False
Johanssc,F,119,177,2485,Unknown,False
mlatb,M,203,-192,2302,Unknown,False
Johanssc,F,133,150,2469,Unknown,False
mlatb,M,139,-167,2312,Unknown,False
Johanssc,F,112,182,2488,Unknown,False
mlatb,M,147,-196,2300,Unknown,False
Johanssc,F,141,210,2504,Unknown,False
mlatb,M,237,-222,2289,Unknown,False
Johanssc,F,173,235,2518,Unknown,False
Johanssc,F,151,206,2502,Unknown,False
mlatb,M,115,-165,2314,Unknown,False
Johanssc,F,108,180,2487,Unknown,False
mlatb,M,224,-194,2301,Unknown,False
Johanssc,F,136,207,2502,Unknown,False
mlatb,M,138,-220,2289,Unknown,False
Johanssc,F,101,231,2515,Unknown,False
mlatb,M,199,-242,2279,Unknown,False
Johanssc,F,118,201,2499,Unknown,False
mlatb,M,246,-214,2292,Unknown,False
Johanssc,F,111,200,2498,Unknown,False
Burberry,F,91,201,2487,Unknown,False
Johanssc,F,98,241,2511,Unknown,False
mlatb,M,165,-230,2275,Unknown,False
mlatb,M,97,-251,2265,Unknown,False
Johanssc,F,121,262,2522,Unknown,False
mlatb,M,104,-271,2256,Unknown,False
Johanssc,F,153,280,2532,Unknown,False
mlatb,M,125,-288,2248,Unknown,False
Johanssc,F,104,297,2541,Unknown,False
mlatb,M,148,-305,2240,Unknown,False
Johanssc,F,115,313,2549,Unknown,False
mlatb,M,248,-321,2232,Unknown,False
Johanssc,F,118,276,2530,Unknown,False
mlatb,M,97,-285,2249,Unknown,False
Johanssc,F,96,294,2539,Unknown,False
mlatb,M,248,-302,2241,Unknown,False
Johanssc,F,145,311,2548,Unknown,False
mlatb,M,227,-319,2233,Unknown,False
Johanssc,F,102,326,2556,Unknown,False
mlatb,M,143,-280,2252,Unknown,False
Johanssc,F,104,236,2509,Unknown,False
mlatb,M,251,-247,2268,Unknown,False
Johanssc,F,150,257,2520,Unknown,False
mlatb,M,134,-214,2284,Unknown,False
Johanssc,F,161,226,2504,Unknown,False
HellBorg,F,171,132,2404,Unknown,False
mlatb,M,176,-311,2290,Unknown,False
bluedeep,F,163,-37,2364,Unknown,False
bluedeep,F,140,-77,2347,Unknown,False
is_er_nog_hoop,F,123,19,2454,Unknown,False
is_er_nog_hoop,F,136,14,2452,Unknown,False
is_er_nog_hoop,F,199,-33,2431,Unknown,False
is_er_nog_hoop,F,58,-74,2413,Unknown,False
NoSkillNeeded,F,134,-104,2393,Unknown,False
I_Love_Paulina,F,173,-41,2482,Unknown,False
I_Love_Paulina,F,218,-38,2483,Unknown,False
Yuri61,F,159,-256,2291,Unknown,False
zahiel,F,269,-288,2263,Unknown,False
CyrilMarcelin,F,208,-37,2511,Unknown,False
cukus,M,181,58,2559,Unknown,False
milacek,F,175,-6,2576,Unknown,False
milacek,F,183,-4,2577,Unknown,False
milacek,F,127,17,2587,Unknown,False
milacek,F,290,56,2606,Unknown,False
milacek,F,125,72,2614,Unknown,False
milacek,F,114,62,2609,Unknown,False
milacek,F,133,54,2605,Unknown,False
milacek,F,163,5,2581,Unknown,False
milacek,F,258,46,2601,Unknown,False
computing1968,F,100,-240,2297,Unknown,False
elsas,F,146,-213,2328,Unknown,False
zsoltik,F,202,-49,2482,Unknown,False
Chesstvau,F,76,-66,2482,Unknown,False
Boliviar,F,169,-320,2214,Unknown,False
coventry,F,211,-316,2218,Unknown,False
LiVaEv,F,178,-168,2362,Unknown,False
ClashRoyale,F,167,-108,2429,Unknown,False
D-Fernandez,F,158,148,2431,Unknown,False
D-Fernandez,F,195,127,2419,Unknown,False
redtom,F,181,134,2426,Unknown,False
roberto835877,F,164,239,2555,Unknown,False
ali-sh,F,153,96,2450,Unknown,False
Jean-Nathan,F,202,-40,2364,Unknown,False
Visca_el_Barca,F,137,230,2586,Unknown,False
mlatb,M,235,-74,2333,Unknown,False
Shadrics1989,F,206,184,2439,Unknown,False
Dr_Livsy,F,241,105,2440,Unknown,False
MrMatesM,F,276,158,2505,Unknown,False
Sergey_Naboka,F,225,205,2583,Unknown,False
Sergey_Naboka,F,221,140,2550,Unknown,False
borardus,F,145,263,2463,Unknown,False
ChuckPhil,M,206,-201,2346,Unknown,False
Yarebore,F,112,219,2643,Unknown,False
Yarebore,F,121,238,2653,Unknown,False
Yarebore,F,168,257,2663,Unknown,False
beatles_21,F,336,-229,2564,Unknown,False
mutdpro,M,128,212,2782,Unknown,False
KemChuoi,F,294,-276,2515,Unknown,False
runittwice,F,150,-154,2618,Unknown,False
yuroktexas84,F,139,4,2406,Unknown,False
yuroktexas84,F,169,-37,2386,Unknown,False
Satsanga,F,105,-86,2337,Unknown,False
Satsanga,F,167,-74,2343,Unknown,False
Satsanga,F,214,-46,2357,Unknown,False
Daskevich,F,119,171,2583,Unknown,False
pierrotb,F,207,261,2667,Unknown,False
pierrotb,F,154,207,2637,Unknown,False
PetarBosnjak,F,169,-28,2384,Unknown,False
PetarBosnjak,F,228,-23,2387,Unknown,False
PetarBosnjak,F,170,-22,2387,Unknown,False
Cheapie,F,228,146,2555,Unknown,False
mlatb,M,143,100,2402,Unknown,False
landitirana,F,126,65,2451,Unknown,False
Vihajaisestatulesta,F,129,-118,2297,Unknown,False
maunok,F,243,-12,2424,Unknown,False
Chesstvau,F,141,466,2668,Unknown,False
Kelevra317,F,154,-33,2748,Unknown,False
Karasik86,F,79,13,2438,Unknown,False
Tormozz,F,162,-32,2404,Unknown,False
damestar,F,193,-18,2439,Unknown,False
ApLiKeiToR,F,168,-52,2404,Unknown,False
Alexander_Zubov,F,105,120,2923,Unknown,False
Iovi,F,115,-34,2419,Unknown,False
Iovi,F,143,10,2441,Unknown,False
Iovi,F,79,-10,2431,Unknown,False
Iovi,F,121,32,2452,Unknown,False
Iovi,F,137,68,2470,Unknown,False
pierrotb,F,183,230,2630,Unknown,False
pasteta,F,137,34,2404,Unknown,False
pasteta,F,176,71,2422,Unknown,False
Shadrics1989,F,217,128,2464,Unknown,False
Ogloblin,F,123,93,2424,Unknown,False
jitanu76,F,134,-206,2608,Unknown,False
Elda64,F,153,-170,2619,Unknown,False
jitanu76,F,131,-42,2706,Unknown,False
fallthrough,F,148,-98,2661,Unknown,False
mutdpro,M,125,201,2780,Unknown,False
Napo18,F,232,156,2463,Unknown,False
Alexsur81,F,194,-120,2666,Unknown,False
Stratersest,F,244,-150,2618,Unknown,False
Stratersest,F,283,-136,2621,Unknown,False
Alexander_Zubov,F,163,170,2922,Unknown,False
Alexander_Zubov,F,220,145,2907,Unknown,False
Alexander_Zubov,F,221,142,2906,Unknown,False
San_Sanyich,F,154,-93,2681,Unknown,False
rb1994,F,173,132,2476,Unknown,False
Ovcarija,F,64,316,2568,Unknown,False
Recobachess,F,129,62,2400,Unknown,False
Stratersest,F,209,311,2639,Unknown,False
nutzy35,F,103,114,2404,Unknown,False
rustev,F,136,114,2411,Unknown,False
Mr_Is,F,118,140,2433,Unknown,False
Mr_Is,F,83,146,2436,Unknown,False
Mr_Is,F,126,130,2428,Unknown,False
lorci49,M,178,-316,2257,Unknown,False
Elda64,F,203,322,2576,Unknown,False
lorci49,M,238,-328,2251,Unknown,False
Elda64,F,124,335,2583,Unknown,False
lorci49,M,157,-341,2245,Unknown,False
BloodforBlood12,F,178,88,2462,Unknown,False
BloodforBlood12,F,133,57,2446,Unknown,False
BloodforBlood12,F,237,92,2464,Unknown,False
BloodforBlood12,F,120,60,2447,Unknown,False
MrChipper,F,100,61,2452,Unknown,False
Gabix94,F,78,47,2422,Unknown,False
Gabix94,F,119,84,2441,Unknown,False
Gabix94,F,149,106,2450,Unknown,False
Gabix94,F,107,136,2466,Unknown,False
Gabix94,F,173,121,2458,Unknown,False
gabrielyoung,F,257,-155,2249,Unknown,False
A_Kukhmazov,F,198,312,2691,Unknown,False
captoprill,F,139,-106,2306,Unknown,False
DouglasStamper,F,202,72,2422,Unknown,False
DouglasStamper,F,102,62,2417,Unknown,False
DouglasStamper,F,168,-48,2362,Unknown,False
DouglasStamper,F,102,-44,2364,Unknown,False
CristianS27,F,177,-47,2366,Unknown,False
CristianS27,F,117,-39,2370,Unknown,False
Rahman2017,F,150,65,2463,Unknown,False
panda92,F,175,-180,2240,Unknown,False
Kvaidan,F,249,-54,2385,Unknown,False
GMVallejo,F,122,291,2739,Unknown,False
lorci49,M,207,-247,2467,Unknown,False
zsoltik,F,121,-37,2436,Unknown,False
pierrotb,F,132,165,2628,Unknown,False
MrWalker,F,108,-145,2312,Unknown,False
Ghtlehrb,F,185,-205,2268,Unknown,False
FranjZ,F,196,55,2521,Unknown,False
Aronian1111,F,283,-179,2279,Unknown,False
tamik,F,164,-7,2429,Unknown,False
PregoPremium,F,266,-124,2326,Unknown,False
s_sugiarto,F,170,-199,2237,Unknown,False
Todilla,F,116,-24,2418,Unknown,False
BIG_Pirate,F,189,-79,2386,Unknown,False
Udemzo,F,207,-116,2325,Unknown,False
Donnerhall,F,151,-200,2567,Unknown,False
Sensei82,F,140,-101,2635,Unknown,False
KingChessT007,F,127,45,2513,Unknown,False
lightinghamad,F,198,-269,2212,Unknown,False
kirill_kopyonkin,F,136,11,2461,Unknown,False
gpkal,F,92,-196,2276,Unknown,False
BerlinRagnar,F,236,-100,2351,Unknown,False
dmisilver,F,105,-135,2295,Unknown,False
Arka50,F,179,4,2696,Unknown,False
nikonovenik,F,170,-95,2331,Unknown,False
ElGordito123,F,168,-133,2277,Unknown,False
Nomen-Nescio,F,226,-116,2319,Unknown,False
Booomerang,F,196,35,2478,Unknown,False
starikki2017,F,227,-61,2358,Unknown,False
Booomerang,F,271,-13,2425,Unknown,False
HashidaTitor,F,103,-97,2349,Unknown,False
Tulok58,F,110,-167,2266,Unknown,False
Furfures,F,170,-66,2638,Unknown,False
drunkster,F,144,-139,2583,Unknown,False
hyperreal,F,268,16,2443,Unknown,False
stammargg,F,186,18,2456,Unknown,False
hyperreal,F,191,4,2432,Unknown,False
ljdr,F,134,-55,2393,Unknown,False
ljdr,F,122,-51,2395,Unknown,False
elpepinillo14,F,166,87,2512,Unknown,False
elpepinillo14,F,142,57,2497,Unknown,False
bm177,F,90,-57,2378,Unknown,False
ZeruHmyz,F,169,-50,2373,Unknown,False
sakarep3,F,254,143,2590,Unknown,False
sakarep3,F,228,148,2593,Unknown,False
Bierblitz,F,239,-177,2560,Unknown,False
YOSHE1,F,93,-13,2437,Unknown,False
YOSHE1,F,224,-10,2438,Unknown,False
Sitojumi,F,178,-108,2618,Unknown,False
Sodertalje,F,99,-180,2554,Unknown,False
gmmitkov,F,144,28,2490,Unknown,False
Benj49,F,173,-8,2465,Unknown,False
AMADAN,F,127,-81,2401,Unknown,False
AMADAN,F,181,-70,2406,Unknown,False
AMADAN,F,227,-104,2389,Unknown,False
AMADAN,F,208,-94,2394,Unknown,False
papasi,F,261,-200,2546,Unknown,False
elcaseno,F,195,68,2810,Unknown,False
Falkenauge,F,217,-190,2568,Unknown,False
N-Chadaev,F,159,-69,2694,Unknown,False
sutulaja_sobaka,F,114,-146,2604,Unknown,False
kuba12345,F,286,-145,2573,Unknown,False
pierrotb,F,243,321,2771,Unknown,False
pierrotb,F,109,283,2748,Unknown,False
Hypnotized29,F,102,-162,2552,Unknown,False
Artemij851,F,227,152,2469,Unknown,False
Koig,F,110,1,2710,Unknown,False
soyleyende,F,186,-180,2524,Unknown,False
Chess_training,F,213,36,2485,Unknown,False
unknown-maestro,F,102,-186,2501,Unknown,False
unknown-maestro,F,247,-188,2500,Unknown,False
unknown-maestro,F,124,-168,2509,Unknown,False
LittlePumpkin,F,140,-76,2599,Unknown,False
Dgita35492,F,220,90,2410,Unknown,False
Jirkar,F,216,-7,2445,Unknown,False
Sergey_Kasparov,F,262,-157,2514,Unknown,False
BornOfGodAndVoid,F,257,199,2504,Unknown,False
Harrison_Wells,F,283,-21,2657,Unknown,False
Harrison_Wells,F,129,-17,2659,Unknown,False
thijscom,F,167,136,2458,Unknown,False
Rokou,F,238,-132,2541,Unknown,False
shuriks91,F,184,-102,2585,Unknown,False
fallthrough,F,221,-137,2572,Unknown,False
fallthrough,F,172,-122,2579,Unknown,False
fallthrough,F,193,-108,2586,Unknown,False
Killerkaz,F,183,-122,2330,Unknown,False
chargemax23,F,145,-163,2509,Unknown,False
pierrotb,F,115,243,2698,Unknown,False
pierrotb,F,196,214,2682,Unknown,False
pierrotb,F,95,187,2667,Unknown,False
Schachinschac02,F,188,-121,2550,Unknown,False
smurf42,F,167,-174,2497,Unknown,False
smurf42,F,176,-157,2505,Unknown,False
NPezelj,F,139,-166,2509,Unknown,False
NPezelj,F,120,-148,2518,Unknown,False
slouuuurps,F,139,-149,2530,Unknown,False
slouuuurps,F,234,-131,2539,Unknown,False
Burberry,F,133,20,2675,Unknown,False
Burberry,F,164,60,2695,Unknown,False
ponizilvcyrda,F,182,53,2508,Unknown,False
ponizilvcyrda,F,166,67,2515,Unknown,False
Silent_Bluntman,F,128,-39,2394,Unknown,False
KA3UK-pidar,F,121,-80,2363,Unknown,False
Elda64,F,174,61,2697,Unknown,False
mutdpro,M,95,-81,2626,Unknown,False
Elda64,F,143,52,2693,Unknown,False
mutdpro,M,278,-25,2655,Unknown,False
EnriqueLlobell,F,211,-125,2525,Unknown,False
Vuk00,F,159,165,2603,Unknown,False
anantone,F,125,-158,2500,Unknown,False
SHEFFFF,F,198,16,2437,Unknown,False
flamenko,F,185,-79,2353,Unknown,False
Alosy,F,129,-60,2371,Unknown,False
Alosy,F,116,-94,2354,Unknown,False
Alosy,F,200,-124,2339,Unknown,False
Alosy,F,168,-112,2345,Unknown,False
Alosy,F,270,-140,2331,Unknown,False
ZeruHmyz,F,131,-90,2393,Unknown,False
hyperreal,F,168,-76,2402,Unknown,False
mattangriff,F,172,-18,2443,Unknown,False
BornOfGodAndVoid,F,204,-22,2458,Unknown,False
BornOfGodAndVoid,F,188,-46,2443,Unknown,False
BienBienProfond,F,166,-89,2377,Unknown,False
kuba12345,F,199,82,2522,Unknown,False
mrchess2013,F,88,5,2447,Unknown,False
Miguoel,F,162,-170,2502,Unknown,False
Ogloblin,F,206,33,2473,Unknown,False
Iwant3000,F,260,-123,2555,Unknown,False
royalehero,F,77,-97,2342,Unknown,False
mlatb,M,137,93,2446,Unknown,False
Elda64,F,170,172,2626,Unknown,False
soyleyende,F,171,-106,2541,Unknown,False
soyleyende,F,177,-92,2548,Unknown,False
flamenko,F,161,-47,2401,Unknown,False
Kjetil_Lie80,F,179,-146,2510,Unknown,False
pepitoverdulero,F,145,-146,2517,Unknown,False
Jamiryo33,F,236,-159,2511,Unknown,False
Shprot86,F,281,84,2737,Unknown,False
Doccy1,F,173,-150,2509,Unknown,False
cemilchess,F,205,-7,2659,Unknown,False
cemilchess,F,114,-48,2639,Unknown,False
donateIIo,F,322,-6,2666,Unknown,False
donateIIo,F,216,-26,2656,Unknown,False
gmmitkov,F,212,-152,2525,Unknown,False
gmmitkov,F,180,-136,2533,Unknown,False
Ogloblin,F,190,-132,2550,Unknown,False
kuba12345,F,119,-108,2581,Unknown,False
Vnebo,F,130,-160,2515,Unknown,False
Vnebo,F,132,-121,2535,Unknown,False
fallthrough,F,143,-125,2516,Unknown,False
fallthrough,F,234,-153,2502,Unknown,False
Sergey_Kasparov,F,220,-112,2558,Unknown,False
am31,F,116,-47,2629,Unknown,False
viswanathanAnand000,F,237,-111,2574,Unknown,False
Neverhood,F,200,-114,2579,Unknown,False
mutdpro,M,112,86,2679,Unknown,False
mutdpro,M,158,41,2687,Unknown,False
rhungaski,F,159,-17,2658,Unknown,False
mutdpro,M,160,38,2685,Unknown,False
rhungaski,F,338,-57,2638,Unknown,False
PetarBosnjak,F,165,23,2459,Unknown,False
PetarBosnjak,F,172,61,2478,Unknown,False
PetarBosnjak,F,171,53,2474,Unknown,False
PetarBosnjak,F,162,103,2499,Unknown,False
PetarBosnjak,F,280,51,2473,Unknown,False
PetarBosnjak,F,234,47,2471,Unknown,False
PetarBosnjak,F,243,20,2458,Unknown,False
PetarBosnjak,F,144,17,2456,Unknown,False
PetarBosnjak,F,148,14,2455,Unknown,False
PetarBosnjak,F,116,13,2454,Unknown,False
PetarBosnjak,F,138,-28,2434,Unknown,False
PetarBosnjak,F,132,15,2455,Unknown,False
PetarBosnjak,F,115,33,2464,Unknown,False
PetarBosnjak,F,128,-11,2442,Unknown,False
PetarBosnjak,F,223,-49,2423,Unknown,False
mutdpro,M,208,156,2682,Unknown,False
Daskevich,F,205,-170,2519,Unknown,False
mutdpro,M,173,43,2695,Unknown,False
Elda64,F,103,-63,2641,Unknown,False
mutdpro,M,134,36,2692,Unknown,False
Elda64,F,224,-56,2645,Unknown,False
mutdpro,M,150,30,2689,Unknown,False
Elda64,F,127,-5,2672,Unknown,False
cbr650f,F,173,-26,2662,Unknown,False
PetarBosnjak,F,156,-23,2426,Unknown,False
PetarBosnjak,F,102,-22,2427,Unknown,False
PetarBosnjak,F,129,-20,2428,Unknown,False
PetarBosnjak,F,177,-37,2419,Unknown,False
PetarBosnjak,F,279,-14,2431,Unknown,False
PetarBosnjak,F,262,7,2441,Unknown,False
PetarBosnjak,F,141,-34,2421,Unknown,False
PetarBosnjak,F,233,10,2443,Unknown,False
PetarBosnjak,F,277,8,2442,Unknown,False
PetarBosnjak,F,111,27,2451,Unknown,False
Vladislav_Matyunin,F,212,-86,2315,Unknown,False
Vladislav_Matyunin,F,104,-117,2299,Unknown,False
ali-sh,F,236,11,2414,Unknown,False
shirepir,F,244,-56,2345,Unknown,False
ebijo,F,110,4,2402,Unknown,False
lorci49,M,159,-129,2303,Unknown,False
PetarBosnjak,F,228,73,2461,Unknown,False
PetarBosnjak,F,164,45,2447,Unknown,False
PetarBosnjak,F,177,80,2464,Unknown,False
PetarBosnjak,F,150,91,2470,Unknown,False
PetarBosnjak,F,179,72,2460,Unknown,False
PetarBosnjak,F,130,65,2457,Unknown,False
PetarBosnjak,F,333,98,2473,Unknown,False
PetarBosnjak,F,175,128,2488,Unknown,False
PetarBosnjak,F,117,44,2446,Unknown,False
PetarBosnjak,F,110,38,2443,Unknown,False
PetarBosnjak,F,124,74,2461,Unknown,False
flamenko,F,212,-12,2395,Unknown,False
masbahi1393,F,134,-78,2327,Unknown,False
masbahi1393,F,109,-68,2332,Unknown,False
Glig,F,207,8,2404,Unknown,False
skiver1,F,218,29,2429,Unknown,False
PetarBosnjak,F,118,194,2605,Unknown,False
PetarBosnjak,F,262,204,2610,Unknown,False
PetarBosnjak,F,251,183,2599,Unknown,False
PetarBosnjak,F,139,205,2611,Unknown,False
PetarBosnjak,F,197,180,2598,Unknown,False
PetarBosnjak,F,123,158,2587,Unknown,False
PetarBosnjak,F,194,184,2600,Unknown,False
PetarBosnjak,F,191,162,2589,Unknown,False
CuzImBetter,F,127,134,2459,Unknown,False
CuzImBetter,F,242,93,2443,Unknown,False
CuzImBetter,F,109,124,2459,Unknown,False
Doccy1,F,220,173,2488,Unknown,False
Lolo159,F,215,-115,2586,Unknown,False
MarcTheSpark,F,108,232,2481,Unknown,False
viachessmaster,F,129,209,2476,Unknown,False
Enchanteur,M,216,-221,2261,Unknown,False
cemilchess,F,123,-36,2660,Unknown,False
cemilchess,F,130,-32,2662,Unknown,False
viachessmaster,F,106,207,2475,Unknown,False
KronosChess,F,135,-41,2670,Unknown,False
SchieberSpieler,F,135,-116,2595,Unknown,False
fallthrough,F,218,-160,2579,Unknown,False
gsoppe,F,218,122,2400,Unknown,False
AdriD,F,169,398,2662,Unknown,False
alifie,F,213,273,2505,Unknown,False
Kvaidan,F,92,-163,2252,Unknown,False
Yarebore,F,157,154,2575,Unknown,False
Yarebore,F,163,88,2539,Unknown,False
Yarebore,F,224,76,2533,Unknown,False
purzelbaumer,F,136,46,2411,Unknown,False
MrBadbeat,F,185,234,2453,Unknown,False
stuffings,F,131,-71,2377,Unknown,False
stuffings,F,176,-107,2358,Unknown,False
Visca_el_Barca,F,192,127,2604,Unknown,False
KAP5,F,193,-56,2414,Unknown,False
redtom,F,208,-1,2456,Unknown,False
DerBlitzer,F,134,-65,2391,Unknown,False
purpledwarf,F,202,-180,2560,Unknown,False
Viktor1326,F,155,49,2442,Unknown,False
Crossbow,F,107,-64,2340,Unknown,False
Leviathan64,F,108,165,2560,Unknown,False
Leviathan64,F,134,158,2556,Unknown,False
Mikhail_Golubev,F,116,-105,2339,Unknown,False
mlatb,M,142,63,2430,Unknown,False
Mikhail_Golubev,F,93,-27,2391,Unknown,False
deankiller,F,136,-182,2562,Unknown,False
Unknown96,F,244,-162,2572,Unknown,False
cemilchess,F,297,-74,2650,Unknown,False
Varinius,F,144,150,2444,Unknown,False
sjakk98765,F,339,-178,2558,Unknown,False
Muha750,F,150,-22,2406,Unknown,False
Zlatin,F,121,-160,2278,Unknown,False
MilovanR,F,110,-63,2663,Unknown,False
mutdpro,M,154,37,2713,Unknown,False
MilovanR,F,145,-57,2666,Unknown,False
mutdpro,M,110,75,2732,Unknown,False
fallthrough,F,211,-174,2573,Unknown,False
fallthrough,F,284,-164,2578,Unknown,False
tornike_sanikidze,F,202,-107,2650,Unknown,False
mutdpro,M,171,122,2765,Unknown,False
tornike_sanikidze,F,272,-93,2657,Unknown,False
mutdpro,M,215,67,2737,Unknown,False
tornike_sanikidze,F,177,-41,2683,Unknown,False
mutdpro,M,110,17,2712,Unknown,False
tornike_sanikidze,F,86,-37,2685,Unknown,False
mutdpro,M,137,14,2710,Unknown,False
Federtiu,F,184,-104,2595,Unknown,False
Misha_Kopatych,F,163,-120,2594,Unknown,False
cubanito2002,F,103,-169,2559,Unknown,False
MilovanR,F,134,128,2528,Unknown,False
Warrior_5,M,220,-142,2393,Unknown,False
Federtiu,F,118,-106,2607,Unknown,False
Pap-G,F,227,4,2713,Unknown,False
Pap-G,F,124,-39,2691,Unknown,False
AlexTriapishko,F,131,-97,2651,Unknown,False
mutdpro,M,205,69,2735,Unknown,False
Pap-G,F,154,-52,2679,Unknown,False
LittlePumpkin,F,228,-153,2572,Unknown,False
PetarBosnjak,F,122,10,2421,Unknown,False
PetarBosnjak,F,173,28,2430,Unknown,False
PetarBosnjak,F,78,65,2448,Unknown,False
PetarBosnjak,F,284,59,2445,Unknown,False
PetarBosnjak,F,178,73,2452,Unknown,False
PetarBosnjak,F,159,67,2449,Unknown,False
PetarBosnjak,F,89,39,2435,Unknown,False
Avalyan,F,217,-191,2505,Unknown,False
MilovanR,F,188,-59,2652,Unknown,False
Naaas,F,268,25,2745,Unknown,False
Naaas,F,162,4,2735,Unknown,False
Naaas,F,119,-36,2715,Unknown,False
milacek,F,178,-142,2608,Unknown,False
milacek,F,301,-84,2637,Unknown,False
Marchcomes,F,112,34,2407,Unknown,False
PetarBosnjak,F,134,95,2461,Unknown,False
PetarBosnjak,F,144,85,2456,Unknown,False
PetarBosnjak,F,179,75,2451,Unknown,False
PetarBosnjak,F,210,107,2467,Unknown,False
Yarebore,F,136,-98,2617,Unknown,False
liczner,F,225,-98,2611,Unknown,False
liczner,F,208,-128,2596,Unknown,False
Seneka_Sensei,F,101,103,2813,Unknown,False
reuental,F,176,-105,2612,Unknown,False
Prokofiev,F,241,79,2420,Unknown,False
SatinButterfly,F,148,-136,2566,Unknown,False
Naaas,F,147,-136,2580,Unknown,False
Shadin,F,176,119,2442,Unknown,False
cemilchess,F,146,-87,2645,Unknown,False
jesselroy99,F,136,43,2419,Unknown,False
PetarBosnjak,F,220,101,2471,Unknown,False
fallthrough,F,278,124,2531,Unknown,False
Metesase,F,115,84,2479,Unknown,False
Metesase,F,211,54,2464,Unknown,False
Metesase,F,225,89,2482,Unknown,False
MerVit,F,69,19,2406,Unknown,False
MerVit,F,81,57,2425,Unknown,False
PetarBosnjak,F,176,106,2473,Unknown,False
PetarBosnjak,F,87,93,2467,Unknown,False
PetarBosnjak,F,168,43,2442,Unknown,False
PetarBosnjak,F,126,37,2439,Unknown,False
mutdpro,M,168,165,2748,Unknown,False
Mustonic90,F,301,-32,2733,Unknown,False
Mr_Qwerty1,F,204,48,2408,Unknown,False
Mr_Qwerty1,F,220,-39,2364,Unknown,False
Yarebore,F,92,-147,2618,Unknown,False
Yarebore,F,102,-130,2627,Unknown,False
Yarebore,F,150,-113,2636,Unknown,False
PetarBosnjak,F,169,15,2428,Unknown,False
PetarBosnjak,F,369,14,2428,Unknown,False
PetarBosnjak,F,209,-8,2417,Unknown,False
PetarBosnjak,F,170,33,2437,Unknown,False
PetarBosnjak,F,141,49,2445,Unknown,False
PetarBosnjak,F,113,83,2462,Unknown,False
PetarBosnjak,F,229,113,2477,Unknown,False
PetarBosnjak,F,151,61,2451,Unknown,False
papasi,F,153,-52,2352,Unknown,False
NeverEnough,F,46,-53,2714,Unknown,False
Ninely,M,267,-106,2340,Unknown,False
Alex_Lidsky,F,181,-24,2388,Unknown,False
landitirana,F,179,171,2582,Unknown,False
donateIIo,F,105,-58,2694,Unknown,False
donateIIo,F,101,-96,2677,Unknown,False
DrBergostein,F,121,-93,2681,Unknown,False
michalios1975,F,197,176,2430,Unknown,False
bilbas,F,211,126,2509,Unknown,False
redtom,F,197,48,2465,Unknown,False
Sorax1995,F,212,59,2488,Unknown,False
Sorax1995,F,111,53,2484,Unknown,False
Recobachess,F,127,-9,2405,Unknown,False
CuzImBetter,F,183,-18,2395,Unknown,False
borardus,F,192,17,2408,Unknown,False
Kulio,F,182,-90,2319,Unknown,False
Odirovski,F,93,140,2421,Unknown,False
chessgambler09,F,97,69,2474,Unknown,False
Tahaned2015,F,109,51,2460,Unknown,False
tapkus,F,177,26,2438,Unknown,False
rezamo,F,257,-49,2383,Unknown,False
rezamo,F,158,-3,2406,Unknown,False
VladimirRukavishnik,F,144,89,2488,Unknown,False
Yarebore,F,172,-113,2664,Unknown,False
forshmakoff,F,185,-127,2645,Unknown,False
shhamo,M,159,-94,2318,Unknown,False
Yarebore,F,195,-84,2642,Unknown,False
Yarebore,F,116,-129,2627,Unknown,False
Yarebore,F,104,-108,2635,Unknown,False
Locotito,F,134,-11,2411,Unknown,False
Locotito,F,133,-50,2391,Unknown,False
SHEFFFF,F,80,238,2504,Unknown,False
JIL-BATCH4,F,138,-93,2309,Unknown,False
BankerBilo,F,174,1,2418,Unknown,False
Greg2a,F,130,-52,2375,Unknown,False
steva23,F,174,-82,2352,Unknown,False
German308,F,227,41,2462,Unknown,False
German308,F,203,16,2449,Unknown,False
ErgRaider,F,130,-86,2381,Unknown,False
Warrior_5,M,183,0,2475,Unknown,False
Artamonov_Pavel,F,141,-122,2363,Unknown,False
Artamonov_Pavel,F,195,-68,2390,Unknown,False
YaKa-KaKa,F,175,-17,2406,Unknown,False
dozer01,F,187,121,2428,Unknown,False
matealo,F,110,-30,2405,Unknown,False
Eduiturri,F,153,37,2769,Unknown,False
Eduiturri,F,193,59,2779,Unknown,False
Eduiturri,F,194,77,2787,Unknown,False
LaBoite,F,74,10,2423,Unknown,False
LittlePumpkin,F,223,101,2505,Unknown,False
LittlePumpkin,F,242,91,2500,Unknown,False
beatles_21,F,133,169,2561,Unknown,False
mlatb,M,153,-137,2407,Unknown,False
beatles_21,F,119,150,2551,Unknown,False
mlatb,M,179,-164,2395,Unknown,False
beatles_21,F,123,154,2553,Unknown,False
mlatb,M,173,-167,2393,Unknown,False
beatles_21,F,212,180,2567,Unknown,False
mlatb,M,194,-148,2402,Unknown,False
beatles_21,F,169,161,2557,Unknown,False
mlatb,M,146,-174,2390,Unknown,False
beatles_21,F,130,163,2558,Unknown,False
mlatb,M,112,-132,2410,Unknown,False
beatles_21,F,144,146,2549,Unknown,False
mlatb,M,84,-159,2397,Unknown,False
Mysfed,F,110,58,2472,Unknown,False
Dudell,F,179,62,2468,Unknown,False
kisfiam,F,138,-70,2351,Unknown,False
kisfiam,F,196,-104,2334,Unknown,False
kisfiam,F,139,-93,2339,Unknown,False
kisfiam,F,219,-81,2345,Unknown,False
UnknownM8,F,80,1,2414,Unknown,False
dabee,F,123,39,2463,Unknown,False
dabee,F,186,-10,2437,Unknown,False
Recobachess,F,136,92,2500,Unknown,False
Grandmasterbomo,F,143,-19,2409,Unknown,False
Grandmasterbomo,F,118,3,2420,Unknown,False
grandmatt,F,87,17,2450,Unknown,False
juriko,F,195,-56,2367,Unknown,False
Gabix94,F,98,66,2466,Unknown,False
szanto88,F,109,163,2477,Unknown,False
filmer75,F,120,73,2412,Unknown,False
Take-Mikazuchi,F,233,155,2502,Unknown,False
Take-Mikazuchi,F,116,159,2504,Unknown,False
Huschelzwack,F,191,203,2589,Unknown,False
novik70,F,114,-21,2398,Unknown,False
Kairatkost,F,186,-205,2217,Unknown,False
mi2497,F,153,-17,2409,Unknown,False
monakoluyum,F,261,-100,2337,Unknown,False
cofre,F,181,-9,2456,Unknown,False
maksim2103,F,108,-163,2294,Unknown,False
The_Fox_Agent,F,146,-181,2283,Unknown,False
Burberry,F,194,96,2557,Unknown,False
SP1200,F,99,-115,2360,Unknown,False
AMC68,F,254,-170,2327,Unknown,False
vizir7,F,139,-170,2323,Unknown,False
caveman12345,F,226,-56,2453,Unknown,False
lidenbrook,F,254,-240,2265,Unknown,False
rhungaski,F,119,135,2640,Unknown,False
morchiashvili,F,162,-14,2507,Unknown,False
josiur,F,187,-183,2342,Unknown,False
Fivezero,F,194,-227,2292,Unknown,False
El998,F,189,-208,2326,Unknown,False
Pranieth_KC,F,130,-314,2208,Unknown,False
Shojaedell,F,215,-95,2407,Unknown,False
Achanich,F,171,-221,2288,Unknown,False
Evgeny_Levin,F,186,158,2649,Unknown,False
Evgeny_Levin,F,97,187,2664,Unknown,False
FireonBoard,F,116,120,2577,Unknown,False
MORNAR1,F,173,-270,2212,Unknown,False
elgalo,F,127,-228,2242,Unknown,False
T-Stevenson,F,185,-112,2375,Unknown,False
zaratustra2018,F,203,-189,2283,Unknown,False
Shojaedell,F,148,-52,2415,Unknown,False
Lord_Stronghold,F,115,344,2688,Unknown,False
Biriyani,F,102,232,2594,Unknown,False
AceBonaventura,F,171,-16,2423,Unknown,False
yuroktexas84,F,113,59,2509,Unknown,False
alifie,F,147,59,2533,Unknown,False
delapoutre,F,175,38,2503,Unknown,False
SOLID_8,F,69,-142,2324,Unknown,False
Belousov1996,F,190,-207,2243,Unknown,False
Ninely,M,202,188,2456,Unknown,False
LDago,F,261,-81,2351,Unknown,False
Lexusbond,F,221,-98,2343,Unknown,False
DisbaLance_one,F,115,-118,2321,Unknown,False
Philofive,F,113,-68,2384,Unknown,False
Lord_Stronghold,F,257,257,2663,Unknown,False
KOHA_2019,F,132,54,2477,Unknown,False
mlatb,M,232,-51,2427,Unknown,False
pulvettd,F,107,74,2492,Unknown,False
The_Fox_Agent,F,165,-63,2386,Unknown,False
ZeruHmyz,F,139,-154,2305,Unknown,False
oo2pl,F,201,-214,2237,Unknown,False
SHEFFFF,F,118,-71,2377,Unknown,False
CuatroPrincesas,F,210,-187,2247,Unknown,False
tapkus,F,130,24,2466,Unknown,False
anhao,F,84,-13,2416,Unknown,False
Maghreb,F,122,-9,2404,Unknown,False
mancillador,F,237,-31,2378,Unknown,False
damithk,F,179,-68,2350,Unknown,False
chessgod1999,F,119,-137,2280,Unknown,False
Evgeny_Levin,F,247,298,2703,Unknown,False
Evgeny_Levin,F,143,289,2698,Unknown,False
Evgeny_Levin,F,150,305,2707,Unknown,False
Evgeny_Levin,F,253,319,2714,Unknown,False
Evgeny_Levin,F,150,286,2697,Unknown,False
Bierblitz,F,182,51,2458,Unknown,False
Bierblitz,F,146,46,2456,Unknown,False
ujku,F,133,-62,2389,Unknown,False
grandmatt,F,187,-68,2385,Unknown,False
Korum65,F,182,-45,2398,Unknown,False
Masuzu,F,206,-11,2411,Unknown,False
GreenRanger87,F,237,90,2524,Unknown,False
AceBonaventura,F,118,-70,2368,Unknown,False
AceBonaventura,F,104,-104,2352,Unknown,False
AceBonaventura,F,253,-134,2338,Unknown,False
Madmoron,F,183,37,2502,Unknown,False
AndreyStarkon,F,161,-100,2396,Unknown,False
Ninely,M,177,-49,2504,Unknown,False
MilovanR,F,62,68,2562,Unknown,False
agent__orange,F,84,-251,2234,Unknown,False
Krokodil3,F,135,10,2477,Unknown,False
dimab,F,183,191,2426,Unknown,False
Frutek,F,132,-85,2356,Unknown,False
LDago,F,144,-106,2311,Unknown,False
FischersFrisoer,F,163,-87,2339,Unknown,False
vladlitus,F,221,30,2449,Unknown,False
beatles_21,F,186,140,2540,Unknown,False
mlatb,M,231,-109,2415,Unknown,False
beatles_21,F,109,124,2532,Unknown,False
mlatb,M,113,-139,2401,Unknown,False
beatles_21,F,129,153,2547,Unknown,False
mlatb,M,124,-121,2410,Unknown,False
beatles_21,F,209,137,2539,Unknown,False
mlatb,M,234,-129,2406,Unknown,False
beatles_21,F,103,143,2542,Unknown,False
mlatb,M,269,-112,2415,Unknown,False
beatles_21,F,283,128,2535,Unknown,False
mlatb,M,131,-120,2411,Unknown,False
beatles_21,F,200,92,2517,Unknown,False
mlatb,M,135,-108,2417,Unknown,False
KLBennett,F,193,-188,2221,Unknown,False
josiur,F,128,-50,2351,Unknown,False
alesig71,F,190,100,2488,Unknown,False
UnknownM8,F,113,22,2409,Unknown,False
patzer001,F,119,-67,2333,Unknown,False
Odirovski,F,98,89,2458,Unknown,False
alesig71,F,148,129,2472,Unknown,False
ViceDean,F,80,96,2472,Unknown,False
meduzka,F,159,39,2406,Unknown,False
mlatb,M,109,-81,2410,Unknown,False
Huschelzwack,F,199,166,2589,Unknown,False
BTR-07,F,122,-9,2402,Unknown,False
mlatb,M,130,-55,2422,Unknown,False
Just_StudentMATF,F,194,16,2418,Unknown,False
Alexr58,F,174,-49,2362,Unknown,False
Alexr58,F,196,-85,2344,Unknown,False
jim2600,F,110,63,2442,Unknown,False
AGM_Datuali_Sinsuat,F,127,-42,2373,Unknown,False
comicsclub,F,82,9,2466,Unknown,False
comicsclub,F,180,-11,2456,Unknown,False
Lord_Stronghold,F,196,296,2643,Unknown,False
Boyechko_O,F,154,60,2467,Unknown,False
Jirkar,F,159,132,2544,Unknown,False
Jirkar,F,102,102,2530,Unknown,False
carapapa92,F,143,73,2551,Unknown,False
Kuba2011,F,263,54,2514,Unknown,False
Kuba2011,F,155,48,2511,Unknown,False
Napo18,F,156,62,2507,Unknown,False
SCEAU_A_KROTTE,F,163,-194,2226,Unknown,False
AceBonaventura,F,230,2,2439,Unknown,False
joran2693,F,178,-178,2227,Unknown,False
The_Fox_Agent,F,118,-6,2398,Unknown,False
gsoppe,F,71,-20,2427,Unknown,False
gsoppe,F,98,-60,2407,Unknown,False
mlatb,M,157,26,2463,Unknown,False
www68,F,254,-3,2449,Unknown,False
AceBonaventura,F,104,-15,2458,Unknown,False
E_Kudashoff,F,172,-12,2460,Unknown,False
mlatb,M,163,-60,2482,Unknown,False
www68,F,157,-23,2450,Unknown,False
Fordraw1992,F,204,164,2451,Unknown,False
lovesomemama,F,166,20,2414,Unknown,False
rodion_romanovich_r,F,231,37,2418,Unknown,False
Hemoglobinski,F,131,58,2447,Unknown,False
lululikeyou,F,196,-69,2349,Unknown,False
db1000c,F,198,19,2483,Unknown,False
Abu-Jafarr,F,148,-170,2235,Unknown,False
nauthzz2700,F,173,90,2495,Unknown,False
ZeruHmyz,F,69,-43,2378,Unknown,False
ZeruHmyz,F,211,-39,2380,Unknown,False
MarkovChains9,F,145,-112,2295,Unknown,False
mila2010,F,132,171,2454,Unknown,False
kjChess,F,140,3,2438,Unknown,False
Asonchess,F,220,81,2527,Unknown,False
sykv,F,136,71,2411,Unknown,False
angling,F,152,84,2432,Unknown,False
vkorennoy,F,132,114,2435,Unknown,False
pulvettd,F,105,119,2422,Unknown,False
pulvettd,F,134,104,2415,Unknown,False
pulvettd,F,83,134,2430,Unknown,False
pulvettd,F,131,161,2444,Unknown,False
RSUPE_MiRacLe,F,154,183,2469,Unknown,False
berik_k88,F,128,58,2409,Unknown,False
berik_k88,F,131,42,2400,Unknown,False
V_vs,F,136,155,2468,Unknown,False
DVRazor,F,180,68,2408,Unknown,False
Napo18,F,208,67,2444,Unknown,False
jgeg,F,209,22,2403,Unknown,False
Lars555,F,183,73,2418,Unknown,False
mlatb,M,176,6,2440,Unknown,False
HaroldChasen,F,144,-16,2434,Unknown,False
Geck0,F,250,-7,2463,Unknown,False
filmer75,F,180,101,2434,Unknown,False
El_Jacko,F,145,-9,2434,Unknown,False
Jirkar,F,174,71,2496,Unknown,False
mlatb,M,178,-37,2417,Unknown,False
IljaSir,F,103,35,2453,Unknown,False
mlatb,M,170,-53,2409,Unknown,False
IljaSir,F,137,29,2450,Unknown,False
Grancanarias,F,191,21,2433,Unknown,False
mlatb,M,178,-40,2403,Unknown,False
Jaggust01,F,108,250,2612,Unknown,False
Puntano,F,157,40,2425,Unknown,False
sellaturcica97,F,147,245,2618,Unknown,False
BTR-07,F,226,75,2422,Unknown,False
ArdaCoskun,F,198,69,2445,Unknown,False
trener67,F,181,85,2452,Unknown,False
Tel-el,F,94,268,2657,Unknown,False
TheDrunkenMaster,F,142,-31,2369,Unknown,False
vladtok,F,175,41,2402,Unknown,False
vladtok,F,148,-41,2361,Unknown,False
vladtok,F,84,-75,2344,Unknown,False
BKMZBKMZ,F,111,247,2637,Unknown,False
MrEnroke,F,151,48,2434,Unknown,False
Damianlamy,F,151,-64,2354,Unknown,False
HWegner,F,98,69,2467,Unknown,False
thewalkingdead10,F,122,27,2428,Unknown,False
rovsila1,F,264,-70,2335,Unknown,False
RigelStar,F,251,95,2508,Unknown,False
Crimes,F,193,-11,2422,Unknown,False
Puki73,F,186,-49,2359,Unknown,False
V72_VM,F,106,148,2446,Unknown,False
V72_VM,F,110,132,2438,Unknown,False
Gmshooter96,F,274,20,2452,Unknown,False
Mettigel,F,181,-4,2439,Unknown,False
Mettigel,F,140,35,2459,Unknown,False
tuzlukov_daniil,F,111,-18,2417,Unknown,False
aisa86,M,193,-104,2434,Unknown,False
comicsclub,F,121,32,2469,Unknown,False
jamesARDEN13,F,92,306,2564,Unknown,False
jamesARDEN13,F,180,320,2572,Unknown,False
mbakkor,F,109,-128,2307,Unknown,False
abricot,F,94,13,2454,Unknown,False
MaksimPanov,F,206,13,2444,Unknown,False
lacsapmg,F,190,251,2623,Unknown,False
KamizedeDios,F,140,101,2467,Unknown,False
KamizedeDios,F,160,89,2462,Unknown,False
Odirovski,F,165,33,2452,Unknown,False
Odirovski,F,149,69,2470,Unknown,False
KamizedeDios,F,178,79,2458,Unknown,False
yurkkka,F,248,30,2436,Unknown,False
KamizedeDios,F,128,112,2474,Unknown,False
KamizedeDios,F,189,100,2468,Unknown,False
KamizedeDios,F,223,90,2464,Unknown,False
KamizedeDios,F,116,60,2449,Unknown,False
KamizedeDios,F,130,54,2446,Unknown,False
KamizedeDios,F,275,50,2444,Unknown,False
KamizedeDios,F,136,83,2461,Unknown,False
Sandstad,F,199,-103,2330,Unknown,False
ragetilt,F,257,72,2480,Unknown,False
ragetilt,F,72,45,2467,Unknown,False
ragetilt,F,149,79,2484,Unknown,False
Boreminator,F,109,19,2428,Unknown,False
calito1969,F,162,68,2498,Unknown,False
calito1969,F,93,21,2475,Unknown,False
calito1969,F,176,-20,2455,Unknown,False
calito1969,F,149,-36,2447,Unknown,False
calito1969,F,156,-52,2439,Unknown,False
volodja49,F,113,49,2449,Unknown,False
DenseSubset,F,68,140,2562,Unknown,False
Itachi_Ut,F,109,79,2517,Unknown,False
kemel2003,F,83,-23,2419,Unknown,False
laguun,F,159,-18,2423,Unknown,False
papasi,F,195,88,2518,Unknown,False
Wea_pawn,F,65,38,2478,Unknown,False
Glig,F,98,40,2463,Unknown,False
Glig,F,167,34,2460,Unknown,False
DenseSubset,F,136,88,2517,Unknown,False
DenseSubset,F,307,77,2511,Unknown,False
Dark_Dragon03,F,99,-32,2404,Unknown,False
Urquharts,F,100,-25,2421,Unknown,False
Kiluakilua,F,110,-46,2400,Unknown,False
matapatos28,F,135,-53,2411,Unknown,False
squat_king,F,137,-25,2456,Unknown,False
sicilian_bum,F,176,25,2515,Unknown,False
MrBad74,F,85,-63,2415,Unknown,False
Tayka,F,159,170,2646,Unknown,False
Romsta,F,146,-45,2445,Unknown,False
Chesssknock,F,143,148,2635,Unknown,False
EnergyVision,F,98,9,2500,Unknown,False
EnergyVision,F,180,7,2499,Unknown,False
Kastling,F,93,-73,2420,Unknown,False
astroke,F,183,-76,2405,Unknown,False
speedrunto23,F,111,-1,2509,Unknown,False
aisa86,M,189,-19,2500,Unknown,False
speedrunto23,F,214,37,2528,Unknown,False
aisa86,M,171,-15,2502,Unknown,False
speedrunto23,F,115,-6,2507,Unknown,False
aisa86,M,118,-14,2503,Unknown,False
aisa86,M,118,-63,2493,Unknown,False
herichess5,F,247,-79,2414,Unknown,False
V72_VM,F,239,-63,2438,Unknown,False
herichess5,F,246,-88,2421,Unknown,False
TrickOrTreat,F,148,-42,2453,Unknown,False
trushnikov,F,186,18,2533,Unknown,False
Vihajaisestatulesta,F,159,-97,2429,Unknown,False
Wea_pawn,F,100,-7,2526,Unknown,False
Wea_pawn,F,133,-46,2507,Unknown,False
Napo18,F,136,31,2574,Unknown,False
Sergey_Naboka,F,136,-45,2518,Unknown,False
Tel-el,F,79,55,2615,Unknown,False
Tel-el,F,166,88,2632,Unknown,False
vaquitachess,F,139,-10,2539,Unknown,False
snooopy,F,93,53,2631,Unknown,False
snooopy,F,117,46,2628,Unknown,False
alifie,F,142,2,2564,Unknown,False
Gabix94,F,248,-7,2534,Unknown,False
treningowekonto,F,130,-209,2341,Unknown,False
Itachi_Ut,F,96,-43,2512,Unknown,False
snooopy,F,186,-34,2509,Unknown,False
Koubba,F,128,42,2565,Unknown,False
testviking,F,116,76,2610,Unknown,False
testviking,F,222,69,2607,Unknown,False
testviking,F,151,60,2603,Unknown,False
MisaPap,F,227,49,2567,Unknown,False
Napo18,F,159,18,2549,Unknown,False
trushnikov,F,216,36,2539,Unknown,False
alesig71,F,101,58,2575,Unknown,False
BagarreKing,F,197,76,2605,Unknown,False
Odirovski,F,163,-6,2515,Unknown,False
Boreminator,F,127,-27,2524,Unknown,False
Transversalwelle,F,248,-143,2274,Unknown,False
jmc1,F,196,85,2498,Unknown,False
Dimas20003,F,157,-19,2514,Unknown,False
jmc1,F,226,-27,2515,Unknown,False
smurf42,F,93,-50,2501,Unknown,False
LegendLord,F,347,-57,2503,Unknown,False
LegendLord,F,213,-53,2505,Unknown,False
gmmitkov,F,195,13,2579,Unknown,False
Jirkar,F,252,-30,2547,Unknown,False
Ratkovic_Miloje,F,183,120,2685,Unknown,False
aisa86,M,245,-94,2578,Unknown,False
Ratkovic_Miloje,F,156,69,2660,Unknown,False
Opteron85,F,222,26,2619,Unknown,False
Opteron85,F,124,26,2630,Unknown,False
DynamoTresen,F,189,-67,2531,Unknown,False
SHEFFFF,F,124,-53,2533,Unknown,False
Puratactica,F,178,-393,2202,Unknown,False
delapoutre,F,170,-66,2540,Unknown,False
vkorennoy,F,132,-201,2392,Unknown,False
soynaazi,F,117,28,2610,Unknown,False
Jon_Speelman,F,92,16,2585,Unknown,False
aisa86,M,232,-223,2550,Unknown,False
zsolti_83,F,43,-17,2539,Unknown,False
ice2breaker,F,131,197,2737,Unknown,False
ice2breaker,F,139,171,2721,Unknown,False
Daniel_Anwuli,F,190,-64,2500,Unknown,False
Tel-el,F,237,119,2685,Unknown,False
Tatur,F,165,-172,2390,Unknown,False
huha1,F,290,-127,2441,Unknown,False
Wupperstefan,F,181,-337,2238,Unknown,False
Bostinovich,F,141,-249,2327,Unknown,False
navidkhosravi,F,222,-56,2532,Unknown,False
aisa86,M,250,243,2567,Unknown,False
Vuk00,F,132,110,2663,Unknown,False
SpiderMoves,F,88,100,2643,Unknown,False
tankbox1,F,182,-30,2503,Unknown,False
alesig71,F,234,52,2552,Unknown,False
Ac1000,F,228,-26,2475,Unknown,False
elzurdo,F,129,-67,2465,Unknown,False
shuriks91,F,103,129,2637,Unknown,False
shuriks91,F,197,147,2646,Unknown,False
vanImpe,F,202,-7,2483,Unknown,False
tamik,F,140,-30,2470,Unknown,False
SilentTremour,F,272,-21,2481,Unknown,False
SilentTremour,F,199,-32,2476,Unknown,False
dmisilver,F,110,-45,2455,Unknown,False
ArchinskyPoetry,F,124,-180,2326,Unknown,False
MonsieurPatate,F,132,-213,2297,Unknown,False
TheSzef,F,185,-36,2477,Unknown,False
aisa86,M,159,87,2515,Unknown,False
ShahxaibKhan,F,140,-205,2315,Unknown,False
aisa86,M,299,-88,2524,Unknown,False
tornike_sanikidze,F,213,70,2603,Unknown,False
Lightlike,F,245,65,2606,Unknown,False
Filip88,F,134,-56,2461,Unknown,False
tornike_sanikidze,F,177,96,2619,Unknown,False
Paff-Morris,F,89,-122,2407,Unknown,False
AfricanJo,F,385,18,2552,Unknown,False
AfricanJo,F,99,-1,2541,Unknown,False
zajka-molotok,M,89,-224,2407,Unknown,False
stammargg,F,181,190,2414,Unknown,False
y_va_el_tercero,F,114,26,2569,Unknown,False
h1ppopotamus,F,144,1,2537,Unknown,False
Napo18,F,243,7,2537,Unknown,False
OptimusMagister,F,143,14,2551,Unknown,False
VariantsOnly,F,313,130,2677,Unknown,False
gmmitkov,F,107,-37,2516,Unknown,False
KPrometeo,F,168,-44,2507,Unknown,False
KPrometeo,F,130,-40,2509,Unknown,False
KPrometeo,F,251,-64,2497,Unknown,False
Violet_Pride,F,153,4,2574,Unknown,False
Violet_Pride,F,129,32,2588,Unknown,False
Beta99,F,115,-35,2535,Unknown,False
Beta99,F,193,-32,2537,Unknown,False
Beta99,F,130,-16,2545,Unknown,False
Nenidon_Andriy,F,141,193,2496,Unknown,False
amourmonstre,F,163,176,2588,Unknown,False
jgeg,F,274,99,2557,Unknown,False
SpiderMoves,F,165,137,2609,Unknown,False
SpiderMoves,F,167,55,2592,Unknown,False
SpiderMoves,F,261,-8,2577,Unknown,False
ice2breaker,F,137,123,2683,Unknown,False
Beta99,F,138,-84,2500,Unknown,False
Yarebore,F,118,456,2699,Unknown,False
adiosabu23,F,178,-36,2549,Unknown,False
adiosabu23,F,121,-33,2551,Unknown,False
kirill_kopyonkin,F,118,171,2420,Unknown,False
jposthuma,F,197,248,2488,Unknown,False
Enchanteur,M,259,-255,2236,Unknown,False
PchelkinVK,F,139,-58,2511,Unknown,False
Naaas,F,158,19,2572,Unknown,False
AfricanJo,F,191,2,2548,Unknown,False
kirill_kopyonkin,F,127,199,2454,Unknown,False
zaratustra2018,F,171,-273,2281,Unknown,False
EPThompson,F,198,4,2560,Unknown,False
Recobachess,F,129,-48,2516,Unknown,False
Recobachess,F,215,-66,2511,Unknown,False
Jb2mix,F,263,261,2512,Unknown,False
Enchanteur,M,97,-267,2248,Unknown,False
Jb2mix,F,146,273,2518,Unknown,False
rb1994,F,197,453,2684,Unknown,False
Michael-Owen,F,194,282,2525,Unknown,False
Konkurs_prognozov,F,109,-59,2514,Unknown,False
Arstan23,F,133,226,2481,Unknown,False
lioni26,F,162,68,2454,Unknown,False
Enchanteur,M,194,-314,2267,Unknown,False
Kaldas90,F,139,320,2584,Unknown,False
DontStop1820,F,163,-67,2635,Unknown,False
MarcTheSpark,F,173,180,2443,Unknown,False
IMFAR,F,122,309,2566,Unknown,False
Iovi,F,100,-45,2517,Unknown,False
kasparik_garik,F,250,40,2601,Unknown,False
aisa86,M,229,143,2555,Unknown,False
ivanoob,F,153,285,2537,Unknown,False
Brgy23,F,77,-71,2474,Unknown,False
Zubrrr,F,182,482,2731,Unknown,False
Enchanteur,M,174,-300,2248,Unknown,False
jposthuma,F,272,306,2550,Unknown,False
letsgoslampa,F,209,-131,2420,Unknown,False
girafik,F,168,-70,2449,Unknown,False
RL12,F,175,-31,2506,Unknown,False
AceBonaventura,F,137,-126,2418,Unknown,False
oldpatzer7,F,128,-103,2451,Unknown,False
Davenogood,F,158,81,2488,Unknown,False
missedtrain,F,179,-16,2490,Unknown,False
mlatb,M,301,-78,2517,Unknown,False
Boreminator,F,127,71,2492,Unknown,False
adiosabu23,F,169,-4,2560,Unknown,False
Dunya1,F,147,230,2489,Unknown,False
SFA_Gang,F,232,-70,2492,Unknown,False
Infinite_Tsukuyomi,F,134,137,2694,Unknown,False
linusj,F,157,-112,2455,Unknown,False
Beta99,F,96,-52,2512,Unknown,False
Beta99,F,166,-20,2529,Unknown,False
is_er_nog_hoop,F,159,-31,2501,Unknown,False
tamik,F,116,-69,2456,Unknown,False
Recobachess,F,110,104,2516,Unknown,False
Konkurs_prognozov,F,262,17,2534,Unknown,False
aisa86,M,113,-54,2518,Unknown,False
ataberktr26,F,128,-150,2276,Unknown,False
quoridor,F,218,33,2559,Unknown,False
quoridor,F,100,2,2544,Unknown,False
quoridor,F,245,3,2545,Unknown,False
Durak_Professor,F,173,109,2628,Unknown,False
The_English118,F,134,-1,2731,Unknown,False
Takacsbl,F,131,-81,2472,Unknown,False
redtom,F,124,-99,2445,Unknown,False
Enchanteur,M,244,-241,2257,Unknown,False
Nikolaj_6,F,139,-146,2469,Unknown,False
angling,F,113,-186,2404,Unknown,False
angling,F,236,-210,2397,Unknown,False
Den78,F,170,-115,2489,Unknown,False
SFA_Gang,F,172,-140,2474,Unknown,False
crazy_and_lazy,F,255,-67,2568,Unknown,False
crazy_and_lazy,F,90,-61,2570,Unknown,False
crazy_and_lazy,F,180,-73,2566,Unknown,False
morchiashvili,F,103,26,2559,Unknown,False
supertfc,F,173,-28,2520,Unknown,False
Boreminator,F,143,18,2559,Unknown,False
rb1994,F,162,400,2669,Unknown,False
snooopy,F,121,-24,2510,Unknown,False
evg85,F,105,149,2690,Unknown,False
aisa86,M,227,-94,2544,Unknown,False
Elda64,F,141,90,2636,Unknown,False
aisa86,M,102,-101,2540,Unknown,False
Elda64,F,220,111,2646,Unknown,False
kirill_kopyonkin,F,250,-21,2509,Unknown,False
q-zma,F,165,-170,2353,Unknown,False
Dalarisse,F,140,-283,2247,Unknown,False
tamik,F,276,-28,2504,Unknown,False
Kudrock,F,171,72,2607,Unknown,False
Kudrock,F,272,83,2612,Unknown,False
garnulf,F,139,151,2421,Unknown,False
ariosp,F,185,169,2411,Unknown,False
Conan013,F,122,3,2534,Unknown,False
Conan013,F,164,31,2548,Unknown,False
robertchess92,F,151,183,2694,Unknown,False
Tormozz,F,71,-91,2413,Unknown,False
UfoITA,F,105,-80,2421,Unknown,False
AceBonaventura,F,84,-88,2403,Unknown,False
MRHR,F,178,-43,2440,Unknown,False
MRHR,F,125,-53,2435,Unknown,False
MRHR,F,127,-48,2438,Unknown,False
Lightlike,F,193,51,2529,Unknown,False
Konkurs_prognozov,F,234,44,2531,Unknown,False
Ogloblin,F,91,45,2532,Unknown,False
viotinn,F,88,-28,2446,Unknown,False
viotinn,F,122,-26,2447,Unknown,False
Schach_du_Nase,F,121,12,2491,Unknown,False
Addistan,F,127,-15,2472,Unknown,False
laptopkolegi,F,124,197,2670,Unknown,False
LittyKitty,F,146,-60,2410,Unknown,False
BTR-07,F,241,-39,2363,Unknown,False
slot,F,117,76,2417,Unknown,False
slot,F,129,64,2414,Unknown,False
klavdiy71,F,137,44,2415,Unknown,False
klavdiy71,F,122,39,2413,Unknown,False
klavdiy71,F,160,35,2412,Unknown,False
Toro123,F,158,-32,2670,Unknown,False
mutdpro,M,248,49,2713,Unknown,False
Toro123,F,105,-65,2658,Unknown,False
mutdpro,M,80,80,2732,Unknown,False
mutdpro,M,118,85,2740,Unknown,False
catalan-maestro,F,222,-119,2635,Unknown,False
FischerChess,F,136,-103,2313,Unknown,False
shuster,F,127,85,2409,Unknown,False
Yezy,F,195,157,2498,Unknown,False
mutdpro,M,308,95,2751,Unknown,False
xarf,F,168,-189,2215,Unknown,False
Phutressniak,F,238,174,2425,Unknown,False
Phutressniak,F,173,175,2425,Unknown,False
Alexsur81,F,63,66,2814,Unknown,False
ZB_sec,F,96,169,2400,Unknown,False
Evgeniy_Mamykin,F,120,-183,2242,Unknown,False
cant_handle_h5,F,173,8,2427,Unknown,False
cant_handle_h5,F,192,35,2445,Unknown,False
cant_handle_h5,F,256,-23,2409,Unknown,False
IBERMAN,F,120,-253,2208,Unknown,False
ChicagoBlitzer,F,162,-46,2379,Unknown,False
karengrigoryan,F,154,147,2409,Unknown,False
dabee,F,198,61,2519,Unknown,False
dabee,F,199,43,2510,Unknown,False
dabee,F,153,40,2509,Unknown,False
AndreiSav,F,156,-52,2411,Unknown,False
skiver1,F,141,107,2457,Unknown,False
PrensKaspiyan,F,198,59,2409,Unknown,False
Ninely,M,166,-137,2358,Unknown,False
Trader72,F,196,246,2526,Unknown,False
cemilchess,F,140,-44,2686,Unknown,False
Mickey_Blue_Eyes,F,120,92,2441,Unknown,False
Mickey_Blue_Eyes,F,205,85,2438,Unknown,False
vasilyev1984,F,151,-46,2414,Unknown,False
viotinn,F,114,-40,2433,Unknown,False
Jager90,F,126,8,2481,Unknown,False
Yezy,F,176,85,2551,Unknown,False
Tayka,F,121,293,2706,Unknown,False
zajka-molotok,M,224,-298,2410,Unknown,False
Tayka,F,147,304,2711,Unknown,False
zajka-molotok,M,118,-308,2405,Unknown,False
Tayka,F,136,313,2715,Unknown,False
zajka-molotok,M,146,-317,2400,Unknown,False
Tayka,F,159,321,2719,Unknown,False
zajka-molotok,M,138,-326,2395,Unknown,False
Tayka,F,225,330,2723,Unknown,False
zajka-molotok,M,172,-334,2391,Unknown,False
Tayka,F,121,338,2727,Unknown,False
zajka-molotok,M,140,-312,2403,Unknown,False
FireonBoard,F,166,105,2573,Unknown,False
Alexsur81,F,164,340,2806,Unknown,False
stammargg,F,150,18,2482,Unknown,False
Kinzya1,F,225,-39,2418,Unknown,False
tamik,F,133,41,2473,Unknown,False
tapkus,F,187,9,2473,Unknown,False
tapkus,F,144,-20,2459,Unknown,False
tapkus,F,219,-19,2460,Unknown,False
ACA-A,F,123,-30,2462,Unknown,False
ACA-A,F,178,-29,2463,Unknown,False
ACA-A,F,115,-26,2465,Unknown,False
ACA-A,F,109,-24,2466,Unknown,False
fast-tsunami,F,152,-5,2449,Unknown,False
SHEFFFF,F,112,-5,2496,Unknown,False
Danirod,F,101,4,2498,Unknown,False
grimm11,F,88,-36,2473,Unknown,False
grimm11,F,237,-62,2460,Unknown,False
naByk,F,166,-3,2517,Unknown,False
testviking,F,104,21,2542,Unknown,False
testviking,F,80,47,2555,Unknown,False
Javale_Melville,F,271,-66,2450,Unknown,False
abdulkader-rifai,F,126,231,2750,Unknown,False
Sanduleac,F,188,-35,2486,Unknown,False
Jirapak,F,113,236,2443,Unknown,False
y_va_el_tercero,F,193,84,2608,Unknown,False
y_va_el_tercero,F,194,49,2591,Unknown,False
y_va_el_tercero,F,145,74,2604,Unknown,False
y_va_el_tercero,F,115,67,2601,Unknown,False
y_va_el_tercero,F,130,89,2612,Unknown,False
scorpion1988,F,208,-36,2488,Unknown,False
Fightbro,F,283,-110,2429,Unknown,False
Mistango,F,195,21,2544,Unknown,False
www68,F,186,-98,2433,Unknown,False
Masuzu,F,81,5,2547,Unknown,False
squat_king,F,95,-26,2523,Unknown,False
ChrisPaul3,F,169,-108,2445,Unknown,False
Chamaeleon3,F,129,38,2596,Unknown,False
KolhozZaria,F,181,-46,2517,Unknown,False
KolhozZaria,F,109,-59,2511,Unknown,False
aisa86,M,135,-19,2576,Unknown,False
KolhozZaria,F,150,-80,2495,Unknown,False
KolhozZaria,F,138,-102,2484,Unknown,False
KolhozZaria,F,166,-95,2488,Unknown,False
OptimusMagister,F,102,-25,2555,Unknown,False
OptimusMagister,F,87,6,2571,Unknown,False
OptimusMagister,F,237,33,2585,Unknown,False
OptimusMagister,F,118,30,2583,Unknown,False
OptimusMagister,F,238,56,2597,Unknown,False
Oleksiyenko,F,161,61,2610,Unknown,False
Oleksiyenko,F,230,56,2608,Unknown,False
Oleksiyenko,F,151,21,2590,Unknown,False
swimmerchess,F,214,-48,2536,Unknown,False
Konkurs_prognozov,F,92,-26,2557,Unknown,False
Konkurs_prognozov,F,226,-24,2558,Unknown,False
PchelkinVK,F,205,-46,2535,Unknown,False
Amincheraghi99,F,110,-7,2580,Unknown,False
Konkurs_prognozov,F,128,-36,2558,Unknown,False
matinski,F,223,187,2423,Unknown,False
Firehand,F,112,-59,2358,Unknown,False
rb1994,F,198,434,2660,Unknown,False
Mehrdad_sedaghati,F,213,-34,2398,Unknown,False
zajka-molotok,M,157,64,2424,Unknown,False
harvardrocks,F,90,37,2467,Unknown,False
H-HH,F,245,-52,2393,Unknown,False
gomelbel,F,247,-90,2353,Unknown,False
pupilo29,F,135,-127,2312,Unknown,False
Geekaos,F,234,-61,2383,Unknown,False
fusionpro,F,116,167,2432,Unknown,False
Jirapak,F,244,140,2401,Unknown,False
HusnuCobanMati32,F,102,19,2476,Unknown,False
Urkis,F,142,253,2553,Unknown,False
relikt,F,217,189,2494,Unknown,False
Krishnamurti33,F,158,155,2464,Unknown,False
BTR-07,F,108,-32,2434,Unknown,False
BTR-07,F,198,-57,2422,Unknown,False
Urkis,F,136,255,2570,Unknown,False
Matetricks,F,202,114,2431,Unknown,False
matapatos28,F,138,50,2404,Unknown,False
Odirovski,F,174,132,2500,Unknown,False
KingHarii,F,102,-71,2644,Unknown,False
RobertoJBMolina,F,96,-28,2676,Unknown,False
RobertoJBMolina,F,243,-25,2678,Unknown,False
RobertoJBMolina,F,106,-54,2665,Unknown,False
Plussss,F,140,62,2418,Unknown,False
lubitel1972,F,138,64,2429,Unknown,False
Plattfuss,F,266,97,2467,Unknown,False
Danirod,F,197,131,2514,Unknown,False
szanto88,F,198,182,2575,Unknown,False
banane_verte,F,104,-62,2423,Unknown,False
zajka-molotok,M,224,59,2484,Unknown,False
banane_verte,F,248,-43,2433,Unknown,False
lesyca94,F,112,-116,2372,Unknown,False
GrosserMumpitz,F,202,-79,2404,Unknown,False
MONSKY123,F,203,5,2407,Unknown,False
JacquesTheStripper,F,213,0,2402,Unknown,False
Lizimikaru,F,97,11,2413,Unknown,False
Assassin_in_White,F,105,-34,2384,Unknown,False
mutdpro,M,103,47,2701,Unknown,False
KingHarii,F,143,-60,2648,Unknown,False
Bacallao2019,F,197,-5,2710,Unknown,False
foreignaffairs,F,158,-57,2360,Unknown,False
Warrior_of_Sparta,F,185,-116,2611,Unknown,False
sjakk98765,F,144,-119,2614,Unknown,False
chessking444,F,98,41,2430,Unknown,False
redtom,F,101,72,2462,Unknown,False
pol113,F,167,133,2439,Unknown,False
Procellariidae,F,104,261,2587,Unknown,False
lesyca94,F,93,-130,2359,Unknown,False
lesyca94,F,109,-121,2364,Unknown,False
lesyca94,F,256,-119,2370,Unknown,False
RobPeresian,F,207,-165,2333,Unknown,False
RobPeresian,F,91,-152,2340,Unknown,False
Thabarwa,F,257,35,2415,Unknown,False
ich2,F,148,70,2407,Unknown,False
Night_warrior,F,122,-99,2622,Unknown,False
Shprot86,F,260,173,2900,Unknown,False
Shprot86,F,187,159,2893,Unknown,False
Enchanteur,M,94,-325,2283,Unknown,False
Psicopato,F,132,232,2528,Unknown,False
SantosBarrios,F,114,231,2518,Unknown,False
electricgold,F,91,-115,2386,Unknown,False
Jirkar,F,216,84,2590,Unknown,False
mgl_nomad,F,159,-51,2449,Unknown,False
melksham,F,82,-103,2375,Unknown,False
khair2019,F,255,-98,2385,Unknown,False
onthewaygm,F,211,130,2436,Unknown,False
VanGross,F,111,-134,2340,Unknown,False
KYRGYZMMEN,F,144,-13,2472,Unknown,False
mariokar,F,133,-81,2405,Unknown,False
aljalad,F,191,2,2465,Unknown,False
benzine2017,F,231,-163,2315,Unknown,False
mirekkk14,F,189,-163,2319,Unknown,False
mirekkk14,F,130,-152,2325,Unknown,False
mirekkk14,F,148,-139,2332,Unknown,False
chessfan9678,F,128,-274,2247,Unknown,False
chessfan9678,F,124,-293,2237,Unknown,False
LeTrollClub,F,155,-103,2407,Unknown,False
LeTrollClub,F,110,-93,2412,Unknown,False
LeTrollClub,F,151,-84,2416,Unknown,False
emiliooo,F,222,-65,2415,Unknown,False
dmisilver,F,158,-94,2397,Unknown,False
dmisilver,F,159,-88,2400,Unknown,False
KRASAVCHIK2002,F,181,-125,2367,Unknown,False
julien211003,F,288,-188,2261,Unknown,False
Urkis,F,142,-61,2660,Unknown,False
drunfug,F,216,97,2475,Unknown,False
Kgwm,F,107,-49,2664,Unknown,False
MassterofMayhem,F,137,-39,2658,Unknown,False
Kgwm,F,129,-10,2694,Unknown,False
Kgwm,F,180,-45,2672,Unknown,False
Jelmo,F,191,-72,2330,Unknown,False
GranMastir,F,107,16,2417,Unknown,False
rtjckr66,F,97,37,2438,Unknown,False
brabohf,F,148,29,2449,Unknown,False
pesedado,F,115,12,2434,Unknown,False
Ronnie_Sullivan,F,209,-113,2374,Unknown,False
Plmlgs99,F,192,21,2499,Unknown,False
XThepunisherX,F,146,120,2440,Unknown,False
mvlcopycat,F,82,161,2438,Unknown,False
drunfug,F,123,194,2547,Unknown,False
Dgita35492,F,220,134,2435,Unknown,False
XThepunisherX,F,107,161,2455,Unknown,False
Stygichthys,F,219,84,2465,Unknown,False
trueteller92,F,91,147,2498,Unknown,False
jesselroy99,F,146,138,2485,Unknown,False
Krishnamurti33,F,209,57,2423,Unknown,False
XThepunisherX,F,117,186,2468,Unknown,False
ncd,F,118,74,2561,Unknown,False
Saeidbero,F,196,-32,2464,Unknown,False
External_Student,F,242,299,2693,Unknown,False
vedmak-70,F,165,-135,2367,Unknown,False
zajka-molotok,M,103,-203,2498,Unknown,False
Tayka,F,164,182,2691,Unknown,False
zajka-molotok,M,103,-189,2505,Unknown,False
Tayka,F,175,196,2698,Unknown,False
zajka-molotok,M,203,-204,2498,Unknown,False
zajka-molotok,M,137,-189,2506,Unknown,False
Tayka,F,122,197,2699,Unknown,False
zajka-molotok,M,203,-175,2513,Unknown,False
Tayka,F,95,169,2685,Unknown,False
zajka-molotok,M,150,-176,2513,Unknown,False
zajka-molotok,M,98,-184,2509,Unknown,False
Tayka,F,226,192,2697,Unknown,False
zajka-molotok,M,174,-198,2502,Unknown,False
Tayka,F,147,206,2704,Unknown,False
zajka-molotok,M,112,-212,2495,Unknown,False
Tayka,F,122,219,2711,Unknown,False
zajka-molotok,M,167,-225,2489,Unknown,False
Tayka,F,111,232,2717,Unknown,False
zajka-molotok,M,93,-238,2482,Unknown,False
Tayka,F,111,243,2723,Unknown,False
zajka-molotok,M,134,-249,2477,Unknown,False
Tayka,F,225,255,2729,Unknown,False
zajka-molotok,M,210,-261,2471,Unknown,False
Tayka,F,217,251,2727,Unknown,False
zajka-molotok,M,221,-242,2481,Unknown,False
nissou-ach,F,138,-200,2260,Unknown,False
nissou-ach,F,167,-182,2268,Unknown,False
BlackBear1,F,141,309,2741,Unknown,False
BlackBear1,F,131,281,2727,Unknown,False
Plussss,F,211,78,2407,Unknown,False
Loganrithm,F,145,73,2479,Unknown,False
Loganrithm,F,164,67,2476,Unknown,False
Chessjoke,F,204,217,2424,Unknown,False
Loganrithm,F,216,76,2481,Unknown,False
Loganrithm,F,255,80,2483,Unknown,False
Loganrithm,F,193,61,2474,Unknown,False
Loganrithm,F,118,55,2471,Unknown,False
RT64,F,156,283,2601,Unknown,False
pepitoverdulero,F,216,191,2491,Unknown,False
Dgita35492,F,143,138,2408,Unknown,False
Ermito,F,241,165,2457,Unknown,False
MHanDaMan,F,107,209,2484,Unknown,False
fussi,F,186,122,2411,Unknown,False
simonachess,M,195,-134,2285,Unknown,False
Alkpotro,F,272,148,2444,Unknown,False
lacsapmg,F,123,-53,2692,Unknown,False
Esmajinbuu,F,284,181,2441,Unknown,False
michamib,F,178,-217,2275,Unknown,False
karpoblanca_300,F,141,36,2530,Unknown,False
KPrometeo,F,282,-62,2432,Unknown,False
kingstar70,F,156,-117,2372,Unknown,False
zajka-molotok,M,36,264,2494,Unknown,False
kathiyitis,F,118,-114,2376,Unknown,False
munster1,F,149,158,2474,Unknown,False
MariyaYakimova,M,120,-152,2319,Unknown,False
CheckRaiseMate,F,173,262,2548,Unknown,False
RiskyBlitzer,F,173,30,2414,Unknown,False
Frank_Wall_Martin,F,200,37,2789,Unknown,False
Alexander_Zubov,F,123,132,2877,Unknown,False
V_vs,F,132,216,2555,Unknown,False
organdziev,F,154,67,2538,Unknown,False
AceBonaventura,F,93,-35,2556,Unknown,False
AceBonaventura,F,153,-33,2557,Unknown,False
AceBonaventura,F,108,-61,2545,Unknown,False
landitirana,F,119,-53,2549,Unknown,False
el_hanuri,F,205,43,2637,Unknown,False
ChessNok102,F,233,66,2438,Unknown,False
SHEFFFF,F,181,-65,2529,Unknown,False
VasiaVasia,F,195,-56,2545,Unknown,False
linusj,F,202,-41,2573,Unknown,False
extremo2,F,239,-107,2513,Unknown,False
Agssga,F,227,-200,2282,Unknown,False
tigra522,F,99,120,2457,Unknown,False
marktven2,F,165,15,2633,Unknown,False
Sonata2,F,82,-160,2243,Unknown,False
Sonata2,F,213,-164,2242,Unknown,False
licenciadomate,F,84,167,2463,Unknown,False
Eztebar,F,151,63,2448,Unknown,False
Sitnikovsky,F,251,87,2469,Unknown,False
Mangusty,F,154,73,2463,Unknown,False
NigerianMachine,F,176,36,2435,Unknown,False
ron_dana,F,156,90,2481,Unknown,False
alesig71,F,164,228,2606,Unknown,False
rtjckr66,F,106,62,2437,Unknown,False
Nimrod2006,F,130,10,2402,Unknown,False
cut_off,F,138,70,2449,Unknown,False
js20000,F,252,39,2400,Unknown,False
taildeitali,F,126,45,2407,Unknown,False
ChuckPhil,M,267,-44,2386,Unknown,False
Paparama,F,193,183,2558,Unknown,False
paruchi,F,177,29,2400,Unknown,False
Lord2323,F,141,77,2456,Unknown,False
tontin2015,F,261,15,2403,Unknown,False
RSUPE_MiRacLe,F,191,6,2618,Unknown,False
anmadi,F,239,36,2430,Unknown,False
linusj,F,105,219,2607,Unknown,False
sanshiro,F,195,37,2422,Unknown,False
cipiripi,F,154,25,2412,Unknown,False
NigerianMachine,F,262,11,2413,Unknown,False
gunnermuri11,F,126,128,2531,Unknown,False
ChuckPhil,M,108,-12,2398,Unknown,False
Alexander_Utnasunov,F,177,90,2481,Unknown,False
volodja49,F,98,67,2453,Unknown,False
Sitnikovsky,F,123,83,2454,Unknown,False
PeauDeBanane,F,182,33,2413,Unknown,False
stievo,F,111,108,2506,Unknown,False
ChuckPhil,M,219,-278,2393,Unknown,False
tamik,F,187,109,2508,Unknown,False
zaratustra2018,F,148,7,2401,Unknown,False
skiiier,F,91,47,2443,Unknown,False
sid-al_1979,F,112,208,2498,Unknown,False
alesig71,F,160,212,2536,Unknown,False
Simo1221,F,263,52,2414,Unknown,False
gustigusti,F,141,183,2546,Unknown,False
angling,F,116,75,2474,Unknown,False
Nikolay_III,F,159,35,2422,Unknown,False
DanPach,F,161,62,2433,Unknown,False
wawanov,F,206,34,2413,Unknown,False
MutterShabubu,F,130,278,2661,Unknown,False
taktycjusz,F,76,44,2418,Unknown,False
www68,F,101,152,2533,Unknown,False
Odirovski,F,194,152,2527,Unknown,False
ZUMAND,F,230,43,2405,Unknown,False
karinachess11,M,172,-162,2368,Unknown,False
Sergei555spb,F,97,89,2446,Unknown,False
www68,F,227,122,2503,Unknown,False
DragadorfL,F,122,72,2432,Unknown,False
karpovian613,F,197,37,2406,Unknown,False
parciful,F,123,37,2401,Unknown,False
karpovian613,F,138,63,2415,Unknown,False
Violet_Pride,F,134,189,2558,Unknown,False
Anasurimbor,F,170,102,2466,Unknown,False
afchex,F,134,53,2421,Unknown,False
jfk2012,F,156,133,2489,Unknown,False
VladikSidorika,F,117,66,2413,Unknown,False
loko78,F,123,113,2454,Unknown,False
thesting22,F,177,100,2434,Unknown,False
ChuckPhil,M,136,-170,2329,Unknown,False
AmedeeDeVlieg,F,134,94,2419,Unknown,False
laguun,F,243,207,2551,Unknown,False
larisa21,F,138,109,2473,Unknown,False
chessgalaxy28,F,102,31,2401,Unknown,False
Moztiger,F,175,94,2462,Unknown,False
Briceno,F,116,68,2440,Unknown,False
Grandhacker,F,104,48,2414,Unknown,False
baransel,F,93,110,2494,Unknown,False
Jioelverdadero,F,249,29,2418,Unknown,False
Kasparov-2019,F,114,19,2416,Unknown,False
barsik03,F,137,25,2410,Unknown,False
tamik,F,174,124,2516,Unknown,False
BienBienProfond,F,146,24,2412,Unknown,False
HansSchmidt,F,143,464,2856,Unknown,False
HansSchmidt,F,137,468,2858,Unknown,False
HenryChesspro,F,204,29,2417,Unknown,False
Odirovski,F,161,124,2520,Unknown,False
wawanov,F,101,52,2443,Unknown,False
squat_king,F,102,72,2472,Unknown,False
riplusplus,F,158,93,2510,Unknown,False
KTOGHEN0522,F,97,19,2426,Unknown,False
warior1,F,97,64,2472,Unknown,False
Lord2323,F,282,36,2439,Unknown,False
sanshiro,F,135,69,2475,Unknown,False
tapkus,F,103,150,2553,Unknown,False
SaquonBarkley26,F,157,-14,2407,Unknown,False
keseio,F,114,227,2647,Unknown,False
Napo18,F,183,110,2527,Unknown,False
Daskevich,F,153,307,2712,Unknown,False
Fouracle,F,175,74,2493,Unknown,False
Fouracle,F,146,67,2490,Unknown,False
Fouracle,F,133,49,2481,Unknown,False
Fouracle,F,145,72,2493,Unknown,False
Fouracle,F,178,81,2498,Unknown,False
Fouracle,F,184,103,2509,Unknown,False
Digora,F,142,207,2608,Unknown,False
Toro123,F,203,32,2649,Unknown,False
aisa86,M,134,-46,2610,Unknown,False
Toro123,F,219,29,2648,Unknown,False
Draske,F,225,136,2532,Unknown,False
karinachess11,M,303,-130,2400,Unknown,False
Draske,F,210,141,2534,Unknown,False
karinachess11,M,198,-152,2387,Unknown,False
Draske,F,134,145,2536,Unknown,False
karinachess11,M,253,-155,2385,Unknown,False
girafik,F,99,-81,2538,Unknown,False
linusj,F,154,274,2670,Unknown,False
Chessjoke,F,332,113,2500,Unknown,False
Chess_Is_Life23,F,218,143,2524,Unknown,False
karinachess11,M,113,-169,2376,Unknown,False
lacsapmg,F,173,296,2682,Unknown,False
lacsapmg,F,123,306,2687,Unknown,False
Chess_Is_Life23,F,107,138,2516,Unknown,False
Citruzzini,F,209,-183,2286,Unknown,False
MrSOK,F,178,-102,2506,Unknown,False
mragger,F,104,34,2633,Unknown,False
wsiie,F,183,-79,2395,Unknown,False
wsiie,F,62,-76,2395,Unknown,False
Hoppaa,F,133,-170,2303,Unknown,False
zhohoff,F,231,-17,2582,Unknown,False
zhohoff,F,145,-15,2584,Unknown,False
MarkosianDavid,F,192,-6,2600,Unknown,False
MarkosianDavid,F,216,-5,2601,Unknown,False
TechnicalTrader,F,244,-83,2521,Unknown,False
EdwardSnowden,F,75,-25,2585,Unknown,False
zhohoff,F,205,-73,2535,Unknown,False
hirnloserverlierer,F,101,10,2617,Unknown,False
hirnloserverlierer,F,319,38,2631,Unknown,False
Biriyani,F,198,25,2619,Unknown,False
ShakhiMaty,F,171,63,2645,Unknown,False
papasi,F,177,7,2597,Unknown,False
papasi,F,122,35,2611,Unknown,False
papasi,F,139,32,2610,Unknown,False
Andrey11976,F,138,-16,2563,Unknown,False
luisenriquegonzalez,F,168,-40,2516,Unknown,False
IljaSir,F,180,-1,2547,Unknown,False
Tahaned2015,F,172,-16,2546,Unknown,False
DmDonCh,F,74,104,2673,Unknown,False
andresgv36,F,167,168,2445,Unknown,False
mutdpro,M,127,68,2740,Unknown,False
liordis31,F,117,-48,2680,Unknown,False
mutdpro,M,255,63,2737,Unknown,False
EddieMarsalla,F,144,-59,2667,Unknown,False
Kmet_Artem,F,210,106,2438,Unknown,False
MariyaYakimova,M,349,-221,2335,Unknown,False
ChessExplained,F,180,213,2552,Unknown,False
The_Shredder,F,248,55,2446,Unknown,False
DanilNajdin,F,165,201,2456,Unknown,False
GMChavez,F,146,130,2466,Unknown,False
mutdpro,M,115,102,2753,Unknown,False
Kaldas90,F,140,-113,2646,Unknown,False
liczner,F,246,-50,2705,Unknown,False
liczner,F,202,-61,2700,Unknown,False
smurf42,F,132,-110,2664,Unknown,False
Mapwright,F,153,-18,2769,Unknown,False
karinachess11,M,182,-304,2400,Unknown,False
extremo2,F,186,78,2475,Unknown,False
laguun,F,205,76,2484,Unknown,False
extremo2,F,120,65,2458,Unknown,False
Glidzhian_Gor,F,177,176,2579,Unknown,False
ABtrener,F,275,67,2476,Unknown,False
tritarov1960,F,253,59,2479,Unknown,False
extremo2,F,244,60,2475,Unknown,False
astroke,F,205,27,2402,Unknown,False
Sandstad,F,204,49,2419,Unknown,False
Berovski,F,90,103,2481,Unknown,False
haychesspoker,F,221,21,2407,Unknown,False
MarcinPol137,F,164,24,2404,Unknown,False
elpiadosotulon,F,206,-189,2260,Unknown,False
sarawakchampion2020,F,189,-221,2202,Unknown,False
Fasmc17,F,201,34,2418,Unknown,False
Alindsay,M,150,-176,2406,Unknown,False
liordis31,F,65,182,2585,Unknown,False
Heisenberg01,F,166,-11,2782,Unknown,False
vistagausta,F,141,37,2838,Unknown,False
Mapwright,F,152,-68,2727,Unknown,False
jgm2200,F,96,27,2428,Unknown,False
Fasmc17,F,120,86,2490,Unknown,False
StayinginDodge,F,163,-10,2396,Unknown,False
Alindsay,M,112,8,2404,Unknown,False
astroke,F,125,71,2447,Unknown,False
Nikita_Sannikov,F,279,43,2454,Unknown,False
PushyDiscovery,F,219,-221,2209,Unknown,False
sewin16,F,129,29,2462,Unknown,False
ztfs,F,130,-120,2324,Unknown,False
vedmak-70,F,219,77,2507,Unknown,False
IguanaAstronaut,F,166,11,2436,Unknown,False
neri19,F,126,-150,2270,Unknown,False
ggizilaif,F,90,-33,2382,Unknown,False
rasulovvugar,F,123,47,2786,Unknown,False
rasulovvugar,F,154,42,2784,Unknown,False
xIsak,F,103,-36,2367,Unknown,False
Qualunque,F,160,-86,2327,Unknown,False
banane_verte,F,126,-62,2339,Unknown,False
colin_ni,F,116,-174,2228,Unknown,False
Engr_arellano,F,139,-71,2343,Unknown,False
blindfish,F,213,10,2416,Unknown,False
sheldem,F,165,-43,2370,Unknown,False
Voldemator,F,181,-168,2247,Unknown,False
Sitnikovsky,F,110,-32,2381,Unknown,False
Bastivenko,F,163,55,2424,Unknown,False
ruslanaleksandrovich,F,155,-38,2369,Unknown,False
millerMAXgambitBR,F,193,-199,2211,Unknown,False
golubd,F,147,-21,2395,Unknown,False
WnceslaoNorona,F,256,-154,2254,Unknown,False
theal72,F,186,-196,2209,Unknown,False
surovi,F,155,-52,2358,Unknown,False
quicksilver2,F,151,33,2448,Unknown,False
sawkito,F,247,4,2424,Unknown,False
arti17,F,120,-117,2297,Unknown,False
ilabahmet,F,113,-146,2264,Unknown,False
huha1,F,135,91,2491,Unknown,False
huha1,F,140,58,2475,Unknown,False
Doctor_Voodoo,F,168,-18,2388,Unknown,False
venadorecargado,F,218,-152,2257,Unknown,False
micfel,F,162,-9,2404,Unknown,False
OliverT96,F,309,-13,2415,Unknown,False
sk-zupa,F,215,-5,2423,Unknown,False
victor325,F,200,-131,2303,Unknown,False
Kovalchuk_i_Lyashko,F,126,-151,2293,Unknown,False
Berturhe,F,116,-59,2367,Unknown,False
grandmastergauri,F,124,6,2428,Unknown,False
ghadanfar,F,304,-15,2404,Unknown,False
sardarmelli,F,168,-123,2296,Unknown,False
Abuev_Roman,F,121,-14,2402,Unknown,False
Luchshiy1,F,176,52,2468,Unknown,False
tohid2300,F,211,-145,2270,Unknown,False
LeRoiCafard,F,115,-72,2347,Unknown,False
purzelbaumer,F,203,30,2454,Unknown,False
Voldemator,F,129,-169,2246,Unknown,False
Berturhe,F,153,-49,2373,Unknown,False
NewConcept,F,233,-130,2306,Unknown,False
larisa21,F,276,153,2581,Unknown,False
KidBomba,F,203,-158,2263,Unknown,False
arivyulian,F,295,104,2538,Unknown,False
TheLightning2020,F,223,-224,2218,Unknown,False
GambitoVolga,F,127,-151,2269,Unknown,False
chessentialsBLOG,F,125,63,2487,Unknown,False
TheBroken-Rook,F,177,-184,2236,Unknown,False
Fivezero,F,105,30,2458,Unknown,False
StayinginDodge,F,209,-58,2384,Unknown,False
Goodwilll,F,94,68,2447,Unknown,False
yesyeshikaro,F,150,65,2452,Unknown,False
Radek_S,F,130,7,2404,Unknown,False
VALPOL,F,220,-231,2236,Unknown,False
ChessFromMars,F,162,-13,2458,Unknown,False
ChessFromMars,F,142,-40,2447,Unknown,False
elrond,F,121,-169,2316,Unknown,False
lourenzonapoleao,F,176,-145,2343,Unknown,False
sheldem,F,205,-146,2347,Unknown,False
Nohaypanduro,F,79,-63,2440,Unknown,False
Nohaypanduro,F,134,-57,2443,Unknown,False
Nohaypanduro,F,207,-52,2446,Unknown,False
Nohaypanduro,F,191,-23,2460,Unknown,False
hepyeke,F,124,75,2460,Unknown,False
Popovich2020,F,150,-84,2665,Unknown,False
tokating,F,223,-17,2425,Unknown,False
Etez,F,103,10,2403,Unknown,False
Lars555,F,181,83,2464,Unknown,False
jahveni,F,80,114,2504,Unknown,False
ZeBebelo,F,120,147,2540,Unknown,False
sparrow1,F,253,83,2469,Unknown,False
sparrow1,F,184,77,2466,Unknown,False
Berturhe,F,167,-121,2319,Unknown,False
BATRAZ599,F,232,-122,2310,Unknown,False
hochjoch,F,218,39,2418,Unknown,False
hochjoch,F,112,36,2417,Unknown,False
ZeruHmyz,F,143,81,2518,Unknown,False
xmodey,F,165,-138,2294,Unknown,False
hochjoch,F,107,33,2416,Unknown,False
crazy_but_lazyy,F,269,35,2525,Unknown,False
Mrh6,F,180,-48,2436,Unknown,False
MrEnroke,F,211,64,2566,Unknown,False
federerchi,F,113,34,2456,Unknown,False
juanchesst,F,70,60,2535,Unknown,False
Biriyani,F,245,-55,2699,Unknown,False
IMFAR,F,145,-92,2660,Unknown,False
Achanich,F,119,-82,2382,Unknown,False
LubosRosko,F,163,84,2468,Unknown,False
Alindsay,M,126,-24,2416,Unknown,False
ATACKTOTAL,F,154,-140,2281,Unknown,False
IDISJUDA,F,192,-59,2473,Unknown,False
Nh6-f7,F,79,208,2567,Unknown,False
jianini90,F,142,-156,2408,Unknown,False
calito1969,F,162,85,2485,Unknown,False
calito1969,F,119,93,2489,Unknown,False
ZeBebelo,F,164,166,2511,Unknown,False
Sigrud,F,128,-173,2280,Unknown,False
haychesspoker,F,158,-132,2453,Unknown,False
Ironman-3000,F,99,35,2448,Unknown,False
jodemouhamad,F,201,98,2502,Unknown,False
Minister007,F,268,-74,2331,Unknown,False
Sigrud,F,125,-188,2254,Unknown,False
skopje123,F,96,104,2499,Unknown,False
berval,F,80,117,2516,Unknown,False
Andreadorian,F,167,-23,2465,Unknown,False
Bekkertje,F,106,120,2509,Unknown,False
Bekkertje,F,152,84,2493,Unknown,False
lucas444,F,191,45,2449,Unknown,False
shtormie,F,136,7,2412,Unknown,False
SpeckledBand,F,107,-133,2377,Unknown,False
pierrotbasilou,F,258,-8,2404,Unknown,False
Drakon1976,F,235,-84,2366,Unknown,False
tapkus,F,147,17,2570,Unknown,False
AggressiveSpinach,F,125,-177,2391,Unknown,False
fearlessss,F,157,-44,2399,Unknown,False
exSelNick,F,107,-16,2406,Unknown,False
Dolgorukij,F,126,-5,2440,Unknown,False
Andreikazan1,F,172,-24,2470,Unknown,False
alanford,F,207,9,2496,Unknown,False
Genialny_zolw,F,105,-109,2372,Unknown,False
H-HH,F,201,8,2424,Unknown,False
gambitgames,F,149,11,2428,Unknown,False
nairoman1,F,179,192,2621,Unknown,False
www68,F,144,59,2485,Unknown,False
www68,F,279,77,2492,Unknown,False
Abbadon1,F,85,19,2436,Unknown,False
FBIofficer,F,108,-17,2407,Unknown,False
mohammedarrami,F,87,12,2436,Unknown,False
Semiyoda,F,159,-11,2414,Unknown,False
iamgenius0416,F,113,91,2420,Unknown,False
Termenoil,F,136,-45,2399,Unknown,False
Berturhe,F,153,-208,2239,Unknown,False
husein-2811,F,105,115,2480,Unknown,False
OlegTarasov,F,125,11,2402,Unknown,False
schachcarlos,F,97,56,2482,Unknown,False
Zohaib_G,F,167,39,2474,Unknown,False
dragonwelb,F,239,115,2557,Unknown,False
Yakov25,F,213,80,2531,Unknown,False
Yakov25,F,204,101,2542,Unknown,False
Gorostovsky,F,97,74,2417,Unknown,False
Gorostovsky,F,120,69,2415,Unknown,False
Gorostovsky,F,135,64,2413,Unknown,False
Gorostovsky,F,95,59,2410,Unknown,False
Nyxnyxnyxnyxnyx,F,129,68,2627,Unknown,False
Mangusty,F,125,49,2489,Unknown,False
BienBienProfond,F,187,44,2473,Unknown,False
Glebyss,F,157,56,2480,Unknown,False
ChuckPhil,M,107,-52,2431,Unknown,False
abricot,F,129,31,2457,Unknown,False
mohammedarrami,F,169,61,2478,Unknown,False
dedyka,F,120,15,2445,Unknown,False
Semiyoda,F,89,10,2442,Unknown,False
johnylegend,F,188,63,2507,Unknown,False
Berturhe,F,133,-188,2262,Unknown,False
SHEFFFF,F,155,31,2485,Unknown,False
burpcow,F,119,-104,2347,Unknown,False
TheRigos,F,141,200,2639,Unknown,False
yanvar,F,208,188,2628,Unknown,False
Korum65,F,110,51,2482,Unknown,False
Pukkaman,F,114,-22,2411,Unknown,False
FatBasterd,F,99,5,2432,Unknown,False
LordMustard,F,271,-22,2400,Unknown,False
ChuckPhil,M,159,-221,2416,Unknown,False
KennethB,F,188,77,2496,Unknown,False
VOLTIS_5,F,135,-5,2422,Unknown,False
Nikolas1408,F,152,256,2684,Unknown,False
IronicEmpty,F,186,26,2464,Unknown,False
Faradenzza,F,87,-40,2410,Unknown,False
Blol02,F,156,119,2563,Unknown,False
steva23,F,142,-36,2406,Unknown,False
jimmy0613,F,155,17,2463,Unknown,False
BSambuev,F,89,123,2576,Unknown,False
martins177,F,207,-51,2410,Unknown,False
Faradenzza,F,147,-27,2437,Unknown,False
white_shark_71,F,136,-38,2432,Unknown,False
white_shark_71,F,129,-48,2427,Unknown,False
mLed16,F,199,-38,2430,Unknown,False
js20000,F,187,-1,2477,Unknown,False
UnknownPawn,F,144,-5,2479,Unknown,False
mohammedarrami,F,190,-13,2477,Unknown,False
mohammedarrami,F,217,-11,2478,Unknown,False
MariyaYakimova,M,148,-14,2398,Unknown,False
thiedel,F,96,27,2432,Unknown,False
thiedel,F,114,50,2444,Unknown,False
thiedel,F,97,70,2454,Unknown,False
Ahmed-abdelsattar,F,264,48,2428,Unknown,False
Pecevojvoda,F,124,48,2429,Unknown,False
davidluscomb,F,254,-94,2349,Unknown,False
Zeref_D,F,128,16,2406,Unknown,False
AiratAirat,F,141,-212,2239,Unknown,False
Godplank,F,155,139,2591,Unknown,False
Sanduleac,F,154,90,2534,Unknown,False
Patrushev_Konstantin,F,218,58,2505,Unknown,False
ivanoob,F,140,211,2653,Unknown,False
delwinsucre,F,173,51,2422,Unknown,False
klavdiy71,F,188,59,2506,Unknown,False
billyking64,F,168,194,2638,Unknown,False
orishuas,F,115,90,2419,Unknown,False
orishuas,F,193,73,2411,Unknown,False
latief,F,76,-170,2276,Unknown,False
Guachipey,F,112,250,2703,Unknown,False
betta2004,F,182,-63,2395,Unknown,False
Din-don-dan,F,106,-34,2418,Unknown,False
psikanaliz,F,255,-126,2317,Unknown,False
BornAgain1,F,121,31,2479,Unknown,False
ignatmatei-marius,F,253,-146,2308,Unknown,False
pmlmail,F,216,75,2517,Unknown,False
ATACKTOTAL,F,111,-196,2259,Unknown,False
Biciclis,F,143,-173,2274,Unknown,False
nissou-ach,F,106,84,2400,Unknown,False
chuscoruso,F,215,-122,2321,Unknown,False
Voldemator,F,122,-235,2240,Unknown,False
mutdpro,M,330,46,2755,Unknown,False
BabaRamdev,F,150,-43,2711,Unknown,False
mutdpro,M,118,65,2760,Unknown,False
YuQuesada,F,141,35,2801,Unknown,False
YuQuesada,F,195,7,2788,Unknown,False
billyking64,F,134,-123,2656,Unknown,False
vanya5661,F,162,-138,2310,Unknown,False
Toro123,F,126,112,2664,Unknown,False
aisa86,M,134,-121,2547,Unknown,False
aisa86,M,183,-103,2558,Unknown,False
jasrom,F,102,73,2408,Unknown,False
Freiheitskaempfer,F,225,-4,2436,Unknown,False
rainbowrising,F,170,-153,2296,Unknown,False
kadirtoren13,F,201,-151,2293,Unknown,False
Chuckovinho,F,205,-234,2212,Unknown,False
miskob,F,175,-240,2208,Unknown,False
Alindsay,M,230,32,2457,Unknown,False
baltabai,F,141,-102,2349,Unknown,False
manu_ginobili,F,269,-107,2336,Unknown,False
darqs,F,162,94,2476,Unknown,False
SoulAscension,F,124,-239,2243,Unknown,False
KramnikZero,F,233,-107,2324,Unknown,False
delapoutre,F,113,10,2585,Unknown,False
deadpool777,F,110,52,2652,Unknown,False
sewin16,F,137,3,2439,Unknown,False
Adibgh1996,F,136,31,2407,Unknown,False
cantosh,F,85,38,2402,Unknown,False
Olarov-crybaby,F,142,-203,2239,Unknown,False
kikobedan,F,136,-202,2232,Unknown,False
emiliano15,F,196,69,2494,Unknown,False
ArminTanzarian,F,183,76,2501,Unknown,False
SillyMaster,F,164,385,2741,Unknown,False
chessunju,F,229,-112,2308,Unknown,False
FRANKOBARO,F,163,-186,2221,Unknown,False
Grandmasterbomo,F,108,-14,2466,Unknown,False
Fletov,F,95,-188,2222,Unknown,False
vedmak-70,F,219,33,2451,Unknown,False
gabrielyoung,F,206,8,2425,Unknown,False
bryanst2,F,207,-54,2371,Unknown,False
apablo,F,266,31,2449,Unknown,False
Hapaku24,F,134,-21,2393,Unknown,False
gokerfidemaster,F,189,-66,2340,Unknown,False
Neftegor,F,167,64,2475,Unknown,False
ZUMAND,F,130,30,2440,Unknown,False
BigTy,F,233,-69,2335,Unknown,False
forbiddencheapos,F,143,-42,2360,Unknown,False
argos2017,F,143,-64,2339,Unknown,False
kmilooo,F,131,-98,2687,Unknown,False
kmilooo,F,152,-92,2690,Unknown,False
Megazz,F,128,-21,2766,Unknown,False
Jepetto,F,77,-103,2677,Unknown,False
afrik58,F,91,70,2423,Unknown,False
Mourinho_Jose,F,215,176,2605,Unknown,False
BSambuev,F,164,250,2676,Unknown,False
Karlos_ulsk,F,157,127,2565,Unknown,False
yanvar,F,186,86,2520,Unknown,False
karinachess11,M,112,-240,2430,Unknown,False
Wilver92,F,79,115,2433,Unknown,False
Wilver92,F,244,107,2429,Unknown,False
Wilver92,F,266,100,2425,Unknown,False
Tranquilou,F,122,94,2529,Unknown,False
Jaguar_92,F,197,265,2707,Unknown,False
Konstantin_Tarlev,F,136,323,2763,Unknown,False
Konstantin_Tarlev,F,198,2,2768,Unknown,False
Konstantin_Tarlev,F,128,3,2769,Unknown,False
stephan1970,F,217,-142,2267,Unknown,False
mohamedbaker,F,191,-71,2334,Unknown,False
SuperHumeanism,F,272,-4,2453,Unknown,False
ram77,F,159,-175,2229,Unknown,False
haychesspoker,F,155,91,2409,Unknown,False
TAYA_GNIASSS,F,110,54,2504,Unknown,False
Andrey11976,F,192,92,2499,Unknown,False
Jason64,F,90,-142,2266,Unknown,False
orishuas,F,130,-16,2405,Unknown,False
obipikin,F,175,-163,2241,Unknown,False
Nondrovski,F,225,117,2581,Unknown,False
Itachi_Ut,F,185,146,2618,Unknown,False
Itachi_Ut,F,196,160,2625,Unknown,False
redtom,F,68,47,2517,Unknown,False
karinachess11,M,139,-92,2465,Unknown,False
Schach_du_Nase,F,225,44,2505,Unknown,False
Guillermotello2150,F,100,-96,2309,Unknown,False
matchesconriccardo,F,186,149,2617,Unknown,False
Upsylon,F,174,111,2587,Unknown,False
Aleksandr_Sedov,F,240,28,2501,Unknown,False
Hemoglobinski,F,211,55,2528,Unknown,False
Nh6-f7,F,174,209,2603,Unknown,False
Nh6-f7,F,128,197,2597,Unknown,False
Nh6-f7,F,158,208,2603,Unknown,False
LCTC,F,174,-59,2361,Unknown,False
Hemoglobinski,F,196,37,2521,Unknown,False
damestar,F,139,68,2548,Unknown,False
Alexsur81,F,142,368,2855,Unknown,False
mostrovski,F,184,164,2645,Unknown,False
lubitel50,F,182,-145,2284,Unknown,False
Grand_Batil,F,172,-148,2285,Unknown,False
Aleksandr77777,F,69,-157,2248,Unknown,False
VulgusMMXIX,F,148,-200,2212,Unknown,False
Soccie,F,170,-88,2324,Unknown,False
Zezo_master,F,150,-67,2359,Unknown,False
Lord2323,F,196,31,2450,Unknown,False
Anton_Streamer_2018,F,128,-113,2322,Unknown,False
Jcrossover,F,193,-26,2415,Unknown,False
alkhawaja111,F,135,-144,2291,Unknown,False
esac01,F,213,-144,2281,Unknown,False
Buenamor,F,145,-96,2335,Unknown,False
charita,F,160,130,2419,Unknown,False
bardanadam1,F,153,-85,2334,Unknown,False
Hasha_17,F,124,-58,2375,Unknown,False
ncd,F,107,44,2482,Unknown,False
PortilhoIM,F,116,-168,2241,Unknown,False
nest2016,F,178,-133,2275,Unknown,False
eminencia,F,129,-220,2227,Unknown,False
Anton_Strunin,F,145,-166,2280,Unknown,False
robertchess92,F,119,-78,2694,Unknown,False
Silent_Bluntman,F,111,88,2531,Unknown,False
ZeBebelo,F,211,103,2482,Unknown,False
ZeBebelo,F,150,99,2480,Unknown,False
Aibek_123,F,85,57,2428,Unknown,False
TheDominant177,F,134,-195,2248,Unknown,False
BotvinniksBasement,F,104,26,2472,Unknown,False
moustiblanc,F,189,-40,2363,Unknown,False
tadsito,F,129,-47,2365,Unknown,False
Sanches11,F,156,-145,2260,Unknown,False
fendy9,F,182,105,2590,Unknown,False
Tunahan14532,F,173,12,2507,Unknown,False
BashkimMa,F,131,-164,2288,Unknown,False
Rezyapov_Ruslan,F,162,-68,2391,Unknown,False
henryestrada,F,200,-110,2343,Unknown,False
Din-don-dan,F,269,-75,2365,Unknown,False
sex_and_chess,F,125,-5,2455,Unknown,False
sex_and_chess,F,291,31,2467,Unknown,False
sex_and_chess,F,122,-6,2455,Unknown,False
imzchessacademy2020,F,201,-128,2316,Unknown,False
Hasha_17,F,137,-116,2337,Unknown,False
frenchforever,F,103,-216,2241,Unknown,False
bluedeep,F,221,53,2503,Unknown,False
filip_kolschitzky,F,116,-33,2436,Unknown,False
alcolch,F,231,-132,2352,Unknown,False
Saeidbero,F,198,17,2462,Unknown,False
Aciboba,F,118,-109,2673,Unknown,False
Kostov_64,F,121,-119,2353,Unknown,False
DemSieHuldigen,F,148,88,2457,Unknown,False
fendy9,F,90,-55,2719,Unknown,False
Melor79,F,195,86,2555,Unknown,False
SchekachikhinMaksim,F,140,90,2553,Unknown,False
TAYA_GNIASSS,F,88,213,2474,Unknown,False
DreadHead,F,72,-89,2671,Unknown,False
Kastorcito,F,135,92,2859,Unknown,False
jaci3,F,126,-113,2327,Unknown,False
ThomasPrakash,F,181,-178,2268,Unknown,False
Dingdongdilli,F,187,-182,2280,Unknown,False
MarkFriesen,F,194,-135,2314,Unknown,False
MateuszZajac,F,126,-45,2408,Unknown,False
jhonssana,F,138,-171,2286,Unknown,False
percygotic,F,229,-230,2229,Unknown,False
KCA-MPS88,F,118,-134,2322,Unknown,False
KeepDreamingg,F,126,-70,2710,Unknown,False
Ti-Ga,F,172,23,2612,Unknown,False
sertoespj,F,106,-85,2381,Unknown,False
EnemyNoOne,F,181,-27,2432,Unknown,False
forbiddencheapos,F,135,168,2418,Unknown,False
enotik_poloskun,F,269,15,2486,Unknown,False
NotoriousOne,F,123,19,2497,Unknown,False
Freiheit,F,43,-112,2360,Unknown,False
Genialny_zolw,F,148,-39,2424,Unknown,False
Champion_best,F,143,-23,2458,Unknown,False
Simplestrong,F,99,-264,2201,Unknown,False
angling,F,196,11,2462,Unknown,False
Abundance-of-pieces,F,137,-182,2268,Unknown,False
Ptiphantom,F,222,-92,2352,Unknown,False
chessgod1999,F,67,41,2480,Unknown,False
Alpha_Cesar,F,132,-65,2374,Unknown,False
Alindsay,M,194,-246,2451,Unknown,False
jposthuma,F,134,250,2699,Unknown,False
Equisdex2,F,179,-114,2332,Unknown,False
Wildindian,F,125,-30,2755,Unknown,False
mutdpro,M,210,28,2784,Unknown,False
Wildindian,F,256,-16,2762,Unknown,False
mutdpro,M,195,27,2784,Unknown,False
Wildindian,F,151,-37,2752,Unknown,False
mutdpro,M,228,47,2794,Unknown,False
Sharifullin-Rinat,F,205,-257,2253,Unknown,False
tarash2017,F,157,-165,2235,Unknown,False
DivnineDestruction,F,196,15,2418,Unknown,False
PedritoelLoco,F,111,118,2415,Unknown,False
Bernar7,F,208,-1,2408,Unknown,False
Willhaven,F,219,51,2493,Unknown,False
Gonest1998,F,169,-94,2356,Unknown,False
PawnStormerr,F,208,-151,2308,Unknown,False
Physiotherapist,F,127,-9,2396,Unknown,False
Physiotherapist,F,244,-6,2398,Unknown,False
Alindsay,M,147,-258,2456,Unknown,False
Patzel,F,111,263,2717,Unknown,False
jack27121986,F,207,-146,2335,Unknown,False
tokating,F,167,-24,2420,Unknown,False
Wuerhosaurus_homheni,F,144,-172,2327,Unknown,False
Jury31,F,91,333,2622,Unknown,False
Amro-Alhareth,F,196,-60,2384,Unknown,False
awzkpfwbzp,F,101,43,2492,Unknown,False
Kojek,F,140,-75,2369,Unknown,False
Giglios,F,218,-143,2361,Unknown,False
BashkimMa,F,142,-151,2358,Unknown,False
malekkonihli,F,139,-93,2436,Unknown,False
MrOlka,F,154,-129,2662,Unknown,False
mutdpro,M,159,137,2795,Unknown,False
sanshiro,F,171,-111,2340,Unknown,False
Albomba4444,F,142,-122,2476,Unknown,False
BactoPhage,F,275,-29,2408,Unknown,False
Samy1975,F,122,87,2442,Unknown,False
jozarov,F,148,-113,2374,Unknown,False
skonov,F,89,-86,2405,Unknown,False
SKhudyakov2500,F,179,62,2563,Unknown,False
prepudino,F,196,-124,2370,Unknown,False
BucklingChess,F,212,-82,2417,Unknown,False
Fivezero,F,115,-74,2434,Unknown,False
Peao_Assassino,F,269,-71,2369,Unknown,False
oldman1945,F,213,-20,2414,Unknown,False
Ptiphantom,F,261,-34,2459,Unknown,False
FreddieForgiato,F,146,-39,2459,Unknown,False
UptownExpress,F,243,-133,2303,Unknown,False
Jaimeesmaricon,F,148,-185,2217,Unknown,False
Impreg,F,97,102,2429,Unknown,False
thedjoker,F,131,448,2653,Unknown,False
RSUPE_MiRacLe,F,210,143,2655,Unknown,False
Amroeljawich,F,210,11,2519,Unknown,False
drdrunckenstein,F,197,52,2561,Unknown,False
saitama-col,F,184,-89,2320,Unknown,False
gustigusti,F,161,-86,2701,Unknown,False
Fast_Chance,F,109,-10,2782,Unknown,False
Orlando_Gloom,F,230,163,2680,Unknown,False
Lasabarg,F,208,-79,2345,Unknown,False
ThePatrick27,F,127,45,2555,Unknown,False
karinachess11,M,109,-144,2542,Unknown,False
iakov98,F,254,127,2678,Unknown,False
karinachess11,M,119,-153,2547,Unknown,False
E_Kudashoff,F,111,11,2554,Unknown,False
pushdapawns,F,287,-180,2241,Unknown,False
karinachess11,M,174,-33,2550,Unknown,False
JoNAs2806,F,161,6,2551,Unknown,False
CheckThis1,F,169,77,2616,Unknown,False
azotador,F,159,63,2592,Unknown,False
TeliTmas,F,169,35,2571,Unknown,False
karinachess11,M,151,-70,2531,Unknown,False
h1ppopotamus,F,175,63,2595,Unknown,False
karinachess11,M,127,-176,2533,Unknown,False
riga1960,F,210,20,2550,Unknown,False
durasno,F,116,62,2582,Unknown,False
karinachess11,M,171,-214,2511,Unknown,False
MortLovesFeetx,F,147,25,2533,Unknown,False
karinachess11,M,134,-161,2515,Unknown,False
Geroniman,F,174,-45,2466,Unknown,False
Reshetkov_Kirill,F,270,146,2657,Unknown,False
VasiaVasia,F,96,16,2521,Unknown,False
Geroniman,F,179,3,2502,Unknown,False
karinachess11,M,188,-178,2505,Unknown,False
Rdy2Rumble,F,115,102,2616,Unknown,False
SpencerCreek,F,108,4,2520,Unknown,False
TheSloLev,F,212,53,2558,Unknown,False
TechnicalTrader,F,198,36,2532,Unknown,False
Salke014,F,196,147,2523,Unknown,False
Sensei82,F,175,-123,2667,Unknown,False
Sensei82,F,146,-139,2659,Unknown,False
shuriks91,F,93,-61,2741,Unknown,False
Sensei82,F,263,-164,2647,Unknown,False
Opteron85,F,221,-159,2655,Unknown,False
SHEFFFF,F,201,30,2534,Unknown,False
micfel,F,223,-147,2362,Unknown,False
Sijavush,F,175,-42,2451,Unknown,False
Kabila,F,129,-102,2416,Unknown,False
mlatb,M,132,-107,2508,Unknown,False
vibidzdk,F,248,-53,2444,Unknown,False
boasovietica,F,110,17,2524,Unknown,False
mragger,F,161,96,2614,Unknown,False
Chibukhchyan_E_S,F,109,109,2462,Unknown,False
Smasher123,F,197,-114,2319,Unknown,False
nicktira,F,105,-1,2437,Unknown,False
AggressiveSpinach,F,206,-38,2394,Unknown,False
alefzero,F,281,-37,2399,Unknown,False
Fioro80,F,173,14,2542,Unknown,False
elpapadecarlsen,F,81,22,2536,Unknown,False
kasparov1301,F,180,-88,2345,Unknown,False
pottsime,F,175,-106,2326,Unknown,False
mshmsh36,F,161,7,2431,Unknown,False
Nicah,F,196,-1,2516,Unknown,False
ViktorSalkov,F,161,-74,2439,Unknown,False
riga1960,F,76,20,2531,Unknown,False
jaoso78,F,157,-105,2406,Unknown,False
Varskelis,F,208,264,2781,Unknown,False
martiand2,F,216,18,2539,Unknown,False
Kabeljaukrieger,F,229,-19,2514,Unknown,False
AfricanJo,F,135,-33,2500,Unknown,False
Varskelis,F,281,241,2788,Unknown,False
wannabe2700,F,164,376,2660,Unknown,False
yanvar,F,137,70,2632,Unknown,False
stammargg,F,193,83,2542,Unknown,False
yanvar,F,123,153,2626,Unknown,False
Stallion28,F,230,59,2515,Unknown,False
SilentAndCalm,F,213,179,2614,Unknown,False
amaa18,M,259,-195,2422,Unknown,False
Awestorm,F,145,-69,2367,Unknown,False
Mzpamungkas72,F,160,-141,2294,Unknown,False
parampirumpiruram,F,248,-10,2568,Unknown,False
Pliukha_Mikhail,F,128,81,2666,Unknown,False
parampirumpiruram,F,139,-27,2564,Unknown,False
E-Shaposhnikov,F,95,244,2841,Unknown,False
LeonBojo,F,95,10,2419,Unknown,False
GiGaKoStYa,F,120,16,2614,Unknown,False
SKhudyakov2500,F,210,-10,2583,Unknown,False
melksham,F,240,-66,2338,Unknown,False
IHadAnEpiphany,F,91,-106,2404,Unknown,False
ummmwhatever,F,122,-151,2283,Unknown,False
BSambuev,F,138,136,2740,Unknown,False
yanvar,F,208,41,2653,Unknown,False
alesig71,F,136,0,2602,Unknown,False
smallnoobhunter,F,250,-41,2385,Unknown,False
smallnoobhunter,F,114,-37,2388,Unknown,False
Latiza82,F,224,-82,2348,Unknown,False
Chess___Player,F,296,-161,2269,Unknown,False
iam74,F,64,-145,2277,Unknown,False
fiumedk,F,235,-15,2407,Unknown,False
Willhaven,F,213,66,2493,Unknown,False
GizliHero,F,212,36,2550,Unknown,False
Doccy1,F,161,73,2588,Unknown,False
karinachess11,M,132,-63,2511,Unknown,False
Masya1984,F,116,152,2658,Unknown,False
AndresCasado17,F,310,-174,2258,Unknown,False
Yakov25,F,94,254,2541,Unknown,False
ome87,F,43,-134,2267,Unknown,False
Almeida1974,F,149,79,2403,Unknown,False
IDISJUDA,F,245,-7,2406,Unknown,False
SupplyChain,F,271,-53,2366,Unknown,False
boblibob,F,146,85,2401,Unknown,False
samqr33,F,185,37,2450,Unknown,False
Stale_Bread0,F,135,108,2716,Unknown,False
CatAgainstTheWall,F,117,97,2426,Unknown,False
CatAgainstTheWall,F,125,132,2442,Unknown,False
jgeg,F,190,79,2703,Unknown,False
jgeg,F,112,72,2698,Unknown,False
Chesssknock,F,208,31,2653,Unknown,False
Andpalchuk,F,220,34,2648,Unknown,False
Alexandr_Gadranov,F,254,241,2536,Unknown,False
Savka_Kolbaskin,F,175,-66,2354,Unknown,False
redtom,F,115,3,2589,Unknown,False
Caisachess,F,97,-18,2497,Unknown,False
Caisachess,F,169,-41,2486,Unknown,False
Caisachess,F,91,-38,2488,Unknown,False
Caisachess,F,118,-36,2489,Unknown,False
Zack1395,F,148,-169,2234,Unknown,False
Blackwidowxxx,F,83,-171,2352,Unknown,False
Blackwidowxxx,F,142,-184,2346,Unknown,False
bubulo,F,102,-185,2334,Unknown,False
Glavvred,F,217,61,2442,Unknown,False
samqr33,F,153,-32,2403,Unknown,False
Shinsei,F,203,58,2479,Unknown,False
banjoromero,F,128,4,2429,Unknown,False
SSJGSSJ,F,225,31,2474,Unknown,False
lagifle,F,190,12,2406,Unknown,False
lagifle,F,188,33,2417,Unknown,False
jelmatos,F,162,186,2703,Unknown,False
Masya1984,F,155,135,2661,Unknown,False
Masya1984,F,197,149,2668,Unknown,False
shahinlorpari,F,166,78,2600,Unknown,False
ok1975,F,240,153,2683,Unknown,False
gogotaniye,F,189,282,2808,Unknown,False
karinachess11,M,158,-205,2524,Unknown,False
Andpalchuk,F,73,136,2654,Unknown,False
OptimusMagister,F,120,49,2653,Unknown,False
Khaschess_95,F,198,-130,2397,Unknown,False
Eekamouse,F,148,-78,2452,Unknown,False
Eekamouse,F,140,-96,2443,Unknown,False
ivan124,F,167,108,2619,Unknown,False
karinachess11,M,131,-119,2507,Unknown,False
Eekamouse,F,107,-113,2435,Unknown,False
ivan124,F,198,129,2632,Unknown,False
Jirkar,F,202,31,2583,Unknown,False
Jirkar,F,171,52,2594,Unknown,False
qaswara977,F,237,24,2523,Unknown,False
Izard,F,149,-101,2448,Unknown,False
FillodeJosedeAmelia,F,137,99,2407,Unknown,False
simonachess,M,184,-166,2322,Unknown,False
SigitukasK,F,41,140,2479,Unknown,False
SigitukasK,F,132,151,2495,Unknown,False
simonachess,M,137,-128,2360,Unknown,False
SigitukasK,F,143,105,2480,Unknown,False
simonachess,M,125,-116,2368,Unknown,False
boblibob,F,158,126,2430,Unknown,False
chessGrandMa,F,136,65,2444,Unknown,False
simonachess,M,209,-120,2382,Unknown,False
SigitukasK,F,131,115,2500,Unknown,False
simonachess,M,141,-126,2378,Unknown,False
SigitukasK,F,240,136,2508,Unknown,False
extermo44,F,115,131,2433,Unknown,False
chessRoMania,F,239,182,2468,Unknown,False
VasiaVasia,F,173,-47,2523,Unknown,False
VasiaVasia,F,92,-13,2536,Unknown,False
Opteron85,F,179,31,2625,Unknown,False
Zobbie,F,140,-14,2526,Unknown,False
KJO144,F,104,98,2462,Unknown,False
Koshechka22,F,114,81,2579,Unknown,False
Fioro80,F,129,75,2576,Unknown,False
SHEFFFF,F,197,30,2523,Unknown,False
CuzImBetter,F,164,11,2505,Unknown,False
MrSOK,F,265,40,2535,Unknown,False
resu_argaiv,F,208,57,2553,Unknown,False
TomSawyer53,F,214,119,2617,Unknown,False
capa2018,F,237,72,2574,Unknown,False
Violet_Pride,F,99,100,2633,Unknown,False
Violet_Pride,F,248,116,2641,Unknown,False
hr_2,F,235,-24,2509,Unknown,False
IMFAR,F,148,59,2660,Unknown,False
RussianBlizzard,F,163,74,2682,Unknown,False
dedamilan,F,207,27,2400,Unknown,False
LevGutman,F,268,38,2412,Unknown,False
Biagggg,F,121,151,2445,Unknown,False
zajka-molotok,M,193,-93,2621,Unknown,False
FightingDragon,F,228,128,2436,Unknown,False
alesig71,F,196,125,2634,Unknown,False
alesig71,F,205,140,2641,Unknown,False
nemanja123456,F,113,102,2405,Unknown,False
balaverde,F,223,4,2619,Unknown,False
spinelli25,F,95,71,2692,Unknown,False
zajka-molotok,M,201,-6,2628,Unknown,False
tornike_sanikidze,F,134,163,2791,Unknown,False
zajka-molotok,M,299,-27,2625,Unknown,False
zajka-molotok,M,100,-229,2620,Unknown,False
dalmatinac101,F,109,234,2851,Unknown,False
mancillador,F,112,8,2635,Unknown,False
mancillador,F,205,-15,2624,Unknown,False
mancillador,F,146,-37,2613,Unknown,False
Dimas-Dimas,F,114,-17,2643,Unknown,False
Yakov25,F,141,121,2528,Unknown,False
Odirovski,F,158,-23,2649,Unknown,False
PeshkaCh,F,92,217,2562,Unknown,False
SergioMiguel,F,172,21,2403,Unknown,False
Jirapak,F,294,65,2452,Unknown,False
lecitronvert,F,247,76,2470,Unknown,False
qwe_asd,F,165,-5,2422,Unknown,False
vit2014,F,230,-10,2395,Unknown,False
bashkimi1984,F,178,-143,2268,Unknown,False
ZeruHmyz,F,194,-50,2488,Unknown,False
os_IM,F,199,-14,2386,Unknown,False
Rommmka,F,126,64,2477,Unknown,False
eeenrique89,F,127,135,2464,Unknown,False
leothecatking2,F,170,-31,2370,Unknown,False
moustakias,F,125,-66,2353,Unknown,False
vampirenergetik,F,185,-145,2268,Unknown,False
Davenogood,F,85,-19,2640,Unknown,False
Davenogood,F,197,4,2652,Unknown,False
Rivuza,F,81,138,2669,Unknown,False
aisa86,M,162,-118,2543,Unknown,False
Rooko64,F,173,0,2401,Unknown,False
gmfoxbra,F,129,134,2544,Unknown,False
Rualangel,F,153,-93,2313,Unknown,False
NorthernBeserker,F,197,-107,2304,Unknown,False
moustiblanc,F,119,-8,2401,Unknown,False
marcris,F,107,-159,2256,Unknown,False
thetrump,F,182,32,2454,Unknown,False
imancheraghi83,F,139,-141,2281,Unknown,False
Yucando_Vill,F,112,-140,2288,Unknown,False
davidboulay1979,F,145,-150,2264,Unknown,False
Titico2020,F,240,-131,2284,Unknown,False
Radjabov04,F,146,-134,2277,Unknown,False
pmlmail,F,142,41,2577,Unknown,False
TargetGM,F,104,152,2693,Unknown,False
TargetGM,F,206,134,2681,Unknown,False
Pliukha_Mikhail,F,137,44,2586,Unknown,False
rhungaski,F,92,27,2684,Unknown,False
zajka-molotok,M,261,-38,2652,Unknown,False
rhungaski,F,112,25,2683,Unknown,False
zajka-molotok,M,110,-12,2665,Unknown,False
IMFAR,F,228,88,2619,Unknown,False
Elretornodelmore,F,168,178,2665,Unknown,False
LittlePumpkin,F,209,140,2620,Unknown,False
karinachess11,M,186,-163,2476,Unknown,False
bardanadam1,F,167,-11,2392,Unknown,False
kondor-ro,F,187,73,2558,Unknown,False
Antrazit,F,136,17,2504,Unknown,False
Enialios,F,122,130,2612,Unknown,False
revoltp,F,157,6,2403,Unknown,False
canis2017,F,212,-20,2383,Unknown,False
Tromboemboliagassosa,F,167,-160,2281,Unknown,False
chessgamer54,F,185,37,2428,Unknown,False
Stefan1989,F,124,32,2564,Unknown,False
Hector17,F,244,22,2542,Unknown,False
landitirana,F,151,-111,2560,Unknown,False
landitirana,F,254,-104,2564,Unknown,False
landitirana,F,149,-97,2567,Unknown,False
Jirkar,F,245,-95,2555,Unknown,False
Thiago2014,F,161,-179,2226,Unknown,False
zajka-molotok,M,153,61,2643,Unknown,False
Fast_Chance,F,141,128,2772,Unknown,False
AlexLander2019,F,108,39,2434,Unknown,False
Odnoobraz,F,210,143,2580,Unknown,False
champyinz21,F,193,27,2436,Unknown,False
ELT,F,182,-20,2400,Unknown,False
liaqat321,F,215,-109,2309,Unknown,False
woodserenity,F,256,-146,2268,Unknown,False
chrissyplaya,F,123,-128,2284,Unknown,False
GoropadniPoni,F,249,-49,2359,Unknown,False
Safrin_torayaku,F,129,-118,2284,Unknown,False
ljubljana_hi,F,100,12,2412,Unknown,False
fredipetriti,F,173,-83,2320,Unknown,False
leo228,F,123,85,2405,Unknown,False
justotriana,F,89,-125,2304,Unknown,False
phirigift,F,252,-178,2256,Unknown,False
diaryofjane,F,91,19,2451,Unknown,False
f3g4,F,136,-59,2383,Unknown,False
KingofOttakring,F,220,-11,2516,Unknown,False
Szekely,F,119,-39,2401,Unknown,False
FedirBohatyrchuk1892,F,162,-16,2480,Unknown,False
Lieches691,F,245,-144,2344,Unknown,False
RondinelleParaiba,F,97,-97,2369,Unknown,False
giuliob100,F,276,-102,2331,Unknown,False
Reyeschess,F,188,-6,2477,Unknown,False
Elsayoda,F,191,-144,2339,Unknown,False
Yannay_2004,F,280,-56,2418,Unknown,False
Dapsay,F,154,-10,2471,Unknown,False
holmanHC37,F,142,-141,2346,Unknown,False
BrightKnights,F,124,56,2547,Unknown,False
saywhen,F,186,-182,2304,Unknown,False
IvanDriz,F,216,-182,2311,Unknown,False
DTalavera,F,113,50,2534,Unknown,False
MichaelScumacher,F,101,-119,2305,Unknown,False
New_User2018,F,167,-138,2290,Unknown,False
IguanaAstronaut,F,78,204,2410,Unknown,False
Krabbe,F,160,-125,2302,Unknown,False
trickyholds,F,128,50,2578,Unknown,False
Katalepsis,F,204,-46,2385,Unknown,False
vladpodat,F,166,-37,2393,Unknown,False
Kuzmen1,F,274,16,2558,Unknown,False
aumarbekov,F,236,126,2429,Unknown,False
marpa123,F,155,145,2417,Unknown,False
Galesil,F,116,-32,2392,Unknown,False
victor222244,F,174,-44,2385,Unknown,False
hyperreal,F,236,172,2659,Unknown,False
alanmaster,F,142,-104,2311,Unknown,False
will_of_kek,F,134,-116,2319,Unknown,False
djoniw,F,198,-94,2342,Unknown,False
underwood1987,F,153,-68,2375,Unknown,False
fanged,F,112,-16,2420,Unknown,False
fanged,F,97,9,2433,Unknown,False
fanged,F,92,31,2444,Unknown,False
fanged,F,213,29,2443,Unknown,False
chintu5217,F,150,-31,2394,Unknown,False
Hase64,F,130,-12,2518,Unknown,False
VersneldeDraak,F,144,65,2558,Unknown,False
VersneldeDraak,F,126,73,2567,Unknown,False
Milchone,F,171,93,2582,Unknown,False
ArminTanzarian,F,109,28,2513,Unknown,False
navilx,F,150,-136,2283,Unknown,False
sapayin,F,162,-160,2254,Unknown,False
Gniaro,F,176,49,2480,Unknown,False
AggressiveSpinach,F,110,14,2444,Unknown,False
MichaelMueller999,F,147,130,2535,Unknown,False
Lopez09,F,155,-7,2409,Unknown,False
Radovanovic64,F,168,-4,2420,Unknown,False
ranjithkalaiyarasan,F,170,-68,2362,Unknown,False
AlexLander2019,F,146,25,2422,Unknown,False
Jager90,F,129,85,2576,Unknown,False
alina0220,F,180,40,2564,Unknown,False
Slevin37,F,225,7,2501,Unknown,False
Mazacrola,F,178,30,2555,Unknown,False
Storm89,F,131,17,2555,Unknown,False
RobGordon,F,158,-4,2540,Unknown,False
memuaren,F,111,69,2619,Unknown,False
aisa86,M,162,-43,2547,Unknown,False
Eekamouse,F,135,166,2468,Unknown,False
chmielu5000,F,233,111,2422,Unknown,False
sjakk98765,F,190,145,2687,Unknown,False
aisa86,M,170,-50,2550,Unknown,False
Skakthor,F,155,149,2496,Unknown,False
haychesspoker,F,194,89,2419,Unknown,False
haychesspoker,F,133,54,2405,Unknown,False
Nygren,F,145,18,2521,Unknown,False
Arseniii_Nesterov,F,138,213,2710,Unknown,False
karinachess11,M,120,-51,2495,Unknown,False
redtom,F,152,31,2532,Unknown,False
karinachess11,M,209,-227,2496,Unknown,False
Apfelmus_mit_Skill,F,131,208,2577,Unknown,False
Tashik,M,138,-29,2377,Unknown,False
dsc3,F,131,5,2402,Unknown,False
ziraf,F,116,30,2407,Unknown,False
IlSalvatore,F,125,46,2423,Unknown,False
lellino,F,127,-29,2457,Unknown,False
Podrebo,F,156,43,2426,Unknown,False
Tapson67,M,172,-65,2355,Unknown,False
mared2,F,123,59,2418,Unknown,False
TeliTmas,F,225,76,2415,Unknown,False
artinash,F,147,71,2423,Unknown,False
underwood1987,F,163,55,2415,Unknown,False
Pbarrionuevo_18,F,168,97,2478,Unknown,False
HAMHAM22,F,194,20,2400,Unknown,False
gmfoxbra,F,171,164,2535,Unknown,False
Din-don-dan,F,141,-74,2349,Unknown,False
pacomontoliu,F,241,-42,2361,Unknown,False
LianaSergeevna,F,174,18,2563,Unknown,False
A-Meise,F,225,-64,2344,Unknown,False
Glasauge72,F,211,25,2428,Unknown,False
Flawless_Fighter,M,207,-46,2417,Unknown,False
ALEXJR20,F,155,-158,2272,Unknown,False
Zhyshko,F,151,-86,2350,Unknown,False
DrunkGatineau,F,125,98,2735,Unknown,False
Ahad2000,F,144,-96,2331,Unknown,False
MFJoseClement,F,203,65,2499,Unknown,False
chinguuuun,F,159,-55,2380,Unknown,False
CyberLion,F,355,93,2535,Unknown,False
gerrygm,F,170,-11,2434,Unknown,False
soldier14,F,218,-41,2403,Unknown,False
Mihael2002,F,168,-52,2388,Unknown,False
Glasauge72,F,134,-1,2427,Unknown,False
DanyManso,F,140,-145,2274,Unknown,False
Shuvalov,F,307,35,2471,Unknown,False
Shuvalov,F,142,46,2476,Unknown,False
ASTR0-0N0-0-0M,F,218,-165,2272,Unknown,False
Roman2001,F,138,84,2426,Unknown,False
Oghart,F,127,87,2429,Unknown,False
Karadenizaslani,F,166,79,2421,Unknown,False
victor222244,F,138,49,2541,Unknown,False
aisa86,F,146,27,2511,Unknown,False
vaMPir16,F,118,-29,2481,Unknown,False
Conquistad0r,F,114,-11,2469,Unknown,False
pedromartinez91,F,141,-95,2391,Unknown,False
l1nux,F,117,-149,2330,Unknown,False
Ivanchuch,F,93,-58,2424,Unknown,False
AndKul,F,289,-156,2326,Unknown,False
Morfi_UM,F,190,-142,2330,Unknown,False
Fun-C,F,96,-151,2330,Unknown,False
kingsar,F,178,-168,2305,Unknown,False
ogorek50,F,95,35,2521,Unknown,False
onlygod,F,190,-131,2331,Unknown,False
Rancic,F,210,-23,2431,Unknown,False
CheckThis1,F,149,89,2577,Unknown,False
karinachess11,M,223,-90,2489,Unknown,False
Beboy,F,164,-115,2341,Unknown,False
miguelsimoes,F,219,-130,2319,Unknown,False
raggas,F,159,-137,2319,Unknown,False
GP9isback,F,164,-3,2445,Unknown,False
min2020,F,124,-145,2307,Unknown,False
BermudaGhostShip,F,171,-87,2369,Unknown,False
ALEXIN65,F,132,-81,2362,Unknown,False
ChuckPhil,M,146,-1,2448,Unknown,False
lagataverde,F,226,45,2487,Unknown,False
Empire22,F,102,-95,2354,Unknown,False
SecretPlayer03,F,91,-124,2316,Unknown,False
elower,F,125,-77,2367,Unknown,False
DanMorgra,F,151,-40,2409,Unknown,False
Plovdiv33,F,220,-111,2332,Unknown,False
letsplayludo,F,183,-75,2364,Unknown,False
Plattfuss,F,117,37,2487,Unknown,False
TorsamuelEtoo,F,201,-46,2406,Unknown,False
extremo2,F,182,52,2498,Unknown,False
solatire,F,114,100,2429,Unknown,False
vovchik39,F,80,-151,2301,Unknown,False
CoffeSoul,F,105,-10,2494,Unknown,False
Shal59,F,181,-72,2377,Unknown,False
mixo23,F,145,-4,2455,Unknown,False
Webbimio,F,132,-56,2401,Unknown,False
WhiteKing85,F,170,-129,2322,Unknown,False
HaroldChasen,F,207,-65,2393,Unknown,False
Danil_Mark,F,345,67,2530,Unknown,False
HerrTulpe,F,82,30,2503,Unknown,False
Shal59,F,150,-97,2371,Unknown,False
Petrochiant,F,235,-76,2385,Unknown,False
pablo09,F,91,88,2598,Unknown,False
pablo09,F,177,84,2596,Unknown,False
ChuckPhil,M,237,114,2446,Unknown,False
L-R,F,211,62,2512,Unknown,False
EddSnow,F,243,-114,2343,Unknown,False
rrreiko,F,185,-132,2329,Unknown,False
JiRoS99,F,149,7,2460,Unknown,False
FlinkerFreddy,F,142,2,2456,Unknown,False
JLeon,F,148,135,2574,Unknown,False
erfanmm,F,161,-134,2306,Unknown,False
nonsopolo,F,253,-57,2381,Unknown,False
slavynus,F,87,-136,2301,Unknown,False
ChuckPhil,M,173,76,2429,Unknown,False
Megl,F,104,-32,2408,Unknown,False
Mykota_Sergey,F,184,-121,2312,Unknown,False
karinachess11,M,176,-34,2478,Unknown,False
Krpokapetan,F,92,60,2528,Unknown,False
karinachess11,M,187,-65,2463,Unknown,False
ArnoldMinasyan,F,101,138,2596,Unknown,False
Euthanasia-1,F,133,-14,2409,Unknown,False
josepapi,F,208,-42,2386,Unknown,False
Hollow6100,F,203,-60,2340,Unknown,False
progamerchess5476,F,145,-13,2392,Unknown,False
sina_khajei,F,117,-110,2294,Unknown,False
panda2019,F,126,-31,2374,Unknown,False
gourarim1,F,69,-90,2320,Unknown,False
mancillador,F,264,32,2506,Unknown,False
QproQ,F,205,81,2556,Unknown,False
STEFAN1959,F,175,-103,2316,Unknown,False
Karpuff,F,152,-137,2266,Unknown,False
JanHextall,F,90,-24,2389,Unknown,False
GENOCIDERF9,F,121,-153,2385,Unknown,False
DieselFan,F,200,-60,2432,Unknown,False
jodaras,F,131,-81,2326,Unknown,False
panda2019,F,194,-23,2388,Unknown,False
pichonazo,F,243,-98,2425,Unknown,False
michael81063,F,115,-129,2383,Unknown,False
Niti11,F,174,-111,2302,Unknown,False
PaardHazes,F,196,92,2490,Unknown,False
ljubljana_hi,F,130,29,2401,Unknown,False
Alexandr_Gadranov,F,162,6,2423,Unknown,False
iput_asmaraku,F,155,-157,2266,Unknown,False
bluedeep,F,101,14,2433,Unknown,False
jomarag,F,100,51,2472,Unknown,False
Ninely,M,235,-342,2379,Unknown,False
gmadly,F,189,317,2710,Unknown,False
MagicRabbit,F,117,-162,2245,Unknown,False
toog,F,249,210,2478,Unknown,False
toog,F,194,198,2472,Unknown,False
toog,F,99,209,2478,Unknown,False
toog,F,257,219,2483,Unknown,False
toog,F,142,206,2477,Unknown,False
yonkouu2,F,138,-49,2389,Unknown,False
doons21,F,137,130,2561,Unknown,False
Arm4chess,F,252,-2,2432,Unknown,False
lamadestr,F,184,-36,2386,Unknown,False
Dr1000IQ,F,117,-51,2364,Unknown,False
ChuckPhil,F,124,72,2409,Unknown,False
Citruzzini,F,156,-15,2387,Unknown,False
Vaitonis,F,179,101,2473,Unknown,False
MrStahlberg,F,177,110,2441,Unknown,False
mixo23,F,160,108,2484,Unknown,False
veguetadbs11,F,169,23,2410,Unknown,False
Chessjoke,F,87,140,2505,Unknown,False
Thetacticbot1234,F,243,104,2433,Unknown,False
WattSchrott,F,203,84,2410,Unknown,False
malcriado007,F,140,140,2471,Unknown,False
toty2,F,112,160,2489,Unknown,False
stammargg,F,126,176,2514,Unknown,False
Slevin37,F,185,145,2476,Unknown,False
KingoFish,F,272,-106,2310,Unknown,False
kalantaryan,F,210,105,2434,Unknown,False
ediboss21,F,201,24,2508,Unknown,False
alina0220,F,234,18,2532,Unknown,False
DanielHausrath1,F,189,-26,2606,Unknown,False
S2Pac,F,169,174,2796,Unknown,False
MagnusSeinFanboy,F,203,-161,2470,Unknown,False
ElGordito123,F,239,-7,2513,Unknown,False
Blackpinkinyourarea,F,157,-54,2396,Unknown,False
SigitukasK,F,251,95,2464,Unknown,False
gmcyborek,F,103,249,2719,Unknown,False
TomSawyer53,F,208,120,2591,Unknown,False
Plattfuss,F,415,25,2487,Unknown,False
Ushy23,F,113,-50,2424,Unknown,False
anantone,F,234,-32,2447,Unknown,False
flaggernoob,F,152,-3,2481,Unknown,False
fnr89,F,190,-162,2328,Unknown,False
Kapsalon,F,268,-17,2468,Unknown,False
iourique,F,167,55,2406,Unknown,False
GMChavez,F,139,-38,2435,Unknown,False
TomSawyer53,F,157,106,2588,Unknown,False
gajardo,F,93,74,2552,Unknown,False
drdumbo,F,169,118,2453,Unknown,False
chessskrew,F,100,-19,2394,Unknown,False
MatanLuka,F,181,44,2409,Unknown,False
kadirtoren13,F,162,-141,2266,Unknown,False
psm-ajedrez,F,162,109,2451,Unknown,False
LogicalNonsense,F,112,-54,2568,Unknown,False
RSUPE_MiRacLe,F,173,50,2672,Unknown,False
RSUPE_MiRacLe,F,258,70,2682,Unknown,False
RSUPE_MiRacLe,F,145,88,2691,Unknown,False
beatles_21,F,99,98,2693,Unknown,False
KennethB,F,222,-73,2529,Unknown,False
Alindsay,M,121,-6,2411,Unknown,False
Gabriele_Lumachi,F,128,182,2512,Unknown,False
Rancic,F,257,-51,2419,Unknown,False
Coronica,F,268,-25,2459,Unknown,False
andro2,F,165,-150,2339,Unknown,False
DMX92,F,158,43,2404,Unknown,False
VafelLimon,F,113,-110,2377,Unknown,False
Sulfaremus,F,175,29,2520,Unknown,False
alesig71,F,246,95,2576,Unknown,False
KVBECHEREN,F,185,55,2556,Unknown,False
Diego_Flores,F,91,-33,2463,Unknown,False
TheSchout,F,197,-114,2376,Unknown,False
alesig71,F,128,78,2567,Unknown,False
hungzhao,F,152,92,2568,Unknown,False
ciptamaulana,F,188,-114,2358,Unknown,False
Muha750,F,102,178,2492,Unknown,False
zemogibax,F,222,-108,2356,Unknown,False
Flawless_Fighter,M,273,51,2468,Unknown,False
papajio1,F,204,-92,2381,Unknown,False
SevanB,F,153,-45,2555,Unknown,False
Zobbie,F,182,-104,2484,Unknown,False
ChessDarkForce,F,110,-5,2581,Unknown,False
annibaledolci,F,115,-43,2374,Unknown,False
rick_morty89,F,120,-95,2379,Unknown,False
vasiljev_alex2020,F,110,-21,2460,Unknown,False
Lean98,F,215,-97,2390,Unknown,False
forzadiyar21,F,120,-66,2428,Unknown,False
Mega_lodon,F,129,-42,2439,Unknown,False
Mijail12,F,128,-93,2393,Unknown,False
Hedgehog1991,F,264,-89,2405,Unknown,False
vasiljev_alex2020,F,106,-18,2469,Unknown,False
Chisopa,F,118,41,2411,Unknown,False
toty2,F,71,-41,2370,Unknown,False
pichonazo,F,235,51,2467,Unknown,False
Salna,F,124,6,2423,Unknown,False
UnknownPawn,F,156,-108,2378,Unknown,False
mitraasz,M,168,-85,2339,Unknown,False
SpencerCreek,F,151,178,2521,Unknown,False
asargsyan,F,261,-128,2355,Unknown,False
Flawless_Fighter,F,163,117,2481,Unknown,False
asargsyan,F,159,-79,2395,Unknown,False
Flawless_Fighter,F,238,100,2478,Unknown,False
asargsyan,F,122,-93,2384,Unknown,False
Flawless_Fighter,F,153,61,2470,Unknown,False
Flawless_Fighter,M,193,-73,2475,Unknown,False
maestro_coach,F,113,-173,2298,Unknown,False
Prul1979,F,153,187,2661,Unknown,False
nerzo,F,232,-48,2435,Unknown,False
SaquonBarkley26,F,129,-95,2397,Unknown,False
Rochitha,F,116,-189,2305,Unknown,False
hualam,F,223,-7,2422,Unknown,False
daddystrength,F,171,-6,2429,Unknown,False
ben13,F,249,-84,2356,Unknown,False
Rudolf2008,F,341,-83,2414,Unknown,False
gustigusti,F,252,47,2546,Unknown,False
SrJingles,F,207,-48,2446,Unknown,False
Flawless_Fighter,M,226,122,2499,Unknown,False
KaleciSacliAdam,F,222,14,2517,Unknown,False
keska010101,F,117,137,2526,Unknown,False
danylo03,F,176,40,2429,Unknown,False
Lukii20,F,117,118,2500,Unknown,False
Lukii20,F,207,118,2495,Unknown,False
Rudolf2008,F,123,-105,2408,Unknown,False
Granados18,F,92,167,2412,Unknown,False
Anasurimbor,F,227,24,2456,Unknown,False
mapisi,F,167,-126,2398,Unknown,False
JoeFr,F,148,-54,2467,Unknown,False
Flawless_Fighter,M,138,70,2514,Unknown,False
Ptiphantom,F,160,171,2403,Unknown,False
DinossauroRex,F,270,-158,2286,Unknown,False
chinko_01,F,207,20,2462,Unknown,False
Fast_Chance,F,101,4,2793,Unknown,False
Fast_Chance,F,324,3,2793,Unknown,False
betoi31,F,352,-154,2283,Unknown,False
MartijnE,F,158,-90,2417,Unknown,False
Rudolf2008,F,182,-110,2402,Unknown,False
anmadi,F,192,159,2457,Unknown,False
Arseniii_Nesterov,F,114,145,2649,Unknown,False
Lode77,F,109,138,2434,Unknown,False
dkrusvirus,F,167,164,2481,Unknown,False
RetiredIM,F,173,-40,2455,Unknown,False
Tayota,F,240,107,2434,Unknown,False
Novoselski,F,252,95,2431,Unknown,False
sunysha,F,168,68,2418,Unknown,False
retardedplatypus123,F,224,77,2414,Unknown,False
AtColon,F,209,87,2433,Unknown,False
Othmanov2020,F,217,-56,2368,Unknown,False
matanpo,F,104,87,2434,Unknown,False
kubata69,F,147,-96,2337,Unknown,False
SrJingles,F,174,118,2457,Unknown,False
amirkabir5,F,159,66,2486,Unknown,False
Sidorov5252,F,135,173,2488,Unknown,False
taras1977,F,138,-44,2382,Unknown,False
Blentong70,F,139,107,2453,Unknown,False
JohnLeal,F,123,60,2410,Unknown,False
DAVIDTHEKING0606,F,186,115,2471,Unknown,False
chinko_01,F,203,148,2506,Unknown,False
Artjom__Kuznetsov,F,253,-97,2392,Unknown,False
sjakk98765,F,87,143,2636,Unknown,False
BeStRoMaNo,F,149,61,2417,Unknown,False
King_Moaty,F,120,-164,2329,Unknown,False
Manu94,F,117,-126,2366,Unknown,False
Dove____Cameron,M,102,-89,2364,Unknown,False
ItalyMaster,F,189,45,2412,Unknown,False
zaguer,F,265,57,2427,Unknown,False
WillyElGolondro,F,327,-30,2454,Unknown,False
petrut1970,F,212,-118,2371,Unknown,False
Flawless_Fighter,M,130,-37,2493,Unknown,False
Zaychik1956,F,242,-43,2460,Unknown,False
forgedinfire,F,219,19,2402,Unknown,False
rdarruda,F,150,66,2444,Unknown,False
Odirovski,F,226,75,2461,Unknown,False
Starboy91,F,172,158,2546,Unknown,False
nmiq,F,110,22,2402,Unknown,False
Dabar1,F,126,54,2403,Unknown,False
emiliooo,F,79,46,2438,Unknown,False
Paramos,F,101,41,2424,Unknown,False
MCattaneo94,F,204,27,2405,Unknown,False
JoeFr,F,209,114,2486,Unknown,False
Slea,F,178,53,2426,Unknown,False
mrkica1964,F,167,127,2447,Unknown,False
Alambique_veloz,F,54,127,2500,Unknown,False
Plussss,F,83,33,2414,Unknown,False
Gnilich,F,103,62,2456,Unknown,False
rumbatapower,F,101,-87,2344,Unknown,False
matapatos28,F,140,105,2445,Unknown,False
Leon_Livaic,F,90,138,2608,Unknown,False
odanj,F,217,126,2487,Unknown,False
odanj,F,226,147,2500,Unknown,False
coreal12,F,261,-176,2248,Unknown,False
Ericeira,F,249,-165,2262,Unknown,False
BohmianMechanics,F,186,-9,2427,Unknown,False
Tamagoczin,F,184,102,2447,Unknown,False
SchieberSpieler,F,185,161,2511,Unknown,False
SchieberSpieler,F,107,163,2512,Unknown,False
Rababel2017,F,220,75,2433,Unknown,False
Grandhacker,F,130,52,2417,Unknown,False
elquesitos,F,165,156,2512,Unknown,False
Sosik_Place,F,208,49,2413,Unknown,False
bdfy023,F,156,52,2423,Unknown,False
bdfy023,F,127,52,2419,Unknown,False
Vaitonis,F,77,91,2459,Unknown,False
Vaitonis,F,200,91,2463,Unknown,False
Slapdash09,F,93,100,2463,Unknown,False
Dove____Cameron,M,221,-44,2359,Unknown,False
riga1960,F,139,94,2448,Unknown,False
volodja49,F,239,137,2487,Unknown,False
fma2020,F,124,53,2403,Unknown,False
vangulio,F,142,89,2448,Unknown,False
Dove____Cameron,M,151,-70,2366,Unknown,False
quicksilver2,F,189,-120,2343,Unknown,False
Artamonov_Pavel,F,219,-21,2441,Unknown,False
Ac1000,F,139,146,2520,Unknown,False
orishuas,F,167,40,2411,Unknown,False
tparser,F,112,40,2479,Unknown,False
tparser,F,203,36,2477,Unknown,False
Dove____Cameron,M,175,-103,2379,Unknown,False
peaudepaillator,F,83,62,2437,Unknown,False
winamp,F,258,156,2529,Unknown,False
elpapadecarlsen,F,145,124,2499,Unknown,False
Alexkoless,F,138,55,2426,Unknown,False
elpapadecarlsen,F,122,141,2514,Unknown,False
Elyon2000,F,148,81,2463,Unknown,False
imrk64,F,131,57,2450,Unknown,False
always63,F,145,52,2442,Unknown,False
Deeper44,F,91,107,2512,Unknown,False
durasno,F,127,60,2461,Unknown,False
KOHA_2019,F,78,69,2473,Unknown,False
Daeneryz,F,234,-59,2377,Unknown,False
alesig71,F,123,123,2522,Unknown,False
Vaisnav,F,129,18,2413,Unknown,False
dmitry-lavrik,F,142,84,2482,Unknown,False
kardia16,F,147,122,2529,Unknown,False
Dove____Cameron,M,116,-52,2405,Unknown,False
NikoBellicC,F,187,33,2433,Unknown,False
Itachi_Ut,F,165,100,2501,Unknown,False
imdejong,F,155,102,2499,Unknown,False
chessmaxusa,F,165,58,2458,Unknown,False
Dove____Cameron,M,116,-13,2407,Unknown,False
Din-don-dan,F,144,-84,2362,Unknown,False
dodoucb,F,112,-55,2388,Unknown,False
Saratov_dusn7,F,182,56,2469,Unknown,False
nobody12,F,104,80,2484,Unknown,False
Schachtrainer-Schuh,F,167,64,2464,Unknown,False
maciejos95,F,184,90,2485,Unknown,False
macp1988,F,152,52,2450,Unknown,False
pichonazo,F,174,106,2502,Unknown,False
Filip88,F,107,184,2586,Unknown,False
ElGordito123,F,79,71,2470,Unknown,False
Saratov_dusn7,F,283,92,2488,Unknown,False
MJTHEGOAT,F,107,69,2479,Unknown,False
sewin16,F,223,65,2467,Unknown,False
sstrb,F,191,160,2563,Unknown,False
OreWa,F,111,61,2461,Unknown,False
Dove____Cameron,M,165,-164,2395,Unknown,False
riga1960,F,255,74,2480,Unknown,False
lakilive,F,203,91,2498,Unknown,False
Headswillroll,F,187,75,2479,Unknown,False
MI-DTB,F,127,58,2465,Unknown,False
yaguigor,F,133,53,2462,Unknown,False
safahkarmoz,F,119,132,2583,Unknown,False
AZRobby,F,154,113,2509,Unknown,False
LaDaf,F,121,83,2486,Unknown,False
mrchess2013,F,165,67,2442,Unknown,False
jelmatos,F,101,150,2597,Unknown,False
Evgeny_Muslimov,F,159,96,2496,Unknown,False
RCSA007,F,121,109,2505,Unknown,False
Thetacticbot1234,F,147,50,2456,Unknown,False
TheButcherMio,F,160,188,2590,Unknown,False
fashionabelsnabel,F,140,70,2474,Unknown,False
Matou_33,F,161,98,2516,Unknown,False
Tunahan14532,F,80,76,2486,Unknown,False
Klmchess,F,205,36,2460,Unknown,False
dedaluz,F,220,74,2493,Unknown,False
Hase64,F,183,60,2495,Unknown,False
Dove____Cameron,M,129,-177,2430,Unknown,False
Pawndercover,F,140,28,2451,Unknown,False
renavacio90,F,122,-119,2325,Unknown,False
Stalri,F,201,-125,2323,Unknown,False
Achanich,F,122,-129,2322,Unknown,False
Alambique_veloz,F,129,99,2477,Unknown,False
Dove____Cameron,M,218,-43,2385,Unknown,False
Leon_Blanco,F,128,-153,2291,Unknown,False
mixo23,F,90,53,2452,Unknown,False
Solomon10,F,141,-127,2273,Unknown,False
xarf,F,193,-164,2239,Unknown,False
Maxikinder,F,202,-122,2284,Unknown,False
Gui_Nogueira,F,164,-159,2251,Unknown,False
Tanimuka,F,196,-131,2286,Unknown,False
kamilaccount,F,157,-77,2347,Unknown,False
JackTheRipperSlash,F,106,-115,2312,Unknown,False
boolah229,F,255,-118,2307,Unknown,False
shibui,F,135,64,2489,Unknown,False
Voldkazen2001,F,145,115,2537,Unknown,False
Voldkazen2001,F,112,143,2558,Unknown,False
Voldkazen2001,F,84,108,2533,Unknown,False
Grancanarias,F,175,65,2479,Unknown,False
Tunahan14532,F,235,50,2459,Unknown,False
googlechrome12345678,F,171,142,2556,Unknown,False
jesselroy99,F,132,176,2521,Unknown,False
dedaluz,F,225,93,2503,Unknown,False
ondozimurtez,F,259,131,2585,Unknown,False
derbestewogibt,F,187,-75,2375,Unknown,False
psammenitos,F,174,149,2592,Unknown,False
CaptainPlanet,F,113,-53,2388,Unknown,False
LaDaf,F,120,114,2515,Unknown,False
tapkus,F,123,106,2498,Unknown,False
luisaceo,F,178,20,2419,Unknown,False
FanDeGranda,F,116,85,2490,Unknown,False
HandKnit,F,173,-91,2344,Unknown,False
Alindsay,M,166,23,2440,Unknown,False
fpchess,F,180,162,2493,Unknown,False
jsequera,M,174,-161,2328,Unknown,False
tommy2000,F,105,-95,2339,Unknown,False
lubitel1972,F,120,-28,2398,Unknown,False
LaDaf,F,159,50,2501,Unknown,False
trispios,F,274,49,2464,Unknown,False
Prokofiev,F,181,70,2487,Unknown,False
JackTheRipperSlash,F,101,-105,2317,Unknown,False
elpensionado,F,141,34,2446,Unknown,False
Koneed,F,166,-16,2410,Unknown,False
Starboy91,F,175,78,2492,Unknown,False
sewin16,F,94,39,2444,Unknown,False
luisaceo,F,142,48,2418,Unknown,False
tousannejjes,F,167,131,2507,Unknown,False
dev-ai,F,197,-144,2281,Unknown,False
gunnermuri11,F,227,179,2566,Unknown,False
jsdbv,F,128,67,2451,Unknown,False
Isthemoment,F,112,125,2511,Unknown,False
Isthemoment,F,153,111,2507,Unknown,False
igpn67,F,201,5,2409,Unknown,False
gunnermuri11,F,125,179,2583,Unknown,False
ChateauPetrus,F,191,0,2401,Unknown,False
Iguanych,F,128,-14,2386,Unknown,False
roberto835877,F,148,138,2546,Unknown,False
ThanosA4,F,134,96,2504,Unknown,False
KolhozZaria,F,209,-57,2357,Unknown,False
B-l-e-r-i-m,F,134,-69,2355,Unknown,False
Iguanych,F,205,38,2406,Unknown,False
AndreyStarkon,F,102,22,2423,Unknown,False
nryba94,F,188,63,2470,Unknown,False
Romanator123,F,87,30,2432,Unknown,False
matador1104,F,132,-68,2345,Unknown,False
SsULTANOvV,F,139,29,2429,Unknown,False
iustin104,F,149,71,2494,Unknown,False
Filip88,F,191,132,2529,Unknown,False
Phutressniak,F,168,42,2435,Unknown,False
armoldojunior,F,207,98,2503,Unknown,False
Rababel2017,F,120,138,2410,Unknown,False
Paramos,F,158,74,2495,Unknown,False
MgaPR,F,117,-28,2384,Unknown,False
michellopezabreu,F,158,-12,2409,Unknown,False
anpramon,F,171,-97,2322,Unknown,False
Legendary-Phiri,F,142,-4,2419,Unknown,False
Opticica,F,130,116,2507,Unknown,False
Supertitanik,F,143,81,2474,Unknown,False
h1ppopotamus,F,126,139,2531,Unknown,False
BTR-07,F,194,18,2411,Unknown,False
Maserati20,F,254,-81,2336,Unknown,False
FermanAlkan,F,147,-148,2255,Unknown,False
jv197,F,230,34,2423,Unknown,False
Elito29,F,167,158,2563,Unknown,False
ywam,F,176,-173,2247,Unknown,False
V-ampire91,F,103,-119,2298,Unknown,False
TaranenkoEvhen,F,114,0,2421,Unknown,False
Trompovsk2245,F,219,45,2472,Unknown,False
NuevaVizcayaChesser,F,214,99,2521,Unknown,False
nrm18,F,106,28,2400,Unknown,False
Papagayo,F,144,123,2490,Unknown,False
random_fan,F,319,43,2422,Unknown,False
Oplarex,F,113,27,2429,Unknown,False
Dimas-Dimas,F,158,55,2472,Unknown,False
Crossbow,F,146,6,2410,Unknown,False
Lopez09,F,206,70,2464,Unknown,False
kubata69,F,191,-41,2371,Unknown,False
gameoverbro,F,158,-14,2397,Unknown,False
elcandado,F,222,149,2545,Unknown,False
Shubhamg1238,F,97,-69,2336,Unknown,False
komdro,F,117,-60,2343,Unknown,False
vlajko-83,F,98,85,2421,Unknown,False
romfe87,F,277,-76,2345,Unknown,False
mixo23,F,220,28,2413,Unknown,False
Made_in_KG,F,208,12,2402,Unknown,False
J3ze,F,161,-165,2242,Unknown,False
ChessByJason-org,F,221,133,2520,Unknown,False
aryan_nm,F,219,68,2459,Unknown,False
benonian,F,191,119,2517,Unknown,False
Winterkg,F,158,85,2487,Unknown,False
Isthemoment,F,87,100,2499,Unknown,False
Isthemoment,F,80,116,2507,Unknown,False
Kulio,F,133,112,2495,Unknown,False
auromplei,F,135,-48,2376,Unknown,False
kacper05,F,119,15,2444,Unknown,False
KingofOttakring,F,192,-14,2427,Unknown,False
bened7707,F,213,-100,2347,Unknown,False
alimente,F,235,-27,2424,Unknown,False
easychesspro1,F,83,61,2446,Unknown,False
easychesspro1,F,183,58,2445,Unknown,False
RJF72,F,150,-172,2228,Unknown,False
solovaleaganar,F,78,-3,2457,Unknown,False
SaquonBarkley26,F,128,20,2474,Unknown,False
lugoking,F,114,-144,2321,Unknown,False
SiempreconDios,F,143,-150,2266,Unknown,False
Nanidesu_ka,F,112,-61,2399,Unknown,False
topce,F,154,-87,2330,Unknown,False
Alindsay,M,61,28,2419,Unknown,False
Alindsay,M,136,135,2413,Unknown,False
shypo0o0o0rchi,F,82,12,2411,Unknown,False
memo12345,F,275,-53,2351,Unknown,False
prowess-shred,F,189,19,2422,Unknown,False
dodoucb,F,212,-21,2391,Unknown,False
chernee,F,143,-33,2384,Unknown,False
Elito29,F,94,188,2556,Unknown,False
Lopez09,F,116,113,2478,Unknown,False
lapinator,F,266,82,2451,Unknown,False
shibui,F,192,145,2521,Unknown,False
Ekobio,F,182,87,2456,Unknown,False
Cavolinho,F,140,53,2419,Unknown,False
Zaychik1956,F,248,-17,2397,Unknown,False
peaton,F,155,-105,2314,Unknown,False
mancillador,F,182,97,2555,Unknown,False
karinachess11,M,188,-205,2453,Unknown,False
EgorychRus,F,258,56,2436,Unknown,False
solovaleaganar,F,130,64,2446,Unknown,False
slamdunk4,F,213,-141,2317,Unknown,False
Founoir,F,148,-176,2290,Unknown,False
morischwilli,F,136,93,2464,Unknown,False
topce,F,144,-143,2331,Unknown,False
LubosRosko,F,184,13,2400,Unknown,False
champion64,M,166,-159,2382,Unknown,False
Nurlan_Ibrayev,F,231,155,2539,Unknown,False
SigitukasK,F,92,127,2491,Unknown,False
simonachess,M,177,-136,2359,Unknown,False
SigitukasK,F,113,143,2498,Unknown,False
simonachess,M,114,-151,2351,Unknown,False
SigitukasK,F,141,134,2494,Unknown,False
simonachess,M,146,-117,2369,Unknown,False
SigitukasK,F,131,125,2490,Unknown,False
simonachess,M,132,-133,2361,Unknown,False
SigitukasK,F,168,140,2497,Unknown,False
simonachess,M,180,-148,2353,Unknown,False
BBBower,F,118,-151,2253,Unknown,False
horsorito,F,232,2,2404,Unknown,False
Alambique_veloz,F,135,-2,2400,Unknown,False
Oplarex,F,219,18,2405,Unknown,False
Soroushramezani99,F,218,-138,2275,Unknown,False
gajardo,F,117,63,2472,Unknown,False
ArnoldMinasyan,F,225,115,2527,Unknown,False
Hapaku-Untold,F,138,-73,2330,Unknown,False
Nick_Litvinchuk,F,53,-102,2306,Unknown,False
Grancanarias,F,256,43,2471,Unknown,False
EspaldaPlateada10,F,167,41,2427,Unknown,False
Alexkoless,F,181,98,2471,Unknown,False
makaroniamekima,F,99,198,2573,Unknown,False
Schach_du_Nase,F,300,-45,2427,Unknown,False
chinguuuun,F,138,-97,2380,Unknown,False
cipiripi,F,234,-34,2389,Unknown,False
vanImpe,F,109,-60,2417,Unknown,False
Denizcan61,F,155,1,2421,Unknown,False
lioni26,F,134,142,2568,Unknown,False
sstrb,F,202,101,2536,Unknown,False
BUBI2,F,196,63,2500,Unknown,False
EgorychRus,F,193,6,2410,Unknown,False
CristianS27,F,275,-8,2395,Unknown,False
Paramos,F,256,116,2483,Unknown,False
riga1960,F,53,86,2461,Unknown,False
izel2,F,150,135,2506,Unknown,False
ibrahim_jayyab,F,92,152,2521,Unknown,False
miljac,F,102,-36,2367,Unknown,False
Paramos,F,151,106,2467,Unknown,False
Phutressniak,F,239,52,2425,Unknown,False
Zutano,F,29,3,2404,Unknown,False
Flomaster1,F,32,50,2451,Unknown,False
Skibbi,F,29,-97,2304,Unknown,False
Sergey_Krivenko,F,32,40,2441,Unknown,False
Lopuh99,F,180,38,2422,Unknown,False
Gatiloco77,F,107,15,2423,Unknown,False
mi2497,F,287,1,2415,Unknown,False
johncox,F,110,19,2433,Unknown,False
elcandado,F,201,121,2529,Unknown,False
gonavarrete,F,207,96,2487,Unknown,False
ondozimurtez,F,219,128,2523,Unknown,False
Zeppski88,F,159,8,2401,Unknown,False
Patonotucupi,F,31,26,2435,Unknown,False
vlad10898,F,122,159,2613,Unknown,False
carguru,F,238,118,2565,Unknown,False
NikoBellicC,F,199,10,2407,Unknown,False
Naskos,F,213,16,2414,Unknown,False
Saratov_dusn7,F,125,45,2437,Unknown,False
khojayan-vardan,F,152,27,2466,Unknown,False
Ogloblin,F,224,25,2468,Unknown,False
GMChavez,F,201,57,2512,Unknown,False
johncox,F,132,44,2437,Unknown,False
redtom,F,132,81,2476,Unknown,False
Dove____Cameron,M,163,-54,2391,Unknown,False
DJaeggi,F,307,67,2499,Unknown,False
Brotfahrer,F,220,59,2457,Unknown,False
nerzo,F,209,16,2404,Unknown,False
PVKMSSSSR3991,F,179,170,2605,Unknown,False
Vyka,F,139,64,2458,Unknown,False
PanDA_NO,F,258,-85,2317,Unknown,False
anpramon,F,164,-57,2354,Unknown,False
ArdianJashari,F,233,-53,2353,Unknown,False
vadimchess__82,F,134,-174,2237,Unknown,False
Lopez09,F,122,117,2498,Unknown,False
Kornflakes1994,F,220,19,2414,Unknown,False
Lennis2800,F,196,121,2513,Unknown,False
Sergey_Krivenko,F,78,30,2419,Unknown,False
korronavirus,F,99,297,2499,Unknown,False
Calculator123,F,155,-171,2243,Unknown,False
Arrubarena,F,163,8,2425,Unknown,False
chiarot,F,233,52,2467,Unknown,False
Muhammad-Adel,F,105,-125,2298,Unknown,False
thesting22,F,166,19,2489,Unknown,False
hermawan71,F,186,-107,2351,Unknown,False
Rauloaded,F,125,-17,2396,Unknown,False
federik_montalbano,F,204,-88,2324,Unknown,False
baranselkaan,F,76,3,2408,Unknown,False
BigTim3000,F,116,-79,2337,Unknown,False
Lopuh99,F,163,19,2445,Unknown,False
Chessibague,F,122,76,2496,Unknown,False
Godzillator,F,146,-72,2355,Unknown,False
ChuckPhil,M,204,76,2432,Unknown,False
mesterwood,F,103,-37,2399,Unknown,False
stammargg,F,116,76,2508,Unknown,False
FuryJazz,F,142,-63,2378,Unknown,False
vovasev,F,140,-61,2373,Unknown,False
ChuckPhil,M,204,71,2439,Unknown,False
kukumber78,F,171,109,2541,Unknown,False
lakilive,F,164,38,2472,Unknown,False
jelmatos,F,207,141,2570,Unknown,False
GabrielTricks2003,F,90,21,2455,Unknown,False
SaraBlackPanther,F,136,322,2522,Unknown,False
telarubo96,F,140,-60,2385,Unknown,False
CHErik2005,F,241,188,2501,Unknown,False
zolpi,F,75,-92,2347,Unknown,False
Amroeljawich,F,203,58,2489,Unknown,False
matanpo,F,192,49,2481,Unknown,False
CHErik2005,F,129,177,2495,Unknown,False
Parasiet,F,226,-7,2460,Unknown,False
CHErik2005,F,180,24,2485,Unknown,False
ArminTanzarian,F,134,32,2473,Unknown,False
DesertWolfTempo,F,218,-66,2375,Unknown,False
ChuckPhil,M,95,-16,2440,Unknown,False
norba94,F,112,-83,2362,Unknown,False
Barys74,F,139,188,2626,Unknown,False
Luckynumber89,F,185,-118,2324,Unknown,False
Alfilparanoico,F,172,51,2497,Unknown,False
Zarrapastroso,F,194,19,2459,Unknown,False
riga1960,F,160,27,2465,Unknown,False
Vikki499,F,134,47,2433,Unknown,False
Addistan,F,136,43,2469,Unknown,False
herbie2017,F,96,14,2457,Unknown,False
sigalj,F,187,-55,2387,Unknown,False
Goranor,F,232,-72,2371,Unknown,False
brancoenriva,F,228,-31,2370,Unknown,False
AgresivePlayer,F,108,19,2402,Unknown,False
AgresivePlayer,F,258,18,2402,Unknown,False
db1000c,F,173,98,2482,Unknown,False
trickyholds,F,126,-68,2443,Unknown,False
trickyholds,F,150,-38,2457,Unknown,False
NPotpara,F,108,60,2440,Unknown,False
Alaxan,F,133,33,2485,Unknown,False
BUBI2,F,92,172,2631,Unknown,False
IlSalvatore,F,207,187,2675,Unknown,False
jelmatos,F,179,117,2574,Unknown,False
PongChess,F,89,-75,2378,Unknown,False
ljdr,F,225,22,2506,Unknown,False
linusj,F,187,76,2529,Unknown,False
Ivan-Uraev87,F,168,-54,2385,Unknown,False
frozensmile,F,134,-20,2416,Unknown,False
pesedado,F,178,-47,2395,Unknown,False
abedinov,F,113,-113,2322,Unknown,False
PadreJulian,F,232,43,2487,Unknown,False
Zaychik1956,F,83,-21,2418,Unknown,False
Mandalorian37,F,138,10,2437,Unknown,False
Borislav10,F,216,134,2478,Unknown,False
Maccabicarmiel,F,106,-24,2403,Unknown,False
nonsopolo,F,168,-43,2366,Unknown,False
ondozimurtez,F,204,143,2526,Unknown,False
qwe_asd,F,275,-60,2341,Unknown,False
PPalas,F,116,-22,2383,Unknown,False
riga1960,F,101,78,2471,Unknown,False
BirdSetFree7,F,182,-36,2370,Unknown,False
paul2610,F,96,-82,2340,Unknown,False
sex_and_chess,F,147,-61,2365,Unknown,False
sex_and_chess,F,102,-80,2356,Unknown,False
Pretender365,F,226,-100,2340,Unknown,False
tbchess20,F,134,-96,2347,Unknown,False
Seelenjagd,F,120,-76,2359,Unknown,False
duboka,F,100,-112,2327,Unknown,False
Flawless_Fighter,M,170,42,2442,Unknown,False
maplechess,F,149,7,2443,Unknown,False
Alindsay,M,70,-86,2412,Unknown,False
Pastukhov_Nicolay,F,215,71,2479,Unknown,False
hernan49,F,146,161,2507,Unknown,False
rolly9891,F,225,142,2496,Unknown,False
Pumbwe,F,118,70,2442,Unknown,False
jim2600,F,172,90,2475,Unknown,False
ThanosA4,F,114,90,2449,Unknown,False
MY_HAMMER,F,84,-72,2374,Unknown,False
elpapadecarlsen,F,106,117,2575,Unknown,False
BUBI2,F,135,116,2584,Unknown,False
tamik,F,222,50,2514,Unknown,False
LittlePumpkin,F,50,165,2633,Unknown,False
Eaglevalley,F,170,49,2423,Unknown,False
lioni26,F,203,138,2509,Unknown,False
Dove____Cameron,M,215,-33,2367,Unknown,False
Kornflakes1994,F,90,52,2414,Unknown,False
onyxz,F,115,-56,2366,Unknown,False
attackgm2,F,192,144,2559,Unknown,False
chessgalaxy28,F,163,75,2448,Unknown,False
Toro2003,F,173,61,2431,Unknown,False
mohammedarrami,F,267,96,2444,Unknown,False
DrElvegris,F,139,69,2428,Unknown,False
Emerson-PV,F,93,44,2409,Unknown,False
Casttuper,F,169,68,2439,Unknown,False
Plaskett7,F,179,55,2433,Unknown,False
attackgm2,F,142,176,2562,Unknown,False
ElhachaGM,F,85,102,2479,Unknown,False
thijscom,F,239,120,2503,Unknown,False
windfacker,F,90,101,2409,Unknown,False
Pradeep89,F,102,141,2400,Unknown,False
Mirror33,F,118,43,2508,Unknown,False
Mescalero81,F,118,44,2511,Unknown,False
Papagayo,F,188,46,2523,Unknown,False
alberto99,F,191,114,2595,Unknown,False
AMIRREZALH,F,73,42,2406,Unknown,False
likoxoritis,F,158,131,2490,Unknown,False
ditkin,F,228,101,2417,Unknown,False
ditkin,F,198,117,2425,Unknown,False
Toril_DC,F,222,127,2414,Unknown,False
elcandado,F,227,58,2530,Unknown,False
elpapadecarlsen,F,111,101,2424,Unknown,False
DJaeggi,F,253,45,2537,Unknown,False
amaa18,M,186,-101,2487,Unknown,False
Coccodrillo65,F,97,133,2426,Unknown,False
DrDressler,F,130,34,2400,Unknown,False
pipo2016,F,130,55,2409,Unknown,False
rueoxy001,F,221,36,2507,Unknown,False
riga1960,F,154,71,2411,Unknown,False
Jugu83,F,141,76,2406,Unknown,False
JohnLeal,F,179,106,2431,Unknown,False
BLEFOUT,F,179,81,2542,Unknown,False
DeathDynasty,F,260,66,2534,Unknown,False
amaa18,M,130,-86,2459,Unknown,False
manmanlai,F,127,38,2504,Unknown,False
Gatiloco77,F,133,115,2437,Unknown,False
Darth_Craft,F,199,1,2404,Unknown,False
DrElvegris,F,138,114,2430,Unknown,False
rick_morty89,F,110,71,2400,Unknown,False
Fivezero,F,146,-62,2347,Unknown,False
morexcuses93,F,125,35,2459,Unknown,False
DiogenesSinopeus,F,169,64,2428,Unknown,False
freddybaer,F,163,-143,2297,Unknown,False
VladimirTambov,F,193,-57,2363,Unknown,False
jackspades,F,82,-11,2402,Unknown,False
Pions-Sakti,F,163,-174,2236,Unknown,False
soldier14,F,201,-10,2415,Unknown,False
tomk91,F,171,-66,2347,Unknown,False
AlexTheFat,F,148,-134,2288,Unknown,False
UnknownPawn,F,187,-5,2410,Unknown,False
El_Black23,F,205,-29,2393,Unknown,False
comicsclub,F,203,138,2501,Unknown,False
Mariusz-Pudzianowski,F,210,-17,2397,Unknown,False
ljdr,F,152,73,2426,Unknown,False
Zobbie,F,150,135,2444,Unknown,False
Sidorov5252,F,199,120,2488,Unknown,False
Yatini,F,160,133,2425,Unknown,False
ljdr,F,133,111,2428,Unknown,False
Banelevich,F,131,-45,2363,Unknown,False
Maulwurf54,F,144,-151,2259,Unknown,False
Marshall__D__Teach,F,85,-78,2347,Unknown,False
JIL-BATCH4,F,117,-54,2354,Unknown,False
Reza_Sadeghigivi,F,157,-96,2319,Unknown,False
Der_Schachfloh,F,231,-78,2335,Unknown,False
zsk-64,F,259,131,2538,Unknown,False
raresgpro,F,120,3,2418,Unknown,False
Renehp,F,102,-121,2283,Unknown,False
Mannerwafferl,F,242,103,2498,Unknown,False
FightingDragon,F,55,116,2434,Unknown,False
RichardGarcia,F,127,57,2422,Unknown,False
Alindsay,M,202,-47,2353,Unknown,False
zsolti_83,F,236,124,2480,Unknown,False
Ol_Bilych,F,317,133,2409,Unknown,False
kasparik_garik,F,118,112,2536,Unknown,False
Nenidon_Andriy,F,79,46,2436,Unknown,False
Barmazyavka,F,207,-130,2272,Unknown,False
MATRIXTRINITY,F,112,135,2486,Unknown,False
MATRIXTRINITY,F,106,149,2493,Unknown,False
Boyong26,F,202,169,2498,Unknown,False
Dove____Cameron,M,210,-102,2318,Unknown,False
amaa18,M,250,-144,2418,Unknown,False
AM1978,F,238,-85,2329,Unknown,False
Enchanteur,M,172,-128,2284,Unknown,False
adamak123,F,137,144,2425,Unknown,False
riga1960,F,230,192,2477,Unknown,False
miiran,F,150,-24,2386,Unknown,False
denis6917,F,134,141,2493,Unknown,False
Mohammadreza777,F,217,-84,2324,Unknown,False
LevGutman,F,149,95,2437,Unknown,False
Nikolay_III,F,195,138,2464,Unknown,False
KananGarayev,F,173,84,2492,Unknown,False
amaa18,M,109,-10,2411,Unknown,False
MrTophelPie,F,108,88,2436,Unknown,False
MrKooshaJ,F,249,-2,2415,Unknown,False
amaa18,M,242,-9,2412,Unknown,False
MrKooshaJ,F,219,20,2426,Unknown,False
Rooko64,F,213,69,2408,Unknown,False
Ubermuppet,F,127,76,2418,Unknown,False
Shuvalov,F,175,74,2442,Unknown,False
Shuvalov,F,263,92,2451,Unknown,False
Shuvalov,F,164,98,2454,Unknown,False
Tigran_Poghosyan_76,F,138,76,2411,Unknown,False
Doa79,F,144,111,2454,Unknown,False
masterfull123,F,149,27,2416,Unknown,False
KJO144,F,221,51,2435,Unknown,False
vk65,F,134,87,2412,Unknown,False
Efimenko,F,105,105,2426,Unknown,False
petergo,F,110,136,2412,Unknown,False
silkroad2,F,106,127,2452,Unknown,False
Lidiodelgado,F,143,108,2426,Unknown,False
Tranquilou,F,229,154,2430,Unknown,False
SrJingles,F,203,99,2437,Unknown,False
Holopainen,F,154,94,2428,Unknown,False
Lidiodelgado,F,122,67,2403,Unknown,False
nissou-ach,F,127,-119,2329,Unknown,False
phoenix03,F,98,-75,2377,Unknown,False
LOVEUMANE,F,152,-52,2399,Unknown,False
MrBini,F,98,-47,2403,Unknown,False
dacean99,F,232,6,2461,Unknown,False
dacean99,F,144,28,2472,Unknown,False
inzeitnot,F,164,-148,2272,Unknown,False
raulmaf,F,166,-158,2266,Unknown,False
Siarinho,F,209,-37,2394,Unknown,False
TheDominant177,F,128,-140,2296,Unknown,False
chebi34,F,221,126,2452,Unknown,False
impr0v3r,F,78,102,2435,Unknown,False
nerzo,F,232,26,2465,Unknown,False
dutchchesslegend,F,158,-20,2450,Unknown,False
Sokolov_Kirill-10,F,106,151,2525,Unknown,False
extermo44,F,133,76,2434,Unknown,False
extermo44,F,218,33,2425,Unknown,False
EnglishLongbow,F,153,142,2671,Unknown,False
EnglishLongbow,F,240,164,2682,Unknown,False
mlatb,M,234,-153,2521,Unknown,False
SaraciNderim,F,114,146,2671,Unknown,False
mlatb,M,204,-155,2520,Unknown,False
SaraciNderim,F,149,163,2678,Unknown,False
mlatb,M,142,-64,2510,Unknown,False
KolhozZaria,F,179,-58,2461,Unknown,False
TeliTmas,F,162,-13,2498,Unknown,False
ykskakskol,F,167,-76,2375,Unknown,False
Hydropower,F,117,-160,2302,Unknown,False
mostrovski,F,120,-138,2620,Unknown,False
DoktorMatt,F,112,-63,2684,Unknown,False
sergiul,F,144,52,2404,Unknown,False
ich2,F,124,78,2403,Unknown,False
Fortuna_Alexey,F,183,-39,2395,Unknown,False
EnzoTigre,F,244,-62,2383,Unknown,False
ParkRunner22,F,171,-115,2356,Unknown,False
EivindJohan,F,112,143,2478,Unknown,False
Nurlan_Ibrayev,F,125,27,2491,Unknown,False
talyamania,F,199,103,2415,Unknown,False
Kryptonopolis,F,177,105,2428,Unknown,False
ChessExplained,F,187,162,2502,Unknown,False
baneneba,F,127,194,2575,Unknown,False
superbond,F,122,30,2415,Unknown,False
Virusattack,F,187,-151,2307,Unknown,False
odysseusss,F,182,54,2498,Unknown,False
odysseusss,F,147,50,2496,Unknown,False
AndreyDavydov,F,102,0,2447,Unknown,False
Saparmyrat,F,229,-249,2512,Unknown,False
Lugovskoy_Maxim,F,125,-356,2397,Unknown,False
AngelitoRT,F,262,-214,2543,Unknown,False
SindarovGM,F,254,-195,2565,Unknown,False
Fide_GM_not_IM,F,210,-208,2540,Unknown,False
miiran,F,208,200,2441,Unknown,False
Abdisalimov,F,256,-163,2578,Unknown,False
mutdpro,M,154,280,2732,Unknown,False
alxz2020,F,254,164,2403,Unknown,False
champion64,M,142,-169,2342,Unknown,False
JamalSafieh,F,145,65,2419,Unknown,False
zeyturk,F,135,91,2450,Unknown,False
leva1958,F,83,190,2573,Unknown,False
fearlessss,F,285,54,2434,Unknown,False
Doccy1,F,176,210,2591,Unknown,False
Azer_Abdullayev,F,211,220,2498,Unknown,False
CleverKenkz,F,135,103,2481,Unknown,False
CleverKenkz,F,123,60,2455,Unknown,False
vk65,F,137,5,2414,Unknown,False
Veldenpoetser,F,105,-70,2386,Unknown,False
Gnechko_Ruslan,F,103,-15,2426,Unknown,False
shtormie,F,195,-143,2301,Unknown,False
superstar2020,F,231,-13,2431,Unknown,False
Phonebooth,F,132,-243,2201,Unknown,False
Sick_clown,F,231,342,2641,Unknown,False
Ali_rastbod,F,177,7,2462,Unknown,False
Ali_rastbod,F,239,224,2457,Unknown,False
grizzlybear79,F,142,321,2790,Unknown,False
shovalie64,F,138,-40,2425,Unknown,False
superstar2020,F,211,120,2420,Unknown,False
mitraasz,M,216,-202,2233,Unknown,False
sparrow1,F,151,175,2505,Unknown,False
MartijnE,F,247,136,2411,Unknown,False
elpapadecarlsen,F,153,71,2490,Unknown,False
YEIKOCASTELLA,F,82,-1,2404,Unknown,False
Andhi87,F,127,27,2415,Unknown,False
cocafanta,F,81,101,2422,Unknown,False
W-Hernandez95,F,115,96,2470,Unknown,False
stammargg,F,189,31,2413,Unknown,False
Aminmolaei,F,133,50,2443,Unknown,False
Sick_clown,F,146,375,2629,Unknown,False
azchess21,M,236,-94,2394,Unknown,False
spacejunkie72,F,152,163,2481,Unknown,False
saeedherox,F,172,84,2479,Unknown,False
azchess21,M,214,8,2402,Unknown,False
nikpour,F,236,-77,2325,Unknown,False
mlatb,M,223,46,2496,Unknown,False
trustinvesting,F,188,-154,2333,Unknown,False
trustinvesting,F,154,-136,2346,Unknown,False
K_E_L_Z,F,136,-141,2349,Unknown,False
Ali_rastbod,F,214,76,2480,Unknown,False
azchess21,M,178,-84,2400,Unknown,False
Ali_rastbod,F,213,94,2489,Unknown,False
azchess21,M,231,-102,2391,Unknown,False
elektromonter36,F,100,-85,2315,Unknown,False
Dmitry_Morozov,F,114,34,2423,Unknown,False
Fleetw00dMac,F,219,-93,2343,Unknown,False
Colovei,F,172,-174,2267,Unknown,False
emiliofelixramirez,F,153,82,2414,Unknown,False
Holopainen,F,277,-47,2382,Unknown,False
Anyinsaman,F,145,-121,2312,Unknown,False
knight1950,F,118,-165,2276,Unknown,False
dedyka,F,169,-79,2410,Unknown,False
omeed_87,F,120,126,2441,Unknown,False
omeed_87,F,219,117,2436,Unknown,False
Petersnowz,F,230,108,2413,Unknown,False
Percutidor,F,126,124,2419,Unknown,False
MariyaYakimova,M,173,-42,2389,Unknown,False
jonashacker1,F,67,53,2437,Unknown,False
MariyaYakimova,M,131,-63,2379,Unknown,False
jonashacker1,F,187,71,2446,Unknown,False
MariyaYakimova,M,119,-57,2382,Unknown,False
jonashacker1,F,126,67,2444,Unknown,False
MariyaYakimova,M,193,-77,2372,Unknown,False
vvchessli,F,203,48,2435,Unknown,False
Aliakbarov_Anar,F,110,152,2475,Unknown,False
adaptation2020,F,160,59,2438,Unknown,False
DMB-Stepps,F,169,25,2423,Unknown,False
Lenyas66,F,73,83,2466,Unknown,False
Doa79,F,146,28,2406,Unknown,False
StayinginDodge,F,102,-126,2394,Unknown,False
elpasha,F,63,-176,2351,Unknown,False
eltryitharder,F,208,-163,2367,Unknown,False
Marabu74,F,120,99,2496,Unknown,False
NIndja64,F,106,404,2771,Unknown,False
GRGM2B,F,157,57,2423,Unknown,False
mutdpro,M,179,3,2723,Unknown,False
Tashik,M,222,-166,2356,Unknown,False
ThalliumChess,F,159,-395,2335,Unknown,False
Feokl1995,F,139,2,2740,Unknown,False
mbachez90,F,117,100,2453,Unknown,False
Jumboland,F,139,-132,2617,Unknown,False
mutdpro,M,164,-49,2740,Unknown,False
wizard98,F,109,-78,2657,Unknown,False
ilkernadi,F,230,42,2413,Unknown,False
arkonada50,F,118,87,2438,Unknown,False
Embiid,F,108,147,2437,Unknown,False
KutirovGM,F,133,140,2423,Unknown,False
Boydia,F,136,-108,2431,Unknown,False
Soldier1712,F,175,-121,2288,Unknown,False
ich2,F,99,129,2453,Unknown,False
Napo18,F,139,110,2605,Unknown,False
swimmerchess,F,148,193,2683,Unknown,False
ElHelvetico,F,214,29,2510,Unknown,False
emmanueljimenez,F,128,2,2512,Unknown,False
xCarlusMagsenx,F,173,-21,2494,Unknown,False
