White_Unified_Name,Black_Sex,PlyCount,RatingDiff,Opening,IsAggressive,White_Elo,RatingBin
ciptamaulana,F,188,-114,Unknown,False,2358.0,<-100
Doccy1,F,173,-150,Unknown,False,2509.0,<-100
prepudino,F,196,-124,Unknown,False,2370.0,<-100
bened7707,F,213,-100,Unknown,False,2347.0,<-100
Boydia,F,136,-108,Unknown,False,2431.0,<-100
iam74,F,64,-145,Unknown,False,2277.0,<-100
Biciclis,F,143,-173,Unknown,False,2274.0,<-100
Lolo159,F,215,-115,Unknown,False,2586.0,<-100
eltryitharder,F,208,-163,Unknown,False,2367.0,<-100
Muhammad-Adel,F,105,-125,Unknown,False,2298.0,<-100
AndresCasado17,F,310,-174,Unknown,False,2258.0,<-100
Kjetil_Lie80,F,179,-146,Unknown,False,2510.0,<-100
baltabai,F,141,-102,Unknown,False,2349.0,<-100
peaton,F,155,-105,Unknown,False,2314.0,<-100
pupilo29,F,135,-127,Unknown,False,2312.0,<-100
pepitoverdulero,F,145,-146,Unknown,False,2517.0,<-100
elpasha,F,63,-176,Unknown,False,2351.0,<-100
venadorecargado,F,218,-152,Unknown,False,2257.0,<-100
Miguoel,F,162,-170,Unknown,False,2502.0,<-100
Fightbro,F,283,-110,Unknown,False,2429.0,<-100
Julian Estrada,F,100,-145,Trompowsky Attack,True,,<-100
Agssga,F,227,-200,Unknown,False,2282.0,<-100
coventry,F,211,-316,Unknown,False,2218.0,<-100
Maulwurf54,F,144,-151,Unknown,False,2259.0,<-100
vizir7,F,139,-170,Unknown,False,2323.0,<-100
Puratactica,F,178,-393,Unknown,False,2202.0,<-100
NPezelj,F,139,-166,Unknown,False,2509.0,<-100
fnr89,F,190,-162,Unknown,False,2328.0,<-100
SindarovGM,F,254,-195,Unknown,False,2565.0,<-100
drunkster,F,144,-139,Unknown,False,2583.0,<-100
Manu94,F,117,-126,Unknown,False,2366.0,<-100
andro2,F,165,-150,Unknown,False,2339.0,<-100
sarawakchampion2020,F,189,-221,Unknown,False,2202.0,<-100
ParkRunner22,F,171,-115,Unknown,False,2356.0,<-100
maestro_coach,F,113,-173,Unknown,False,2298.0,<-100
EnriqueLlobell,F,211,-125,Unknown,False,2525.0,<-100
elrond,F,121,-169,Unknown,False,2316.0,<-100
The_Fox_Agent,F,146,-181,Unknown,False,2283.0,<-100
captoprill,F,139,-106,Unknown,False,2306.0,<-100
Elsayoda,F,191,-144,Unknown,False,2339.0,<-100
miguelsimoes,F,219,-130,Unknown,False,2319.0,<-100
Transversalwelle,F,248,-143,Unknown,False,2274.0,<-100
Jepetto,F,77,-103,Unknown,False,2677.0,<-100
Vnebo,F,130,-160,Unknown,False,2515.0,<-100
ChrisPaul3,F,169,-108,Unknown,False,2445.0,<-100
KemChuoi,F,294,-276,Unknown,False,2515.0,<-100
Warrior_of_Sparta,F,185,-116,Unknown,False,2611.0,<-100
MagicRabbit,F,117,-162,Unknown,False,2245.0,<-100
Jamiryo33,F,236,-159,Unknown,False,2511.0,<-100
TheDominant177,F,134,-195,Unknown,False,2248.0,<-100
Tanimuka,F,196,-131,Unknown,False,2286.0,<-100
pierrebl,F,107,-171,Unknown,False,2604.0,<-100
Solomon10,F,141,-127,Unknown,False,2273.0,<-100
Abu-Jafarr,F,148,-170,Unknown,False,2235.0,<-100
"Atanejhad, Sahebali",F,70,-213,"English Opening: Symmetrical Variation, Anti-Benoni Variation, Spielmann Defense",False,,<-100
Mirac_K,F,171,-128,Unknown,False,2596.0,<-100
Jaimeesmaricon,F,148,-185,Unknown,False,2217.0,<-100
Chess___Player,F,296,-161,Unknown,False,2269.0,<-100
Bierblitz,F,239,-177,Unknown,False,2560.0,<-100
vanya5661,F,162,-138,Unknown,False,2310.0,<-100
SecretPlayer03,F,91,-124,Unknown,False,2316.0,<-100
Avalyan,F,217,-191,Unknown,False,2505.0,<-100
DanyManso,F,140,-145,Unknown,False,2274.0,<-100
jaoso78,F,157,-105,Unknown,False,2406.0,<-100
pottsime,F,175,-106,Unknown,False,2326.0,<-100
betoi31,F,352,-154,Unknown,False,2283.0,<-100
Yuri61,F,159,-256,Unknown,False,2291.0,<-100
zemogibax,F,222,-108,Unknown,False,2356.0,<-100
raulmaf,F,166,-158,Unknown,False,2266.0,<-100
T-Stevenson,F,185,-112,Unknown,False,2375.0,<-100
Ghtlehrb,F,185,-205,Unknown,False,2268.0,<-100
LeTrollClub,F,155,-103,Unknown,False,2407.0,<-100
inzeitnot,F,164,-148,Unknown,False,2272.0,<-100
AlexTheFat,F,148,-134,Unknown,False,2288.0,<-100
Safrin_torayaku,F,129,-118,Unknown,False,2284.0,<-100
SCEAU_A_KROTTE,F,163,-194,Unknown,False,2226.0,<-100
Titico2020,F,240,-131,Unknown,False,2284.0,<-100
PetarBosnjak,F,162,-223,Unknown,False,2567.0,<-100
Udemzo,F,207,-116,Unknown,False,2325.0,<-100
Federtiu,F,184,-104,Unknown,False,2595.0,<-100
esac01,F,213,-144,Unknown,False,2281.0,<-100
Belousov1996,F,190,-207,Unknown,False,2243.0,<-100
Abdisalimov,F,256,-163,Unknown,False,2578.0,<-100
Sitojumi,F,178,-108,Unknown,False,2618.0,<-100
ArchinskyPoetry,F,124,-180,Unknown,False,2326.0,<-100
NoSkillNeeded,F,134,-104,Unknown,False,2393.0,<-100
fmrini,F,171,-145,Unknown,False,2268.0,<-100
Rokou,F,238,-132,Unknown,False,2541.0,<-100
Freiheit,F,43,-112,Unknown,False,2360.0,<-100
abedinov,F,113,-113,Unknown,False,2322.0,<-100
LiVaEv,F,178,-168,Unknown,False,2362.0,<-100
purpledwarf,F,202,-180,Unknown,False,2560.0,<-100
Stalri,F,201,-125,Unknown,False,2323.0,<-100
kathiyitis,F,118,-114,Unknown,False,2376.0,<-100
reuental,F,176,-105,Unknown,False,2612.0,<-100
SoulAscension,F,124,-239,Unknown,False,2243.0,<-100
Colovei,F,172,-174,Unknown,False,2267.0,<-100
IBERMAN,F,120,-253,Unknown,False,2208.0,<-100
Niti11,F,174,-111,Unknown,False,2302.0,<-100
jack27121986,F,207,-146,Unknown,False,2335.0,<-100
Virusattack,F,187,-151,Unknown,False,2307.0,<-100
FM Ilja Semjonovs,F,98,-125,Dutch Defense,False,,<-100
s_sugiarto,F,170,-199,Unknown,False,2237.0,<-100
catalan-maestro,F,222,-119,Unknown,False,2635.0,<-100
K_E_L_Z,F,136,-141,Unknown,False,2349.0,<-100
renavacio90,F,122,-119,Unknown,False,2325.0,<-100
MrOlka,F,154,-129,Unknown,False,2662.0,<-100
beatles_21,F,226,-120,Unknown,False,2603.0,<-100
hermawan71,F,186,-107,Unknown,False,2351.0,<-100
DisbaLance_one,F,115,-118,Unknown,False,2321.0,<-100
freddybaer,F,163,-143,Unknown,False,2297.0,<-100
"Trifonov, Denis",F,88,-115,Queen's Pawn Game: Levitsky Attack,True,,<-100
Gannikus,F,102,-205,Unknown,False,2501.0,<-100
Ronnie_Sullivan,F,209,-113,Unknown,False,2374.0,<-100
sutulaja_sobaka,F,114,-146,Unknown,False,2604.0,<-100
phirigift,F,252,-178,Unknown,False,2256.0,<-100
iput_asmaraku,F,155,-157,Unknown,False,2266.0,<-100
soyleyende,F,186,-180,Unknown,False,2524.0,<-100
Achanich,F,171,-221,Unknown,False,2288.0,<-100
jozarov,F,148,-113,Unknown,False,2374.0,<-100
KingoFish,F,272,-106,Unknown,False,2310.0,<-100
Boliviar,F,169,-320,Unknown,False,2214.0,<-100
letsgoslampa,F,209,-131,Unknown,False,2420.0,<-100
AggressiveSpinach,F,125,-177,Unknown,False,2391.0,<-100
Olarov-crybaby,F,142,-203,Unknown,False,2239.0,<-100
zahiel,F,269,-288,Unknown,False,2263.0,<-100
Victor mendez,F,108,-131,"English Opening: Anglo-Indian Defense, Queen's Knight Variation",False,,<-100
Sonata2,F,82,-160,Unknown,False,2243.0,<-100
Founoir,F,148,-176,Unknown,False,2290.0,<-100
El998,F,189,-208,Unknown,False,2326.0,<-100
holmanHC37,F,142,-141,Unknown,False,2346.0,<-100
duboka,F,100,-112,Unknown,False,2327.0,<-100
oo2pl,F,201,-214,Unknown,False,2237.0,<-100
zaratustra2018,F,203,-189,Unknown,False,2283.0,<-100
oldpatzer7,F,128,-103,Unknown,False,2451.0,<-100
Sigrud,F,128,-173,Unknown,False,2280.0,<-100
alanmaster,F,142,-104,Unknown,False,2311.0,<-100
Fun-C,F,96,-151,Unknown,False,2330.0,<-100
KidBomba,F,203,-158,Unknown,False,2263.0,<-100
Phonebooth,F,132,-243,Unknown,False,2201.0,<-100
V-ampire91,F,103,-119,Unknown,False,2298.0,<-100
MichaelScumacher,F,101,-119,Unknown,False,2305.0,<-100
Karpuff,F,152,-137,Unknown,False,2266.0,<-100
elpiadosotulon,F,206,-189,Unknown,False,2260.0,<-100
TheLightning2020,F,223,-224,Unknown,False,2218.0,<-100
Pranieth_KC,F,130,-314,Unknown,False,2208.0,<-100
knight1950,F,118,-165,Unknown,False,2276.0,<-100
Den78,F,170,-115,Unknown,False,2489.0,<-100
Jason64,F,90,-142,Unknown,False,2266.0,<-100
Maxikinder,F,202,-122,Unknown,False,2284.0,<-100
BBBower,F,118,-151,Unknown,False,2253.0,<-100
SchieberSpieler,F,135,-116,Unknown,False,2595.0,<-100
Pretender365,F,226,-100,Unknown,False,2340.0,<-100
kingstar70,F,156,-117,Unknown,False,2372.0,<-100
Iwant3000,F,260,-123,Unknown,False,2555.0,<-100
STEFAN1959,F,175,-103,Unknown,False,2316.0,<-100
FermanAlkan,F,147,-148,Unknown,False,2255.0,<-100
CuatroPrincesas,F,210,-187,Unknown,False,2247.0,<-100
Barmazyavka,F,207,-130,Unknown,False,2272.0,<-100
ywam,F,176,-173,Unknown,False,2247.0,<-100
victor325,F,200,-131,Unknown,False,2303.0,<-100
nest2016,F,178,-133,Unknown,False,2275.0,<-100
pushdapawns,F,287,-180,Unknown,False,2241.0,<-100
sardarmelli,F,168,-123,Unknown,False,2296.0,<-100
marcris,F,107,-159,Unknown,False,2256.0,<-100
onlygod,F,190,-131,Unknown,False,2331.0,<-100
kadirtoren13,F,201,-151,Unknown,False,2293.0,<-100
jitanu76,F,134,-206,Unknown,False,2608.0,<-100
Paff-Morris,F,89,-122,Unknown,False,2407.0,<-100
IvanDriz,F,216,-182,Unknown,False,2311.0,<-100
neri19,F,126,-150,Unknown,False,2270.0,<-100
lubitel50,F,182,-145,Unknown,False,2284.0,<-100
henryestrada,F,200,-110,Unknown,False,2343.0,<-100
papasi,F,261,-200,Unknown,False,2546.0,<-100
MORNAR1,F,173,-270,Unknown,False,2212.0,<-100
tohid2300,F,211,-145,Unknown,False,2270.0,<-100
jianini90,F,142,-156,Unknown,False,2408.0,<-100
Владимир Серебряков,F,96,-168,"Sicilian Defense: Closed Variation, Korchnoi Defense",True,,<-100
giuliob100,F,276,-102,Unknown,False,2331.0,<-100
imancheraghi83,F,139,-141,Unknown,False,2281.0,<-100
RobPeresian,F,207,-165,Unknown,False,2333.0,<-100
xarf,F,168,-189,Unknown,False,2215.0,<-100
Citruzzini,F,209,-183,Unknown,False,2286.0,<-100
Skuran,F,48,-173,"Queen's Gambit Declined: Semi-Tarrasch Defense, Exchange Variation",True,,<-100
chessunju,F,229,-112,Unknown,False,2308.0,<-100
AMC68,F,254,-170,Unknown,False,2327.0,<-100
Neverhood,F,200,-114,Unknown,False,2579.0,<-100
Anton_Strunin,F,145,-166,Unknown,False,2280.0,<-100
Giglios,F,218,-143,Unknown,False,2361.0,<-100
julien211003,F,288,-188,Unknown,False,2261.0,<-100
Pions-Sakti,F,163,-174,Unknown,False,2236.0,<-100
Luckynumber89,F,185,-118,Unknown,False,2324.0,<-100
New_User2018,F,167,-138,Unknown,False,2290.0,<-100
davidboulay1979,F,145,-150,Unknown,False,2264.0,<-100
SpeckledBand,F,107,-133,Unknown,False,2377.0,<-100
Kovalchuk_i_Lyashko,F,126,-151,Unknown,False,2293.0,<-100
tornike_sanikidze,F,202,-107,Unknown,False,2650.0,<-100
dev-ai,F,197,-144,Unknown,False,2281.0,<-100
mirekkk14,F,189,-163,Unknown,False,2319.0,<-100
lourenzonapoleao,F,176,-145,Unknown,False,2343.0,<-100
Dalarisse,F,140,-283,Unknown,False,2247.0,<-100
ShahxaibKhan,F,68,-205,"French Defense: Tarrasch Variation, Modern System",False,,<-100
cubanito2002,F,103,-169,Unknown,False,2559.0,<-100
Schachinschac02,F,188,-121,Unknown,False,2550.0,<-100
Gui_Nogueira,F,164,-159,Unknown,False,2251.0,<-100
KLBennett,F,193,-188,Unknown,False,2221.0,<-100
Krabbe,F,160,-125,Unknown,False,2302.0,<-100
forshmakoff,F,185,-127,Unknown,False,2645.0,<-100
ataberktr26,F,128,-150,Unknown,False,2276.0,<-100
AndKul,F,289,-156,Unknown,False,2326.0,<-100
jhonssana,F,138,-171,Unknown,False,2286.0,<-100
Artamonov_Pavel,F,141,-122,Unknown,False,2363.0,<-100
DinossauroRex,F,270,-158,Unknown,False,2286.0,<-100
chargemax23,F,145,-163,Unknown,False,2509.0,<-100
a7serebrov,F,144,-164,Unknown,False,2280.0,<-100
Alexsur81,F,194,-120,Unknown,False,2666.0,<-100
Nikolaj_6,F,139,-146,Unknown,False,2469.0,<-100
agent__orange,F,84,-251,Unknown,False,2234.0,<-100
SiempreconDios,F,143,-150,Unknown,False,2266.0,<-100
VALPOL,F,220,-231,Unknown,False,2236.0,<-100
PushyDiscovery,F,219,-221,Unknown,False,2209.0,<-100
Killerkaz,F,183,-122,Unknown,False,2330.0,<-100
Hydropower,F,117,-160,Unknown,False,2302.0,<-100
Simplestrong,F,99,-264,Unknown,False,2201.0,<-100
Ericeira,F,249,-165,Unknown,False,2262.0,<-100
Tromboemboliagassosa,F,167,-160,Unknown,False,2281.0,<-100
MarkFriesen,F,194,-135,Unknown,False,2314.0,<-100
erfanmm,F,161,-134,Unknown,False,2306.0,<-100
obipikin,F,175,-163,Unknown,False,2241.0,<-100
joran2693,F,178,-178,Unknown,False,2227.0,<-100
q-zma,F,165,-170,Unknown,False,2353.0,<-100
kingsar,F,178,-168,Unknown,False,2305.0,<-100
coreal12,F,261,-176,Unknown,False,2248.0,<-100
Chuckovinho,F,205,-234,Unknown,False,2212.0,<-100
KramnikZero,F,233,-107,Unknown,False,2324.0,<-100
deankiller,F,136,-182,Unknown,False,2562.0,<-100
Rochitha,F,116,-189,Unknown,False,2305.0,<-100
chuscoruso,F,215,-122,Unknown,False,2321.0,<-100
eminencia,F,129,-220,Unknown,False,2227.0,<-100
mapisi,F,167,-126,Unknown,False,2398.0,<-100
alkhawaja111,F,135,-144,Unknown,False,2291.0,<-100
Mzpamungkas72,F,160,-141,Unknown,False,2294.0,<-100
l1nux,F,117,-149,Unknown,False,2330.0,<-100
ztfs,F,130,-120,Unknown,False,2324.0,<-100
PortilhoIM,F,116,-168,Unknown,False,2241.0,<-100
chrissyplaya,F,123,-128,Unknown,False,2284.0,<-100
alcolch,F,231,-132,Unknown,False,2352.0,<-100
woodserenity,F,256,-146,Unknown,False,2268.0,<-100
Sandstad,F,199,-103,Unknown,False,2330.0,<-100
gabrielyoung,F,257,-155,Unknown,False,2249.0,<-100
SerginhoNS,F,174,-275,Unknown,False,2324.0,<-100
Izard,F,149,-101,Unknown,False,2448.0,<-100
colin_ni,F,116,-174,Unknown,False,2228.0,<-100
bashkimi1984,F,178,-143,Unknown,False,2268.0,<-100
rrreiko,F,185,-132,Unknown,False,2329.0,<-100
elgalo,F,127,-228,Unknown,False,2242.0,<-100
Hoppaa,F,133,-170,Unknown,False,2303.0,<-100
Equisdex2,F,179,-114,Unknown,False,2332.0,<-100
Khaschess_95,F,198,-130,Unknown,False,2397.0,<-100
IHadAnEpiphany,F,91,-106,Unknown,False,2404.0,<-100
Lugovskoy_Maxim,F,125,-356,Unknown,False,2397.0,<-100
JackTheRipperSlash,F,106,-115,Unknown,False,2312.0,<-100
Fletov,F,95,-188,Unknown,False,2222.0,<-100
PawnStormerr,F,208,-151,Unknown,False,2308.0,<-100
chessfan9678,F,128,-274,Unknown,False,2247.0,<-100
Bostinovich,F,141,-249,Unknown,False,2327.0,<-100
NewConcept,F,233,-130,Unknown,False,2306.0,<-100
jaci3,F,126,-113,Unknown,False,2327.0,<-100
FRANKOBARO,F,163,-186,Unknown,False,2221.0,<-100
SOLID_8,F,69,-142,Unknown,False,2324.0,<-100
chessgod1999,F,119,-137,Unknown,False,2280.0,<-100
miskob,F,175,-240,Unknown,False,2208.0,<-100
GENOCIDERF9,F,121,-153,Unknown,False,2385.0,<-100
Blackwidowxxx,F,83,-171,Unknown,False,2352.0,<-100
MarkovChains9,F,145,-112,Unknown,False,2295.0,<-100
VafelLimon,F,113,-110,Unknown,False,2377.0,<-100
Fivezero,F,194,-227,Unknown,False,2292.0,<-100
will_of_kek,F,134,-116,Unknown,False,2319.0,<-100
Tatur,F,165,-172,Unknown,False,2390.0,<-100
lugoking,F,114,-144,Unknown,False,2321.0,<-100
PregoPremium,F,266,-124,Unknown,False,2326.0,<-100
Calculator123,F,155,-171,Unknown,False,2243.0,<-100
Sergey_Kasparov,F,262,-157,Unknown,False,2514.0,<-100
Smasher123,F,197,-114,Unknown,False,2319.0,<-100
Mikhail_Golubev,F,116,-105,Unknown,False,2339.0,<-100
VulgusMMXIX,F,148,-200,Unknown,False,2212.0,<-100
Voldemator,F,181,-168,Unknown,False,2247.0,<-100
electricgold,F,91,-115,Unknown,False,2386.0,<-100
BarneyWFIStinson,F,224,-129,Unknown,False,2478.0,<-100
Vihajaisestatulesta,F,129,-118,Unknown,False,2297.0,<-100
elsas,F,146,-213,Unknown,False,2328.0,<-100
nissou-ach,F,138,-200,Unknown,False,2260.0,<-100
linusj,F,157,-112,Unknown,False,2455.0,<-100
Mykota_Sergey,F,184,-121,Unknown,False,2312.0,<-100
vampirenergetik,F,185,-145,Unknown,False,2268.0,<-100
rainbowrising,F,170,-153,Unknown,False,2296.0,<-100
SatinButterfly,F,148,-136,Unknown,False,2566.0,<-100
dmisilver,F,105,-135,Unknown,False,2295.0,<-100
Grand_Batil,F,172,-148,Unknown,False,2285.0,<-100
sapayin,F,162,-160,Unknown,False,2254.0,<-100
Morfi_UM,F,190,-142,Unknown,False,2330.0,<-100
MrSOK,F,178,-102,Unknown,False,2506.0,<-100
MrWalker,F,108,-145,Unknown,False,2312.0,<-100
min2020,F,124,-145,Unknown,False,2307.0,<-100
xmodey,F,165,-138,Unknown,False,2294.0,<-100
Kabila,F,129,-102,Unknown,False,2416.0,<-100
frenchforever,F,103,-216,Unknown,False,2241.0,<-100
slamdunk4,F,213,-141,Unknown,False,2317.0,<-100
Robinson Pérez,F,38,-152,Zukertort Opening: Dutch Variation,False,,<-100
Aciboba,F,118,-109,Unknown,False,2673.0,<-100
RJF72,F,150,-172,Unknown,False,2228.0,<-100
maksim2103,F,108,-163,Unknown,False,2294.0,<-100
manu_ginobili,F,269,-107,Unknown,False,2336.0,<-100
petrut1970,F,212,-118,Unknown,False,2371.0,<-100
burpcow,F,119,-104,Unknown,False,2347.0,<-100
michamib,F,178,-217,Unknown,False,2275.0,<-100
Kairatkost,F,186,-205,Unknown,False,2217.0,<-100
ome87,F,43,-134,Unknown,False,2267.0,<-100
latief,F,76,-170,Unknown,False,2276.0,<-100
kuba12345,F,286,-145,Unknown,False,2573.0,<-100
Donnerhall,F,151,-200,Unknown,False,2567.0,<-100
ClashRoyale,F,167,-108,Unknown,False,2429.0,<-100
Abundance-of-pieces,F,137,-182,Unknown,False,2268.0,<-100
GambitoVolga,F,127,-151,Unknown,False,2269.0,<-100
J3ze,F,161,-165,Unknown,False,2242.0,<-100
computing1968,F,100,-240,Unknown,False,2297.0,<-100
Plovdiv33,F,220,-111,Unknown,False,2332.0,<-100
kikobedan,F,136,-202,Unknown,False,2232.0,<-100
Dingdongdilli,F,187,-182,Unknown,False,2280.0,<-100
ummmwhatever,F,122,-151,Unknown,False,2283.0,<-100
benzine2017,F,231,-163,Unknown,False,2315.0,<-100
Fide_GM_not_IM,F,210,-208,Unknown,False,2540.0,<-100
MonsieurPatate,F,132,-213,Unknown,False,2297.0,<-100
Hypnotized29,F,102,-162,Unknown,False,2552.0,<-100
Wupperstefan,F,181,-337,Unknown,False,2238.0,<-100
mbakkor,F,109,-128,Unknown,False,2307.0,<-100
imzchessacademy2020,F,110,-128,"Pterodactyl Defense: Eastern, Anhanguera",False,,<-100
navilx,F,150,-136,Unknown,False,2283.0,<-100
unknown-maestro,F,102,-186,Unknown,False,2501.0,<-100
NorthernBeserker,F,197,-107,Unknown,False,2304.0,<-100
bam_bam_po_gubam,F,198,-116,Unknown,False,2578.0,<-100
lesyca94,F,112,-116,Unknown,False,2372.0,<-100
panda92,F,175,-180,Unknown,False,2240.0,<-100
vadimchess__82,F,134,-174,Unknown,False,2237.0,<-100
michael81063,F,115,-129,Unknown,False,2383.0,<-100
psikanaliz,F,255,-126,Unknown,False,2317.0,<-100
UptownExpress,F,243,-133,Unknown,False,2303.0,<-100
Leon_Blanco,F,128,-153,Unknown,False,2291.0,<-100
Beboy,F,164,-115,Unknown,False,2341.0,<-100
ram77,F,159,-175,Unknown,False,2229.0,<-100
ATACKTOTAL,F,154,-140,Unknown,False,2281.0,<-100
Genialny_zolw,F,105,-109,Unknown,False,2372.0,<-100
bubulo,F,102,-185,Unknown,False,2334.0,<-100
Soroushramezani99,F,218,-138,Unknown,False,2275.0,<-100
Sanches11,F,156,-145,Unknown,False,2260.0,<-100
trustinvesting,F,188,-154,Unknown,False,2333.0,<-100
Nick_Litvinchuk,F,53,-102,Unknown,False,2306.0,<-100
Yucando_Vill,F,112,-140,Unknown,False,2288.0,<-100
sina_khajei,F,117,-110,Unknown,False,2294.0,<-100
Sharifullin-Rinat,F,205,-257,Unknown,False,2253.0,<-100
TheBroken-Rook,F,177,-184,Unknown,False,2236.0,<-100
VanGross,F,111,-134,Unknown,False,2340.0,<-100
Aronian1111,F,283,-179,Unknown,False,2279.0,<-100
ignatmatei-marius,F,253,-146,Unknown,False,2308.0,<-100
arti17,F,120,-117,Unknown,False,2297.0,<-100
liaqat321,F,215,-109,Unknown,False,2309.0,<-100
ThomasPrakash,F,181,-178,Unknown,False,2268.0,<-100
lidenbrook,F,254,-240,Unknown,False,2265.0,<-100
Nomen-Nescio,F,226,-116,Unknown,False,2319.0,<-100
"Wisniacki, Flavio",F,116,-316,Zukertort Opening: Queenside Fianchetto Variation,False,,<-100
AngelitoRT,F,262,-214,Unknown,False,2543.0,<-100
lightinghamad,F,198,-269,Unknown,False,2212.0,<-100
viswanathanAnand000,F,237,-111,Unknown,False,2574.0,<-100
BATRAZ599,F,232,-122,Unknown,False,2310.0,<-100
runittwice,F,150,-154,Unknown,False,2618.0,<-100
percygotic,F,229,-230,Unknown,False,2229.0,<-100
asargsyan,F,261,-128,Unknown,False,2355.0,<-100
Misha_Kopatych,F,163,-120,Unknown,False,2594.0,<-100
raggas,F,159,-137,Unknown,False,2319.0,<-100
ElGordito123,F,168,-133,Unknown,False,2277.0,<-100
EddSnow,F,243,-114,Unknown,False,2343.0,<-100
KCA-MPS88,F,118,-134,Unknown,False,2322.0,<-100
Aleksandr77777,F,69,-157,Unknown,False,2248.0,<-100
Niper13,F,105,-112,Unknown,False,2560.0,<-100
Lieches691,F,245,-144,Unknown,False,2344.0,<-100
Zlatin,F,121,-160,Unknown,False,2278.0,<-100
Wuerhosaurus_homheni,F,144,-172,Unknown,False,2327.0,<-100
KRASAVCHIK2002,F,181,-125,Unknown,False,2367.0,<-100
ALEXJR20,F,155,-158,Unknown,False,2272.0,<-100
Anyinsaman,F,145,-121,Unknown,False,2312.0,<-100
huha1,F,290,-127,Unknown,False,2441.0,<-100
Radjabov04,F,146,-134,Unknown,False,2277.0,<-100
Saparmyrat,F,229,-249,Unknown,False,2512.0,<-100
saywhen,F,186,-182,Unknown,False,2304.0,<-100
Anton_Streamer_2018,F,128,-113,Unknown,False,2322.0,<-100
Tulok58,F,110,-167,Unknown,False,2266.0,<-100
TheSchout,F,197,-114,Unknown,False,2376.0,<-100
BerlinRagnar,F,236,-100,Unknown,False,2351.0,<-100
extremo2,F,239,-107,Unknown,False,2513.0,<-100
theal72,F,186,-196,Unknown,False,2209.0,<-100
ThalliumChess,F,159,-395,Unknown,False,2335.0,<-100
millerMAXgambitBR,F,193,-199,Unknown,False,2211.0,<-100
vedmak-70,F,165,-135,Unknown,False,2367.0,<-100
Sodertalje,F,99,-180,Unknown,False,2554.0,<-100
Sensei82,F,140,-101,Unknown,False,2635.0,<-100
WhiteKing85,F,170,-129,Unknown,False,2322.0,<-100
stephan1970,F,217,-142,Unknown,False,2267.0,<-100
BashkimMa,F,131,-164,Unknown,False,2288.0,<-100
Ruediger1,F,156,-178,Unknown,False,2580.0,<-100
justotriana,F,89,-125,Unknown,False,2304.0,<-100
melksham,F,82,-103,Unknown,False,2375.0,<-100
Albomba4444,F,142,-122,Unknown,False,2476.0,<-100
ilabahmet,F,113,-146,Unknown,False,2264.0,<-100
boolah229,F,255,-118,Unknown,False,2307.0,<-100
Zack1395,F,148,-169,Unknown,False,2234.0,<-100
Renehp,F,102,-121,Unknown,False,2283.0,<-100
vovchik39,F,80,-151,Unknown,False,2301.0,<-100
Kostov_64,F,121,-119,Unknown,False,2353.0,<-100
Thiago2014,F,161,-179,Unknown,False,2226.0,<-100
FischerChess,F,136,-103,Unknown,False,2313.0,<-100
treningowekonto,F,130,-209,Unknown,False,2341.0,<-100
Evgeniy_Mamykin,F,120,-183,Unknown,False,2242.0,<-100
MagnusSeinFanboy,F,203,-161,Unknown,False,2470.0,<-100
monakoluyum,F,261,-100,Unknown,False,2337.0,<-100
King_Moaty,F,120,-164,Unknown,False,2329.0,<-100
Unknown96,F,244,-162,Unknown,False,2572.0,<-100
ASTR0-0N0-0-0M,F,218,-165,Unknown,False,2272.0,<-100
AiratAirat,F,141,-212,Unknown,False,2239.0,<-100
AndreyStarkon,F,161,-100,Unknown,False,2396.0,<-100
Soldier1712,F,175,-121,Unknown,False,2288.0,<-100
KM2200,F,190,-105,Unknown,False,2308.0,<-100
WnceslaoNorona,F,256,-154,Unknown,False,2254.0,<-100
slouuuurps,F,139,-149,Unknown,False,2530.0,<-100
josiur,F,187,-183,Unknown,False,2342.0,<-100
tarash2017,F,157,-165,Unknown,False,2235.0,<-100
slavynus,F,87,-136,Unknown,False,2301.0,<-100
Jumboland,F,139,-132,Unknown,False,2617.0,<-100
SP1200,F,99,-115,Unknown,False,2360.0,<-100
1.Nc3!? - 1... Nc6!?,M,62,-148,"Slav Defense: Exchange Variation, Symmetrical Line",False,,<-100
"Jaracz, Pawel",M,66,-218,"Sicilian Defense: Lasker-Pelikan Variation, Sveshnikov Variation, Chelyabinsk Variation",True,,<-100
Vitor Ferreira,M,44,-149,Caro-Kann Defense: Exchange Variation,False,,<-100
ding fanboy,M,54,-126,Sodium Attack,True,,<-100
Yuriy_Ayrapetyan,M,60,-120,Old Indian Defense,False,,<-100
hectorluis2019,M,98,-152,"Ruy Lopez: Morphy Defense, Modern Steinitz Defense",False,,<-100
"Das, Sayantan",M,106,-370,"Sicilian Defense: Najdorf Variation, Opocensky Variation",True,,<-100
Luis Raygoza,M,108,-153,Sicilian Defense: Canal-Sokolsky Attack,True,,<-100
Aaron_Whitney,M,108,-220,Giuoco Piano,False,,<-100
"Beukema, Jasper",M,34,-206,Englund Gambit,True,,<-100
jkbk,M,54,-202,Old Benoni Defense,False,,<-100
"Posthuma, Joshua",M,50,-122,Indian Game,False,,<-100
Cristian Barros Rivadeneira,M,70,-142,"Ruy Lopez: Closed, 7...O-O",False,,<-100
Tomek Jaskółka,M,38,-197,Sicilian Defense: Najdorf Variation,True,,<-100
DiseasedDonkey,M,48,-290,Queen's Pawn Game: London System,False,,<-100
Daniel Herman,M,88,-261,"Sicilian Defense: Najdorf Variation, Adams Attack",True,,<-100
lovlas,M,92,-195,Caro-Kann Defense: Bronstein-Larsen Variation,False,,<-100
Nohaypanduro,M,26,-164,Blumenfeld Countergambit,False,,<-100
showmaster33,M,118,-311,French Defense: King's Indian Attack,True,,<-100
Stamatis Kourkoulos,M,120,-142,Nimzo-Larsen Attack: Indian Variation,True,,<-100
lolsirs,M,122,-284,Queen's Gambit Declined,True,,<-100
Podrebo,M,50,-313,"Philidor Defense: Lion Variation, Sozin Variation",False,,<-100
RomanianForce,M,56,-146,King's Indian Defense: Averbakh Variation,True,,<-100
AlekseyBorisovich,M,36,-125,Hungarian Opening: Symmetrical Variation,False,,<-100
"Rismanto ,Ricky",M,150,-288,Alekhine Defense: Scandinavian Variation,False,,<-100
safyahmad1265,M,104,-139,"French Defense: Winawer Variation, Advance Variation",False,,<-100
"Alvarado, Carlos",M,68,-180,Modern Defense,False,,<-100
"Donchenko, Alexander",M,166,-188,English Opening: King's English Variation,False,,<-100
BIG_Pirate,M,102,-204,Slav Defense: Modern,False,,<-100
"Spitzl, Vinzent",M,66,-116,"Sicilian Defense: Kan, Gipslis Variation",True,,<-100
"Egorov, Evgeny",M,78,-204,Bishop's Opening: Berlin Defense,False,,<-100
BucklingChess,M,100,-146,"Ruy Lopez: Morphy Defense, Wormald Attack",True,,<-100
"Rios Parra, Alejandro",M,80,-130,"Sicilian Defense: Najdorf Variation, Amsterdam Variation",True,,<-100
Juan David López Perdomo,M,54,-246,"Alekhine Defense: Four Pawns Attack, Fianchetto Variation",True,,<-100
jeden94,M,56,-113,"Sicilian Defense: Najdorf Variation, Adams Attack",True,,<-100
"Macovei, Andrei",M,44,-136,French Defense: Paulsen Variation,False,,<-100
ZuchBolt,M,38,-100,"Sicilian Defense: Paulsen Variation, Bastrikov Variation, English Attack",True,,<-100
Renan Reis,M,86,-105,Caro-Kann Defense: Two Knights Attack,True,,<-100
"Stalmach, Richard",M,122,-147,"King's Indian Defense: Orthodox Variation, Bayonet Attack, Sokolov's Line",True,,<-100
"Eynullayev, Altay",M,84,-152,Philidor Defense: Lion Variation,False,,<-100
"Papayan, Oleg",M,48,-116,"Sicilian Defense: Accelerated Dragon, Maróczy Bind, Breyer Variation",True,,<-100
fiumedk,M,44,-273,Scandinavian Defense: Mieses-Kotroc Variation,False,,<-100
ArnieChipmunk,M,38,-151,"Sicilian Defense: Kan Variation, Wing Attack, Fianchetto Variation",True,,<-100
Toivo Keinänen,M,78,-151,English Opening: Anglo-Dutch Defense,False,,<-100
"Tay, Junior",M,54,-132,Bishop's Opening: Vienna Hybrid,False,,<-100
thujer,M,54,-229,"Queen's Gambit Accepted: Central Variation, McDonnell Defense",True,,<-100
"Cabrera Pando, Ramiro",M,58,-386,Zukertort Opening: Nimzo-Larsen Variation,False,,<-100
fsm666fsm,M,70,-127,King's Indian Defense: Semi-Averbakh System,True,,<-100
"Bancod, Ronald",M,98,-100,"Italian Game: Evans Gambit, Stone-Ware Variation",True,,<-100
scabies,M,94,-308,"Ruy Lopez: Closed Variations, Martinez Variation",False,,<-100
Wild_of_luck,M,80,-357,Philidor Defense: Lion Variation,False,,<-100
Matt O,M,88,-142,"Sicilian Defense: Paulsen Variation, Szén Variation",True,,<-100
necp,M,53,-136,"Ruy Lopez: Closed, Anti-Marshall 8.a4",False,,<-100
BirdSetFree7,M,78,-274,"Sicilian Defense: O'Kelly Variation, Yerevan System",True,,<-100
topce,M,110,-195,"King's Indian Defense: Normal Variation, Rare Defenses",True,,<-100
"Jaferian, Koosha",M,50,-122,Nimzo-Larsen Attack: Classical Variation,True,,<-100
Whynot72,M,80,-223,King's Indian Defense: Normal Variation,True,,<-100
Jano Samuel Pacho,M,114,-140,"Caro-Kann Defense: Two Knights Attack, Mindeno Variation, Exchange Line",True,,<-100
Sérgio Cabila,M,28,-162,"Sicilian Defense: Najdorf Variation, Opocensky Variation, Traditional Line",True,,<-100
"Osmak, Yuliia",M,36,-224,Queen's Pawn Game: Mason Attack,True,,<-100
SwamiChaturanga,M,28,-120,"English Opening: King's English Variation, Reversed Closed Sicilian",True,,<-100
"FAWOLE, John Oyeyemi",M,84,-122,"Neo-Gruenfeld Defense: Classical Variation, Modern Defense",False,,<-100
Dinesh Kumar Sharma,M,190,-353,Sicilian Defense: Najdorf Variation,True,,<-100
"Pulpan, Jakub",M,28,-190,Caro-Kann Defense,False,,<-100
GM Roberto Mogranzini,M,38,-205,Modern Defense,False,,<-100
mikromurks,M,68,-219,Sicilian Defense: Old Sicilian,True,,<-100
karinachess11,M,172,-162,Unknown,False,2368.0,<-100
Давид,M,138,-107,Sicilian Defense: Chekhover Variation,True,,<-100
"Oboladze, Luka",M,40,-214,Sicilian Defense: Velimirovic Attack,True,,<-100
andrzejkrzywda,M,66,-297,French Defense: Paulsen Variation,False,,<-100
"Chumpitaz, Ann",M,76,-176,Benoni Defense: Fianchetto Variation,False,,<-100
"Ermolaev, Evgeny",M,92,-142,"Sicilian Defense: Richter-Rauzer, 6... e6",True,,<-100
M. Zainurani Zaini,M,48,-199,"French Defense: Tarrasch Variation, Chistyakov Defense",False,,<-100
"Wisniacki, Flavio",M,56,-298,"English Opening: Anglo-Indian Defense, King's Knight Variation",False,,<-100
Luu77,M,60,-217,"Sicilian Defense: French Variation, Westerinen Attack",True,,<-100
Michael,M,16,-162,Caro-Kann Defense,False,,<-100
simonachess,M,195,-134,Unknown,False,2285.0,<-100
Kudakwashe Sibanda,M,48,-158,King's Indian Defense: Orthodox Variation,True,,<-100
"Hapaku, Charles",M,58,-165,Zukertort Opening: Sicilian Invitation,True,,<-100
trizzy,M,56,-117,"Sicilian Defense: Paulsen Variation, Bastrikov Variation",True,,<-100
"Neugebauer, Martin",M,106,-147,Alekhine Defense #2,False,,<-100
"Ballecer, Dino",M,68,-242,French Defense: King's Indian Attack,True,,<-100
"Todorov, Todor",M,40,-203,"King's Indian Defense: Fianchetto Variation, Uhlmann-Szabo System",True,,<-100
lorci49,M,178,-316,Unknown,False,2257.0,<-100
venturaMF,M,32,-327,Alekhine Defense,False,,<-100
AutHun,M,116,-179,"Caro-Kann Defense: Advance Variation, Short Variation",False,,<-100
Jerzy Jesus,M,64,-109,"Sicilian Defense: Dragon Variation, Yugoslav Attack, Modern Line",True,,<-100
Kamal Daoudi,M,36,-169,Caro-Kann Defense: Forgacs Variation,False,,<-100
Cortado,M,43,-135,"Caro-Kann Defense: Classical Variation, Flohr Variation",False,,<-100
josiur,M,62,-196,"French Defense: MacCutcheon Variation, Lasker Variation",False,,<-100
"Bilan, Danila",M,110,-160,"King's Indian Defense: Sämisch Variation, Normal Defense",True,,<-100
klimkoj,M,36,-125,"Sicilian Defense: Scheveningen Variation, English Attack #2",True,,<-100
"Colovic, Dusan",M,78,-108,Queen's Pawn Game: Chigorin Variation,False,,<-100
CheckAB,M,74,-270,Hungarian Opening: Indian Defense,False,,<-100
GinoNZ,M,44,-304,"English Opening: King's English Variation, Reversed Sicilian",True,,<-100
Víctor Mago,M,118,-304,Queen's Gambit Accepted: Janowski-Larsen Variation,True,,<-100
istdiesernamefrei,M,34,-188,Rat Defense: English Rat,False,,<-100
tsakos27,M,36,-152,Blumenfeld Countergambit #2,False,,<-100
Goranor,M,56,-221,Zukertort Opening: Kingside Fianchetto,False,,<-100
GeneralM,M,60,-130,"Sicilian Defense: Nimzowitsch Variation, Advance Variation",True,,<-100
"Gschnitzer, Adrian",M,36,-105,"Caro-Kann Defense: Accelerated Panov Attack, Modern Variation",True,,<-100
Emmanuel Carter,M,142,-103,Indian Game: Spielmann-Indian,False,,<-100
Alindsay,M,150,-176,Unknown,False,2406.0,<-100
ethereumclassic,M,38,-105,"Ruy Lopez: Morphy Defense, Anderssen Variation",False,,<-100
Juan Sebastián Melián Rodríguez,M,100,-360,Indian Game: Knights Variation,False,,<-100
"Ortega Amarelle, Mariano",M,66,-108,"Caro-Kann Defense: Advance Variation, Tal Variation",False,,<-100
"Chernov, Mikhail",M,60,-247,"Caro-Kann Defense: Advance Variation, Tal Variation",False,,<-100
"Babiy, Olga",M,122,-142,Modern Defense: Standard Line,False,,<-100
"Krykun, Yuriy",M,80,-152,Reti Opening,False,,<-100
MrGreen08,M,42,-236,Hungarian Opening: Slav Formation,False,,<-100
"Dedebas, Emre Emin",M,20,-131,King's Indian Attack: Symmetrical Defense,True,,<-100
"Perez Marimon, Jorge De Jesus",M,114,-231,Alekhine Defense: Exchange Variation,False,,<-100
HrvojeZagreb,M,94,-417,Slav Defense: Exchange Variation,False,,<-100
"Hadzovic, Amir",M,96,-112,King's Knight Opening: Normal Variation,False,,<-100
Christian Almeida do Nascimento,M,152,-143,Queen's Pawn Game: London System,False,,<-100
sewin16,M,62,-244,Sicilian Defense: Nyezhmetdinov-Rossolimo Attack,True,,<-100
Josue Castillo,M,46,-143,Trompowsky Attack: Edge Variation,True,,<-100
Vladyslav Lukiianchuk,M,62,-138,Indian Game: London System,False,,<-100
MF Pablo Alexander Ruiz Aguilar,M,72,-154,"Italian Game: Classical Variation, Center Holding Variation",False,,<-100
"Thorfinnsson, Bjorn",M,28,-108,Torre Attack,True,,<-100
"Mejia, Cherry Ann",M,38,-267,"Sicilian Defense: Closed Variation, Korchnoi Defense",True,,<-100
"Muradli, Mahammad",M,62,-129,"Slav Defense: Czech Variation, Carlsbad Variation",False,,<-100
"Bekturov, Tamerlan",M,60,-197,Nimzo-Indian Defense: Fischer Variation,False,,<-100
Aghasiyev Kamal,M,122,-148,Russian Game: Three Knights Game,False,,<-100
"Hajiyev, Kanan",M,60,-166,Queen's Pawn Game: Symmetrical Variation,False,,<-100
serendipitymate,M,66,-137,"Sicilian Defense: Canal Attack, Main Line",True,,<-100
"Haug, Johannes",M,64,-128,Trompowsky Attack,True,,<-100
mdynl123,M,52,-140,Semi-Benoni,False,,<-100
"Burmakin, Evgeniy",M,41,-204,"French Defense: Tarrasch Variation, Open System, Main Line",False,,<-100
"Atanejhad, Sahebali",M,94,-111,Modern Defense: Averbakh Variation,False,,<-100
Edwin A. Urbina,M,106,-273,Ponziani Opening: Steinitz Variation,False,,<-100
universe64,M,96,-326,Indian Game,False,,<-100
"Li, Henry",M,112,-191,"Alekhine Defense: Modern Variation, Larsen Variation",False,,<-100
"Gnojek, Petr",M,96,-162,"Tarrasch Defense: Classical Variation, Spassky Variation",False,,<-100
xaoc88,M,114,-207,"English Opening: King's English Variation, Kramnik-Shirov Counterattack",False,,<-100
"La Villa Rivas, Marlon Javier",M,64,-454,"French Defense: Tarrasch Variation, Pawn Center Variation",False,,<-100
Evargalo,M,40,-142,English Opening: Caro-Kann Defensive System,False,,<-100
"Mikhailov, Viacheslav",M,122,-101,English Opening: Symmetrical Variation,False,,<-100
Matthew Fishbein,M,78,-234,Rat Defense: English Rat,False,,<-100
"Chylewski, Patryk",M,142,-106,Slav Indian,False,,<-100
Reinaldo Rodríguez,M,66,-176,Caro-Kann Defense: Maróczy Variation,False,,<-100
Fernando Osorio,M,128,-130,Nimzo-Larsen Attack: Modern Variation #4,True,,<-100
IMFAR,M,76,-275,French Defense: Paulsen Variation,False,,<-100
niknikniknik,M,34,-179,"King's Gambit Accepted, Abbazia Defense",True,,<-100
"Aydincelebi, Kagan",M,126,-309,"Sicilian Defense: Canal Attack, Main Line",True,,<-100
antonio96,M,34,-152,Sicilian Defense: French Variation,True,,<-100
Fernando Díaz Santacruz,M,124,-110,"Evans Gambit, Hein Countergambit",True,,<-100
"Boraso, Alessio",M,76,-162,Nimzo-Larsen Attack: Modern Variation #4,True,,<-100
"Jorquera, Marcelo",M,88,-231,Caro-Kann Defense: Breyer Variation,False,,<-100
pawnwonder,M,51,-189,Four Knights Game: Scotch Variation Accepted,False,,<-100
Tanaz_Azali,M,70,-173,Nimzo-Indian Defense: Normal Variation,False,,<-100
Careless_Subroto,M,48,-132,"Italian Game: Two Knights Defense, Modern Bishop's Opening",False,,<-100
Eloist,M,72,-155,"Sicilian Defense: French Variation, Westerinen Attack",True,,<-100
Роман Овечкин,M,124,-338,"Queen's Indian Defense: Fianchetto Variation, Check Variation, Intermezzo Line",False,,<-100
Nicomedes Alisangco,M,104,-192,King's Indian Defense: Orthodox Variation,True,,<-100
Самигуллина Диана Ильдаровна,M,36,-156,Indian Game,False,,<-100
Mahri,M,112,-178,Old Benoni Defense,False,,<-100
"Taher, Yoseph Theolifus",M,50,-229,"English Opening: Symmetrical Variation, Botvinnik System",False,,<-100
SzparuMen,M,68,-259,"Ruy Lopez: Classical Variation, Zukertort Gambit",True,,<-100
Dominique Myers,M,86,-161,Pirc Defense,False,,<-100
Vatsal Singhania,M,114,-468,"Sicilian Defense: Najdorf Variation, Opocensky Variation",True,,<-100
LuukDeGrote,M,120,-123,"Sicilian Defense: Nyezhmetdinov-Rossolimo Attack, Fianchetto Variation",True,,<-100
PurpleAvocado,M,86,-232,Rubinstein Opening,False,,<-100
miljac,M,98,-168,"Tarrasch Defense: Prague Variation, Main Line",False,,<-100
"Nsubuga, Haruna",M,94,-240,Caro-Kann Defense: Classical Variation,False,,<-100
"Voinikonis, Nikita",M,64,-126,"King's Indian Defense: Normal Variation, King's Knight Variation",True,,<-100
"Piscopo, Pierluigi",M,88,-103,Benoni Defense: Knight's Tour Variation,False,,<-100
tunacem,M,94,-272,"English Opening: Symmetrical Variation, Botvinnik System Reversed",False,,<-100
Isurox,M,104,-326,"English Opening: Agincourt Defense, Wimpy System",False,,<-100
"Lewtak, Damian",M,98,-144,Modern Defense,False,,<-100
"Schut, Han",M,41,-300,Sicilian Defense: Kramnik Variation,True,,<-100
Михаил Пашинский,M,46,-272,"French Defense: Winawer Variation, Advance Variation",False,,<-100
Aaron Paul Guthrie,M,92,-253,"Sicilian Defense: Dragon Variation, Yugoslav Attack",True,,<-100
Joshukid,M,60,-189,Queen's Pawn Game: Chigorin Variation,False,,<-100
yaali15,M,82,-184,Englund Gambit,True,,<-100
BLC2316,M,74,-228,"French Defense: Winawer Variation, Alekhine-Maroczy Gambit",True,,<-100
rdm89,M,86,-170,French Defense: Chigorin Variation,False,,<-100
dan_tes,M,120,-394,Nimzo-Larsen Attack: Modern Variation #4,True,,<-100
KurisuMakise,M,58,-117,"Benoni Defense: Benoni-Indian Defense, Kingside Move Order",False,,<-100
Jari Järvenpää,M,32,-189,English Opening: Great Snake Variation,False,,<-100
"Volkov, Nika",M,172,-123,Colle System,False,,<-100
Jennys Soler Guerra,M,126,-133,"French Defense: Winawer Variation, Retreat Variation, Armenian Line",False,,<-100
"Singh, Arvinder Preet",M,52,-172,"French Defense: Rubinstein Variation, Blackburne Defense",False,,<-100
"Trifonov, Denis",M,96,-455,Queen's Pawn Game: Chigorin Variation,False,,<-100
"Redzisz, Michal",M,133,-241,"Queen's Indian Defense: Classical Variation, Polugaevsky Gambit",True,,<-100
Владимир Лауц,M,80,-153,Zukertort Opening: Sicilian Invitation,True,,<-100
Yelfry Torres,M,138,-100,"English Opening: Symmetrical Variation, Mecking Variation",False,,<-100
"Perez, Daniel",M,60,-203,Sicilian Defense: Prins Variation,True,,<-100
Eamon Montgomery,M,60,-186,"Benko Gambit Accepted, Fully Accepted Variation",True,,<-100
"Zwirs, Nico",M,112,-156,Alekhine Defense: Exchange Variation,False,,<-100
Ilgiux,M,72,-209,Sicilian Defense: Closed Variation,True,,<-100
Chop-That-Wood,M,36,-316,"Queen's Gambit Accepted: Central Variation, McDonnell Defense",True,,<-100
"Daeschler, Florian",M,56,-252,"Queen's Gambit Refused: Chigorin Defense, Lazard Gambit",True,,<-100
Samuel He,M,50,-108,Nimzo-Indian Defense: Ragozin Variation,False,,<-100
"Oparin, Grigoriy",M,118,-163,"Sicilian Defense: Accelerated Fianchetto, Maroczy Bind, 5...Bg7",True,,<-100
"Sezdbekov, Ruslan",M,94,-172,Pirc Defense,False,,<-100
Y A N,M,121,-310,Indian Game,False,,<-100
"Polo, Victor Ramon",M,100,-139,Zukertort Opening: Sicilian Invitation,True,,<-100
Enchanteur,M,216,-221,Unknown,False,2261.0,<-100
Gerardo Santopietro,M,38,-508,Queen's Gambit Accepted,True,,<-100
"Boor, Carl",M,88,-172,English Opening: King's English Variation,False,,<-100
zajka-molotok,M,89,-224,Unknown,False,2407.0,<-100
Isan Ortiz,M,38,-103,Russian Game: Kaufmann Attack,True,,<-100
lagardeduroi007,M,92,-106,Caro-Kann Defense: Exchange Variation,False,,<-100
Ian Ocampos,M,104,-156,"Sicilian Defense: Najdorf Variation, Browne Variation",True,,<-100
infiniteadaption,M,76,-110,"Alekhine Defense: Modern Variation, Main Line",False,,<-100
"Irizanin, Radoje",M,66,-143,Queen's Pawn Game: London System,False,,<-100
"Tomb, Maroun",M,84,-111,"Ruy Lopez: Classical Variation, Central Variation",False,,<-100
Aleksandr Kozak,M,92,-141,Caro-Kann Defense: Exchange Variation,False,,<-100
Lucas Mendes,M,60,-178,Modern Defense: Pseudo-Austrian Attack,True,,<-100
Re_dei_matti,M,76,-151,"French Defense: Tarrasch Variation, Closed Variation, Main Line",False,,<-100
"Campbell, Charles",M,48,-170,"Slav Defense: Exchange Variation, Symmetrical Line",False,,<-100
Carlos Abiad,M,48,-172,Caro-Kann Defense: Breyer Variation,False,,<-100
orishuas,M,78,-127,"Caro-Kann Defense: Advance Variation, Tal Variation",False,,<-100
"Crispin Ferreras, Darvi Abraham",M,126,-181,"Sicilian Defense: Accelerated Dragon, Modern Bc4 Variation",True,,<-100
Dmytro Mischuk,M,100,-118,Caro-Kann Defense: Gurgenidze System,False,,<-100
Алешин Олег,M,174,-139,Queen's Pawn Game: Chigorin Variation,False,,<-100
"Gedajlovic, Max",M,62,-207,Wade Defense,False,,<-100
"Segarra, Randy",M,56,-208,Giuoco Piano,False,,<-100
"Brodsky, David",M,70,-125,"Sicilian Defense: Najdorf Variation, English Attack",True,,<-100
Leonardo Estévez,M,74,-163,Caro-Kann Defense: Two Knights Attack,True,,<-100
José Padeiro,M,54,-453,"Queen's Gambit Refused: Albin Countergambit, Normal Line",True,,<-100
Amirmohammad Soozankar,M,50,-317,"Sicilian Defense: Nyezhmetdinov-Rossolimo Attack, Fianchetto Variation",True,,<-100
Без имени,M,62,-207,"King's Indian Defense: Normal Variation, King's Knight Variation",True,,<-100
Pleurotus,M,46,-134,"English Opening: King's English Variation, Reversed Closed Sicilian",True,,<-100
"Schnaider, Ilan",M,90,-122,"Sicilian Defense: Najdorf Variation, English Attack",True,,<-100
Luomfu,M,88,-166,Sicilian Defense: Najdorf Variation,True,,<-100
"Malmstig, Erik",M,70,-109,"Queen's Pawn Game: Symmetrical Variation, Pseudo-Catalan",False,,<-100
Ahmdnjr12512,M,118,-157,Queen's Pawn,False,,<-100
Leon4rdo,M,96,-157,Bogo-Indian Defense: Vitolins Variation,False,,<-100
leonteo,M,94,-200,"Queen's Pawn Game: Veresov Attack, Two Knights System",True,,<-100
Mikhail Melnichuk,M,68,-120,Zukertort Opening: Sicilian Invitation,True,,<-100
jsequera,M,174,-161,Unknown,False,2328.0,<-100
"Guzman, Christopher",M,74,-103,"French Defense: Classical Variation, Burn Variation, Morozevich Line",False,,<-100
ChessTurner,M,120,-138,Neo-Grünfeld Defense: Delayed Exchange Variation,False,,<-100
Sergey_Kasparov,M,90,-131,"Sicilian Defense: Kan Variation, Maróczy Bind, Réti Variation",True,,<-100
champion64,M,166,-159,Unknown,False,2382.0,<-100
Bondar Dmytro,M,98,-136,English Opening: Carls-Bremen System,False,,<-100
Tschess05,M,70,-237,King's Indian Defense: Semi-Averbakh System,True,,<-100
Ketchup,M,88,-253,Queen's Gambit Accepted: Old Variation,True,,<-100
otychess,M,120,-171,Queen's Pawn Game: Krause Variation,False,,<-100
malkalmardgh,M,64,-177,Sicilian Defense: Classical Variation,True,,<-100
Владимир Михайловский,M,154,-269,King's Indian Attack,True,,<-100
"Stelmaszyk, Nico",M,122,-121,Italian Game: Hungarian Defense,False,,<-100
natelleka,M,98,-145,Sicilian Defense: Boleslavsky Variation,True,,<-100
AlainBruxelles,M,82,-116,Englund Gambit Complex: Englund Gambit,True,,<-100
Виктор Дмитренко,M,52,-248,"English Opening: King's English Variation, Reversed Closed Sicilian",True,,<-100
Rodrigo da Silva Borges,M,49,-244,Sicilian Defense: Old Sicilian,True,,<-100
rotaberg,M,78,-136,Réti Opening: Advance Variation,False,,<-100
Nelson Moraes,M,102,-179,Scandinavian Defense: Portuguese Variation,False,,<-100
Colmen,M,132,-139,Rat Defense: Accelerated Gurgenidze,False,,<-100
DrTomQ,M,88,-108,Indian Game,False,,<-100
DragonMaterz,M,48,-315,Torre Attack,True,,<-100
"Laylo, Darwin",M,100,-203,"English Opening: Anglo-Indian Defense, Anglo-Grünfeld Variation",False,,<-100
satranc777,M,60,-189,"Caro-Kann Defense: Classical Variation, Main Line",False,,<-100
El_Rupe,M,66,-193,Old Benoni Defense,False,,<-100
IamNeneu,M,42,-417,Queen's Pawn Game,False,,<-100
FM/AGM TYKHON CHERNIAIEV,M,64,-183,"Sicilian Defense: Najdorf Variation, Polugaevsky Variation, Simagin Line",True,,<-100
Владимир Алачихин,M,128,-224,"King's Indian, Fianchetto, Classical Variation, 8. e4",True,,<-100
GAGIK_JAN,M,62,-125,Sicilian Defense: Najdorf Variation,True,,<-100
"Klukin, Kirill",M,102,-158,Queen's Gambit Accepted: Janowski-Larsen Variation,True,,<-100
"Perera Alfonso, Rene Humberto",M,62,-123,"Sicilian Defense: Accelerated Dragon, Modern Bc4 Variation",True,,<-100
"Needleman, Alejandro",M,50,-125,Caro-Kann Defense: Bronstein-Larsen Variation,False,,<-100
Ninely,M,267,-106,Unknown,False,2340.0,<-100
"Makarian, Rudik",M,120,-228,Sicilian Defense: French Variation,True,,<-100
Akintoye Abdulraheem,M,78,-171,Modern Defense: Standard Defense,False,,<-100
Illia Golichenko,M,54,-134,"Benoni Defense: Fianchetto Variation, Hastings Defense, Main Line",False,,<-100
KokkinosKanapes,M,64,-124,Queen's Pawn Game: London System,False,,<-100
"Zografos, Achilleas",M,92,-115,King's Pawn Game: Maroczy Defense,False,,<-100
HandKnit,M,128,-231,English Opening: Caro-Kann Defensive System,False,,<-100
Tactigol,M,64,-135,"French Defense: Steinitz Variation, Boleslavsky Variation",False,,<-100
"Aghayev, Miragha",M,44,-121,Alekhine Defense,False,,<-100
dawtonlms,M,86,-289,King's Indian Attack,True,,<-100
"Herrera, Martin",M,28,-388,English Defense,False,,<-100
"Bologan, Victor",M,62,-208,"Sicilian Defense: Najdorf Variation, English Attack",True,,<-100
"Ginsburg, Gennadi",M,82,-163,Three Knights Opening: Steinitz Defense,False,,<-100
ShahxaibKhan,M,66,-279,Sicilian Defense: Closed,True,,<-100
Tom O'Gorman,M,42,-311,"Tarrasch Defense: Classical Variation, Carlsbad Variation",False,,<-100
AchrefLahbecha,M,84,-125,"Italian Game: Giuoco Pianissimo, Canal Variation",False,,<-100
Julian Andes Gallego Vasquez,M,119,-130,"Neo-Grünfeld Defense: Classical Variation, Modern Defense",False,,<-100
"Aukhatov, Roman",M,68,-241,Slav Defense: Modern,False,,<-100
Eddy Ravelo,M,76,-156,Benoni Defense: Mikenas Variation,False,,<-100
inmortalito,M,90,-328,"Sicilian Defense: Richter-Rauzer Variation, Neo-Modern Variation",True,,<-100
"Ramirez Medina, Victor",M,80,-224,"Sicilian Defense: Kan Variation, Modern Variation",True,,<-100
tesla960,M,58,-185,"Alekhine Defense: Modern Variation, Larsen Variation",False,,<-100
"Kushko, Dmitriy",M,20,-187,King's Indian Attack: Symmetrical Defense,True,,<-100
Sergio Farias,M,52,-231,"English Opening: King's English Variation, Two Knights Variation, Reversed Dragon",False,,<-100
Pablo,M,46,-171,"Caro-Kann Defense: Advance Variation, Van der Wiel Attack #2",True,,<-100
Вадим Бобков,M,74,-102,"Benoni Defense: Modern Variation, Snake Variation",False,,<-100
Pliukha_Mikhail,M,76,-123,"Sicilian Defense: Smith-Morra Gambit Accepted, Classical Formation",True,,<-100
pashpash,M,90,-206,"Sicilian Defense: Accelerated Dragon, Modern Variation",True,,<-100
ssj2gohan,M,84,-181,Caro-Kann Defense: Breyer Variation,False,,<-100
Руслан Незамятин (Ruslan Nezamyatin),M,114,-309,King's Indian Defense: Exchange Variation,True,,<-100
Benjamin Snodgrass,M,86,-207,Nimzo-Indian Defense: Kmoch Variation,False,,<-100
"Paveto, Kevin",M,68,-193,"Sicilian Defense: Najdorf Variation, English Attack",True,,<-100
Кирилл Копёнкин,M,44,-212,"Italian Game: Two Knights Defense, Modern Bishop's Opening",False,,<-100
"Gerasimenyuk, Mikhail",M,48,-118,Old Benoni Defense,False,,<-100
Sankalp Gupta,M,60,-114,"Sicilian Defense: Four Knights Variation, Cobra Variation",True,,<-100
TrappedPiece,M,42,-171,Sicilian Defense: Nyezhmetdinov-Rossolimo Attack,True,,<-100
"Ojeda, Jesus David",M,96,-215,Sicilian Defense: French Variation,True,,<-100
"Jocev, Milan",M,30,-213,Semi-Slav Defense: Normal Variation,False,,<-100
jimmy0613,M,74,-183,Modern Defense,False,,<-100
Ismael Vidal ID FIDE: 3901718,M,110,-103,"English Opening: Symmetrical Variation, Symmetrical Variation",False,,<-100
ChuckPhil,M,206,-201,Unknown,False,2346.0,<-100
"Martin Duque, Jesus",M,64,-194,King's Indian Attack: Symmetrical Defense,True,,<-100
"Ambartsumova, Karina",M,178,-130,Indian Game: Czech-Indian,False,,<-100
John Chernoff,M,132,-223,Caro-Kann Defense: Bronstein-Larsen Variation,False,,<-100
Gabix94,M,82,-194,Robatsch (Modern) Defense,False,,<-100
sonotranquillo,M,66,-167,Indian Game: Spielmann-Indian,False,,<-100
Abubaker Tagelsir,M,114,-304,"Caro-Kann Defense: Accelerated Panov Attack, Modern Variation",True,,<-100
"Yglesias Herrera, Michel",M,98,-266,"King's Indian Defense: Fianchetto Variation, Classical Fianchetto",True,,<-100
Papasimakopoulos Alexandros,M,104,-173,Slav Defense: Exchange Variation,False,,<-100
"Zimmermann, Julian",M,38,-253,"French Defense: Tarrasch Variation, Morozevich Variation",False,,<-100
Moksh Doshi,M,44,-430,King's Indian Defense: Makogonov Variation,True,,<-100
artem64,M,60,-155,Sicilian Defense: Four Knights Variation,True,,<-100
svenos,M,72,-105,"Vienna Game: Vienna Gambit, Steinitz Gambit, Knight Variation",True,,<-100
KLAUSS MOSNEGUTU,M,66,-173,Queen's Gambit Declined: Modern Variation,True,,<-100
KingRAZOR,M,48,-305,"Sicilian Defense: Kan Variation, Maróczy Bind, Réti Variation",True,,<-100
"Palu, Andres",M,32,-302,Caro-Kann Defense: Breyer Variation,False,,<-100
SamTakoj,M,104,-186,Bird Opening: Dutch Variation,False,,<-100
tigress123,M,62,-238,Scandinavian Defense: Mieses-Kotroc Variation,False,,<-100
Real-boy,M,98,-193,Philidor Defense: Lion Variation,False,,<-100
Zeck,M,74,-145,"French Defense: Rubinstein Variation, Blackburne Defense",False,,<-100
Ian Findlay,M,50,-165,"Russian Game: Classical Attack, Staunton Variation",True,,<-100
sorito,M,44,-147,Mieses Opening: Reversed Rat,False,,<-100
Bakayoyo,M,110,-119,Old Indian Defense,False,,<-100
Артур Габриелян,M,94,-377,"Ruy Lopez: Morphy Defense, Anderssen Variation",False,,<-100
arnikka89,M,56,-289,"Ruy Lopez: Schliemann Defense, Dyckhoff Variation",False,,<-100
Andres Guerrero,M,94,-137,Indian Game,False,,<-100
r31415,M,42,-208,Scandinavian Defense: Gubinsky-Melts Defense,False,,<-100
Someone African,M,84,-149,Indian Game: London System,False,,<-100
"Braun, Christian",M,80,-526,Sicilian Defense,True,,<-100
"Sedlak, Nikola",M,146,-115,King's Indian Defense: 3. Nc3,True,,<-100
"Beradze, Irakli",M,102,-204,"French Defense: Tarrasch Variation, Open System, Euwe-Keres Line",False,,<-100
zolidernas,M,44,-169,Old Indian Defense,False,,<-100
MI Marcelo Playa,M,124,-190,"Italian Game: Two Knights Defense, Perreux Variation",False,,<-100
Michel Lopez Abreu,M,86,-161,"King's Indian Defense: Fianchetto Variation, Classical Fianchetto",True,,<-100
"Bettalli, Francesco",M,143,-159,Sicilian Defense: Chekhover Variation,True,,<-100
"Setyaki, Azarya Jodi",M,90,-172,"Alekhine Defense: Modern Variation, Schmid Variation",False,,<-100
MiqO2143,M,48,-189,Ponziani Opening: Leonhardt Variation,False,,<-100
"Kunin, Vitaly",M,98,-121,King's Pawn Game: Tayler Opening,False,,<-100
EnsnaredHag,M,56,-378,Mexican Defense,False,,<-100
AerospasticMonkey,M,103,-155,Semi-Benoni,False,,<-100
Andrew,M,70,-166,French Defense: Paulsen Variation,False,,<-100
Manukyan Sargis A.,M,152,-123,Australian Defense,False,,<-100
BridgeAndChess,M,86,-292,Dutch Defense: Classical Variation,False,,<-100
Juan Pablo Demaría,M,46,-119,Scotch Game: Mieses Variation,False,,<-100
Rafael Prasca,M,62,-136,"Four Knights Game: Spanish Variation, Symmetrical Variation #3",False,,<-100
Schemato,M,68,-193,"English Opening: Anglo-Indian Defense, Queen's Knight Variation",False,,<-100
Klavdia_Nik,M,18,-195,Bird Opening: From's Gambit,True,,<-100
Виктор Шапиро,M,134,-154,King's Indian Attack,True,,<-100
"Limontaite, Simona",M,104,-134,Tarrasch Defense: Symmetrical Variation,False,,<-100
Jaime Romero Barreto,M,98,-209,French Defense: Two Knights Variation,False,,<-100
"Gasimov, Parviz",M,50,-110,Scandinavian Defense: Gubinsky-Melts Defense,False,,<-100
master05,M,2,-154,Nimzo-Larsen Attack: Modern Variation,True,,<-100
"Petrov, Martin",M,30,-165,Elephant Gambit: Paulsen Countergambit,True,,<-100
"Palencia Morales, Wilson Guillermo",M,80,-176,"Slav Defense: Exchange Variation, Symmetrical Line",False,,<-100
Lenin Guerra,M,134,-169,"Sicilian Defense: Nimzowitsch Variation, Closed Variation",True,,<-100
"Slizhevsky, Alexander",M,92,-163,"Sicilian Defense: Najdorf Variation, English Attack",True,,<-100
gmman88,M,51,-184,Queen's Pawn,False,,<-100
Diego_Flores,M,60,-130,"Sicilian Defense: O'Kelly Variation, Maróczy Bind, Robatsch Line",True,,<-100
"Andonovski, Ljubisa",M,70,-131,Benoni Defense,False,,<-100
"Amaro Alfonso, Raynner",M,64,-179,King's Indian Defense: Orthodox Variation,True,,<-100
Abel Oquendo,M,68,-112,French Defense: Knight Variation,False,,<-100
Ксения Зеленцова,M,70,-146,French Defense: Normal Variation,False,,<-100
Firebullet,M,62,-126,"Queen's Gambit Declined: Exchange Variation, Positional Variation",True,,<-100
Владимир,M,68,-167,Queen's Gambit Declined,True,,<-100
Tran Thanh Tu,M,92,-189,"Sicilian Defense: Kan, Gipslis Variation",True,,<-100
Escudeyro,M,108,-152,"King's Indian Defense: Orthodox Variation, Bayonet Attack",True,,<-100
"Bachmann, Axel",M,64,-118,Alekhine Defense: Exchange Variation,False,,<-100
daorange,M,110,-106,"King's Indian Defense: Normal Variation, Rare Defenses",True,,<-100
ThierryBaudet,M,72,-145,Pirc Defense,False,,<-100
inga83,M,108,-125,Queen's Indian Defense: Kasparov Variation,False,,<-100
"Yeke, Serkan",M,118,-146,"English Opening: Anglo-Indian Defense, King's Knight Variation",False,,<-100
Tyrell Harriott,M,66,-364,Indian Game,False,,<-100
WhiteBoader,M,122,-104,"Slav Defense: Czech Variation, Bled Attack",True,,<-100
Ricardo Garcia Correa,M,116,-146,"Sicilian Defense: Kan Variation, Knight Variation",True,,<-100
"Zelbel, Patrick",M,94,-136,Sicilian Defense: Canal-Sokolsky Attack,True,,<-100
"Okara, Andrey",M,28,-128,"French Defense: Tarrasch Variation, Chistyakov Defense",False,,<-100
"Fichter, Fabian",M,72,-193,Sicilian Defense: Nyezhmetdinov-Rossolimo Attack,True,,<-100
Oscar Ardila,M,122,-142,Queen's Pawn,False,,<-100
Carlos Alberto Viana Jr.,M,38,-267,Slav Defense #2,False,,<-100
"Sturt, Raven",M,70,-227,Philidor Defense: Lion Variation,False,,<-100
Oburg007,M,62,-178,Sicilian Defense: Old Sicilian,True,,<-100
Sreyas2008,M,44,-119,Sicilian Defense: Kveinis Variation,True,,<-100
chessknight2001,M,26,-212,Nimzo-Indian Defense: Hübner Variation,False,,<-100
Borsuk Konstantin,M,70,-189,English Opening: King's English Variation,False,,<-100
Julien,M,64,-252,"Italian Game: Evans Gambit, Anderssen Variation, Cordel Line",True,,<-100
"Silva, Luca",M,54,-225,"Grünfeld Defense: Exchange Variation, Classical Variation",False,,<-100
jmf24,M,120,-115,"Sicilian Defense: Canal-Sokolsky Attack, Sokolsky Variation",True,,<-100
عمرو صبح,M,60,-135,Old Benoni Defense,False,,<-100
"Plotkin, Mark",M,136,-132,"Sicilian Defense: Najdorf Variation, Adams Attack",True,,<-100
Владимир Бычков,M,158,-121,Queen's Pawn Game: Chigorin Variation,False,,<-100
warredw,M,31,-125,English Opening: Agincourt Defense,False,,<-100
"Cotonnec, Melkior",M,100,-111,Nimzo-Larsen Attack,True,,<-100
Ilia Kakushadze,M,30,-296,"Caro-Kann Defense: Exchange Variation, Rubinstein Variation",False,,<-100
"Coro, Lucas",M,56,-122,"Sicilian Defense: Najdorf Variation, Opocensky Variation",True,,<-100
Richard Diaz,M,84,-172,Scotch Game,False,,<-100
Gabriel Antonio Salazar Olchowski,M,42,-193,"Sicilian Defense: Kan Variation, Maróczy Bind, Réti Variation",True,,<-100
Bogdanov Egor,M,78,-119,"Caro-Kann Defense: Panov Attack, Modern Defense",True,,<-100
Ti-Ga,M,94,-183,Four Knights Game: Spanish Variation,False,,<-100
Keith Arkell,M,96,-239,Horwitz Defense,False,,<-100
kacper05,M,112,-157,"French Defense: Winawer Variation, Advance Variation",False,,<-100
Isaac Okeke,M,62,-182,Sicilian Defense: Canal-Sokolsky Attack,True,,<-100
Cesar Eduardo Ugarte Soto,M,136,-264,English Opening: King's English Variation,False,,<-100
Jann,M,110,-158,Sicilian Defense: Old Sicilian,True,,<-100
DeinSchachtrainer,M,94,-110,English Opening: Agincourt Defense,False,,<-100
"Shymanskyi, Oleksandr",M,38,-190,Nimzo-Larsen Attack: Modern Variation #4,True,,<-100
Bibekthing,M,76,-210,Sicilian Defense: Smith-Morra Gambit,True,,<-100
Dusan Jovanovic,M,92,-158,"English Opening: Symmetrical Variation, Hedgehog Defense",False,,<-100
Vladimir Bukal,M,42,-260,Indian Game,False,,<-100
specialprize4u,M,64,-312,Pirc Defense,False,,<-100
"Skrondal, Inge Sandstad",M,66,-384,Sicilian Defense: Hyperaccelerated Fianchetto,True,,<-100
inhocsignovinces73,M,92,-357,"English Opening: King's English Variation, Kramnik-Shirov Counterattack",False,,<-100
Kural1,M,58,-143,Queen's Gambit Declined: Orthodox Defense,True,,<-100
Suyog Wagh,M,68,-235,Old Benoni Defense,False,,<-100
"Blesic, Vaso",M,104,-292,"King's Indian Defense: Normal Variation, Rare Defenses",True,,<-100
Trushko Andrii,M,44,-193,Trompowsky Attack,True,,<-100
Janou,M,67,-348,Pirc Defense #2,False,,<-100
"Kantans, Toms",M,110,-210,Scotch Game: Potter Variation,False,,<-100
"Di Benedetto, Edoardo",M,70,-252,French Defense: Paulsen Variation,False,,<-100
Владимир Серебряков,M,84,-197,Sicilian Defense: Closed #2,True,,<-100
"Mazanchenko, Dmitry",M,120,-122,"Scotch Game: Scotch Gambit, Advance Variation",True,,<-100
"Yuffa, Daniil",M,86,-110,"King's Indian Defense: Petrosian Variation, Stein Defense",True,,<-100
Lelouch_Vi_Brittania,M,46,-228,"French Defense: Steinitz Variation, Boleslavsky Variation",False,,<-100
captain-levi,M,94,-157,Sicilian Defense: Old Sicilian,True,,<-100
"Cabezas Solano, David Alejandro",M,102,-328,Réti Opening: Reversed Blumenfeld Gambit,True,,<-100
.i .i,M,72,-200,Benoni Defense,False,,<-100
Edgar_Karagyozyan,M,70,-152,East Indian Defense,False,,<-100
"Shirazi, Kamran",M,152,-127,Semi-Slav Defense: Main Line,False,,<-100
Ваграм Межлумян,M,94,-106,Semi-Benoni,False,,<-100
"Rodrigue-Lemieux, Shawn",M,52,-155,King's Indian Attack: Symmetrical Defense,True,,<-100
Overrated_Bum,M,82,-139,Trompowsky Attack,True,,<-100
Petrosilius Zwackelmann,M,60,-159,"Ruy Lopez: Closed, Anti-Marshall 8. a4",False,,<-100
aisa86,M,193,-104,Unknown,False,2434.0,<-100
"Zhunussov, Bibek",M,96,-279,King's Indian Defense: Orthodox Variation,True,,<-100
DaniloBesedes,M,88,-132,"Dutch Defense: Leningrad Variation, Matulovic Variation",False,,<-100
supertfc,M,128,-132,Giuoco Piano,False,,<-100
DynamoTresen,F,189,-67,Unknown,False,2531.0,-100:-50
royalehero,F,77,-97,Unknown,False,2342.0,-100:-50
elower,F,125,-77,Unknown,False,2367.0,-100:-50
FuryJazz,F,142,-63,Unknown,False,2378.0,-100:-50
Mihael2002,F,168,-52,Unknown,False,2388.0,-100:-50
Maserati20,F,254,-81,Unknown,False,2336.0,-100:-50
JIL-BATCH4,F,138,-93,Unknown,False,2309.0,-100:-50
DoktorMatt,F,112,-63,Unknown,False,2684.0,-100:-50
Blackpinkinyourarea,F,157,-54,Unknown,False,2396.0,-100:-50
EddieMarsalla,F,144,-59,Unknown,False,2667.0,-100:-50
pichonazo,F,243,-98,Unknown,False,2425.0,-100:-50
IDISJUDA,F,192,-59,Unknown,False,2473.0,-100:-50
phoenix03,F,98,-75,Unknown,False,2377.0,-100:-50
wsiie,F,183,-79,Unknown,False,2395.0,-100:-50
Ivanchuch,F,93,-58,Unknown,False,2424.0,-100:-50
H-HH,F,245,-52,Unknown,False,2393.0,-100:-50
saitama-col,F,184,-89,Unknown,False,2320.0,-100:-50
Rezyapov_Ruslan,F,162,-68,Unknown,False,2391.0,-100:-50
vovasev,F,140,-61,Unknown,False,2373.0,-100:-50
BucklingChess,F,114,-82,"Sicilian Defense: Najdorf Variation, Amsterdam Variation",True,,-100:-50
Antitemp,F,159,-94,Unknown,False,2317.0,-100:-50
BienBienProfond,F,166,-89,Unknown,False,2377.0,-100:-50
KingHarii,F,102,-71,Unknown,False,2644.0,-100:-50
LittyKitty,F,146,-60,Unknown,False,2410.0,-100:-50
derbestewogibt,F,187,-75,Unknown,False,2375.0,-100:-50
ApLiKeiToR,F,168,-52,Unknown,False,2404.0,-100:-50
Lean98,F,215,-97,Unknown,False,2390.0,-100:-50
mariokar,F,133,-81,Unknown,False,2405.0,-100:-50
surovi,F,155,-52,Unknown,False,2358.0,-100:-50
komdro,F,117,-60,Unknown,False,2343.0,-100:-50
"Narvaez Ramirez, Faber Alberto",F,156,-75,Sicilian Defense: Paulsen Variation,True,,-100:-50
patzer001,F,119,-67,Unknown,False,2333.0,-100:-50
Jelmo,F,191,-72,Unknown,False,2330.0,-100:-50
Frutek,F,132,-85,Unknown,False,2356.0,-100:-50
Daeneryz,F,234,-59,Unknown,False,2377.0,-100:-50
RondinelleParaiba,F,97,-97,Unknown,False,2369.0,-100:-50
Qualunque,F,160,-86,Unknown,False,2327.0,-100:-50
Duro1988,F,86,-61,Unknown,False,2343.0,-100:-50
skonov,F,89,-86,Unknown,False,2405.0,-100:-50
Engr_arellano,F,139,-71,Unknown,False,2343.0,-100:-50
mgl_nomad,F,159,-51,Unknown,False,2449.0,-100:-50
Gonest1998,F,169,-94,Unknown,False,2356.0,-100:-50
moustakias,F,125,-66,Unknown,False,2353.0,-100:-50
Der_Schachfloh,F,231,-78,Unknown,False,2335.0,-100:-50
SexyChessMen,F,145,-74,Unknown,False,2725.0,-100:-50
caveman12345,F,226,-56,Unknown,False,2453.0,-100:-50
DesertWolfTempo,F,218,-66,Unknown,False,2375.0,-100:-50
Brgy23,F,77,-71,Unknown,False,2474.0,-100:-50
Kvaidan,F,249,-54,Unknown,False,2385.0,-100:-50
Zezo_master,F,150,-67,Unknown,False,2359.0,-100:-50
herichess5,F,247,-79,Unknown,False,2414.0,-100:-50
MY_HAMMER,F,84,-72,Unknown,False,2374.0,-100:-50
Karlos_ulsk,F,178,-93,Unknown,False,2561.0,-100:-50
"Sargsyan, Anna M.",F,82,-79,Colle System,False,,-100:-50
martins177,F,207,-51,Unknown,False,2410.0,-100:-50
Shubhamg1238,F,97,-69,Unknown,False,2336.0,-100:-50
Konkurs_prognozov,F,109,-59,Unknown,False,2514.0,-100:-50
Fleetw00dMac,F,219,-93,Unknown,False,2343.0,-100:-50
MrBad74,F,85,-63,Unknown,False,2415.0,-100:-50
norba94,F,123,-84,Unknown,False,2347.0,-100:-50
BigTy,F,233,-69,Unknown,False,2335.0,-100:-50
chinguuuun,F,159,-55,Unknown,False,2380.0,-100:-50
Shojaedell,F,215,-95,Unknown,False,2407.0,-100:-50
Damianlamy,F,151,-64,Unknown,False,2354.0,-100:-50
RigelStar,F,185,-90,Unknown,False,2311.0,-100:-50
Ushy23,F,113,-50,Unknown,False,2424.0,-100:-50
Goranor,F,232,-72,Unknown,False,2371.0,-100:-50
LDago,F,261,-81,Unknown,False,2351.0,-100:-50
HandKnit,F,173,-91,Unknown,False,2344.0,-100:-50
Awestorm,F,145,-69,Unknown,False,2367.0,-100:-50
AlexTriapishko,F,131,-97,Unknown,False,2651.0,-100:-50
Webbimio,F,132,-56,Unknown,False,2401.0,-100:-50
jodaras,F,131,-81,Unknown,False,2326.0,-100:-50
Furfures,F,170,-66,Unknown,False,2638.0,-100:-50
Kojek,F,140,-75,Unknown,False,2369.0,-100:-50
pedromartinez91,F,141,-95,Unknown,False,2391.0,-100:-50
sigalj,F,187,-55,Unknown,False,2387.0,-100:-50
navidkhosravi,F,222,-56,Unknown,False,2532.0,-100:-50
PanDA_NO,F,258,-85,Unknown,False,2317.0,-100:-50
TechnicalTrader,F,244,-83,Unknown,False,2521.0,-100:-50
VasiaVasia,F,195,-56,Unknown,False,2545.0,-100:-50
matapatos28,F,135,-53,Unknown,False,2411.0,-100:-50
Ahad2000,F,144,-96,Unknown,False,2331.0,-100:-50
KeepDreamingg,F,126,-70,Unknown,False,2710.0,-100:-50
matador1104,F,132,-68,Unknown,False,2345.0,-100:-50
Ptiphantom,F,222,-92,Unknown,False,2352.0,-100:-50
Drakon1976,F,235,-84,Unknown,False,2366.0,-100:-50
Rualangel,F,153,-93,Unknown,False,2313.0,-100:-50
Empire22,F,102,-95,Unknown,False,2354.0,-100:-50
Mohammadreza777,F,217,-84,Unknown,False,2324.0,-100:-50
Lexusbond,F,221,-98,Unknown,False,2343.0,-100:-50
"Spichkin, Alexander",F,144,-54,Trompowsky Attack,True,,-100:-50
lululikeyou,F,196,-69,Unknown,False,2349.0,-100:-50
UfoITA,F,105,-80,Unknown,False,2421.0,-100:-50
LCTC,F,174,-59,Unknown,False,2361.0,-100:-50
Buenamor,F,145,-96,Unknown,False,2335.0,-100:-50
Minister007,F,268,-74,Unknown,False,2331.0,-100:-50
f3g4,F,136,-59,Unknown,False,2383.0,-100:-50
Rudolf2008,F,341,-83,Unknown,False,2414.0,-100:-50
FischersFrisoer,F,163,-87,Unknown,False,2339.0,-100:-50
forzadiyar21,F,120,-66,Unknown,False,2428.0,-100:-50
Chesstvau,F,76,-66,Unknown,False,2482.0,-100:-50
JoeFr,F,148,-54,Unknown,False,2467.0,-100:-50
Shal59,F,181,-72,Unknown,False,2377.0,-100:-50
Nanidesu_ka,F,112,-61,Unknown,False,2399.0,-100:-50
emiliooo,F,222,-65,Unknown,False,2415.0,-100:-50
Nohaypanduro,F,28,-63,"Queen's Gambit Declined: Harrwitz Attack, Main Line",True,,-100:-50
liczner,F,225,-98,Unknown,False,2611.0,-100:-50
Alpha_Cesar,F,132,-65,Unknown,False,2374.0,-100:-50
BigTim3000,F,116,-79,Unknown,False,2337.0,-100:-50
tbchess20,F,134,-96,Unknown,False,2347.0,-100:-50
juriko,F,195,-56,Unknown,False,2367.0,-100:-50
rick_morty89,F,120,-95,Unknown,False,2379.0,-100:-50
Daniel_Anwuli,F,190,-64,Unknown,False,2500.0,-100:-50
zolpi,F,75,-92,Unknown,False,2347.0,-100:-50
CaptainPlanet,F,113,-53,Unknown,False,2388.0,-100:-50
fallthrough,F,148,-98,Unknown,False,2661.0,-100:-50
TVEDAS,F,169,-90,Unknown,False,2577.0,-100:-50
nikonovenik,F,170,-95,Unknown,False,2331.0,-100:-50
CRNI_KER,F,198,-55,Unknown,False,2352.0,-100:-50
KA3UK-pidar,F,121,-80,Unknown,False,2363.0,-100:-50
ViktorSalkov,F,161,-74,Unknown,False,2439.0,-100:-50
Night_warrior,F,122,-99,Unknown,False,2622.0,-100:-50
PongChess,F,89,-75,Unknown,False,2378.0,-100:-50
diamond11,F,134,-86,Unknown,False,2342.0,-100:-50
Hasha_17,F,124,-58,Unknown,False,2375.0,-100:-50
SFA_Gang,F,232,-70,Unknown,False,2492.0,-100:-50
nikpour,F,236,-77,Unknown,False,2325.0,-100:-50
bardanadam1,F,153,-85,Unknown,False,2334.0,-100:-50
KAP5,F,193,-56,Unknown,False,2414.0,-100:-50
crazy_and_lazy,F,255,-67,Unknown,False,2568.0,-100:-50
letsplayludo,F,183,-75,Unknown,False,2364.0,-100:-50
A-Meise,F,225,-64,Unknown,False,2344.0,-100:-50
N-Chadaev,F,159,-69,Unknown,False,2694.0,-100:-50
kubata69,F,147,-96,Unknown,False,2337.0,-100:-50
djoniw,F,198,-94,Unknown,False,2342.0,-100:-50
Guillermotello2150,F,100,-96,Unknown,False,2309.0,-100:-50
Dear-Santa-Claus,F,172,-94,Unknown,False,2353.0,-100:-50
EnzoTigre,F,244,-62,Unknown,False,2383.0,-100:-50
Lasabarg,F,208,-79,Unknown,False,2345.0,-100:-50
DuRo1988,F,32,-61,"Scotch Game: Scotch Gambit, Advance Variation",True,,-100:-50
anpramon,F,171,-97,Unknown,False,2322.0,-100:-50
Firehand,F,112,-59,Unknown,False,2358.0,-100:-50
Mijail12,F,128,-93,Unknown,False,2393.0,-100:-50
Dr1000IQ,F,117,-51,Unknown,False,2364.0,-100:-50
AndreiSav,F,156,-52,Unknown,False,2411.0,-100:-50
starikki2017,F,227,-61,Unknown,False,2358.0,-100:-50
Greg2a,F,130,-52,Unknown,False,2375.0,-100:-50
ALEXIN65,F,132,-81,Unknown,False,2362.0,-100:-50
onyxz,F,115,-56,Unknown,False,2366.0,-100:-50
RobertFontaine,F,118,-91,Unknown,False,2493.0,-100:-50
elektromonter36,F,100,-85,Unknown,False,2315.0,-100:-50
federik_montalbano,F,204,-88,Unknown,False,2324.0,-100:-50
Charlie_nic,F,143,-75,Unknown,False,2351.0,-100:-50
ranjithkalaiyarasan,F,170,-68,Unknown,False,2362.0,-100:-50
smurf42,F,38,-50,French Defense: Winawer Variation,False,,-100:-50
LeRoiCafard,F,115,-72,Unknown,False,2347.0,-100:-50
San_Sanyich,F,154,-93,Unknown,False,2681.0,-100:-50
Savka_Kolbaskin,F,175,-66,Unknown,False,2354.0,-100:-50
LogicalNonsense,F,112,-54,Unknown,False,2568.0,-100:-50
Soccie,F,170,-88,Unknown,False,2324.0,-100:-50
steva23,F,174,-82,Unknown,False,2352.0,-100:-50
mohamedbaker,F,191,-71,Unknown,False,2334.0,-100:-50
davidluscomb,F,254,-94,Unknown,False,2349.0,-100:-50
tomk91,F,171,-66,Unknown,False,2347.0,-100:-50
Artjom__Kuznetsov,F,253,-97,Unknown,False,2392.0,-100:-50
Philofive,F,113,-68,Unknown,False,2384.0,-100:-50
dodoucb,F,112,-55,Unknown,False,2388.0,-100:-50
kisfiam,F,138,-70,Unknown,False,2351.0,-100:-50
Alosy,F,129,-60,Unknown,False,2371.0,-100:-50
BermudaGhostShip,F,171,-87,Unknown,False,2369.0,-100:-50
vibidzdk,F,248,-53,Unknown,False,2444.0,-100:-50
bm177,F,90,-57,Unknown,False,2378.0,-100:-50
Popovich2020,F,150,-84,Unknown,False,2665.0,-100:-50
Peao_Assassino,F,269,-71,Unknown,False,2369.0,-100:-50
Vugar_Gashimov,F,96,-52,Unknown,False,2383.0,-100:-50
Othmanov2020,F,217,-56,Unknown,False,2368.0,-100:-50
ben13,F,249,-84,Unknown,False,2356.0,-100:-50
astroke,F,183,-76,Unknown,False,2405.0,-100:-50
ljdr,F,134,-55,Unknown,False,2393.0,-100:-50
Skibbi,F,29,-97,Unknown,False,2304.0,-100:-50
Vladislav_Matyunin,F,212,-86,Unknown,False,2315.0,-100:-50
Takacsbl,F,131,-81,Unknown,False,2472.0,-100:-50
rumbatapower,F,101,-87,Unknown,False,2344.0,-100:-50
SupplyChain,F,271,-53,Unknown,False,2366.0,-100:-50
flamenko,F,185,-79,Unknown,False,2353.0,-100:-50
sertoespj,F,106,-85,Unknown,False,2381.0,-100:-50
gourarim1,F,69,-90,Unknown,False,2320.0,-100:-50
AMADAN,F,59,-81,"Italian Game: Classical Variation, Giuoco Pianissimo",False,,-100:-50
banane_verte,F,104,-62,Unknown,False,2423.0,-100:-50
Crossbow,F,107,-64,Unknown,False,2340.0,-100:-50
argos2017,F,143,-64,Unknown,False,2339.0,-100:-50
Marshall__D__Teach,F,85,-78,Unknown,False,2347.0,-100:-50
ykskakskol,F,167,-76,Unknown,False,2375.0,-100:-50
Geekaos,F,234,-61,Unknown,False,2383.0,-100:-50
masbahi1393,F,134,-78,Unknown,False,2327.0,-100:-50
Eekamouse,F,148,-78,Unknown,False,2452.0,-100:-50
Kastling,F,93,-73,Unknown,False,2420.0,-100:-50
BIG_Pirate,F,189,-79,Unknown,False,2386.0,-100:-50
topce,F,154,-87,Unknown,False,2330.0,-100:-50
Cesar Eduardo Ugarte Soto,F,64,-65,"English Opening: Symmetrical Variation, Duchamp Variation",False,,-100:-50
underwood1987,F,153,-68,Unknown,False,2375.0,-100:-50
papajio1,F,204,-92,Unknown,False,2381.0,-100:-50
ArdianJashari,F,233,-53,Unknown,False,2353.0,-100:-50
khair2019,F,255,-98,Unknown,False,2385.0,-100:-50
DontStop1820,F,163,-67,Unknown,False,2635.0,-100:-50
LegendLord,F,347,-57,Unknown,False,2503.0,-100:-50
Seelenjagd,F,120,-76,Unknown,False,2359.0,-100:-50
Reza_Sadeghigivi,F,157,-96,Unknown,False,2319.0,-100:-50
PchelkinVK,F,139,-58,Unknown,False,2511.0,-100:-50
"Villegas, Franco",F,88,-94,"Sicilian Defense: Paulsen Variation, Szén Variation",True,,-100:-50
RaphaeI,F,151,-82,Unknown,False,2652.0,-100:-50
Kulio,F,182,-90,Unknown,False,2319.0,-100:-50
telarubo96,F,140,-60,Unknown,False,2385.0,-100:-50
gokerfidemaster,F,189,-66,Unknown,False,2340.0,-100:-50
anmadi,F,149,-55,Unknown,False,2357.0,-100:-50
fredipetriti,F,173,-83,Unknown,False,2320.0,-100:-50
ujku,F,133,-62,Unknown,False,2389.0,-100:-50
Ivan-Uraev87,F,168,-54,Unknown,False,2385.0,-100:-50
kmilooo,F,131,-98,Unknown,False,2687.0,-100:-50
romfe87,F,277,-76,Unknown,False,2345.0,-100:-50
AM1978,F,238,-85,Unknown,False,2329.0,-100:-50
ErgRaider,F,130,-86,Unknown,False,2381.0,-100:-50
MilovanR,F,110,-63,Unknown,False,2663.0,-100:-50
foreignaffairs,F,158,-57,Unknown,False,2360.0,-100:-50
stuffings,F,131,-71,Unknown,False,2377.0,-100:-50
memo12345,F,275,-53,Unknown,False,2351.0,-100:-50
Zhyshko,F,151,-86,Unknown,False,2350.0,-100:-50
Hapaku-Untold,F,138,-73,Unknown,False,2330.0,-100:-50
Hollow6100,F,203,-60,Unknown,False,2340.0,-100:-50
donateIIo,F,158,-54,Unknown,False,2688.0,-100:-50
MartijnE,F,158,-90,Unknown,False,2417.0,-100:-50
paul2610,F,96,-82,Unknown,False,2340.0,-100:-50
B-l-e-r-i-m,F,134,-69,Unknown,False,2355.0,-100:-50
Yannay_2004,F,280,-56,Unknown,False,2418.0,-100:-50
KfLoRiAn,M,60,-66,"Queen's Indian Defense: Fianchetto Variation, Check Variation, Intermezzo Line",False,,-100:-50
Alias Falkesi Alias CheFalquito,M,112,-81,Richter-Veresov Attack,True,,-100:-50
"Tissir, Mohamed",M,64,-84,"Sicilian Defense: Closed Variation, Traditional",True,,-100:-50
"Santagati, Alessandro",M,114,-89,"Sicilian Defense: Alapin Variation, Smith-Morra Declined",True,,-100:-50
Henry_Onyekuru_21,M,90,-57,Réti Opening: Advance Variation,False,,-100:-50
"Korkmaz, Necmettin",M,105,-91,"Italian Game: Scotch Gambit, Anderssen Attack",True,,-100:-50
"Ruge, Edison",M,132,-92,Scandinavian Defense,False,,-100:-50
"Mammadova, Gulnar",M,56,-63,French Defense: Chigorin Variation,False,,-100:-50
Aditya Mittal,M,66,-50,Old Indian Defense: Two Knights Variation,False,,-100:-50
"Molaei, Mohammadamin",M,70,-82,Queen's Gambit Accepted: Showalter Variation,True,,-100:-50
"Zahedifar, Anahita",M,92,-84,"Nimzo-Indian Defense: Classical Variation, Noa Variation",False,,-100:-50
Computercheat,M,42,-53,Hungarian Opening: Slav Formation,False,,-100:-50
Rafael Antonio Mendoza Vega,M,90,-82,"Caro-Kann Defense: Classical, Spassky Variation",False,,-100:-50
sonofdayman,M,62,-85,"King's Indian Defense: Fianchetto Variation, Classical Fianchetto",True,,-100:-50
PierrotDeCastelnau,M,90,-57,Indian Game: Knights Variation,False,,-100:-50
"Nakahara, Kan",M,48,-77,Pirc Defense,False,,-100:-50
"Ustinov, Alexey",M,104,-85,Nimzo-Indian Defense: Classical Variation,False,,-100:-50
Mac Daddy,M,120,-56,Four Knights Game: Gunsberg Variation,False,,-100:-50
куаныш сисабаев,M,90,-89,"Sicilian Defense: Nimzowitsch Variation, Exchange Variation",True,,-100:-50
wrosee,M,63,-51,Queen's Pawn,False,,-100:-50
chaturangadasa,M,69,-88,Caro-Kann Defense: Classical Variation,False,,-100:-50
Dumit Semerene,M,98,-80,King's Indian Attack,True,,-100:-50
Richard Mládek,M,128,-96,"Pterodactyl Defense: Eastern, Pterodactyl",False,,-100:-50
Daniel López González,M,56,-55,Philidor Defense: Exchange Variation,False,,-100:-50
MAURICIO RIOS,M,112,-98,Sicilian Defense: Scheveningen Variation,True,,-100:-50
"Vibbert, Sean",M,128,-82,"English Opening: Anglo-Indian Defense, Hedgehog System",False,,-100:-50
WildTricks,M,54,-72,Sicilian Defense: Kan Variation,True,,-100:-50
Semetey Tologontegin,M,112,-70,Modern Defense,False,,-100:-50
LUIS FLAQUER,M,78,-85,"French Defense: Classical Variation, Burn Variation, Morozevich Line",False,,-100:-50
Семен Митусов,M,56,-73,"Sicilian Defense: Smith-Morra Gambit Declined, Center Formation",True,,-100:-50
VasikF,M,98,-99,Alekhine Defense: Scandinavian Variation,False,,-100:-50
"Dvirnyy, Danyyil",M,130,-68,Grünfeld Defense: Flohr Defense,False,,-100:-50
Rahman2017,M,90,-91,Nimzo-Indian Defense: Reshevsky Variation,False,,-100:-50
"Ohanyan, Emin",M,100,-99,"Vienna Game: Vienna Gambit, Main Line",True,,-100:-50
Gabriel Garmendia,M,106,-96,Sicilian Defense: Keres Variation,True,,-100:-50
Alan Walton,M,56,-78,Trompowsky Attack,True,,-100:-50
Lordiron,M,52,-95,Robatsch (Modern) Defense,False,,-100:-50
HooCee,M,116,-78,Owen Defense,False,,-100:-50
"Svane, Frederik",M,46,-63,Sicilian Defense: French Variation,True,,-100:-50
"Bykov, Egor",M,44,-60,Sicilian Defense: Four Knights Variation,True,,-100:-50
LouiVos,M,46,-85,"Queen's Indian Defense: Fianchetto Variation, Kramnik Variation",False,,-100:-50
Jesús David Cazulo Ramirez,M,112,-67,Ruy Lopez: Bird Variation,False,,-100:-50
"Gheng, Josef",M,88,-71,"French Defense: Tarrasch Variation, Closed Variation",False,,-100:-50
Carlos Dávila Lopez,M,68,-78,"Caro-Kann Defense: Two Knights Attack, Mindeno Variation, Retreat Line",True,,-100:-50
"Yurtseven, Melih",M,150,-98,Indian Game,False,,-100:-50
shhamo,M,159,-94,Unknown,False,2318.0,-100:-50
novik70,M,60,-86,Queen's Pawn Game: Mason Attack,True,,-100:-50
ChesSniper2000,M,118,-94,English Opening: Anglo-Indian Defense,False,,-100:-50
Lavrik87,M,66,-79,Caro-Kann Defense: Breyer Variation,False,,-100:-50
Arjun Erigaisi,M,100,-93,"Caro-Kann Defense: Classical Variation, Main Line",False,,-100:-50
"Shankovskyi, Andrii",M,80,-91,Sicilian Defense: Prins Variation,True,,-100:-50
mitraasz,M,168,-85,Unknown,False,2339.0,-100:-50
"Tarasenka, Aliaksandra",M,90,-65,Caro-Kann Defense: Accelerated Panov Attack,True,,-100:-50
P Saravana Krishnan,M,50,-62,Sicilian Defense: Nyezhmetdinov-Rossolimo Attack,True,,-100:-50
"Triapishko, Alexandr",M,122,-63,Caro-Kann Defense,False,,-100:-50
"Ghersinich, Enrico",M,76,-74,King's Indian Defense: Semi-Averbakh System,True,,-100:-50
Penguin12356,M,58,-54,Queen's Gambit Declined,True,,-100:-50
"Mchedlishvili, Mikheil",M,114,-51,Giuoco Piano,False,,-100:-50
chargemax23,M,92,-65,King's Indian Defense: Normal Variation,True,,-100:-50
"Sevdimaliyev, Urfan",M,130,-69,English Opening: Anglo-Indian Defense,False,,-100:-50
"Beinoras, Mindaugas",M,70,-56,"English Opening: Four Knights System, Nimzowitsch Variation",False,,-100:-50
Lord Adrian Soderstrom,M,92,-90,Benoni Defense,False,,-100:-50
JakeDarmanin,M,52,-97,"French Defense: Advance Variation, Ruisdonk Gambit",True,,-100:-50
MFAlejandroArias1987,M,116,-60,Indian Game,False,,-100:-50
Cacarlsen,M,56,-90,"Sicilian Defense: Nimzowitsch Variation, Advance Variation",True,,-100:-50
Carlos Marin,M,122,-80,Sicilian Defense: Kramnik Variation,True,,-100:-50
JayDee0305,M,60,-81,"English Opening: Symmetrical Variation, Four Knights Variation",False,,-100:-50
Jethro07,M,66,-95,Nimzo-Indian Defense: Simagin Variation,False,,-100:-50
Shtemb22,M,100,-90,King's Indian Attack,True,,-100:-50
Kanthecarowin,M,50,-59,"Gruenfeld Defense: Three Knights Variation, Petrosian System",False,,-100:-50
GP9isback,M,104,-66,"Grünfeld Defense: Three Knights Variation, Burille Variation",False,,-100:-50
Orlen Ruiz Sánchez,M,110,-53,"French Defense: Advance Variation, Paulsen Attack",True,,-100:-50
avchess1,M,22,-84,"Nimzowitsch Defense: Scandinavian Variation, Exchange Variation",False,,-100:-50
gus_fring,M,60,-73,Nimzo-Larsen Attack: English Variation,True,,-100:-50
Алишер Бегмуратов,M,38,-69,Indian Game: Spielmann-Indian,False,,-100:-50
Bassket,M,38,-63,Queen's Gambit Declined: Exchange Variation,True,,-100:-50
"Alvarez Pedraza, Aramis",M,46,-88,"Semi-Slav Defense: Noteboom Variation, Anti-Noteboom Gambit",True,,-100:-50
"Kiremitciyan, Ari",M,46,-62,"English Opening: Anglo-Indian Defense, Queen's Indian Formation",False,,-100:-50
InnocuousMate,M,140,-68,King's Indian Attack: Sicilian Variation #2,True,,-100:-50
tinymonster,M,82,-61,"Sicilian Defense: Closed Variation, Traditional",True,,-100:-50
"Gadimbayli, Abdulla",M,82,-86,Sicilian Defense: Nyezhmetdinov-Rossolimo Attack,True,,-100:-50
"Adasme Fredes, Mauricio",M,106,-57,Benoni Defense: Benoni-Indian Defense,False,,-100:-50
"Viviani, Alessio",M,48,-67,"Caro-Kann Defense: Panov Attack, Fianchetto Defense, Fianchetto Gambit",True,,-100:-50
Robert Lončar,M,78,-56,"Gruenfeld Defense: Exchange Variation, Modern Exchange Variation, Kramnik's Line",False,,-100:-50
"Shevchenko, Danylo",M,76,-99,"Sicilian Defense: Smith-Morra Gambit Accepted, Scheveningen Formation",True,,-100:-50
"Rodchenkov, Vitaly",M,132,-94,Sicilian Defense: Hyperaccelerated Fianchetto,True,,-100:-50
"Rosen, Eric",M,166,-76,Modern Defense: Standard Defense,False,,-100:-50
Nelson Fernandez,M,94,-95,Sicilian Defense: Old Sicilian,True,,-100:-50
fallingfatman,M,108,-50,Caro-Kann Defense: Exchange Variation,False,,-100:-50
Bird_f4,M,178,-92,Sicilian Defense: Nyezhmetdinov-Rossolimo Attack,True,,-100:-50
"Abdel Razik, Khaled",M,106,-91,Wade Defense,False,,-100:-50
Barys74,M,134,-82,Philidor Defense: Lion Variation,False,,-100:-50
"Castella Garcia, Fausto",M,84,-68,"Russian Game: Modern Attack, Center Variation",True,,-100:-50
"Peng, Li Min",M,150,-75,Sicilian Defense: Closed Variation,True,,-100:-50
picklebick,M,90,-56,Sicilian Defense: Hyperaccelerated Fianchetto,True,,-100:-50
RobertoJBMolina,M,90,-84,Yusupov-Rubinstein System,False,,-100:-50
"Lorparizangeneh, Shahin",M,128,-97,French Defense: King's Indian Attack,True,,-100:-50
"Jacobsen, Mikkel Manosri",M,98,-72,Indian Game: Anti-Nimzo-Indian,False,,-100:-50
Mazi Leon,M,94,-59,Sicilian Defense: Chekhover Variation,True,,-100:-50
Christian Toth,M,90,-67,Queen's Pawn Game: Steinitz Countergambit,False,,-100:-50
Gevorg_Harutjunyan,M,74,-52,"French Defense: Steinitz Variation, Boleslavsky Variation",False,,-100:-50
"Solodovnichenko, Yuri",M,108,-61,Philidor Defense: Lion Variation,False,,-100:-50
Skuran,M,98,-56,Slav Defense,False,,-100:-50
"Okike, David",M,56,-87,"French Defense: Winawer Variation, Poisoned Pawn Variation",False,,-100:-50
blitzbullet,M,68,-84,"Ruy Lopez: Exchange Variation, Gligoric Variation",False,,-100:-50
"Yeletsky, Ivan",M,58,-91,"Sicilian Defense: Kan Variation, Maróczy Bind, Réti Variation",True,,-100:-50
Keeper0416,M,46,-88,Nimzo-Indian Defense: Classical Variation,False,,-100:-50
NFChess13,M,114,-97,"Caro-Kann Defense: Classical Variation, Main Line",False,,-100:-50
Winston Cu-Hor,M,106,-62,Sicilian Defense: French Variation,True,,-100:-50
Lastro,M,44,-76,Trompowsky Attack,True,,-100:-50
"Alvarez Calzadilla, Jose Avelino",M,62,-76,Old Benoni Defense,False,,-100:-50
"Sydoryka, Vladyslav",M,134,-72,English Opening: King's English Variation,False,,-100:-50
"Rodriguez Hernandez, Luis Daniel",M,86,-85,French Defense: Schlechter Variation,False,,-100:-50
Javiera Gomez,M,42,-62,Sicilian Defense: Classical Variation,True,,-100:-50
SevanB,M,42,-55,Queen's Gambit Declined: Vienna Variation,True,,-100:-50
Miguel Eduardo González Ballén,M,172,-69,Sicilian Defense: Grand Prix Attack,True,,-100:-50
flamaster7,M,134,-86,"Sicilian Defense: Accelerated Dragon, Modern Variation",True,,-100:-50
VLABOR64B,M,68,-92,Horwitz Defense,False,,-100:-50
"Shchukin, Dmitry",M,98,-89,"Sicilian Defense: Accelerated Dragon, Modern Variation",True,,-100:-50
Максим Омариев,M,54,-78,Horwitz Defense,False,,-100:-50
"Schuh, Dirk",M,56,-88,English Opening: King's English Variation,False,,-100:-50
"Aliyev, Ravan",M,102,-78,Réti Opening,False,,-100:-50
"Banzea, Alexandru-Bogdan",M,94,-64,Four Knights Game: Scotch Variation Accepted,False,,-100:-50
Aleksei Aleksandrov,M,56,-51,King's Indian Defense: Makogonov Variation,True,,-100:-50
Piranaseven,M,62,-70,Sicilian Defense: Old Sicilian,True,,-100:-50
Jaime Valmana,M,80,-58,"English Opening: Four Knights System, Nimzowitsch Variation",False,,-100:-50
"Ramezani, Mahan",M,90,-84,"Italian Game: Classical Variation, Giuoco Pianissimo",False,,-100:-50
Satscho,M,99,-51,"Sicilian Defense: Nyezhmetdinov-Rossolimo Attack, Fianchetto Variation",True,,-100:-50
Konstantin Loy,M,64,-77,Scotch Game: Schmidt Variation,False,,-100:-50
am fa,M,114,-57,Trompowsky Attack,True,,-100:-50
Francisco,M,114,-61,Queen's Pawn,False,,-100:-50
Sargis Manukyan,M,86,-66,Zukertort Opening: Sicilian Invitation,True,,-100:-50
Efren Ramos,M,62,-60,Torre Attack,True,,-100:-50
Ceejay24,M,138,-64,Nimzo-Indian Defense: Normal Variation,False,,-100:-50
Sai Agni Jeevitesh J,M,30,-87,"English Opening: Anglo-Indian Defense, King's Indian Formation",True,,-100:-50
"Nikolashvili, Giorgi",M,58,-67,Nimzo-Larsen Attack,True,,-100:-50
Iajedrez,M,41,-85,Caro-Kann Defense,False,,-100:-50
Sultanjr,M,62,-67,Old Indian Defense,False,,-100:-50
"Sanikidze, Tornike",M,122,-52,Semi-Slav Defense: Stoltz Variation,False,,-100:-50
toninhojit,M,118,-91,London System,False,,-100:-50
Вадим Останин,M,98,-63,Nimzo-Larsen Attack,True,,-100:-50
chessmmaster,M,38,-67,Sicilian Defense: Paulsen Variation,True,,-100:-50
WattSchrott,M,90,-57,Sicilian Defense: Canal-Sokolsky Attack,True,,-100:-50
Mieszko Miś,M,64,-86,"Queen's Indian Defense: Fianchetto Variation, Nimzowitsch Variation",False,,-100:-50
"Shevchenko, Kirill",M,146,-75,"Caro-Kann Defense: Classical Variation, Main Line",False,,-100:-50
bendy cable,M,72,-80,Budapest Defense: Fajarowicz Variation,False,,-100:-50
"Van Roon, Sjoerd",M,73,-94,"Italian Game: Classical Variation, Giuoco Pianissimo",False,,-100:-50
Mergen Satranç | Mergen Chess,M,120,-51,Old Benoni Defense,False,,-100:-50
"Kashtanov, Ruslan",M,49,-82,"King's Indian Defense: Fianchetto Variation, Classical Fianchetto",True,,-100:-50
Iván Vallés Moreno,M,76,-61,Caro-Kann Defense: Classical Variation,False,,-100:-50
"Benkovic, Petar",M,48,-98,Queen's Pawn Game: Zukertort Variation,False,,-100:-50
Matías Ianovsky.,M,86,-84,Mieses Opening,False,,-100:-50
"Almeida Quintana, Omar",M,82,-50,Englund Gambit Complex: Englund Gambit,True,,-100:-50
Максим Голубовский,M,62,-95,Zukertort Opening: Nimzo-Larsen Variation,False,,-100:-50
alexey4eg2,M,46,-99,English Opening: The Whale,False,,-100:-50
Guannan Song,M,56,-88,Trompowsky Attack: Classical Defense,True,,-100:-50
Volodymyr Vusatiuk,M,128,-55,Alekhine Defense: Sämisch Attack,True,,-100:-50
TreasureChess777,M,128,-94,Nimzo-Indian Defense: Classical Variation,False,,-100:-50
"Yelisieiev, Yevhenii",M,86,-78,Indian Game: Wade-Tartakower Defense,False,,-100:-50
"Kuznecov, Mikhail",M,92,-54,Indian Game,False,,-100:-50
Finally_I_Won,M,134,-85,"Caro-Kann Defense: Advance Variation, Bronstein Variation",False,,-100:-50
iam24601,M,78,-55,"Sicilian Defense: Nyezhmetdinov-Rossolimo Attack, Fianchetto Variation",True,,-100:-50
Dove____Cameron,M,102,-89,Unknown,False,2364.0,-100:-50
"Gordievsky, Dmitry",M,90,-90,"Nimzo-Indian Defense: Classical, Noa Variation, 5. cxd5 exd5",False,,-100:-50
"Nuri, Murad",M,32,-78,Scotch Game: Potter Variation,False,,-100:-50
Benefactorr,M,90,-53,Sicilian Defense: Closed,True,,-100:-50
anhao,M,46,-57,Queen's Pawn Game: Steinitz Countergambit,False,,-100:-50
Blitzmachine2003,M,46,-79,"Sicilian Defense: Dragon Variation, Yugoslav Attack, Panov Variation",True,,-100:-50
Руслан Гнечко,M,152,-74,"King's Indian Defense: Normal Variation, King's Knight Variation",True,,-100:-50
TiBreizh,M,16,-87,Pirc Defense #3,False,,-100:-50
Reynold Fernández,M,46,-87,"Benko Gambit Accepted, Fully Accepted Variation",True,,-100:-50
twofoxniel,M,39,-79,"French Defense: Tarrasch Variation, Closed Variation, Main Line",False,,-100:-50
Azat Nurmammedov,M,70,-51,"King's Indian Defense: Fianchetto Variation, Larsen Defense",True,,-100:-50
"Winter Atwell, Adrian",M,62,-86,"Sicilian Defense: Modern Variations, Tartakower",True,,-100:-50
"Volovich, Vasily",M,66,-69,Sicilian Defense: Delayed Alapin,True,,-100:-50
Oļģerts Indričāns,M,60,-97,Catalan Opening,False,,-100:-50
abricot,M,92,-74,Bird Opening,False,,-100:-50
Erik Rönkä,M,60,-72,"Caro-Kann Defense: Two Knights Attack, Mindeno Variation, Exchange Line",True,,-100:-50
Юрий Жизмер,M,112,-51,Gedult's Opening,False,,-100:-50
Xavier Povill,M,58,-55,"Caro-Kann Defense: Panov Attack, Modern Defense, Mieses Line",True,,-100:-50
"Paszewski, Mateusz",M,16,-69,English Opening: King's English Variation,False,,-100:-50
AlexanderPrincipe,M,238,-99,"Sicilian Defense: Richter-Rauzer Variation, Modern Variation",True,,-100:-50
Elfugitivo,M,50,-95,"Benko Gambit Declined, Main Line",True,,-100:-50
Alex Sahakyan,M,92,-90,"Queen's Gambit Declined: Semi-Tarrasch Defense, Exchange Variation",True,,-100:-50
"Kavyev, Ruslan",M,36,-56,Benoni Defense,False,,-100:-50
"Poghosyan, Suren",M,124,-68,"English Opening: Anglo-Indian Defense, King's Indian Formation",True,,-100:-50
"Carlsson, Ludvig",M,156,-75,Zukertort Opening: Sicilian Invitation,True,,-100:-50
Steven Rojas,M,148,-87,"Ruy Lopez: Morphy Defense, Anderssen Variation",False,,-100:-50
Wea_pawn,M,40,-97,Caro-Kann Defense: Exchange Variation,False,,-100:-50
Kmpk,M,78,-84,Queen's Pawn Game: Mason Attack,True,,-100:-50
DonFulgencio,M,128,-60,Modern Defense: Averbakh Variation,False,,-100:-50
"Trimitzios, Petros",M,114,-52,"Slav Defense: Exchange Variation, Symmetrical Line",False,,-100:-50
"Movahed, Sina",M,18,-75,"Sicilian Defense: Four Knights Variation, Cobra Variation",True,,-100:-50
msb2,M,58,-64,Indian Game,False,,-100:-50
"Delgado Ramirez, Neuris",M,34,-78,"Sicilian Defense: Nyezhmetdinov-Rossolimo Attack, Fianchetto Variation",True,,-100:-50
Tapson67,M,172,-65,Unknown,False,2355.0,-100:-50
chessm1105,M,40,-52,"Sicilian Defense: Richter-Rauzer Variation, Modern Variation",True,,-100:-50
Leon Marohom,M,82,-50,"King's Gambit Accepted, Fischer Defense",True,,-100:-50
"Radzhabov, Rodion",M,62,-63,London System,False,,-100:-50
"Hungaski, Robert",M,130,-70,"Caro-Kann Defense: Exchange Variation, Rubinstein Variation",False,,-100:-50
"Kazakov, Konstantin",M,112,-94,English Defense #2,False,,-100:-50
"Soukup, Jiri",M,74,-68,Sicilian Defense: Hyperaccelerated Dragon,True,,-100:-50
mardgos,M,90,-57,Sicilian Defense: Chekhover Variation,True,,-100:-50
Narayanan Srinath,M,48,-77,Ruy Lopez: Berlin Defense,False,,-100:-50
Shant7777777,M,66,-97,Owen Defense,False,,-100:-50
Luis Manuel PerezRodriguez,M,42,-60,Scandinavian Defense: Richter Variation,False,,-100:-50
JoeAssaad,M,76,-85,Philidor Defense: Lion Variation,False,,-100:-50
Денис Першин,M,114,-96,"Pirc Defense: Austrian Attack, Dragon Formation",True,,-100:-50
"Balazs, Gabor",M,76,-69,Old Benoni Defense,False,,-100:-50
Carrygun,M,20,-99,Sicilian Defense: Closed Variation,True,,-100:-50
"Turgut, Tansel",M,104,-81,Queen's Indian Defense,False,,-100:-50
Lucasran,M,88,-79,"English Opening: King's English Variation, Taimanov Variation",False,,-100:-50
Vicente Fernando Azúa Ávila,M,42,-95,Polish Opening: Zukertort System,False,,-100:-50
Paweł Teclaf,M,54,-53,"Sicilian Defense: Sozin Attack, Leonhardt Variation",True,,-100:-50
"Kovalenko, Igor",M,118,-85,"Ruy Lopez: Morphy Defense, Breyer Defense, Zaitsev Hybrid",False,,-100:-50
"Grinev, Valeriy",M,70,-95,Grünfeld Defense: Exchange Variation,False,,-100:-50
MLev0907,M,66,-85,"English Opening: Agincourt Defense, Neo-Catalan Declined",False,,-100:-50
lEcillEjanE,M,66,-62,Indian Game: Polish Variation,False,,-100:-50
GreatDamnedRedSpot,M,52,-59,Gedult's Opening,False,,-100:-50
StanislavNovikov,M,130,-66,Scotch Game,False,,-100:-50
"Martinovic, Sasa",M,60,-71,King's Indian Attack: Spassky Variation,True,,-100:-50
"Hartge, Gedeon",M,64,-62,Old Benoni Defense,False,,-100:-50
AlwaysMore,M,142,-95,Sicilian Defense: Najdorf Variation,True,,-100:-50
Ernest Colding,M,88,-66,"French Defense: Advance Variation, Main Line",False,,-100:-50
"Varacalli, Francisco",M,108,-76,Nimzo-Indian Defense: Leningrad Variation,False,,-100:-50
"Cupid, Kevin",M,72,-91,"English Opening: Agincourt Defense, Neo-Catalan Declined",False,,-100:-50
azchess21,M,236,-94,Unknown,False,2394.0,-100:-50
"Kuipers, Stefan",M,88,-93,Ruy Lopez: Schliemann Defense,False,,-100:-50
chessasuke,M,60,-69,English Opening: Romanishin Gambit,True,,-100:-50
Robinson Pérez,M,62,-54,"English Opening: Anglo-Indian Defense, King's Indian Formation",True,,-100:-50
Artem Dyachuk fm,M,113,-93,Rat Defense: English Rat,False,,-100:-50
sstrb,M,66,-53,Sicilian Defense: Kalashnikov Variation,True,,-100:-50
"Mahdavirad, Mehdi",M,128,-53,Nimzo-Larsen Attack: Classical Variation,True,,-100:-50
"Kapitanchuk, Tomas",M,116,-82,French Defense: King's Indian Attack,True,,-100:-50
Mert Erdoğdu,M,92,-66,"English Opening: King's English Variation, Four Knights Variation, Fianchetto Line",False,,-100:-50
nicktira,F,105,-1,Unknown,False,2437.0,-50:0
RodTwinkz,F,217,-2,Unknown,False,2413.0,-50:0
Abuev_Roman,F,121,-14,Unknown,False,2402.0,-50:0
anhao,F,84,-13,Unknown,False,2416.0,-50:0
Mettigel,F,181,-4,Unknown,False,2439.0,-50:0
vladpodat,F,166,-37,Unknown,False,2393.0,-50:0
Peaudepailles,F,171,-6,Unknown,False,2578.0,-50:0
Guillermo Gustavo Soppe,F,24,-20,Queen's Gambit Declined,True,,-50:0
cbr650f,F,173,-26,Unknown,False,2662.0,-50:0
Masuzu,F,206,-11,Unknown,False,2411.0,-50:0
Andreadorian,F,167,-23,Unknown,False,2465.0,-50:0
sex_and_chess,F,125,-5,Unknown,False,2455.0,-50:0
golubd,F,147,-21,Unknown,False,2395.0,-50:0
cemilchess,F,205,-7,Unknown,False,2659.0,-50:0
MarkosianDavid,F,192,-6,Unknown,False,2600.0,-50:0
Wildindian,F,125,-30,Unknown,False,2755.0,-50:0
hr_2,F,235,-24,Unknown,False,2509.0,-50:0
ChateauPetrus,F,191,0,Unknown,False,2401.0,-50:0
JanHextall,F,90,-24,Unknown,False,2389.0,-50:0
Entertainment3ko,F,177,-46,Unknown,False,2402.0,-50:0
CristianS27,F,94,-47,Modern Defense: Modern Pterodactyl,False,,-50:0
gerrygm,F,170,-11,Unknown,False,2434.0,-50:0
Dapsay,F,154,-10,Unknown,False,2471.0,-50:0
ChessFromMars,F,162,-13,Unknown,False,2458.0,-50:0
frozensmile,F,134,-20,Unknown,False,2416.0,-50:0
taras1977,F,138,-44,Unknown,False,2382.0,-50:0
viotinn,F,88,-28,Unknown,False,2446.0,-50:0
jackspades,F,82,-11,Unknown,False,2402.0,-50:0
morchiashvili,F,162,-14,Unknown,False,2507.0,-50:0
luisenriquegonzalez,F,168,-40,Unknown,False,2516.0,-50:0
dutchchesslegend,F,158,-20,Unknown,False,2450.0,-50:0
StayinginDodge,F,163,-10,Unknown,False,2396.0,-50:0
Harrison_Wells,F,283,-21,Unknown,False,2657.0,-50:0
WillyElGolondro,F,327,-30,Unknown,False,2454.0,-50:0
Iguanych,F,128,-14,Unknown,False,2386.0,-50:0
PPalas,F,116,-22,Unknown,False,2383.0,-50:0
Beta99,F,115,-35,Unknown,False,2535.0,-50:0
milacek,F,90,-6,"Caro-Kann Defense: Advance Variation, Botvinnik-Carls Defense",False,,-50:0
Gnechko_Ruslan,F,103,-15,Unknown,False,2426.0,-50:0
TheSzef,F,185,-36,Unknown,False,2477.0,-50:0
Rooko64,F,173,0,Unknown,False,2401.0,-50:0
vaquitachess,F,139,-10,Unknown,False,2539.0,-50:0
AGM_Datuali_Sinsuat,F,127,-42,Unknown,False,2373.0,-50:0
AceBonaventura,F,171,-16,Unknown,False,2423.0,-50:0
I_Love_Paulina,F,173,-41,Unknown,False,2482.0,-50:0
bluedeep,F,163,-37,Unknown,False,2364.0,-50:0
"Sirosh, Ilja",F,96,-1,Modern Defense: Averbakh Variation,False,,-50:0
white_shark_71,F,136,-38,Unknown,False,2432.0,-50:0
Din-don-dan,F,106,-34,Unknown,False,2418.0,-50:0
Kgwm,F,107,-49,Unknown,False,2664.0,-50:0
Luminael,F,149,-35,Unknown,False,2572.0,-50:0
novik70,F,114,-21,Unknown,False,2398.0,-50:0
Geroniman,F,174,-45,Unknown,False,2466.0,-50:0
Ac1000,F,228,-26,Unknown,False,2475.0,-50:0
TheDrunkenMaster,F,142,-31,Unknown,False,2369.0,-50:0
The_English118,F,134,-1,Unknown,False,2731.0,-50:0
MrKooshaJ,F,249,-2,Unknown,False,2415.0,-50:0
Néstor Cofré,F,98,-9,Modern Defense,False,,-50:0
mesterwood,F,103,-37,Unknown,False,2399.0,-50:0
BabaRamdev,F,150,-43,Unknown,False,2711.0,-50:0
nerzo,F,232,-48,Unknown,False,2435.0,-50:0
FBIofficer,F,108,-17,Unknown,False,2407.0,-50:0
Maccabicarmiel,F,106,-24,Unknown,False,2403.0,-50:0
ELT,F,182,-20,Unknown,False,2400.0,-50:0
swimmerchess,F,214,-48,Unknown,False,2536.0,-50:0
sheldem,F,165,-43,Unknown,False,2370.0,-50:0
tuzlukov_daniil,F,111,-18,Unknown,False,2417.0,-50:0
DanMorgra,F,151,-40,Unknown,False,2409.0,-50:0
cofre,F,181,-9,Unknown,False,2456.0,-50:0
Andrey11976,F,138,-16,Unknown,False,2563.0,-50:0
chintu5217,F,150,-31,Unknown,False,2394.0,-50:0
Coronica,F,268,-25,Unknown,False,2459.0,-50:0
Nicah,F,196,-1,Unknown,False,2516.0,-50:0
adiosabu23,F,178,-36,Unknown,False,2549.0,-50:0
SaquonBarkley26,F,157,-14,Unknown,False,2407.0,-50:0
Caisachess,F,97,-18,Unknown,False,2497.0,-50:0
fanged,F,112,-16,Unknown,False,2420.0,-50:0
chessskrew,F,100,-19,Unknown,False,2394.0,-50:0
mattangriff,F,172,-18,Unknown,False,2443.0,-50:0
vanImpe,F,202,-7,Unknown,False,2483.0,-50:0
"Golubev, Mikhail",F,36,-27,Four Knights Game: Italian Variation,False,,-50:0
BirdSetFree7,F,182,-36,Unknown,False,2370.0,-50:0
Fightos,F,219,-5,Unknown,False,2419.0,-50:0
anantone,F,130,-32,English Opening: Anglo-Indian Defense,False,,-50:0
vasiljev_alex2020,F,110,-21,Unknown,False,2460.0,-50:0
Jirkar,F,216,-7,Unknown,False,2445.0,-50:0
yonkouu2,F,138,-49,Unknown,False,2389.0,-50:0
Bernar7,F,208,-1,Unknown,False,2408.0,-50:0
Megl,F,104,-32,Unknown,False,2408.0,-50:0
UnknownPawn,F,144,-5,Unknown,False,2479.0,-50:0
panda2019,F,126,-31,Unknown,False,2374.0,-50:0
brancoenriva,F,228,-31,Unknown,False,2370.0,-50:0
zhohoff,F,231,-17,Unknown,False,2582.0,-50:0
Pukkaman,F,114,-22,Unknown,False,2411.0,-50:0
Romsta,F,146,-45,Unknown,False,2445.0,-50:0
Arm4chess,F,252,-2,Unknown,False,2432.0,-50:0
Mustonic90,F,301,-32,Unknown,False,2733.0,-50:0
fast-tsunami,F,152,-5,Unknown,False,2449.0,-50:0
FreddieForgiato,F,72,-39,Semi-Slav Defense: Stoltz Variation,False,,-50:0
Faradenzza,F,87,-40,Unknown,False,2410.0,-50:0
shovalie64,F,138,-40,Unknown,False,2425.0,-50:0
Kabeljaukrieger,F,128,-19,Queen's Indian Defense: Fianchetto Variation,False,,-50:0
xIsak,F,103,-36,Unknown,False,2367.0,-50:0
Puki73,F,186,-49,Unknown,False,2359.0,-50:0
Maghreb,F,122,-9,Unknown,False,2404.0,-50:0
FedirBohatyrchuk1892,F,162,-16,Unknown,False,2480.0,-50:0
Mariusz-Pudzianowski,F,210,-17,Unknown,False,2397.0,-50:0
Grandmasterbomo,F,143,-19,Unknown,False,2409.0,-50:0
laguun,F,159,-18,Unknown,False,2423.0,-50:0
"Saya, Ethan",F,142,-43,French Defense: King's Indian Attack,True,,-50:0
"Shchukin, Dmitry",F,142,-3,"Italian Game: Two Knights Defense, Modern Bishop's Opening",False,,-50:0
Termenoil,F,136,-45,Unknown,False,2399.0,-50:0
Kinzya1,F,225,-39,Unknown,False,2418.0,-50:0
Dark_Dragon03,F,99,-32,Unknown,False,2404.0,-50:0
rezamo,F,257,-49,Unknown,False,2383.0,-50:0
TorsamuelEtoo,F,201,-46,Unknown,False,2406.0,-50:0
cruz59,F,92,-10,Unknown,False,2503.0,-50:0
Давид,F,106,-6,Robatsch (Modern) Defense,False,,-50:0
Benj49,F,173,-8,Unknown,False,2465.0,-50:0
KingofOttakring,F,220,-11,Unknown,False,2516.0,-50:0
TaranenkoEvhen,F,114,0,Unknown,False,2421.0,-50:0
Alex_Lidsky,F,181,-24,Unknown,False,2388.0,-50:0
MRHR,F,178,-43,Unknown,False,2440.0,-50:0
Andreikazan1,F,172,-24,Unknown,False,2470.0,-50:0
Locotito,F,134,-11,Unknown,False,2411.0,-50:0
Superfav98,F,160,-36,Unknown,False,2382.0,-50:0
Fast_Chance,F,109,-10,Unknown,False,2782.0,-50:0
tokating,F,223,-17,Unknown,False,2425.0,-50:0
CoffeSoul,F,105,-10,Unknown,False,2494.0,-50:0
ACA-A,F,123,-30,Unknown,False,2462.0,-50:0
LordMustard,F,271,-22,Unknown,False,2400.0,-50:0
E_Kudashoff,F,172,-12,Unknown,False,2460.0,-50:0
ChessDarkForce,F,110,-5,Unknown,False,2581.0,-50:0
Champion_best,F,143,-23,Unknown,False,2458.0,-50:0
annibaledolci,F,115,-43,Unknown,False,2374.0,-50:0
Assassin_in_White,F,105,-34,Unknown,False,2384.0,-50:0
Reyeschess,F,188,-6,Unknown,False,2477.0,-50:0
KYRGYZMMEN,F,144,-13,Unknown,False,2472.0,-50:0
oldman1945,F,213,-20,Unknown,False,2414.0,-50:0
EdwardSnowden,F,75,-25,Unknown,False,2585.0,-50:0
GP9isback,F,164,-3,Unknown,False,2445.0,-50:0
Sanduleac,F,188,-35,Unknown,False,2486.0,-50:0
Satsanga,F,211,-39,Unknown,False,2402.0,-50:0
El_Black23,F,205,-29,Unknown,False,2393.0,-50:0
Hapaku24,F,134,-21,Unknown,False,2393.0,-50:0
miiran,F,150,-24,Unknown,False,2386.0,-50:0
KPrometeo,F,168,-44,Unknown,False,2507.0,-50:0
Freiheitskaempfer,F,225,-4,Unknown,False,2436.0,-50:0
supertfc,F,173,-28,Unknown,False,2520.0,-50:0
Rauloaded,F,125,-17,Unknown,False,2396.0,-50:0
gameoverbro,F,158,-14,Unknown,False,2397.0,-50:0
mLed16,F,199,-38,Unknown,False,2430.0,-50:0
filip_kolschitzky,F,116,-33,Unknown,False,2436.0,-50:0
EnemyNoOne,F,181,-27,Unknown,False,2432.0,-50:0
"Marcelin, Cyril",F,112,-37,English Opening: Agincourt Defense #2,False,,-50:0
missedtrain,F,179,-16,Unknown,False,2490.0,-50:0
Doctor_Voodoo,F,168,-18,Unknown,False,2388.0,-50:0
MateuszZajac,F,126,-45,Unknown,False,2408.0,-50:0
Addistan,F,127,-15,Unknown,False,2472.0,-50:0
victor222244,F,174,-44,Unknown,False,2385.0,-50:0
SrJingles,F,207,-48,Unknown,False,2446.0,-50:0
grimm11,F,88,-36,Unknown,False,2473.0,-50:0
mi2497,F,153,-17,Unknown,False,2409.0,-50:0
Leotenis,F,153,-40,Unknown,False,2377.0,-50:0
BTR-07,F,122,-9,Unknown,False,2402.0,-50:0
Kapsalon,F,268,-17,Unknown,False,2468.0,-50:0
tankbox1,F,182,-30,Unknown,False,2503.0,-50:0
pierrotbasilou,F,258,-8,Unknown,False,2404.0,-50:0
DanielHausrath1,F,189,-26,Unknown,False,2606.0,-50:0
Amincheraghi99,F,110,-7,Unknown,False,2580.0,-50:0
parampirumpiruram,F,248,-10,Unknown,False,2568.0,-50:0
lellino,F,127,-29,Unknown,False,2457.0,-50:0
miljac,F,102,-36,Unknown,False,2367.0,-50:0
Muha750,F,150,-22,Unknown,False,2406.0,-50:0
leothecatking2,F,170,-31,Unknown,False,2370.0,-50:0
www68,F,254,-3,Unknown,False,2449.0,-50:0
Hase64,F,130,-12,Unknown,False,2518.0,-50:0
micfel,F,162,-9,Unknown,False,2404.0,-50:0
Матвеев Владимир,F,42,-43,Slav Defense: Modern,False,,-50:0
rovsila1,F,235,-43,Unknown,False,2360.0,-50:0
opang-123,F,202,-31,Unknown,False,2413.0,-50:0
exSelNick,F,107,-16,Unknown,False,2406.0,-50:0
Saeidbero,F,196,-32,Unknown,False,2464.0,-50:0
smallnoobhunter,F,250,-41,Unknown,False,2385.0,-50:0
KolhozZaria,F,181,-46,Unknown,False,2517.0,-50:0
Legendary-Phiri,F,142,-4,Unknown,False,2419.0,-50:0
Tormozz,F,162,-32,Unknown,False,2404.0,-50:0
kemel2003,F,83,-23,Unknown,False,2419.0,-50:0
Katalepsis,F,204,-46,Unknown,False,2385.0,-50:0
VOLTIS_5,F,135,-5,Unknown,False,2422.0,-50:0
Conquistad0r,F,114,-11,Unknown,False,2469.0,-50:0
Raffoo,F,136,-21,Unknown,False,2475.0,-50:0
El_Jacko,F,145,-9,Unknown,False,2434.0,-50:0
pacomontoliu,F,241,-42,Unknown,False,2361.0,-50:0
JacquesTheStripper,F,213,0,Unknown,False,2402.0,-50:0
Enialios,F,127,-38,Unknown,False,2718.0,-50:0
Fortuna_Alexey,F,183,-39,Unknown,False,2395.0,-50:0
MassterofMayhem,F,137,-39,Unknown,False,2658.0,-50:0
canis2017,F,212,-20,Unknown,False,2383.0,-50:0
"Nava, Roderick",F,118,-2,Queen's Gambit Declined: Barmen Variation,True,,-50:0
michellopezabreu,F,158,-12,Unknown,False,2409.0,-50:0
auromplei,F,135,-48,Unknown,False,2376.0,-50:0
squat_king,F,137,-25,Unknown,False,2456.0,-50:0
tadsito,F,129,-47,Unknown,False,2365.0,-50:0
solovaleaganar,F,78,-3,Unknown,False,2457.0,-50:0
TrickOrTreat,F,148,-42,Unknown,False,2453.0,-50:0
Dolgorukij,F,126,-5,Unknown,False,2440.0,-50:0
Urquharts,F,100,-25,Unknown,False,2421.0,-50:0
ronaldbrizuela,F,236,-40,Unknown,False,2454.0,-50:0
am31,F,116,-47,Unknown,False,2629.0,-50:0
Mapwright,F,153,-18,Unknown,False,2769.0,-50:0
CyrilMarcelin,F,208,-37,Unknown,False,2511.0,-50:0
GoropadniPoni,F,249,-49,Unknown,False,2359.0,-50:0
daddystrength,F,171,-6,Unknown,False,2429.0,-50:0
Wea_pawn,F,42,-7,French Defense: King's Indian Attack,True,,-50:0
superstar2020,F,231,-13,Unknown,False,2431.0,-50:0
Physiotherapist,F,127,-9,Unknown,False,2396.0,-50:0
MgaPR,F,117,-28,Unknown,False,2384.0,-50:0
Countryside,F,111,-31,Unknown,False,2413.0,-50:0
soldier14,F,218,-41,Unknown,False,2403.0,-50:0
Иван Провоторов,F,82,-32,"English Opening: King's English Variation, Kramnik-Shirov Counterattack",False,,-50:0
ChicagoBlitzer,F,162,-46,Unknown,False,2379.0,-50:0
OreWa,F,113,-44,Unknown,False,2389.0,-50:0
Szekely,F,119,-39,Unknown,False,2401.0,-50:0
ghadanfar,F,304,-15,Unknown,False,2404.0,-50:0
Galesil,F,116,-32,Unknown,False,2392.0,-50:0
Mega_lodon,F,129,-42,Unknown,False,2439.0,-50:0
Bacallao2019,F,197,-5,Unknown,False,2710.0,-50:0
rhungaski,F,159,-17,Unknown,False,2658.0,-50:0
qwe_asd,F,165,-5,Unknown,False,2422.0,-50:0
RobertoJBMolina,F,96,-28,Unknown,False,2676.0,-50:0
naByk,F,166,-3,Unknown,False,2517.0,-50:0
MrBini,F,98,-47,Unknown,False,2403.0,-50:0
Alexr58,F,86,-49,"Italian Game: Two Knights Defense, Polerio Defense, Bishop Check Line",False,,-50:0
YaKa-KaKa,F,175,-17,Unknown,False,2406.0,-50:0
BohmianMechanics,F,186,-9,Unknown,False,2427.0,-50:0
KronosChess,F,135,-41,Unknown,False,2670.0,-50:0
KeyzerSoze,F,215,-22,Unknown,False,2395.0,-50:0
"Ermolaev, Andrey",F,110,-46,"French Defense: Winawer Variation, Advance Variation #2",False,,-50:0
ruslanaleksandrovich,F,155,-38,Unknown,False,2369.0,-50:0
highway61rev,F,121,-35,Unknown,False,2427.0,-50:0
Euthanasia-1,F,133,-14,Unknown,False,2409.0,-50:0
vasilyev1984,F,151,-46,Unknown,False,2414.0,-50:0
chernee,F,143,-33,Unknown,False,2384.0,-50:0
vit2014,F,230,-10,Unknown,False,2395.0,-50:0
ggizilaif,F,90,-33,Unknown,False,2382.0,-50:0
yo lo,F,116,-37,King's Indian Attack,True,,-50:0
Koneed,F,166,-16,Unknown,False,2410.0,-50:0
SilentTremour,F,272,-21,Unknown,False,2481.0,-50:0
Korum65,F,182,-45,Unknown,False,2398.0,-50:0
RobGordon,F,158,-4,Unknown,False,2540.0,-50:0
alefzero,F,281,-37,Unknown,False,2399.0,-50:0
Zobbie,F,140,-14,Unknown,False,2526.0,-50:0
girafik,F,120,-2,Unknown,False,2415.0,-50:0
alimente,F,235,-27,Unknown,False,2424.0,-50:0
mixo23,F,145,-4,Unknown,False,2455.0,-50:0
josepapi,F,208,-42,Unknown,False,2386.0,-50:0
Siarinho,F,209,-37,Unknown,False,2394.0,-50:0
BactoPhage,F,275,-29,Unknown,False,2408.0,-50:0
sk-zupa,F,215,-5,Unknown,False,2423.0,-50:0
teddyhh,F,308,-6,Unknown,False,2444.0,-50:0
Vjacheslav Weetik (Витик),M,72,-36,Pirc Defense: Sveshnikov System,False,,-50:0
jamesARDEN13,M,62,-8,Englund Gambit Complex: Hartlaub-Charlick Gambit,True,,-50:0
"Artemiev, Vladislav",M,86,-48,Queen's Gambit Declined,True,,-50:0
Barbikusz,M,80,-18,"French Defense: Winawer Variation, Advance Variation",False,,-50:0
Santiago Rodríguez,M,64,-9,Trompowsky Attack,True,,-50:0
LISANDRO FERNANDEZ,M,24,-11,Zukertort Opening: Nimzo-Larsen Variation,False,,-50:0
enpassant128,M,130,-23,"Catalan Opening: Closed Variation, Traditional Variation",False,,-50:0
SD63,M,72,-4,Indian Game: London System,False,,-50:0
Graham Horobetz,M,42,-22,Sicilian Defense: Closed,True,,-50:0
Matyáš Zeman,M,92,-7,"Caro-Kann Defense: Advance Variation, Tal Variation",False,,-50:0
chessmaster2006,M,100,-29,King's Indian Attack,True,,-50:0
Slea,M,44,-39,"Russian Game: Modern Attack, Symmetrical Variation #2",True,,-50:0
Ramon Gonzalez Parejo,M,100,-15,Ruy Lopez: Fianchetto Defense,False,,-50:0
CyberLion,M,124,-6,Indian Game,False,,-50:0
mango_toxico,M,68,-3,"Neo-Grünfeld Defense: Classical Variation, Modern Defense",False,,-50:0
David Castañeda,M,160,-14,Englund Gambit Complex: Englund Gambit,True,,-50:0
FrostWyrm,M,108,-5,"King's Indian Defense: Orthodox Variation, Classical System",True,,-50:0
Erottev,M,98,-8,Indian Game: Pyrenees Gambit,True,,-50:0
ChainsOfFantasia,M,86,0,"King's Indian Defense: Fianchetto Variation, Kavalek Defense",True,,-50:0
FreddieForgiato,M,92,-9,"Benko Gambit Accepted, Fully Accepted Variation",True,,-50:0
Иван Провоторов,M,110,-8,King's Indian Defense: Kramer Variation,True,,-50:0
Keith Jeffrey Khumalo,M,72,-6,Bogo-Indian Defense: Vitolins Variation,False,,-50:0
Paulo Jatoba,M,130,-48,Reti Opening #2,False,,-50:0
Masterclass2,M,156,-22,King's Indian Defense: Kramer Variation,True,,-50:0
Tashik,M,138,-29,Unknown,False,2377.0,-50:0
"Silva Lucena, Cristian",M,84,-38,Zukertort Opening: Dutch Variation,False,,-50:0
Harsha Bharathakoti,M,108,-42,Slav Defense: Modern Line,False,,-50:0
"Datu, Alcon John",M,102,-47,Mieses Opening,False,,-50:0
"Langheinrich, Ferenc",M,74,-43,Queen's Gambit Declined: Cambridge Springs Defense: Rubinstein Variation,True,,-50:0
"Punin, Andrii",M,30,-34,"King's Gambit, Falkbeer Countergambit, Charousek Gambit, Morphy Defense",True,,-50:0
"Atabayev, Maksat",M,134,-9,King's Indian Attack: Double Fianchetto,True,,-50:0
"Lavrik, Dmitry",M,82,-28,King's Indian Defense: Orthodox Variation,True,,-50:0
"Demidov, Mikhail",M,121,0,"English Opening: Agincourt Defense, Neo-Catalan Declined",False,,-50:0
Strelok2222,M,62,-1,Sicilian Defense: Delayed Alapin Variation,True,,-50:0
"Draskovic, Luka",M,86,-26,Hungarian Opening: Slav Formation,False,,-50:0
"Quiroga Jaquez, Angel Ivan",M,82,-8,Old Benoni Defense,False,,-50:0
"Tilicheev, Viacheslav",M,60,-41,Semi-Slav Defense: Main Line,False,,-50:0
Silvio Andrés Llorens,M,110,-27,Indian Game: Wade-Tartakower Defense,False,,-50:0
"Gabdrakhmanov, Azat",M,60,-28,Ruy Lopez: Schliemann Defense,False,,-50:0
filmer75,M,94,-27,"Italian Game: Two Knights Defense, Polerio Defense, Kieseritzky Variation",False,,-50:0
Camilo Ernesto Gomez,M,114,-4,Scandinavian Defense: Marshall Variation,False,,-50:0
Леонид Ноздрачев,M,46,-26,English Opening: King's English Variation,False,,-50:0
Humberto Blanco,M,72,-47,"Ruy Lopez: Schliemann Defense, Tartakower Variation",False,,-50:0
"Mahdian, Anousha",M,122,-44,Grünfeld Defense: Exchange Variation,False,,-50:0
"Schippers, Maurice",M,118,-17,Sicilian Defense: Brick Variation,True,,-50:0
Ariel Marichal,M,64,-23,"Nimzo-Indian Defense: Normal Variation, Botvinnik System",False,,-50:0
Enes Tanrıverdi,M,108,-38,Sicilian Defense: McDonnell Attack,True,,-50:0
بشير القديمي,M,68,0,Benoni Defense: Modern Variation,False,,-50:0
Unkreativ3,M,90,-11,Queen's Gambit Declined: 4.Bg5 Be7,True,,-50:0
Arnold-2005,M,130,-48,Zukertort Opening: Sicilian Invitation,True,,-50:0
khubushka2007,M,48,-19,Modern Defense: Standard Line,False,,-50:0
Nick Matta,M,54,-6,Modern Defense,False,,-50:0
Jasugi99,M,102,-37,Vienna Game: Mieses Variation,False,,-50:0
"Ibrayev, Nurlan",M,138,-34,Scandinavian Defense: Portuguese Variation,False,,-50:0
"Isajevsky, Anton",M,118,-5,English Opening,False,,-50:0
Ruefi,M,68,-7,Sicilian Defense: Alapin Variation,True,,-50:0
Polihisztor,M,128,-9,"Pterodactyl Defense: Western, Rhamphorhynchus",False,,-50:0
Dmitry Khegay,M,70,-4,Sicilian Defense: French Variation,True,,-50:0
MF_miftahulhudany,M,82,-45,Four Knights Game,False,,-50:0
The_Machine04,M,112,-38,Horwitz Defense,False,,-50:0
dau_npukypumb,M,68,-4,Bird Opening: From's Gambit,True,,-50:0
José Gabriel Cardoso Cardoso,M,52,-24,Nimzo-Larsen Attack: Classical Variation,True,,-50:0
"Tekeyev, Zaur",M,72,-30,"Sicilian Defense: Accelerated Dragon, Maróczy Bind",True,,-50:0
Daniel Barria Zuñiga,M,86,-2,Englund Gambit Complex: Hartlaub-Charlick Gambit,True,,-50:0
"Gomez Sanchez, Jorge Marcos",M,44,-26,King's Indian Attack: Symmetrical Defense,True,,-50:0
"Tukhaev, Adam",M,128,-3,"Sicilian Defense: Najdorf Variation, Opocensky Variation, Traditional Line",True,,-50:0
James Plaskett,M,70,-16,Van Geet Opening,False,,-50:0
"Shagbazyan, Taron",M,104,-11,Benoni Defense,False,,-50:0
GoodFellas1903,M,72,-34,"French Defense: Tarrasch Variation, Closed Variation, Main Line",False,,-50:0
Yanidze,M,98,-8,"King's Indian Defense: Orthodox Variation, Gligoric-Taimanov System",True,,-50:0
Santiago Beltrán Rueda,M,42,-21,"English Opening: King's English Variation, Two Knights Variation, Reversed Dragon",False,,-50:0
"Palachev, Petr",M,46,-17,Anderssen Opening,False,,-50:0
"Uzcategui Rodriguez, Alejandro",M,132,-4,Sicilian Defense: Four Knights Variation,True,,-50:0
Munkhgal_Gombosuren,M,126,-13,Indian Game: Spielmann-Indian,False,,-50:0
"Ghorbani, Hadi",M,148,-11,"Sicilian Defense: Najdorf Variation, English Attack",True,,-50:0
Alexr58,M,80,-17,"Caro-Kann Defense: Two Knights Attack, Mindeno Variation, Exchange Line",True,,-50:0
alumno,M,78,-44,"King's Indian Defense: Fianchetto Variation, Karlsbad Variation",True,,-50:0
Oscar Gerardo Sànchez Enrìquez,M,66,-41,French Defense: Two Knights Variation,False,,-50:0
"Sychev, Klementy",M,78,-32,Owen Defense,False,,-50:0
Guillermo Gustavo Soppe,M,136,-40,King's Indian Defense: Makogonov Variation,True,,-50:0
gnejs,M,46,-30,Sicilian Defense: Lasker-Pelikan Variation,True,,-50:0
ragetilt,M,92,-37,Modern Defense: Standard Defense,False,,-50:0
Kevel Oliva Castañeda,M,96,-33,Queen's Gambit Declined,True,,-50:0
Adrian Secheres,M,66,-6,"Grünfeld Defense: Exchange Variation, Sokolsky Variation",False,,-50:0
Максим Матюнин,M,86,-47,Old Benoni Defense,False,,-50:0
likewater,M,94,-18,Scandinavian Defense: Richter Variation,False,,-50:0
kostya24,M,106,-24,"Sicilian Defense: French Variation, Westerinen Attack",True,,-50:0
Adán Ríos Escobar,M,42,-23,"Ruy Lopez: Exchange Variation, Normal Variation",False,,-50:0
"Janik, Igor",M,100,-40,Pirc Defense #3,False,,-50:0
Agustin Nieto,M,86,-45,Caro-Kann Defense: Exchange Variation,False,,-50:0
Anwesh Upadhyaya,M,54,-32,"Sicilian Defense: Najdorf Variation, English Attack",True,,-50:0
"Batsiashvili, Nino",M,92,-49,"Queen's Gambit Accepted: Central Variation, Modern Defense",True,,-50:0
"Mata Gonzalez, Jose Fernando",M,124,-46,"Sicilian Defense: Smith-Morra Gambit Declined, Dubois Variation",True,,-50:0
"Sariego Figueredo, Wilfredo",M,118,-20,Modern Defense: Standard Defense,False,,-50:0
"Lombaers, Peter",M,102,-43,English Opening: Anglo-Indian Defense,False,,-50:0
Mauri Lehtosaari,M,162,-19,Wade Defense,False,,-50:0
Gettingold72,M,140,-33,Sicilian Defense: French Variation,True,,-50:0
Talu Mircea,M,109,-8,Bogo-Indian Defense: Grünfeld Variation,False,,-50:0
"Devaev, Alexander",M,36,-18,Réti Opening: Advance Variation,False,,-50:0
ChSalas,M,148,-49,Slav Defense,False,,-50:0
BurgerKing,M,78,-47,Sicilian Defense: Hyperaccelerated Dragon,True,,-50:0
hugo314,M,78,-47,"Nimzo-Indian Defense: Normal Variation, Ragozin Variation",False,,-50:0
"Boe, Mads",M,124,-24,Alekhine Defense: Maróczy Variation,False,,-50:0
FlinkerFreddy,M,88,-22,"Philidor Defense: Lion Variation, Lion's Claw II",False,,-50:0
ZappBrannigan86,M,96,-48,Queen's Pawn Game: Mason Attack,True,,-50:0
fourqueens13,M,74,-33,"French Defense: MacCutcheon Variation, Lasker Variation",False,,-50:0
Thorbjørn Bromann,M,52,-24,"Trompowsky Attack: Classical Defense, Big Center Variation",True,,-50:0
"Hauge, Lars Oskar",M,162,-22,"Sicilian Defense: Kan Variation, Knight Variation",True,,-50:0
"Schekachikhin, Maksim",M,86,-20,"Sicilian Defense: Najdorf Variation, Opocensky Variation",True,,-50:0
"Loiacono, Leonardo",M,62,-4,Semi-Slav Defense: Stoltz Variation,False,,-50:0
TimAina1,M,40,-13,English Opening: Agincourt Defense,False,,-50:0
Araz Al-Saffar,M,32,-39,"Nimzo-Indian Defense: Three Knights Variation, Duchamp Variation",False,,-50:0
"Leyva, Hector",M,92,-9,English Defense,False,,-50:0
Sidhant Mohapatra,M,62,-34,"Italian Game: Two Knights Defense, Modern Bishop's Opening",False,,-50:0
"Diaz Velandia, Jose Manuel",M,76,-47,Queen's Pawn Game: Chigorin Variation,False,,-50:0
yo lo,M,70,-43,"English Opening: King's English Variation, Reversed Closed Sicilian",True,,-50:0
"Morozov, Nichita",M,114,-38,Dutch Defense: Staunton Gambit,True,,-50:0
"Kanakaris, Georgios",M,66,-29,Semi-Slav Defense: Accelerated Move Order,False,,-50:0
"Camacho Martinez, Guillermo",M,44,-38,"Tarrasch Defense: Classical Variation, Advance Variation",False,,-50:0
Paparama,M,54,-24,"Ruy Lopez: Exchange Variation, Gligoric Variation",False,,-50:0
Rhrt,M,86,-1,"Italian Game: Scotch Gambit, Anderssen Attack",True,,-50:0
yansgirones,M,80,-30,King's Indian Defense: Normal Variation,True,,-50:0
"Perez Ponsa, Federico",M,106,0,Sicilian Defense: Mengarini Variation,True,,-50:0
"Chigaev, Maksim",M,46,-44,French Defense: Schlechter Variation,False,,-50:0
mrataque,M,160,-5,Pirc Defense: Classical Variation,False,,-50:0
"Olsson, William",M,56,-17,"English Opening: King's English Variation, Kramnik-Shirov Counterattack",False,,-50:0
Serog1sPerog1s,M,100,0,Caro-Kann Defense: Exchange Variation,False,,-50:0
JuleVerne,M,72,-40,Philidor Defense: Lion Variation,False,,-50:0
hyperreal,M,70,-13,English Opening: Symmetrical Variation,False,,-50:0
Aravindh Chithambaram,M,102,-18,Indian Game,False,,-50:0
NikosGeo,M,74,-31,"King's Indian Defense: Orthodox Variation, Classical System, Neo-Classical Line",True,,-50:0
"Kuipers, Eelco",M,100,-30,Sicilian Defense: Mengarini Variation,True,,-50:0
Michel Alejandro Díaz Pérez,M,96,-43,Old Benoni Defense,False,,-50:0
savila2105,M,192,-3,"King's Indian Defense: Fianchetto Variation, Classical Fianchetto",True,,-50:0
"Pogosian, Manvel",M,120,-26,King's Indian Defense,True,,-50:0
"Andrejevs, Arvids",M,54,-31,Elephant Gambit,True,,-50:0
FatherGascoigne,M,54,-35,Sicilian Defense: Dragon Variation,True,,-50:0
Ruediger1,M,102,-22,Italian Game: Two Knights Defense,False,,-50:0
IM Vadim Cernov Anatolych,M,122,-49,Sicilian Defense: McDonnell Attack,True,,-50:0
Kostas Tsiamis,M,56,-17,"Sicilian Defense: Smith-Morra Gambit Accepted, Kan Formation",True,,-50:0
"Hnydiuk, Aleksander",M,152,-37,Indian Game,False,,-50:0
"Vargas Arteaga, Alexis",M,34,-21,"Italian Game: Classical Variation, Giuoco Pianissimo",False,,-50:0
Shawn Martinez,M,58,-41,"Italian Game: Classical Variation, Giuoco Pianissimo",False,,-50:0
Roberto Carlos Miramontes,M,76,-36,Old Benoni Defense,False,,-50:0
Vilka Sipilä,M,98,-31,Reti Opening,False,,-50:0
Garrincha1,M,156,-32,King's Indian Attack,True,,-50:0
MAsTerhec,M,38,-39,Nimzo-Larsen Attack: Indian Variation,True,,-50:0
ROBERT ARELLANO,M,81,-45,"Queen's Gambit Declined: Ragozin Defense, Vienna Variation",True,,-50:0
Harlan_Coben,M,40,-5,"French Defense: Tarrasch Variation, Open System, Euwe-Keres Line",False,,-50:0
Piotrek79,M,69,-37,"English Opening: Anglo-Indian Defense, King's Indian Formation",True,,-50:0
"Yakimova, Mariya",M,90,-42,Catalan Opening: Open Defense,False,,-50:0
"Mwenya, Oscar",M,108,-14,"Sicilian Defense: Najdorf Variation, Main Line",True,,-50:0
DuRuDiDo,M,94,-5,Catalan Opening: Closed Variation,False,,-50:0
"Bakhmatsky, Vladislav",M,84,-6,"Sicilian Defense: Richter-Rauzer Variation, Neo-Modern Variation, Early Deviations",True,,-50:0
Kostis Megalios,M,120,-36,"English Opening: Symmetrical Variation, Anti-Benoni Variation",False,,-50:0
AVolodin,M,64,-19,"Queen's Gambit Declined: Exchange Variation, Positional Variation",True,,-50:0
Candela Francisco,M,128,-23,Sicilian Defense: Nyezhmetdinov-Rossolimo Attack,True,,-50:0
"Sambuev, Bator",M,54,-21,"Pterodactyl Defense: Central, Anhanguera",False,,-50:0
vvchessli,M,56,-7,Van Geet Opening,False,,-50:0
"Juhasz, Armin",M,54,-37,"Queen's Gambit Refused: Chigorin Defense, Lazard Gambit",True,,-50:0
Mig_31,M,92,-15,"Ruy Lopez: Closed Variations, Bogoljubov Variation",False,,-50:0
"Njili, Kamel",M,110,-31,Nimzo-Larsen Attack: Indian Variation,True,,-50:0
MiauCat,M,108,-16,"Sicilian Defense: Dragon Variation, Fianchetto Variation",True,,-50:0
Adegboyega Adebayo,M,114,-38,Trompowsky Attack,True,,-50:0
swimmerchess,M,42,-40,"Queen's Gambit Declined: Semi-Slav, Abrahams Variation",True,,-50:0
Atakishiyev04,M,30,-24,"Queen's Gambit Declined: Vienna Variation, Quiet Variation",True,,-50:0
"Mihok, Oliver",M,88,-19,Sicilian Defense: Old Sicilian,True,,-50:0
Павел Смирнов,M,88,-48,Caro-Kann Defense: Gurgenidze System,False,,-50:0
MKO78,M,76,-26,Sicilian Defense: French Variation,True,,-50:0
Fidel Corrales,M,78,-13,Wade Defense,False,,-50:0
"Klekowski, Maciej",M,100,-45,"Caro-Kann Defense: Classical Variation, Main Line",False,,-50:0
gabriel flom battaglini,M,52,-24,Modern Defense: Averbakh System,False,,-50:0
Cristian Chirila,M,68,-14,Modern Defense,False,,-50:0
"Golubka, Petro",M,58,-23,"Caro-Kann Defense: Advance Variation, Short Variation",False,,-50:0
"Galaktionov, Artem",M,108,-2,Slav Defense: Modern,False,,-50:0
Алексей Тюханов,M,102,-23,"Scotch Game: Scotch Gambit, Advance Variation",True,,-50:0
"Kovalchuk, Alexey",M,118,-39,Queen's Pawn Game: Mason Attack,True,,-50:0
Popovich2020,M,104,-44,Benoni Defense: Old Benoni,False,,-50:0
Jcrossover,M,40,-48,Queen's Pawn Game: Symmetrical Variation,False,,-50:0
Daskevich,M,66,-13,"Sicilian Defense: Closed Variation, Traditional",True,,-50:0
Chamaeleon3,M,70,-40,Réti Opening,False,,-50:0
Marc Christian Nazario 💎,M,62,-10,Four Knights Game: Gunsberg Variation,False,,-50:0
Babasss,M,124,-5,Italian Game: Giuoco Pianissimo,False,,-50:0
Nad Titus Petre,M,76,-23,Indian Game,False,,-50:0
"Markov, Mikhail",M,141,-6,English Opening: Romanishin Gambit,True,,-50:0
"Orlov, Andrey",M,82,-9,"Sicilian Defense: Nyezhmetdinov-Rossolimo Attack, Fianchetto Variation",True,,-50:0
"Rodrigues, Edgar",M,88,-13,"French Defense: Classical Variation, Steinitz Variation",False,,-50:0
"Mikaelyan, Arman",M,38,-33,"Sicilian Defense: Nimzowitsch Variation, Closed Variation",True,,-50:0
Феликс Кузнецов,M,82,-39,Sicilian Defense: Kupreichik Variation,True,,-50:0
tactinhos2900,M,72,-42,"Queen's Gambit Declined: Harrwitz Attack, Main Line",True,,-50:0
"Nalbant, Tuna Onat",M,94,-24,"Ruy Lopez: Morphy Defense, Breyer Defense, Zaitsev Hybrid",False,,-50:0
"Kozusek, Daniel",M,90,-10,"Sicilian Defense: Scheveningen Variation, Delayed Keres Attack",True,,-50:0
René Wittke,M,38,-30,"King's Indian Defense: Orthodox Variation, Classical System, Traditional Line",True,,-50:0
EXCELADDIKT,M,94,-8,"English Opening: Anglo-Indian Defense, Anti-Anti-Grünfeld",False,,-50:0
"Kozhuharov, Spas",M,92,-13,"Queen's Gambit Declined: Exchange Variation, Positional Variation",True,,-50:0
Гончаров Владислав,M,72,-13,Semi-Benoni,False,,-50:0
"Trushelyov, Victor",M,108,-46,"Caro-Kann Defense: Karpov Variation, Modern Variation, Kasparov Attack",True,,-50:0
Antoni Kozak,M,84,-40,Bogo-Indian Defense: Wade-Smyslov Variation,False,,-50:0
"Bogner, Sebastian",M,106,-8,Philidor Defense: Lion Variation,False,,-50:0
"Novikov, Evgenij",M,102,-36,"Grünfeld Defense: Three Knights Variation, Petrosian System",False,,-50:0
Łukasz Licznerski,M,86,-41,"Caro-Kann Defense: Panov Attack, Fianchetto Defense",True,,-50:0
laguun,M,40,-39,English Opening: King's English Variation,False,,-50:0
ka1ser,M,84,-20,Slav Defense: Three Knights Variation,False,,-50:0
Arashy_89,M,106,-30,"English Opening: Symmetrical Variation, Two Knights Variation",False,,-50:0
Егор Ковалев,M,76,-8,"Caro-Kann Defense: Advance Variation, Tal Variation",False,,-50:0
Minh Le,M,180,-2,Semi-Slav Defense: Chigorin Defense,False,,-50:0
JustAnAppleToday,M,94,-36,"King's Indian Defense: Sämisch Variation, Normal Defense",True,,-50:0
"Rzayev, Bahruz",M,138,-5,Caro-Kann Defense: Two Knights Attack,True,,-50:0
"Chernomordik, Pavel",M,56,-35,Modern Defense,False,,-50:0
"Korchmar, Vasiliy",M,78,-3,Queen's Pawn Game: London System,False,,-50:0
"Colbow, Collin",M,92,-29,Scandinavian Defense: Mieses-Kotroc Variation,False,,-50:0
"Sahidi, Samir",M,58,-22,Nimzo-Indian Defense: Classical Variation,False,,-50:0
ErnesticoCuba,M,74,-13,Englund Gambit Complex: Hartlaub-Charlick Gambit,True,,-50:0
odxn,M,76,-43,Sicilian Defense: Staunton-Cochrane Variation,True,,-50:0
Apjoshua,M,48,-16,"French Defense: Winawer Variation, Advance Variation",False,,-50:0
"Matviishen, Viktor",M,140,-15,Rat Defense: English Rat,False,,-50:0
Феликс Алиханов,M,62,-40,Alekhine Defense: Sämisch Attack,True,,-50:0
"Karim, Ismael",M,62,-7,Vienna Game,False,,-50:0
Simon Ansell,M,70,-11,Ruy Lopez: Bird Variation,False,,-50:0
YoNoMateAMiHijo,M,66,-48,"Sicilian Defense: Najdorf Variation, Traditional Line",True,,-50:0
LM Lance,M,84,-48,"King's Indian, Fianchetto, Classical Variation, 8.e4",True,,-50:0
TacticalMaster,M,112,-10,"Queen's Gambit Accepted: Central Variation, Modern Defense",True,,-50:0
Remo Bassan,M,88,-25,English Opening: Agincourt Defense,False,,-50:0
ril-1997,M,40,-5,"Ruy Lopez: Exchange Variation, Normal Variation",False,,-50:0
jomarag,M,76,-42,French Defense: Wing Gambit,True,,-50:0
"Amin, Bassem",M,102,-30,"French Defense: Classical Variation, Steinitz Variation",False,,-50:0
Isaac García,M,158,-27,"English Opening: Agincourt Defense, Neo-Catalan Declined",False,,-50:0
Bestinblitz,M,68,-39,Queen's Pawn Game: Mason Attack,True,,-50:0
Oleksandr Matlak,M,88,-32,English Opening: Neo-Catalan Declined,False,,-50:0
"Kalvaitis, Sigitas",M,80,-48,Sicilian Defense: Canal-Sokolsky Attack,True,,-50:0
"Galchenko, Matvey",M,104,-41,"English Opening: King's English Variation, Reversed Closed Sicilian",True,,-50:0
Andrey Souza Neves,M,80,-44,Queen's Gambit Declined: Three Knights Variation,True,,-50:0
Grammnik,M,100,-45,Queen's Gambit Declined: Ragozin Defense,True,,-50:0
Pabmar70,M,92,-37,Sicilian Defense: Lasker-Dunne Attack,True,,-50:0
"Grabinsky, Joshua",M,114,-13,Scotch Game: Mieses Variation,False,,-50:0
"Indjic, Aleksandar",M,54,-15,Scotch Game: Romanishin Variation,False,,-50:0
Vinicius Rego,M,50,-32,Bogo-Indian Defense: Wade-Smyslov Variation,False,,-50:0
"Djordjevic, Vuk",M,90,-19,Sicilian Defense: Closed Variation,True,,-50:0
nightfox,M,49,-6,"Slav Defense: Czech Variation, Wiesbaden Variation",False,,-50:0
Jose Martinez Alcantara,M,112,-41,"King's Indian Defense: Fianchetto Variation, Simagin Variation",True,,-50:0
Javohir Sindarov,M,128,-38,"Sicilian Defense: Closed Variation, Chameleon Variation",True,,-50:0
Dr. Norbert Barth,M,46,-40,"Sicilian Defense: Accelerated Dragon, Modern Bc4 Variation",True,,-50:0
Матвеев Владимир,M,36,-14,Queen's Indian Defense: Anti-Queen's Indian System,False,,-50:0
Saparmyrat,M,90,-30,"Four Knights Game: Rubinstein Countergambit, Henneberger Variation",False,,-50:0
ivanoob,M,60,-38,"Nimzo-Indian Defense: Normal Variation, Sämisch Deferred",False,,-50:0
Saif_2004_JOR,M,90,-32,Caro-Kann Defense: Tartakower Variation,False,,-50:0
Fire_Serpent,M,32,-22,"Queen's Gambit Refused: Austrian Attack, Salvio Countergambit",True,,-50:0
Cristian Machidon,M,62,-14,Queen's Gambit Declined: Semi-Tarrasch Defense,True,,-50:0
"Jere, Daniel",M,108,-7,English Opening: King's English Variation,False,,-50:0
"Grishchenko, Sergey",M,184,-36,Queen's Gambit Accepted: Janowski-Larsen Variation,True,,-50:0
"Sztokbant, Bernardo Vainzoff",M,78,-15,"French Defense: Tarrasch Variation, Morozevich Variation",False,,-50:0
Денис Шилин,M,82,-13,Sicilian Defense: Closed,True,,-50:0
thejokerjokic,M,79,-30,"Ruy Lopez: Berlin Defense, l'Hermet Variation",False,,-50:0
Sasageyo,M,74,-36,Philidor Defense: Hanham Variation,False,,-50:0
"Zakhartsov, Vladimir",M,84,-4,"Benoni Defense: Modern Variation, Snake Variation",False,,-50:0
Flawless_Fighter,M,207,-46,Unknown,False,2417.0,-50:0
Рустам Кайырбеков,M,88,-39,Indian Game: Anti-Nimzo-Indian,False,,-50:0
NIKSH1266,M,86,-46,King's Indian Attack: Keres Variation,True,,-50:0
Jürgen Gegenfurtner,M,126,-35,"French Defense: Winawer Variation, Advance Variation",False,,-50:0
theSchlumpf,M,56,-24,"King's Gambit Accepted, Fischer Defense",True,,-50:0
TheBB99,M,64,-4,Pirc Defense #2,False,,-50:0
Kasparov-2019,F,114,19,Unknown,False,2416.0,0:50
Andhi87,F,127,27,Unknown,False,2415.0,0:50
Arrubarena,F,163,8,Unknown,False,2425.0,0:50
thetrump,F,182,32,Unknown,False,2454.0,0:50
Grandhacker,F,104,48,Unknown,False,2414.0,0:50
chinko_01,F,207,20,Unknown,False,2462.0,0:50
Zutano,F,29,3,Unknown,False,2404.0,0:50
SSJGSSJ,F,225,31,Unknown,False,2474.0,0:50
Paramos,F,101,41,Unknown,False,2424.0,0:50
Abbadon1,F,85,19,Unknown,False,2436.0,0:50
Madmoron,F,183,37,Unknown,False,2502.0,0:50
Lizimikaru,F,97,11,Unknown,False,2413.0,0:50
Nikita_Sannikov,F,279,43,Unknown,False,2454.0,0:50
Thabarwa,F,257,35,Unknown,False,2415.0,0:50
sawkito,F,247,4,Unknown,False,2424.0,0:50
abunawas,F,218,3,Unknown,False,2430.0,0:50
Made_in_KG,F,208,12,Unknown,False,2402.0,0:50
vladlitus,F,221,30,Unknown,False,2449.0,0:50
ebijo,F,110,4,Unknown,False,2402.0,0:50
Danirod,F,101,4,Unknown,False,2498.0,0:50
SergioMiguel,F,172,21,Unknown,False,2403.0,0:50
pasteta,F,137,34,Unknown,False,2404.0,0:50
shtormie,F,136,7,Unknown,False,2412.0,0:50
KaleciSacliAdam,F,222,14,Unknown,False,2517.0,0:50
rodion_romanovich_r,F,231,37,Unknown,False,2418.0,0:50
Blitzstream-twitch,F,236,45,Unknown,False,2460.0,0:50
Stefan1989,F,124,32,Unknown,False,2564.0,0:50
Papasimakopoulos Alexandros,F,60,35,English Defense,False,,0:50
abricot,F,94,13,Unknown,False,2454.0,0:50
Pecevojvoda,F,124,48,Unknown,False,2429.0,0:50
nrm18,F,106,28,Unknown,False,2400.0,0:50
hochjoch,F,218,39,Unknown,False,2418.0,0:50
vvchessli,F,112,48,Van Geet Opening,False,,0:50
Mistango,F,195,21,Unknown,False,2544.0,0:50
Vaisnav,F,129,18,Unknown,False,2413.0,0:50
mrchess2013,F,88,5,Unknown,False,2447.0,0:50
Eljujenio,F,159,5,Unknown,False,2402.0,0:50
yuroktexas84,F,211,17,Unknown,False,2437.0,0:50
awzkpfwbzp,F,101,43,Unknown,False,2492.0,0:50
johncox,F,110,19,Unknown,False,2433.0,0:50
quoridor,F,218,33,Unknown,False,2559.0,0:50
kjChess,F,140,3,Unknown,False,2438.0,0:50
masterfull123,F,149,27,Unknown,False,2416.0,0:50
"Rodriguez Hernandez, Luis Daniel",F,158,20,French Defense: Schlechter Variation,False,,0:50
Mazacrola,F,178,30,Unknown,False,2555.0,0:50
karpovian613,F,197,37,Unknown,False,2406.0,0:50
Glig,F,207,8,Unknown,False,2404.0,0:50
elpensionado,F,141,34,Unknown,False,2446.0,0:50
grandmatt,F,87,17,Unknown,False,2450.0,0:50
PadreJulian,F,232,43,Unknown,False,2487.0,0:50
dacean99,F,232,6,Unknown,False,2461.0,0:50
GM Roberto Mogranzini,F,34,5,English Opening: Agincourt Defense #2,False,,0:50
h1ppopotamus,F,144,1,Unknown,False,2537.0,0:50
OptimusMagister,F,143,14,Unknown,False,2551.0,0:50
AlexLander2019,F,108,39,Unknown,False,2434.0,0:50
Pawndercover,F,140,28,Unknown,False,2451.0,0:50
KingChessT007,F,127,45,Unknown,False,2513.0,0:50
BotvinniksBasement,F,104,26,Unknown,False,2472.0,0:50
UnknownM8,F,80,1,Unknown,False,2414.0,0:50
Conan013,F,122,3,Unknown,False,2534.0,0:50
Etez,F,103,10,Unknown,False,2403.0,0:50
damestar,F,202,18,Unknown,False,2426.0,0:50
Marchcomes,F,112,34,Unknown,False,2407.0,0:50
superbond,F,122,30,Unknown,False,2415.0,0:50
Krokodil3,F,135,10,Unknown,False,2477.0,0:50
MaksimPanov,F,206,13,Unknown,False,2444.0,0:50
lucas444,F,191,45,Unknown,False,2449.0,0:50
federerchi,F,113,34,Unknown,False,2456.0,0:50
Adibgh1996,F,136,31,Unknown,False,2407.0,0:50
Eaglevalley,F,170,49,Unknown,False,2423.0,0:50
lagifle,F,190,12,Unknown,False,2406.0,0:50
meduzka,F,159,39,Unknown,False,2406.0,0:50
MrEnroke,F,151,48,Unknown,False,2434.0,0:50
Podrebo,F,80,43,Vienna Game,False,,0:50
Mr_Qwerty1,F,204,48,Unknown,False,2408.0,0:50
trispios,F,274,49,Unknown,False,2464.0,0:50
Hunter Klotz-Burwell,F,118,37,Dutch Defense: Rubinstein Variation,False,,0:50
Violet_Pride,F,153,4,Unknown,False,2574.0,0:50
Aleksandr_Sedov,F,240,28,Unknown,False,2501.0,0:50
Zeppski88,F,159,8,Unknown,False,2401.0,0:50
Naskos,F,213,16,Unknown,False,2414.0,0:50
marktven2,F,165,15,Unknown,False,2633.0,0:50
parciful,F,123,37,Unknown,False,2401.0,0:50
Koubba,F,128,42,Unknown,False,2565.0,0:50
HerrTulpe,F,82,30,Unknown,False,2503.0,0:50
Viktor1326,F,155,49,Unknown,False,2442.0,0:50
ilkernadi,F,230,42,Unknown,False,2413.0,0:50
Slevin37,F,225,7,Unknown,False,2501.0,0:50
Storm89,F,131,17,Unknown,False,2555.0,0:50
ThePatrick27,F,127,45,Unknown,False,2555.0,0:50
Kornflakes1994,F,220,19,Unknown,False,2414.0,0:50
"Segarra, Randy",F,132,18,"French Defense: Tarrasch Variation, Modern System",False,,0:50
js20000,F,252,39,Unknown,False,2400.0,0:50
Horobetz,F,252,36,Unknown,False,2407.0,0:50
Lopuh99,F,180,38,Unknown,False,2422.0,0:50
DrDressler,F,130,34,Unknown,False,2400.0,0:50
GiGaKoStYa,F,120,16,Unknown,False,2614.0,0:50
Hector17,F,244,22,Unknown,False,2542.0,0:50
Feokl1995,F,139,2,Unknown,False,2740.0,0:50
BornAgain1,F,121,31,Unknown,False,2479.0,0:50
Plmlgs99,F,192,21,Unknown,False,2499.0,0:50
Shuvalov,F,307,35,Unknown,False,2471.0,0:50
Mirror33,F,118,43,Unknown,False,2508.0,0:50
Darth_Craft,F,199,1,Unknown,False,2404.0,0:50
"Leenhouts, Koen",F,100,46,Zukertort Opening: Nimzo-Larsen Variation,False,,0:50
Nimrod2006,F,130,10,Unknown,False,2402.0,0:50
Just_StudentMATF,F,194,16,Unknown,False,2418.0,0:50
klavdiy71,F,137,44,Unknown,False,2415.0,0:50
"Genocchio, Daniele",F,54,44,Sicilian Defense: Delayed Alapin,True,,0:50
GizliHero,F,212,36,Unknown,False,2550.0,0:50
soynaazi,F,117,28,Unknown,False,2610.0,0:50
Salna,F,124,6,Unknown,False,2423.0,0:50
barashek,F,139,34,Unknown,False,2422.0,0:50
IlSalvatore,F,125,46,Unknown,False,2423.0,0:50
Nikolay_III,F,159,35,Unknown,False,2422.0,0:50
Ironman-3000,F,99,35,Unknown,False,2448.0,0:50
rueoxy001,F,221,36,Unknown,False,2507.0,0:50
Flomaster1,F,32,50,Unknown,False,2451.0,0:50
veguetadbs11,F,169,23,Unknown,False,2410.0,0:50
haychesspoker,F,221,21,Unknown,False,2407.0,0:50
purzelbaumer,F,136,46,Unknown,False,2411.0,0:50
skiiier,F,91,47,Unknown,False,2443.0,0:50
jv197,F,230,34,Unknown,False,2423.0,0:50
EPThompson,F,198,4,Unknown,False,2560.0,0:50
cipiripi,F,154,25,Unknown,False,2412.0,0:50
trickyholds,F,60,50,"English Opening: King's English Variation, Three Knights System",False,,0:50
martiand2,F,216,18,Unknown,False,2539.0,0:50
"Raicevic, Vladimir",F,52,49,Slav Defense #2,False,,0:50
ziraf,F,116,30,Unknown,False,2407.0,0:50
LevGutman,F,268,38,Unknown,False,2412.0,0:50
"Skrondal, Inge Sandstad",F,112,49,Sicilian Defense: Nyezhmetdinov-Rossolimo Attack,True,,0:50
barsik03,F,137,25,Unknown,False,2410.0,0:50
nmiq,F,110,22,Unknown,False,2402.0,0:50
lovesomemama,F,166,20,Unknown,False,2414.0,0:50
mshmsh36,F,161,7,Unknown,False,2431.0,0:50
Zeref_D,F,128,16,Unknown,False,2406.0,0:50
quicksilver2,F,151,33,Unknown,False,2448.0,0:50
Radek_S,F,130,7,Unknown,False,2404.0,0:50
balaverde,F,223,4,Unknown,False,2619.0,0:50
Mescalero81,F,118,44,Unknown,False,2511.0,0:50
Gmshooter96,F,274,20,Unknown,False,2452.0,0:50
German308,F,227,41,Unknown,False,2462.0,0:50
horsorito,F,232,2,Unknown,False,2404.0,0:50
Boreminator,F,109,19,Unknown,False,2428.0,0:50
tontin2015,F,261,15,Unknown,False,2403.0,0:50
MatanLuka,F,181,44,Unknown,False,2409.0,0:50
volodja49,F,113,49,Unknown,False,2449.0,0:50
DMB-Stepps,F,169,25,Unknown,False,2423.0,0:50
BankerBilo,F,174,1,Unknown,False,2418.0,0:50
El Nicolas,F,114,29,"Sicilian Defense: Kan Variation, Wing Attack, Spraggett Attack",True,,0:50
ArminTanzarian,F,130,15,Unknown,False,2466.0,0:50
sanshiro,F,195,37,Unknown,False,2422.0,0:50
HusnuCobanMati32,F,102,19,Unknown,False,2476.0,0:50
tapkus,F,177,26,Unknown,False,2438.0,0:50
MCattaneo94,F,204,27,Unknown,False,2405.0,0:50
igpn67,F,201,5,Unknown,False,2409.0,0:50
chessking444,F,98,41,Unknown,False,2430.0,0:50
PeauDeBanane,F,182,33,Unknown,False,2413.0,0:50
thiedel,F,96,27,Unknown,False,2432.0,0:50
IljaSir,F,103,35,Unknown,False,2453.0,0:50
random_fan,F,319,43,Unknown,False,2422.0,0:50
Amroeljawich,F,210,11,Unknown,False,2519.0,0:50
Oplarex,F,113,27,Unknown,False,2429.0,0:50
Fasmc17,F,201,34,Unknown,False,2418.0,0:50
ediboss21,F,201,24,Unknown,False,2508.0,0:50
jgm2200,F,96,27,Unknown,False,2428.0,0:50
Kuzmen1,F,274,16,Unknown,False,2558.0,0:50
DTalavera,F,113,50,Unknown,False,2534.0,0:50
ljubljana_hi,F,100,12,Unknown,False,2412.0,0:50
rtjckr66,F,97,37,Unknown,False,2438.0,0:50
Prayer791,F,166,12,Unknown,False,2440.0,0:50
sewin16,F,62,29,Sicilian Defense: French Variation,True,,0:50
Andpalchuk,F,220,34,Unknown,False,2648.0,0:50
alanford,F,207,9,Unknown,False,2496.0,0:50
kasparik_garik,F,250,40,Unknown,False,2601.0,0:50
samqr33,F,185,37,Unknown,False,2450.0,0:50
HAMHAM22,F,194,20,Unknown,False,2400.0,0:50
Jager90,F,126,8,Unknown,False,2481.0,0:50
Alaxan,F,133,33,Unknown,False,2485.0,0:50
raresgpro,F,120,3,Unknown,False,2418.0,0:50
maplechess,F,149,7,Unknown,False,2443.0,0:50
baranselkaan,F,76,3,Unknown,False,2408.0,0:50
MarcinPol137,F,164,24,Unknown,False,2404.0,0:50
tparser,F,112,40,Unknown,False,2479.0,0:50
Mandalorian37,F,138,10,Unknown,False,2437.0,0:50
chessgalaxy28,F,102,31,Unknown,False,2401.0,0:50
chessgamer54,F,185,37,Unknown,False,2428.0,0:50
hyperreal,F,156,16,Réti Opening,False,,0:50
"Mkrtchyan, Simon",M,130,32,Mieses Opening,False,,0:50
Fernando Miguel Fernandez Sánchez,M,140,6,English Opening: Neo-Catalan,False,,0:50
SmoothAsAHedgehog,M,112,44,"English Opening: Symmetrical Variation, Mecking Variation",False,,0:50
Bugzilla,M,116,48,"Neo-Gruenfeld Defense: Classical Variation, Modern Defense",False,,0:50
"Drygalov, Andrey",M,170,24,Slav Defense: Quiet Variation,False,,0:50
Alex,M,124,28,Gedult's Opening,False,,0:50
Matias Pérez Gormaz,M,130,10,Ruy Lopez: Morphy Defense,False,,0:50
"Raicevic, Vladimir",M,132,27,Tarrasch Defense: Two Knights Variation,False,,0:50
Олег Орлов,M,162,23,"English Opening: Symmetrical Variation, Two Knights Line",False,,0:50
"Rakhmanov, Aleksandr",M,48,11,Zukertort Opening: Sicilian Invitation,True,,0:50
"Sulashvili, Malkhaz",M,70,2,Zukertort Opening: Sicilian Invitation,True,,0:50
José Daniel Gemy,M,100,46,Italian Game: Classical Variation,False,,0:50
CaptainPrice322,M,33,16,"English Opening: Symmetrical Variation, Two Knights Line",False,,0:50
Vanya_004,M,64,31,"Dutch Defense: Staunton Gambit, Tartakower Variation",True,,0:50
anantone,M,56,25,"French Defense: Classical Variation, Steinitz Variation",False,,0:50
"Nava, Roderick",M,162,13,Sicilian Defense: Grand Prix Attack,True,,0:50
"Sadykov, Ramil",M,28,38,"Sicilian Defense: Kan Variation, Wing Attack, Spraggett Attack",True,,0:50
Ricardo Darruda,M,120,18,Zukertort Opening: Slav Invitation,False,,0:50
Николай Оглоблин,M,68,24,East Indian Defense,False,,0:50
"Denisenko, Denis",M,80,46,Queen's Pawn,False,,0:50
"Piliposyan, Robert",M,92,13,Italian Game: Two Knights Defense,False,,0:50
boldpilot22622,M,122,11,Scandinavian Defense: Modern Variation,False,,0:50
Talibov Shiroghlan,M,92,49,Elephant Gambit,True,,0:50
Daniel Rodriguez,M,86,11,Sicilian Defense: Delayed Alapin Variation,True,,0:50
Jessejames88,M,154,36,"Sicilian Defense: Scheveningen Variation, Keres Attack",True,,0:50
IM Satranc,M,68,31,"Sicilian Defense: Alapin Variation, Smith-Morra Declined",True,,0:50
James Jackson,M,144,15,"Sicilian Defense: Accelerated Dragon, Maroczy Bind, Breyer Variation",True,,0:50
Gakolchess765,M,42,11,Caro-Kann Defense: Tartakower Variation,False,,0:50
Chancleta,M,46,37,Pirc Defense,False,,0:50
"Saya, Ethan",M,132,5,Queen's Pawn Game: Mason Attack,True,,0:50
yankitaspinar,M,86,31,"Sicilian Defense: Dragon Variation, Yugoslav Attack, Old Line",True,,0:50
Alex Astaneh,M,84,10,East Indian Defense,False,,0:50
"Eljanov, Pavel",M,92,31,Indian Game,False,,0:50
Jorge luis Castañeda A.,M,94,9,Horwitz Defense,False,,0:50
Miroslav Miljković,M,126,42,Semi-Slav Defense: Accelerated Move Order,False,,0:50
leopslr,M,138,13,Sicilian Defense: Kalashnikov Variation,True,,0:50
"Ratkovic, Miloje",M,56,37,Grünfeld Defense: Three Knights Variation,False,,0:50
Shalamberidze,M,90,13,"English Opening: Symmetrical Variation, Two Knights Variation",False,,0:50
"To, Nhat Minh",M,85,42,Semi-Slav Defense: Meran Variation,False,,0:50
Ivan_Sarenac,M,76,24,Polish Defense: Spassky Gambit Accepted,True,,0:50
Данил Найдин,M,70,45,King's Indian Defense: Orthodox Variation,True,,0:50
Rubén Domingo Núñez,M,50,14,"Italian Game: Classical Variation, Giuoco Pianissimo, Main Line",False,,0:50
"Kezin, Roman",M,164,39,King's Indian Attack: Double Fianchetto,True,,0:50
Blazinq,M,106,14,King's Pawn Game: Maróczy Defense,False,,0:50
Sebastian Sanchez Lizcano,M,62,44,Indian Game,False,,0:50
Gawain Jones,M,136,32,Trompowsky Attack,True,,0:50
"Neiksans, Arturs",M,162,27,"French Defense: Tarrasch Variation, Closed Variation, Main Line",False,,0:50
okchess1,M,74,22,French Defense: Schlechter Variation,False,,0:50
Алексей Яровинский,M,94,31,Nimzo-Larsen Attack: Classical Variation,True,,0:50
Stein55,M,78,28,Englund Gambit Complex: Hartlaub-Charlick Gambit,True,,0:50
Heisenberg01,M,58,41,Sicilian Defense: Keres Variation,True,,0:50
José Santos,M,42,39,King's Indian Defense: Petrosian Variation,True,,0:50
Tarik Selbes,M,128,2,"Ruy Lopez: Morphy Defense, Anderssen Variation",False,,0:50
Odnoobraz,M,40,3,Queen's Pawn Game: Levitsky Attack,True,,0:50
Mushini Ajay,M,96,32,Queen's Gambit Declined,True,,0:50
"Darini, Pouria",M,108,24,"Sicilian Defense: Najdorf Variation, Adams Attack",True,,0:50
vincentmasuka,M,48,15,Ware Defense,False,,0:50
quetepasa,M,52,50,Scandinavian Defense: Mieses-Kotroc Variation,False,,0:50
"Ertan, Can",M,78,24,"Ruy Lopez: Closed Variations, Bogoljubov Variation",False,,0:50
mohammadmiran khademi,M,82,8,French Defense: Schlechter Variation,False,,0:50
"Obgolts, Erik",M,84,47,Queen's Pawn Game: Zukertort Variation,False,,0:50
Yaser Quesada Perez,M,186,43,Caro-Kann Defense: Two Knights Attack,True,,0:50
Kabeljaukrieger,M,72,34,Scandinavian Defense: Gubinsky-Melts Defense,False,,0:50
Ariel Nicolas Tokman,M,68,26,Queen's Pawn Game: London System,False,,0:50
"Satyapragyan, Swayangsu",M,86,2,Réti Opening: Advance Variation,False,,0:50
Elretornodelmore,M,46,38,King's Indian Attack: Pachman System,True,,0:50
RahmanAdel,M,118,19,"French Defense: Steinitz Variation, Boleslavsky Variation",False,,0:50
SuperJesus88,M,126,18,Modern Defense: Standard Defense,False,,0:50
OpeningGeek,M,56,15,Scandinavian Defense: Schiller-Pytel Variation,False,,0:50
Mortn,M,106,45,Sicilian Defense: Closed Variation,True,,0:50
"Medina Paz, Miguel",M,142,38,Scandinavian Defense,False,,0:50
Just_aseke,M,102,7,Sicilian Defense: Canal-Sokolsky Attack,True,,0:50
DarkKnight97,M,150,9,"Caro-Kann Defense: Advance Variation, Botvinnik-Carls Defense",False,,0:50
PC's FAN,M,156,32,"Caro-Kann Defense: Two Knights Attack, Mindeno Variation, Retreat Line",True,,0:50
"Khlebovich, Alexander",M,68,25,Slav Defense: Quiet Variation,False,,0:50
"Vysochin, Spartak",M,86,12,"Caro-Kann Defense: Exchange Variation, Rubinstein Variation",False,,0:50
Doritos57,M,126,17,Caro-Kann Defense: Exchange Variation,False,,0:50
"Sevgi, Volkan",M,62,29,Caro-Kann Defense: Two Knights Attack,True,,0:50
"Banawa, Joel",M,126,3,"Queen's Gambit Accepted: Normal Variation, Traditional System",True,,0:50
Nikolay Maevskiy,M,50,22,Anderssen Opening,False,,0:50
"Petronijevic, Zoran",M,150,8,French Defense: Normal Variation,False,,0:50
Masya1984,M,106,34,"Sicilian Defense: Alapin Variation, Stoltz Attack",True,,0:50
Ivan Soriano,M,96,34,King's Indian Attack,True,,0:50
ylr5000,M,72,38,"English Opening: Symmetrical Variation, Two Knights Line",False,,0:50
Carlos Alberto Chávez Suárez,M,98,41,"Caro-Kann Defense: Classical, Spassky Variation",False,,0:50
AJSF2020,M,69,40,Indian Game,False,,0:50
"Marcelin, Cyril",M,58,23,Nimzo-Larsen Attack: Classical Variation,True,,0:50
Jup78,M,86,21,Nimzowitsch Defense: Williams Variation,False,,0:50
Israel Tovio Yepez,M,88,34,Scandinavian Defense: Mieses-Kotroc Variation,False,,0:50
MFJoseClement,M,54,34,Queen's Gambit Accepted: Showalter Variation,True,,0:50
"Beerdsen, Thomas",M,152,20,Caro-Kann Defense: Bronstein-Larsen Variation,False,,0:50
Charles Storey,M,124,2,"English Opening: Symmetrical Variation, Two Knights Line",False,,0:50
Roberto Carlos Sánchez Álvarez,M,100,9,"English Opening: King's English Variation, Three Knights System",False,,0:50
"Soysal, Serkan",M,118,8,King's Indian Attack: French Variation,True,,0:50
"Quesada Vera, Liordis",M,36,32,Zukertort Opening: Kingside Fianchetto,False,,0:50
"Pascua, Haridas",M,138,26,Semi-Slav Defense,False,,0:50
"Almiron, Antonio",M,116,1,Queen's Pawn Game: Chigorin Variation,False,,0:50
Dark_Knight_Rises13,M,52,6,"Caro-Kann Defense: Two Knights Attack, Mindeno Variation, Exchange Line",True,,0:50
Pap Gyula,M,106,10,Queen's Gambit Declined: Barmen Variation,True,,0:50
"Turqueza, Mari Joseph",M,36,11,"Semi-Slav Defense: Botvinnik System, Ekstrom Variation",False,,0:50
goldenstatewarrior,M,47,25,Modern Defense,False,,0:50
"Roshka, Yevgeniy",M,74,18,King's Indian Defense: Kramer Variation,True,,0:50
"Sirosh, Ilja",M,138,45,Torre Attack #2,True,,0:50
"Ivlev, Aleksey",M,72,43,Benko Gambit,True,,0:50
"Saraci, Nderim",M,112,12,Slav Defense: Exchange Variation,False,,0:50
Pupu Churru,M,67,9,Nimzo-Larsen Attack: Classical Variation,True,,0:50
"Kozlov, Stanislav",M,96,14,Pirc Defense #3,False,,0:50
"Guven, Oguz Kagan",M,52,21,"Pirc Defense: Classical Variation, Quiet System",False,,0:50
"Schitco, Ivan",M,58,47,"English Opening: Anglo-Indian Defense, King's Indian Formation",True,,0:50
Dybamo,M,124,39,Sicilian Defense: Kupreichik Variation,True,,0:50
Trader72,M,40,14,King's Indian Attack: Spassky Variation,True,,0:50
"Azarov, Sergei",M,110,22,"Russian Game: Classical Attack, Staunton Variation",True,,0:50
"Nielsen, Viktor Haarmark",M,16,33,Ruy Lopez: Berlin Defense,False,,0:50
"Annaberdiyev, Meylis",M,122,12,"Sicilian Defense: Kan Variation, Wing Attack",True,,0:50
Reivis Brizuela,M,46,27,Slav Defense #2,False,,0:50
dreamteamer,M,76,7,"French Defense: Winawer Variation, Advance Variation",False,,0:50
"Nesterov, Arseniy",M,54,33,Queen's Gambit Declined: Three Knights Variation,True,,0:50
Gatorchess,M,64,22,Réti Opening,False,,0:50
"Vazquez, Guillermo",M,118,35,"Caro-Kann Defense: Advance Variation, Short Variation",False,,0:50
"Doric, Darko",M,78,45,Trompowsky Attack,True,,0:50
Blackoperator,M,54,27,Sicilian Defense: Godiva Variation,True,,0:50
"Murzin, Volodar",M,150,30,Sicilian Defense: French Variation,True,,0:50
"Hesham, Abdelrahman",M,98,39,"French Defense: Winawer Variation, Poisoned Pawn Variation",False,,0:50
"Bitelmajer, Martin",M,88,42,"Alekhine Defense: Modern Variation, Larsen Variation",False,,0:50
"Mortazavi, Ali",M,118,34,Bishop's Opening: Berlin Defense,False,,0:50
Andriy Zazuliak,M,88,39,Slav Defense: Three Knights Variation,False,,0:50
"Paulsen, Dirk",M,72,10,Nimzo-Indian Defense: Fischer Variation,False,,0:50
"Ali Marandi, Cemil Can",M,72,2,Zukertort Opening: Kingside Fianchetto,False,,0:50
"Milchev, Nikolay",M,84,1,"English Opening: Anglo-Indian Defense, King's Indian Formation",True,,0:50
"Zhalmakhanov, Ramazan",M,58,6,"Caro-Kann Defense: Exchange Variation, Rubinstein Variation",False,,0:50
alekhinnemanaba,M,44,44,"Sicilian Defense: Dragon Variation, Yugoslav Attack",True,,0:50
mohamed elsherief,M,86,32,Queen's Pawn,False,,0:50
fripSide,M,70,28,Trompowsky Attack,True,,0:50
Haydon,M,112,10,Saragossa Opening,False,,0:50
Nazmi Can Doğan,M,90,34,Benoni Defense: Benoni-Indian Defense,False,,0:50
Carlos Ernesto Burgos Figueroa,M,32,2,"Bishop's Opening: Vienna Hybrid, Spielmann Attack",True,,0:50
Владимир Фотин,M,24,45,"English Opening: Agincourt Defense, Catalan Defense Accepted",False,,0:50
"Shevelev, Dmitri",M,50,44,Queen's Pawn Game: Symmetrical Variation,False,,0:50
MIThePunisherXX,M,24,27,English Opening,False,,0:50
"Ter-Saakian, Grigorii",M,98,27,Indian Game: Knights Variation,False,,0:50
"Pakhomov, Egor",M,112,37,Semi-Slav Defense: Noteboom Variation,False,,0:50
grandmastergauri,M,154,20,"English Opening: Agincourt Defense, Catalan Defense, Semi-Slav Defense",False,,0:50
Alessandro Manzone Barranco,M,102,24,Slav Defense #2,False,,0:50
"Servat, Roberto",M,74,9,"French Defense: Advance Variation, Euwe Variation",False,,0:50
vsepro100,M,66,11,Zukertort Opening: Queenside Fianchetto Variation,False,,0:50
Александр Потапов,M,118,1,King's Indian Defense: Makogonov Variation,True,,0:50
guesitos,M,88,37,Caro-Kann Defense: Advance Variation,False,,0:50
Morgran,M,92,50,Caro-Kann Defense: Breyer Variation,False,,0:50
"Yanchenko, Roman",M,108,21,Dutch Defense,False,,0:50
"Aligozhin, Zhaslan",M,122,12,Caro-Kann Defense: Exchange Variation,False,,0:50
Pablo Molina,M,84,5,"Vienna Game: Vienna Gambit, Steinitz Gambit",True,,0:50
HelgiGretarsson,M,50,37,Modern Defense: Kotov Variation,False,,0:50
Bülent Erşahin,M,36,19,Ruy Lopez: Bird Variation,False,,0:50
MerVit,M,172,16,Ware Defense,False,,0:50
Som2310,M,144,17,Caro-Kann Defense: Bronstein-Larsen Variation,False,,0:50
Fenrisulfur,M,104,14,"Catalan Opening: Closed, Main Line",False,,0:50
nc_courage,M,32,21,Nimzo-Larsen Attack: Modern Variation #2,True,,0:50
"Paravyan, David",M,58,11,"Sicilian Defense: Paulsen Variation, Bastrikov Variation",True,,0:50
"Krasikov, Vladislav",M,70,29,Russian Game: Nimzowitsch Attack,True,,0:50
Lioni26,M,78,38,Modern Defense,False,,0:50
Гор Глиджян,M,24,37,"Four Knights Game: Italian Variation, Noa Gambit",True,,0:50
"Srbis, Jurica",M,42,46,Richter-Veresov Attack,True,,0:50
PlemSovhoz,M,46,15,Old Indian Defense: Two Knights Variation,False,,0:50
belles-lettres,M,134,36,Scandinavian Defense: Gubinsky-Melts Defense,False,,0:50
avantage_ru,M,64,31,Nimzo-Larsen Attack: Indian Variation,True,,0:50
"Nilsson, Joakim",M,140,38,Indian Game,False,,0:50
"Manakov, Ilya",M,108,7,Indian Game,False,,0:50
"Kvon, Andrey",M,84,31,Sicilian Defense: Open,True,,0:50
"Giannatos, Peter",M,80,24,"Slav Defense: Quiet Variation, Schallopp Defense",False,,0:50
"Hirneise, Jens",M,126,17,Ruy Lopez: Berlin Defense #2,False,,0:50
"Gomez, Carlos David",M,84,2,Nimzo-Indian Defense: Kmoch Variation,False,,0:50
Gustavo Oliveira,M,86,46,London System,False,,0:50
"Vastrukhin, Oleg",M,102,7,King's Indian Attack: Keres Variation,True,,0:50
"Delgadillo, Adonay",M,98,6,Indian Game: Przepiorka Variation,False,,0:50
"Belov, Vladimir",M,72,9,"Grünfeld Defense: Exchange Variation, Modern Exchange Variation",False,,0:50
Coach Lorente,M,100,11,"English Opening: Agincourt Defense, Neo-Catalan Declined",False,,0:50
JessePinkman,M,80,7,Nimzo-Larsen Attack: Modern Variation,True,,0:50
Gunfighters,M,144,20,Hungarian Opening,False,,0:50
"Skliarov, Viktor",M,120,31,"French Defense: Advance Variation, Paulsen Attack",True,,0:50
Number_1734,M,80,6,Nimzo-Larsen Attack: Modern Variation,True,,0:50
mlatb,M,161,23,Unknown,False,2425.0,0:50
"Muradov, Soltan",M,96,50,King's Indian Defense: Orthodox Variation,True,,0:50
BMWHero,M,60,5,Trompowsky Attack,True,,0:50
Brogdoth,M,150,27,Old Benoni Defense,False,,0:50
Julian Proleiko,M,28,3,"Caro-Kann Defense: Accelerated Panov Attack, Modern Variation",True,,0:50
"Plenca, Jadranko",M,78,1,Philidor Defense: Lion Variation,False,,0:50
Robin Dragomirescu,M,202,39,"French Defense: Winawer Variation, Classical Variation",False,,0:50
Cristian Vasquez,M,182,28,"Italian Game: Giuoco Pianissimo, Italian Four Knights Variation",False,,0:50
CheckThis1,F,169,77,Unknown,False,2616.0,50:100
Fouracle,F,175,74,Unknown,False,2493.0,50:100
VersneldeDraak,F,144,65,Unknown,False,2558.0,50:100
orishuas,F,54,90,Pirc Defense: Chinese Variation,False,,50:100
lubitel1972,F,138,64,Unknown,False,2429.0,50:100
Alexander_Utnasunov,F,177,90,Unknown,False,2481.0,50:100
Schachtrainer-Schuh,F,167,64,Unknown,False,2464.0,50:100
deadpool777,F,110,52,Unknown,False,2652.0,50:100
AtColon,F,209,87,Unknown,False,2433.0,50:100
zeyturk,F,135,91,Unknown,False,2450.0,50:100
BrightKnights,F,124,56,Unknown,False,2547.0,50:100
testviking,F,116,76,Unknown,False,2610.0,50:100
Cavolinho,F,140,53,Unknown,False,2419.0,50:100
ArdaCoskun,F,198,69,Unknown,False,2445.0,50:100
chessGrandMa,F,136,65,Unknown,False,2444.0,50:100
armoldojunior,F,207,98,Unknown,False,2503.0,50:100
thesting22,F,177,100,Unknown,False,2434.0,50:100
Asonchess,F,220,81,Unknown,False,2527.0,50:100
"Hacker, Jonas",F,100,71,Van't Kruijs Opening,False,,50:100
"Sanikidze, Tornike",F,118,70,Slav Defense: Exchange Variation,False,,50:100
MFJoseClement,F,203,65,Unknown,False,2499.0,50:100
elpepinillo14,F,166,87,Unknown,False,2512.0,50:100
RL12,F,210,91,Unknown,False,2489.0,50:100
Tigran_Poghosyan_76,F,138,76,Unknown,False,2411.0,50:100
DeathDynasty,F,260,66,Unknown,False,2534.0,50:100
Sitnikovsky,F,251,87,Unknown,False,2469.0,50:100
Dgita35492,F,220,90,Unknown,False,2410.0,50:100
nauthzz2700,F,173,90,Unknown,False,2495.0,50:100
leo228,F,123,85,Unknown,False,2405.0,50:100
lakilive,F,203,91,Unknown,False,2498.0,50:100
Stygichthys,F,219,84,Unknown,False,2465.0,50:100
Karadenizaslani,F,166,79,Unknown,False,2421.0,50:100
chessgambler09,F,97,69,Unknown,False,2474.0,50:100
solatire,F,114,100,Unknown,False,2429.0,50:100
chessmaxusa,F,165,58,Unknown,False,2458.0,50:100
drdrunckenstein,F,197,52,Unknown,False,2561.0,50:100
Pumbwe,F,118,70,Unknown,False,2442.0,50:100
grammatico,F,210,74,Unknown,False,2475.0,50:100
LubosRosko,F,163,84,Unknown,False,2468.0,50:100
Aibek_123,F,85,57,Unknown,False,2428.0,50:100
MrTophelPie,F,108,88,Unknown,False,2436.0,50:100
LaTrainee,F,108,92,Unknown,False,2434.0,50:100
MI-DTB,F,127,58,Unknown,False,2465.0,50:100
Lenyas66,F,73,83,Unknown,False,2466.0,50:100
alexey4eg2,F,182,60,Unknown,False,2441.0,50:100
KananGarayev,F,173,84,Unknown,False,2492.0,50:100
DVRazor,F,180,68,Unknown,False,2408.0,50:100
Lightlike,F,245,65,Unknown,False,2606.0,50:100
"Aukhatov, Roman",F,70,84,Slav Defense: Modern,False,,50:100
Kuba2011,F,263,54,Unknown,False,2514.0,50:100
SpiderMoves,F,88,100,Unknown,False,2643.0,50:100
"Soysal, Serkan",F,158,83,Modern Defense,False,,50:100
boblibob,F,146,85,Unknown,False,2401.0,50:100
Hemoglobinski,F,131,58,Unknown,False,2447.0,50:100
Chessibague,F,122,76,Unknown,False,2496.0,50:100
DJaeggi,F,307,67,Unknown,False,2499.0,50:100
emiliofelixramirez,F,153,82,Unknown,False,2414.0,50:100
Burberry,F,106,96,Modern Defense,False,,50:100
retardedplatypus123,F,224,77,Unknown,False,2414.0,50:100
ron_dana,F,156,90,Unknown,False,2481.0,50:100
JohnLeal,F,123,60,Unknown,False,2410.0,50:100
Prokofiev,F,241,79,Unknown,False,2420.0,50:100
Pastukhov_Nicolay,F,215,71,Unknown,False,2479.0,50:100
Matou_33,F,161,98,Unknown,False,2516.0,50:100
Lord2323,F,141,77,Unknown,False,2456.0,50:100
CatAgainstTheWall,F,117,97,Unknown,False,2426.0,50:100
The Sunshine,F,60,72,Sicilian Defense: Kalashnikov Variation,True,,50:100
James Plaskett,F,92,55,"French Defense: Tarrasch Variation, Closed Variation",False,,50:100
TheSloLev,F,212,53,Unknown,False,2558.0,50:100
Loganrithm,F,145,73,Unknown,False,2479.0,50:100
Boyechko_O,F,154,60,Unknown,False,2467.0,50:100
Mickey_Blue_Eyes,F,120,92,Unknown,False,2441.0,50:100
Luchshiy1,F,176,52,Unknown,False,2468.0,50:100
gonavarrete,F,207,96,Unknown,False,2487.0,50:100
Plaskett7,F,179,55,Unknown,False,2433.0,50:100
Eztebar,F,151,63,Unknown,False,2448.0,50:100
WattSchrott,F,203,84,Unknown,False,2410.0,50:100
GRGM2B,F,157,57,Unknown,False,2423.0,50:100
imrk64,F,131,57,Unknown,False,2450.0,50:100
Kutyuli,F,208,70,Unknown,False,2443.0,50:100
iustin104,F,149,71,Unknown,False,2494.0,50:100
Kastorcito,F,135,92,Unknown,False,2859.0,50:100
Gorostovsky,F,97,74,Unknown,False,2417.0,50:100
KVBECHEREN,F,185,55,Unknown,False,2556.0,50:100
matanpo,F,104,87,Unknown,False,2434.0,50:100
yesyeshikaro,F,150,65,Unknown,False,2452.0,50:100
Shprot86,F,281,84,Unknown,False,2737.0,50:100
TAYA_GNIASSS,F,110,54,Unknown,False,2504.0,50:100
Lioni26,F,84,68,Caro-Kann Defense: Two Knights Attack,True,,50:100
Milchone,F,171,93,Unknown,False,2582.0,50:100
Elda64,F,328,95,Unknown,False,2833.0,50:100
"Lavrik, Dmitry",F,68,84,"Caro-Kann Defense: Advance Variation, Short Variation",False,,50:100
Vyka,F,139,64,Unknown,False,2458.0,50:100
dmitry-lavrik,F,142,84,Unknown,False,2482.0,50:100
elcaseno,F,195,68,Unknown,False,2810.0,50:100
SchekachikhinMaksim,F,140,90,Unknown,False,2553.0,50:100
iamgenius0416,F,113,91,Unknown,False,2420.0,50:100
Roman2001,F,138,84,Unknown,False,2426.0,50:100
berik_k88,F,128,58,Unknown,False,2409.0,50:100
Yakov25,F,213,80,Unknown,False,2531.0,50:100
Le_Truand,F,125,88,Unknown,False,2416.0,50:100
hungzhao,F,152,92,Unknown,False,2568.0,50:100
sergiul,F,144,52,Unknown,False,2404.0,50:100
shahinlorpari,F,166,78,Unknown,False,2600.0,50:100
KennethB,F,188,77,Unknown,False,2496.0,50:100
hepyeke,F,124,75,Unknown,False,2460.0,50:100
ncd,F,118,74,Unknown,False,2561.0,50:100
Dudell,F,179,62,Unknown,False,2468.0,50:100
memuaren,F,111,69,Unknown,False,2619.0,50:100
Zoran IM Novoselski,F,142,95,"Slav Defense: Quiet Variation, Schallopp Defense",False,,50:100
KJO144,F,104,98,Unknown,False,2462.0,50:100
Patrushev_Konstantin,F,218,58,Unknown,False,2505.0,50:100
Davide Cappai,F,74,61,Caro-Kann Defense: Exchange Variation,False,,50:100
Novoselski,F,252,95,Unknown,False,2431.0,50:100
jmc1,F,196,85,Unknown,False,2498.0,50:100
sykv,F,136,71,Unknown,False,2411.0,50:100
afchex,F,134,53,Unknown,False,2421.0,50:100
FillodeJosedeAmelia,F,137,99,Unknown,False,2407.0,50:100
jim2600,F,110,63,Unknown,False,2442.0,50:100
Davenogood,F,158,81,Unknown,False,2488.0,50:100
"Baskakov, Egor",F,86,74,Vienna Game: Mieses Variation,False,,50:100
organdziev,F,154,67,Unknown,False,2538.0,50:100
Trushko Andrii,F,106,92,Trompowsky Attack,True,,50:100
Shinsei,F,203,58,Unknown,False,2479.0,50:100
GreenRanger87,F,237,90,Unknown,False,2524.0,50:100
Kudrock,F,171,72,Unknown,False,2607.0,50:100
Dabar1,F,126,54,Unknown,False,2403.0,50:100
KOHA_2019,F,132,54,Unknown,False,2477.0,50:100
LaDaf,F,58,83,Caro-Kann Defense,False,,50:100
boriskaras,F,102,82,Unknown,False,2438.0,50:100
zaguer,F,265,57,Unknown,False,2427.0,50:100
filmer75,F,120,73,Unknown,False,2412.0,50:100
Holopainen,F,154,94,Unknown,False,2428.0,50:100
bdfy023,F,156,52,Unknown,False,2423.0,50:100
VladikSidorika,F,117,66,Unknown,False,2413.0,50:100
chiarot,F,233,52,Unknown,False,2467.0,50:100
HWegner,F,98,69,Unknown,False,2467.0,50:100
vlajko-83,F,98,85,Unknown,False,2421.0,50:100
schachcarlos,F,97,56,Unknown,False,2482.0,50:100
aryan_nm,F,219,68,Unknown,False,2459.0,50:100
dedaluz,F,220,74,Unknown,False,2493.0,50:100
RichardGarcia,F,127,57,Unknown,False,2422.0,50:100
jodemouhamad,F,201,98,Unknown,False,2502.0,50:100
Danil_Mark,F,345,67,Unknown,False,2530.0,50:100
pmlmail,F,216,75,Unknown,False,2517.0,50:100
Supertitanik,F,143,81,Unknown,False,2474.0,50:100
Briceno,F,116,68,Unknown,False,2440.0,50:100
Stratersest,F,171,100,Unknown,False,2505.0,50:100
sunysha,F,168,68,Unknown,False,2418.0,50:100
Rommmka,F,126,64,Unknown,False,2477.0,50:100
darqs,F,162,94,Unknown,False,2476.0,50:100
ChessNok102,F,233,66,Unknown,False,2438.0,50:100
pablo09,F,91,88,Unknown,False,2598.0,50:100
Patrick Aizpurua,M,92,90,"Queen's Gambit Accepted: Classical Defense, Steinitz Variation, Exchange Variation",True,,50:100
deepblue9494,M,68,61,King's Indian Attack,True,,50:100
"Saric, Ivan",M,102,60,King's Indian Defense,True,,50:100
"Arias, Juan Cruz",M,36,53,Queen's Pawn Game: Krause Variation,False,,50:100
Mauricio Jimenez,M,54,68,English Opening,False,,50:100
"Dodeja, Pawan",M,150,62,"King's Indian Defense: Fianchetto Variation, Yugoslav Variation",True,,50:100
DrMundoXP,M,118,56,Nimzo-Larsen Attack: Classical Variation,True,,50:100
"Abasov, Nijat",M,148,59,Caro-Kann Defense: Exchange Variation,False,,50:100
"Ermolaev, Andrey",M,74,62,Queen's Pawn,False,,50:100
Zsolt Szilágyi,M,140,60,Sicilian Defense: Classical Variation,True,,50:100
Petar Arnaudov,M,106,86,Nimzo-Indian Defense: Classical Variation,False,,50:100
garnek123,M,106,53,Queen's Indian Defense,False,,50:100
Juan Camilo Arango,M,32,86,"Sicilian Defense: Alapin Variation, Smith-Morra Declined",True,,50:100
"Zhigalko, Sergei",M,112,88,"French Defense: Advance Variation, Euwe Variation",False,,50:100
"Genocchio, Daniele",M,60,81,Caro-Kann Defense: Exchange Variation,False,,50:100
"Aliavdin, Nikolai",M,52,69,"Caro-Kann Defense: Advance Variation, Short Variation",False,,50:100
"Sielecki, Christof",M,78,86,"Caro-Kann Defense: Two Knights Attack, Mindeno Variation, Exchange Line",True,,50:100
"Barp, Alberto",M,94,94,Grünfeld Defense: Three Knights Variation,False,,50:100
amirhosein kashefi,M,56,63,Sicilian Defense: Najdorf Variation,True,,50:100
"Popovic, Dusan",M,60,60,"Sicilian Defense: Kan Variation, Wing Attack",True,,50:100
"Wieczorek, Oskar",M,84,98,Four Knights Game: Gunsberg Variation,False,,50:100
"Proudian, Armen",M,126,63,Nimzo-Larsen Attack: Classical Variation,True,,50:100
Morphy123,M,120,69,Caro-Kann Defense: Breyer Variation,False,,50:100
Manafov_Vugar,M,62,53,Réti Opening #2,False,,50:100
Lector118,M,30,92,Indian Game: Wade-Tartakower Defense,False,,50:100
ViejoTortuga,M,86,75,"Semi-Slav Defense: Meran Variation, Wade Variation",False,,50:100
FlySooHigh,M,26,75,Scandinavian Defense: Portuguese Variation,False,,50:100
Akmal Fayzullayev,M,58,82,Sicilian Defense: Nyezhmetdinov-Rossolimo Attack,True,,50:100
Gkoumas Georgios,M,82,77,"Sicilian Defense: Smith-Morra Gambit Accepted, Kan Formation",True,,50:100
"Svane, Rasmus",M,102,83,Indian Game: Wade-Tartakower Defense,False,,50:100
Iniyan Panneerselvam,M,132,72,"Sicilian Defense: Najdorf Variation, English Attack",True,,50:100
"Zivkovic, Nemanja",M,66,57,"Sicilian Defense: Lasker-Pelikan Variation, Sveshnikov Variation, Chelyabinsk Variation",True,,50:100
"Sevostianov, Vladimir",M,58,96,"Caro-Kann Defense: Classical Variation, Main Line",False,,50:100
Alex Ivanov (Алексей Иванов),M,90,68,"Italian Game: Evans Gambit, Anderssen Variation",True,,50:100
"Geivondian, Arman",M,108,81,"Benko Gambit Accepted, Dlugy Variation",True,,50:100
Faridder,M,82,60,Sicilian Defense: Alapin Variation,True,,50:100
"Moiseenko, Vadim",M,82,100,"Sicilian Defense: Lasker-Pelikan Variation, Sveshnikov Variation, Chelyabinsk Variation",True,,50:100
"Mikrut, Dariusz",M,62,89,"Queen's Gambit Declined: Orthodox Defense, Rubinstein Variation",True,,50:100
"Carlstedt, Jonathan",M,154,57,Zukertort Opening: Sicilian Invitation,True,,50:100
"Baumegger, Siegfried",M,68,95,Sicilian Defense: Chekhover Variation,True,,50:100
Konstantin,M,80,95,"Sicilian Defense: Dragon Variation, Classical Variation #2",True,,50:100
chessyeg,M,76,53,Queen's Indian Defense: Capablanca Variation,False,,50:100
Luis Guillermo Antunez Soler,M,94,72,"French Defense: Winawer Variation, Classical Variation",False,,50:100
Ramón Aullana,M,64,94,Neo-Grünfeld Defense: Delayed Exchange Variation,False,,50:100
Maci,M,118,51,Budapest Defense: Rubinstein Variation,False,,50:100
"Mandura, Tijana",M,48,92,Indian Game: Anti-Nimzo-Indian,False,,50:100
Сергей Искусных,M,69,95,Queen's Gambit Declined,True,,50:100
Sandpacer,M,104,56,"Sicilian Defense: Richter-Rauzer Variation, Neo-Modern Variation",True,,50:100
"Landi, Alberto",M,98,73,Pirc Defense,False,,50:100
Luca Albertini,M,118,76,"Sicilian Defense: Nyezhmetdinov-Rossolimo Attack, Fianchetto Variation",True,,50:100
"Brancaleoni, Maurizio",M,106,76,Sicilian Defense: Delayed Alapin Variation,True,,50:100
Arturo Augusto Fernandez Hernandez,M,154,91,"Sicilian Defense: Closed Variation, Traditional",True,,50:100
Richelieu Salcedo III,M,63,68,Polish Opening: Outflank Variation,False,,50:100
Narayanan.S.L,M,118,53,Queen's Indian Defense: Petrosian Variation,False,,50:100
alonmindlin,M,102,86,"King's Indian Defense: Fianchetto Variation, Panno Variation",True,,50:100
Peacefully,M,74,88,Caro-Kann Defense: Two Knights Attack,True,,50:100
Vladislav Kasparov,M,134,78,Alekhine Defense,False,,50:100
Ernesto Real de Azúa,M,56,98,Sicilian Defense: Chekhover Variation,True,,50:100
"Cruz, Jonathan",M,54,94,Nimzo-Larsen Attack: Indian Variation,True,,50:100
"Sebenik, Matej",M,90,98,"Benko Gambit Accepted, Fully Accepted Variation",True,,50:100
"Kumic, Filip",M,90,61,Pirc Defense #4,False,,50:100
"Bersamina, Paulo",M,52,52,French Defense: Burn Variation,False,,50:100
"Atalik, Suat",M,88,99,Benoni Defense: Old Benoni,False,,50:100
Lovro Čupić,M,98,53,"French Defense: Winawer Variation, Fingerslip Variation",False,,50:100
impr0v3r,M,54,58,"Queen's Pawn Game: Torre Attack, Gossip Variation",True,,50:100
"Baskakov, Egor",M,68,85,French Defense: Queen's Knight,False,,50:100
Joachim B. Nilsen,M,76,91,Yusupov-Rubinstein System,False,,50:100
"Vukcevic, Nemanja",M,64,66,Sicilian Defense: Najdorf Variation,True,,50:100
Igor (Игорь) Glek (Глек),M,92,100,"Sicilian Defense: Canal Attack, Haag Gambit",True,,50:100
Mustafa Yılmaz,M,112,64,"Queen's Indian Defense: Classical Variation, Traditional Variation, Main Line",False,,50:100
"Kollars, Dmitrij",M,100,93,"Sicilian Defense: Nyezhmetdinov-Rossolimo Attack, Fianchetto Variation",True,,50:100
victor222244,M,142,69,"Sicilian Defense: Delayed Alapin, Basman-Palatnik Double Gambit",True,,50:100
Buknoy,M,138,71,English Opening,False,,50:100
Artusha29,M,64,51,"French Defense: Classical Variation, Steinitz Variation",False,,50:100
"Zuluaga Mancilla, Cesar",M,86,61,Queen's Indian Defense: Kasparov-Petrosian Variation,False,,50:100
Magners,M,82,77,Van Geet Opening: Napoleon Attack,True,,50:100
Anurag Mhamal,M,48,76,English Opening: Anglo-Lithuanian Variation,False,,50:100
"Obad, Andrija",M,134,92,"Caro-Kann Defense: Classical Variation, Flohr Variation",False,,50:100
betheking,M,84,61,Queen's Gambit Declined: Three Knights Variation,True,,50:100
sellaturcica97,M,88,79,"Caro-Kann Defense: Advance Variation, Botvinnik-Carls Defense",False,,50:100
"Strikovic, Aleksa",M,100,58,"Caro-Kann Defense: Accelerated Panov Attack, Modern Variation",True,,50:100
JBakker,M,68,63,"Sicilian Defense: Closed Variation, Traditional",True,,50:100
"Jarmula, Lukasz",M,104,73,Englund Gambit Complex: Hartlaub-Charlick Gambit,True,,50:100
"Caspi, Israel",M,74,75,"French Defense: Classical Variation, Steinitz Variation",False,,50:100
DiaryTraining,M,86,82,"Sicilian Defense: Accelerated Dragon, Maróczy Bind",True,,50:100
Sigma_Tauri,M,110,67,Sicilian Defense,True,,50:100
"Meshkovs, Nikita",M,106,57,Wade Defense,False,,50:100
Former_Player,M,92,63,Saragossa Opening,False,,50:100
"Golubev, Mikhail",M,56,81,Four Knights Game,False,,50:100
vantamaj,M,46,62,Nimzo-Larsen Attack: Classical Variation,True,,50:100
Juan Herrera,M,118,73,"King's Indian Defense: Normal Variation, Rare Defenses",True,,50:100
"Sharankov, Grigory",M,122,59,"Queen's Gambit Declined: Exchange Variation, Positional Variation",True,,50:100
simplethinker,M,54,86,Sicilian Defense: Richter-Rauzer Variation,True,,50:100
"Gelman, Alexander",M,68,100,Caro-Kann Defense: Maróczy Variation,False,,50:100
"Nozdrachev, Vladislav",M,38,78,Sicilian Defense: Paulsen Variation,True,,50:100
fender2001,M,34,74,Danish Gambit,True,,50:100
Matthew Wadsworth,M,56,62,"English Opening: Agincourt Defense, Catalan Defense Accepted",False,,50:100
"Zamorano, Jorge",M,48,78,"Sicilian Defense: Scheveningen Variation, English Attack #2",True,,50:100
"Aroshidze, Levan",M,84,66,"Ruy Lopez: Open Variations, Classical Defense, Main Line",False,,50:100
"Neuman, Petr",M,76,82,"Slav Defense: Quiet Variation, Schallopp Defense",False,,50:100
Printezis04,M,30,74,"Sicilian Defense: Najdorf Variation, Opocensky Variation",True,,50:100
Kunk,M,28,76,Modern Defense: Standard Defense,False,,50:100
Marko Srebrnič,M,90,72,Sicilian Defense: Kalashnikov Variation,True,,50:100
Klimakovs Sergejs,M,46,99,"Alekhine Defense: Modern Variation, Larsen Variation",False,,50:100
"Bodek, Michael",M,46,54,"Trompowsky Attack: Classical Defense, Big Center Variation",True,,50:100
"Andersen, Gunnar",M,112,98,Slav Defense: Modern,False,,50:100
Eldrail,M,136,78,"Queen's Indian Defense: Fianchetto Variation, Nimzowitsch Variation, Quiet Line",False,,50:100
"Schmakel, Sam",M,68,88,Sicilian Defense: Najdorf Variation,True,,50:100
Meskenas,M,136,75,King's Indian Attack,True,,50:100
"Shuvalova, Polina",M,64,70,"Sicilian Defense: Kan Variation, Maróczy Bind, Réti Variation",True,,50:100
Godzillator,M,56,82,Old Benoni Defense #2,False,,50:100
"Camacho Collados, Jose",M,110,76,Sicilian Defense,True,,50:100
"Fernandez Mazzetti, Ignacio",M,68,58,Catalan Opening: Open Defense,False,,50:100
FireonBoard,M,78,99,"French Defense: Tarrasch Variation, Open System, Euwe-Keres Line",False,,50:100
Omnivor,M,112,94,"Catalan Opening: Closed, 7.Qc2 c6 8.b3",False,,50:100
"Bryakin, Mikhail",M,38,51,Saragossa Opening,False,,50:100
"Kovalev, Vladislav",M,128,66,Philidor Defense: Lion Variation,False,,50:100
ZugZwangTR,M,68,82,"Queen's Indian Defense: Classical Variation, Traditional Variation, Nimzowitsch Line",False,,50:100
Joshua Ruiz,M,98,69,"Sicilian Defense: Closed Variation, Traditional",True,,50:100
JK,M,36,85,"Sicilian Defense: Scheveningen Variation, English Attack #2",True,,50:100
chessmaniac3298,M,120,58,"Italian Game: Scotch Gambit, Anderssen Attack",True,,50:100
Jerry,M,96,69,Sicilian Defense: Nyezhmetdinov-Rossolimo Attack,True,,50:100
Harshit Raja,M,90,91,"Sicilian Defense: Najdorf Variation, Zagreb (Fianchetto) Variation",True,,50:100
Luis Alejandro Mateus Urbano,M,86,60,Englund Gambit Complex: Hartlaub-Charlick Gambit,True,,50:100
Ronald Brizuela,M,140,54,Old Benoni Defense,False,,50:100
"Hafiz, Arif Abdul",M,112,70,Sicilian Defense: Closed Variation,True,,50:100
Герман Кочетков,M,86,79,Bird Opening: Dutch Variation,False,,50:100
hajeko,M,60,61,Sicilian Defense: Hyperaccelerated Fianchetto,True,,50:100
PainOfChocolat,M,76,79,"Alekhine Defense: Modern Variation, Larsen Variation",False,,50:100
"Khusnutdinov, Rustam",M,90,54,"Sicilian Defense: Nyezhmetdinov-Rossolimo Attack, Fianchetto Variation",True,,50:100
Vagizovich,M,72,97,Caro-Kann Defense: Breyer Variation,False,,50:100
"Perrine, Dalton",M,14,86,King's Indian Attack,True,,50:100
Jorge Luis Castañeda,M,78,58,Indian Game,False,,50:100
"L'Ami, Erwin",M,80,69,"Grünfeld Defense: Exchange Variation, Modern Exchange Variation",False,,50:100
"Khanin, Semen",M,58,51,"Sicilian Defense: Scheveningen Variation, English Attack",True,,50:100
"Chandra, Akshat",M,86,85,"Nimzo-Indian Defense: Classical Variation, Noa Variation",False,,50:100
"Kekic, Armin",M,108,74,Ruy Lopez: Fianchetto Defense,False,,50:100
"Korobkin, Maxim",M,82,83,"Queen's Indian Defense: Kasparov-Petrosian Variation, Marco Defense",False,,50:100
"Vajic, Goran",M,70,89,Sicilian Defense: Closed Variation,True,,50:100
K-Georgiev,M,118,66,Nimzo-Larsen Attack: Modern Variation,True,,50:100
ahmedotaleb,M,52,83,Sicilian Defense: Kalashnikov Variation,True,,50:100
adabash,M,119,86,Queen's Pawn Game: Zukertort Variation,False,,50:100
chessemyDE,M,106,55,Hungarian Opening,False,,50:100
Néstor Cofré,M,60,53,Sicilian Defense: Closed,True,,50:100
notmisha,M,86,79,Scotch Game: Mieses Variation,False,,50:100
"Shkapenko, Pavel",M,112,98,"Sicilian Defense: Alapin Variation, Barmen Defense",True,,50:100
cukus,M,181,58,Unknown,False,2559.0,50:100
Zoltan Medvegy,M,46,68,London System,False,,50:100
Rasul_Musaev,M,44,79,"Sicilian Defense: Four Knights Variation, Exchange Variation",True,,50:100
Paweł Kowalczyk,M,76,97,"Sicilian Defense: Four Knights Variation, Cobra Variation",True,,50:100
Nobody Really,M,92,60,"Sicilian Defense: Closed Variation, Chameleon Variation",True,,50:100
DuRo1988,M,70,83,Queen's Gambit Declined,True,,50:100
"Grigorov, Grigor",M,42,73,English Opening: Symmetrical Variation,False,,50:100
gmadly,F,189,317,Unknown,False,2710.0,>100
Arseniii_Nesterov,F,138,213,Unknown,False,2710.0,>100
Iván Vallés Moreno,F,12,127,Réti Opening,False,,>100
GMChavez,F,146,130,Unknown,False,2466.0,>100
Mr_Is,F,118,140,Unknown,False,2433.0,>100
Daskevich,F,119,171,Unknown,False,2583.0,>100
Sick_clown,F,231,342,Unknown,False,2641.0,>100
A_Kukhmazov,F,198,312,Unknown,False,2691.0,>100
yanvar,F,208,188,Unknown,False,2628.0,>100
Jaggust01,F,108,250,Unknown,False,2612.0,>100
Tadeáš Baláček,F,72,150,Indian Game,False,,>100
Toril_DC,F,222,127,Unknown,False,2414.0,>100
Falkenauge,F,148,211,Unknown,False,2600.0,>100
NicolaiJorgensen,F,116,105,Unknown,False,2441.0,>100
lacsapmg,F,190,251,Unknown,False,2623.0,>100
Eggplant,F,227,215,Unknown,False,2477.0,>100
Stale_Bread0,F,135,108,Unknown,False,2716.0,>100
marpa123,F,155,145,Unknown,False,2417.0,>100
SillyMaster,F,164,385,Unknown,False,2741.0,>100
Kmet_Artem,F,210,106,Unknown,False,2438.0,>100
Visca_el_Barca,F,137,230,Unknown,False,2586.0,>100
"Moiseenko, Vadim",F,82,170,Slav Defense: Chameleon Variation,False,,>100
cocafanta,F,81,101,Unknown,False,2422.0,>100
SaraBlackPanther,F,136,322,Unknown,False,2522.0,>100
Orlando_Gloom,F,150,110,Scandinavian Defense: Mieses-Kotroc Variation,False,,>100
Aliakbarov_Anar,F,110,152,Unknown,False,2475.0,>100
szanto88,F,109,163,Unknown,False,2477.0,>100
safahkarmoz,F,119,132,Unknown,False,2583.0,>100
EnglishLongbow,F,153,142,Unknown,False,2671.0,>100
gsoppe,F,218,122,Unknown,False,2400.0,>100
Percutidor,F,126,124,Unknown,False,2419.0,>100
gustigusti,F,141,183,Unknown,False,2546.0,>100
extermo44,F,115,131,Unknown,False,2433.0,>100
Spartron,F,109,101,Unknown,False,2485.0,>100
Opticica,F,130,116,Unknown,False,2507.0,>100
Huschelzwack,F,191,203,Unknown,False,2589.0,>100
bilbas,F,211,126,Unknown,False,2509.0,>100
Embiid,F,108,147,Unknown,False,2437.0,>100
ZB_sec,F,96,169,Unknown,False,2400.0,>100
amourmonstre,F,163,176,Unknown,False,2588.0,>100
Elito29,F,167,158,Unknown,False,2563.0,>100
MirajaneStrauss,F,126,120,Unknown,False,2487.0,>100
roberto835877,F,164,239,Unknown,False,2555.0,>100
"Kalvaitis, Sigitas",F,60,151,"Sicilian Defense: Nyezhmetdinov-Rossolimo Attack, Fianchetto Variation, Gufeld Gambit",True,,>100
borardus,F,145,263,Unknown,False,2463.0,>100
talyamania,F,199,103,Unknown,False,2415.0,>100
Dunya1,F,147,230,Unknown,False,2489.0,>100
Ermito,F,241,165,Unknown,False,2457.0,>100
"Sambuev, Bator",F,84,250,Queen's Gambit Declined: Lasker Defense,True,,>100
onthewaygm,F,211,130,Unknown,False,2436.0,>100
Weetik,F,180,164,Unknown,False,2597.0,>100
drdumbo,F,169,118,Unknown,False,2453.0,>100
korronavirus,F,99,297,Unknown,False,2499.0,>100
cant_handle_h5,F,154,138,Unknown,False,2430.0,>100
Petersnowz,F,230,108,Unknown,False,2413.0,>100
Poiskowik32,F,157,147,Unknown,False,2412.0,>100
Nondrovski,F,225,117,Unknown,False,2581.0,>100
SantosBarrios,F,114,231,Unknown,False,2518.0,>100
Thorbjørn Bromann,F,80,149,Indian Game,False,,>100
garnulf,F,139,151,Unknown,False,2421.0,>100
RSUPE_MiRacLe,F,154,183,Unknown,False,2469.0,>100
SilentAndCalm,F,213,179,Unknown,False,2614.0,>100
Apfelmus_mit_Skill,F,131,208,Unknown,False,2577.0,>100
Shadrics1989,F,206,184,Unknown,False,2439.0,>100
CuzImBetter,F,127,134,Unknown,False,2459.0,>100
Tom O'Gorman,F,140,210,Sicilian Defense: Delayed Alapin,True,,>100
Elretornodelmore,F,168,178,Unknown,False,2665.0,>100
husein-2811,F,105,115,Unknown,False,2480.0,>100
Mourinho_Jose,F,215,176,Unknown,False,2605.0,>100
Johanssc,F,227,107,Unknown,False,2432.0,>100
doons21,F,137,130,Unknown,False,2561.0,>100
Nenidon_Andriy,F,141,193,Unknown,False,2496.0,>100
Gabix94,F,46,136,Vienna Game: Mieses Variation,False,,>100
stiller_Zug,F,134,165,Unknown,False,2457.0,>100
CleverKenkz,F,135,103,Unknown,False,2481.0,>100
Reshetkov_Kirill,F,270,146,Unknown,False,2657.0,>100
BSambuev,F,89,123,Unknown,False,2576.0,>100
adamak123,F,137,144,Unknown,False,2425.0,>100
trueteller92,F,91,147,Unknown,False,2498.0,>100
gmfoxbra,F,129,134,Unknown,False,2544.0,>100
Vjacheslav Weetik (Витик),F,94,164,Queen's Pawn Game: Steinitz Countergambit,False,,>100
Andres Guerrero,F,88,168,Indian Game,False,,>100
Digora,F,142,207,Unknown,False,2608.0,>100
Barys74,F,139,188,Unknown,False,2626.0,>100
Odnoobraz,F,210,143,Unknown,False,2580.0,>100
fizteh,F,151,256,Unknown,False,2547.0,>100
Salke014,F,196,147,Unknown,False,2523.0,>100
Lukii20,F,117,118,Unknown,False,2500.0,>100
Leviathan64,F,108,165,Unknown,False,2560.0,>100
Ovcarija,F,64,316,Unknown,False,2568.0,>100
Wilver92,F,79,115,Unknown,False,2433.0,>100
elcandado,F,222,149,Unknown,False,2545.0,>100
Lord_Stronghold,F,115,344,Unknown,False,2688.0,>100
attackgm2,F,192,144,Unknown,False,2559.0,>100
RT64,F,156,283,Unknown,False,2601.0,>100
thedjoker,F,131,448,Unknown,False,2653.0,>100
petergo,F,110,136,Unknown,False,2412.0,>100
ok1975,F,240,153,Unknown,False,2683.0,>100
Skakthor,F,155,149,Unknown,False,2496.0,>100
D-Fernandez,F,158,148,Unknown,False,2431.0,>100
Rdy2Rumble,F,115,102,Unknown,False,2616.0,>100
Seneka_Sensei,F,101,103,Unknown,False,2813.0,>100
"Ratkovic, Miloje",F,98,120,Slav Defense: Quiet Variation,False,,>100
MyDyingBride,F,177,225,Unknown,False,2469.0,>100
ariosp,F,185,169,Unknown,False,2411.0,>100
Marc Christian Nazario 💎,F,46,232,Sicilian Defense: Old Sicilian,True,,>100
Гор Глиджян,F,92,176,"Sicilian Defense: Smith-Morra Gambit Accepted, Scheveningen Formation",True,,>100
Ratkovic_Miloje,F,183,120,Unknown,False,2685.0,>100
ElhachaGM,F,85,102,Unknown,False,2479.0,>100
CHErik2005,F,241,188,Unknown,False,2501.0,>100
jamesARDEN13,F,92,306,Unknown,False,2564.0,>100
DanilNajdin,F,165,201,Unknown,False,2456.0,>100
Sokolov_Kirill-10,F,106,151,Unknown,False,2525.0,>100
leva1958,F,83,190,Unknown,False,2573.0,>100
Gabriele_Lumachi,F,128,182,Unknown,False,2512.0,>100
VladJ,F,113,124,Unknown,False,2551.0,>100
Dr_Livsy,F,241,105,Unknown,False,2440.0,>100
toog,F,249,210,Unknown,False,2478.0,>100
Pradeep89,F,102,141,Unknown,False,2400.0,>100
SaraciNderim,F,114,146,Unknown,False,2671.0,>100
Phutressniak,F,238,174,Unknown,False,2425.0,>100
Varinius,F,144,150,Unknown,False,2444.0,>100
shuriks91,F,108,147,Queen's Pawn Game: Zukertort Variation,False,,>100
Biagggg,F,121,151,Unknown,False,2445.0,>100
"Strikovic, Aleksa",F,82,186,King's Indian Defense: Steiner Attack,True,,>100
mvlcopycat,F,82,161,Unknown,False,2438.0,>100
Borislav10,F,216,134,Unknown,False,2478.0,>100
impr0v3r,F,78,102,Unknown,False,2435.0,>100
Krishnamurti33,F,158,155,Unknown,False,2464.0,>100
iakov98,F,254,127,Unknown,False,2678.0,>100
Alambique_veloz,F,54,127,Unknown,False,2500.0,>100
Arstan23,F,133,226,Unknown,False,2481.0,>100
ditkin,F,228,101,Unknown,False,2417.0,>100
External_Student,F,242,299,Unknown,False,2693.0,>100
Biriyani,F,102,232,Unknown,False,2594.0,>100
MutterShabubu,F,130,278,Unknown,False,2661.0,>100
izel2,F,150,135,Unknown,False,2506.0,>100
FightingDragon,F,228,128,Unknown,False,2436.0,>100
berval,F,80,117,Unknown,False,2516.0,>100
EivindJohan,F,112,143,Unknown,False,2478.0,>100
Spinaltap,F,146,142,Unknown,False,2593.0,>100
VariantsOnly,F,313,130,Unknown,False,2677.0,>100
toty2,F,112,160,Unknown,False,2489.0,>100
laptopkolegi,F,124,197,Unknown,False,2670.0,>100
Blol02,F,156,119,Unknown,False,2563.0,>100
loko78,F,123,113,Unknown,False,2454.0,>100
JusticeBot,F,198,295,Unknown,False,2547.0,>100
Shadin,F,176,119,Unknown,False,2442.0,>100
Urkis,F,142,253,Unknown,False,2553.0,>100
Yatini,F,160,133,Unknown,False,2425.0,>100
"Vallejo Pons, Francisco",F,58,291,King's Indian Attack,True,,>100
MrStahlberg,F,177,110,Unknown,False,2441.0,>100
chebi34,F,221,126,Unknown,False,2452.0,>100
Durak_Professor,F,173,109,Unknown,False,2628.0,>100
Eneasz Wiewióra,F,92,119,Caro-Kann Defense: Main Line,False,,>100
sid-al_1979,F,112,208,Unknown,False,2498.0,>100
viachessmaster,F,129,209,Unknown,False,2476.0,>100
Sergey_Naboka,F,225,205,Unknown,False,2583.0,>100
imdejong,F,155,102,Unknown,False,2499.0,>100
Papagayo,F,144,123,Unknown,False,2490.0,>100
Lidiodelgado,F,143,108,Unknown,False,2426.0,>100
ChessExplained,F,180,213,Unknown,False,2552.0,>100
TheButcherMio,F,160,188,Unknown,False,2590.0,>100
Matetricks,F,202,114,Unknown,False,2431.0,>100
rolly9891,F,225,142,Unknown,False,2496.0,>100
rb1994,F,173,132,Unknown,False,2476.0,>100
stievo,F,111,108,Unknown,False,2506.0,>100
matinski,F,223,187,Unknown,False,2423.0,>100
Zubrrr,F,182,482,Unknown,False,2731.0,>100
Godplank,F,155,139,Unknown,False,2591.0,>100
rustev,F,136,114,Unknown,False,2411.0,>100
Angie_La_invencible,F,254,214,Unknown,False,2500.0,>100
vkorennoy,F,132,114,Unknown,False,2435.0,>100
sakarep3,F,254,143,Unknown,False,2590.0,>100
Jb2mix,F,263,261,Unknown,False,2512.0,>100
Lode77,F,109,138,Unknown,False,2434.0,>100
Artemij851,F,227,152,Unknown,False,2469.0,>100
Guachipey,F,112,250,Unknown,False,2703.0,>100
MelodySoyani,F,123,312,Unknown,False,2668.0,>100
Vilka Sipilä,F,84,376,Nimzo-Larsen Attack: Classical Variation,True,,>100
MadMerkel,F,93,161,Unknown,False,2430.0,>100
Michael-Owen,F,194,282,Unknown,False,2525.0,>100
mila2010,F,132,171,Unknown,False,2454.0,>100
psammenitos,F,174,149,Unknown,False,2592.0,>100
MHanDaMan,F,107,209,Unknown,False,2484.0,>100
swindelbeest,F,132,140,Unknown,False,2421.0,>100
odanj,F,217,126,Unknown,False,2487.0,>100
Rob G Pantoja,M,0,324,?,False,,>100
"Maksimovic, Dejan",M,102,165,Indian Game: London System,False,,>100
"Chizhikov, Vladislav",M,136,134,Sicilian Defense: Classical Variation,True,,>100
GUNNE_USER,M,84,109,Old Indian Defense,False,,>100
Cristóbal Torres Bravo,M,76,124,"Sicilian Defense: Najdorf Variation, Opocensky Variation, Traditional Line",True,,>100
opperwezen,M,62,199,King's Indian Attack,True,,>100
Александр Зубов,M,64,136,"Italian Game: Classical Variation, Giuoco Pianissimo",False,,>100
"Cheparinov, Ivan",M,106,117,Old Indian Defense: Normal Variation,False,,>100
Loay Sameer,M,82,204,King's Indian Attack,True,,>100
frankiejay,M,40,192,"Sicilian Defense: Dragon Variation, Yugoslav Attack, Modern Line",True,,>100
JohnScott,M,130,164,Old Benoni Defense,False,,>100
NB4,M,84,184,Torre Attack #2,True,,>100
Chalalpa,M,30,117,English Opening,False,,>100
"Jovic, Stevan",M,66,104,"Gruenfeld Defense: Brinckmann Attack, Gruenfeld Gambit",True,,>100
"Fier, Alexandr",M,60,161,Scandinavian Defense: Modern Variation #2,False,,>100
ZibbitVideos,M,116,140,Sicilian Defense: Snyder Variation,True,,>100
"Predojevic, Borki",M,92,117,Scandinavian Defense: Mieses-Kotroc Variation,False,,>100
NoFastDraw,M,94,119,"English Opening: Anglo-Indian Defense, King's Indian Formation",True,,>100
"Husbands, Orlando",M,54,173,Modern Defense: Standard Defense,False,,>100
"Martinez Romero, Martin",M,70,124,Zukertort Opening: Double Fianchetto Attack,True,,>100
"Reshetnikov, Alexey",M,74,261,Queen's Gambit Declined,True,,>100
rhinoceros2015,M,84,363,Réti Opening: Advance Variation,False,,>100
"Plichta, Kamil",M,58,216,Semi-Slav Defense,False,,>100
MikeGScarn,M,64,189,"Ruy Lopez: Morphy Defense, Cozio Defense",False,,>100
"Gorodetzky, David",M,94,188,"Queen's Gambit Refused: Chigorin Defense, Exchange Variation",True,,>100
"Akselrod, Vladislav",M,113,121,Sicilian Defense: French Variation,True,,>100
"Pourramezanali, Amirreza",M,76,105,"Caro-Kann Defense: Advance Variation, Tal Variation",False,,>100
"Shoker, Samy",M,102,215,King's Indian Attack: Sicilian Variation #2,True,,>100
"Christie, Joshua",M,76,155,Pirc Defense: Classical Variation,False,,>100
Iván Vargas Maliqueo,M,58,114,English Defense,False,,>100
Hou Ji Yao,M,104,125,"Sicilian Defense: Accelerated Dragon, Modern Bc4 Variation",True,,>100
"Sapunov, Evgeny",M,90,181,"King's Indian Defense: Orthodox Variation, Classical System, Neo-Classical Line",True,,>100
"Garcia Cardenas, Pablo",M,38,116,Semi-Slav Defense: Main Line,False,,>100
Odirovski,M,62,110,Zukertort Opening: Pirc Invitation,False,,>100
"Arslanov, Shamil",M,156,146,Slav Defense: Exchange Variation,False,,>100
Beep Beep,M,110,476,Scotch Game: Mieses Variation,False,,>100
"Ratkovic, Milovan",M,166,109,"French Defense: Classical Variation, Steinitz Variation",False,,>100
"Graif, William",M,78,229,"Sicilian Defense: Closed Variation, Traditional",True,,>100
Funo09,M,150,144,Réti Opening #2,False,,>100
Benek77,M,90,119,"French Defense: Exchange Variation, Monte Carlo Variation",False,,>100
linusj,M,50,148,Nimzo-Indian Defense: Romanishin Variation #2,False,,>100
"Miron, Lucian-Costin",M,48,171,Nimzo-Indian Defense: Classical Variation,False,,>100
Oleksiy Solovchuk,M,92,133,English Opening: Agincourt Defense,False,,>100
jimakos,M,40,114,Sicilian Defense: Loewenthal Variation,True,,>100
Mikhalchenko Petr Alekseevich,M,144,165,Benoni Defense: Benoni Gambit Accepted,True,,>100
"Jegorovas, Aleksandras",M,38,174,Slav Defense: Exchange Variation,False,,>100
is_er_nog_hoop,M,82,239,"Sicilian Defense: Nyezhmetdinov-Rossolimo Attack, Fianchetto Variation",True,,>100
rolly parondo,M,28,187,Queen's Pawn Game: Mason Attack,True,,>100
Matvey Shcherbin,M,98,268,Caro-Kann Defense: Maróczy Variation,False,,>100
trickyholds,M,64,101,"English Opening: Symmetrical Variation, Two Knights Variation",False,,>100
moshakvar,M,154,194,"Caro-Kann Defense: Classical, Spassky Variation",False,,>100
Timofey Ilyin,M,70,147,"Semi-Slav Defense: Marshall Gambit, Main Line",True,,>100
donateIIo,M,52,111,"French Defense: Rubinstein Variation, Blackburne Defense",False,,>100
Arman Pourghanbarzad,M,186,227,"Sicilian Defense: Dragon, Classical, Amsterdam Variation",True,,>100
LittlePumpkin,M,66,342,"Sicilian Defense: Nyezhmetdinov-Rossolimo Attack, Fianchetto Variation",True,,>100
"Aliakbarov, Anar",M,80,193,King's Indian Defense: Orthodox Variation,True,,>100
Federtiu,M,76,307,Nimzo-Larsen Attack: English Variation,True,,>100
Ajeossi94,M,80,157,Alekhine Defense,False,,>100
Dragon700,M,94,103,Alekhine Defense: Normal Variation,False,,>100
smurf42,M,94,187,Slav Defense #2,False,,>100
"Zarnicki, Pablo",M,140,112,"Caro-Kann Defense: Advance Variation, Short Variation",False,,>100
Semen Grebeniuk,M,88,205,"Benoni Defense: Benoni-Indian Defense, Kingside Move Order",False,,>100
Roi Reinaldo Castiñeira,M,98,192,"Sicilian Defense: Closed Variation, Traditional",True,,>100
"Pfreundt, Jakob",M,104,188,"Sicilian Defense: Accelerated Dragon, Maróczy Bind, Gurgenidze Variation",True,,>100
Eduardo Iturrizaga,M,72,443,Réti Opening #2,False,,>100
Budapestupendo,M,130,126,"Italian Game: Evans Gambit, Anderssen Variation, Cordel Line",True,,>100
Robert Díaz Villagrán,M,88,156,Nimzo-Indian Defense: Sämisch Variation,False,,>100
"Givon, Asaf",M,112,171,"Sicilian Defense: Najdorf Variation, English Attack",True,,>100
NeverEnough,M,54,113,"English Opening: Anglo-Indian Defense, Queen's Indian Formation",False,,>100
jsl,M,80,102,"Sicilian Defense: Kan Variation, Polugaevsky Variation",True,,>100
"Shimanov, Aleksandr",M,138,144,King's Indian Defense: Orthodox Variation,True,,>100
"Bortnyk, Mykola",M,74,167,Semi-Slav Defense,False,,>100
abrakadabra02,M,64,198,Hungarian Opening,False,,>100
"Moroni, Luca Jr",M,50,116,Nimzo-Larsen Attack: English Variation,True,,>100
"Leenhouts, Koen",M,140,102,Grünfeld Defense: Exchange Variation,False,,>100
recapture,M,86,106,Sicilian Defense: Hyperaccelerated Dragon,True,,>100
Jorge Sepúlveda,M,146,108,Alekhine Defense: Exchange Variation,False,,>100
"Kostin, Konstantin",M,14,134,Queen's Gambit Accepted: Deferred Variation,True,,>100
milacek,M,138,133,"Ruy Lopez: Morphy Defense, Breyer Defense, Zaitsev Hybrid",False,,>100
GregShahade,M,106,253,Scandinavian Defense: Mieses-Kotroc Variation,False,,>100
"Krzyzanowski, Marcin",M,130,122,Catalan Opening,False,,>100
"Sokolov, Andrei",M,88,291,"Italian Game: Classical Variation, Giuoco Pianissimo",False,,>100
"Bacallao Alonso, Yusnel",M,56,212,"Ruy Lopez: Schliemann Defense, Dyckhoff Variation",False,,>100
juanchesst,M,122,108,"Queen's Gambit Declined: Ragozin Defense, Alekhine Variation",True,,>100
"Wang, Kevin",M,94,122,"Alekhine Defense: Modern Variation, Alburt Variation",False,,>100
Beletko,M,38,112,Sicilian Defense: Grand Prix Attack,True,,>100
sid-al_1979,M,52,149,Caro-Kann Defense: Panov Attack,True,,>100
"Maier, Christian",M,144,138,French Defense: Burn Variation,False,,>100
Aleksei Sarana,M,96,137,King's Indian Defense: Semi-Averbakh System,True,,>100
"Velten, Paul",M,124,187,"Queen's Pawn Game: Veresov Attack, Classical Defense",True,,>100
medela2019,M,72,212,Queen's Pawn Game: Colle System,False,,>100
Сергей Родченков,M,46,102,Sicilian Defense: Loewenthal Variation,True,,>100
"Almagro Llamas, Pablo",M,112,124,Nimzo-Larsen Attack: Modern Variation #4,True,,>100
Hipólito Asis Gargatagli,M,78,180,Benoni Defense: Hromádka System,False,,>100
Héctor Delgado Ramos,M,46,115,"Queen's Gambit Refused: Chigorin Defense, Main Line",True,,>100
pneumatico94,M,50,111,French Defense: Exchange Variation,False,,>100
Mapwright,M,54,124,"Nimzo-Indian Defense: Classical Variation, Milner-Barry Variation",False,,>100
thijscom,M,52,118,"Ruy Lopez: Exchange Variation, Alapin Gambit",True,,>100
Kumi,M,120,124,Sicilian Defense: Closed Variation,True,,>100
DarthMccartney,M,32,151,Englund Gambit Complex: Hartlaub-Charlick Gambit,True,,>100
supertigre,M,56,179,Four Knights Game: Gunsberg Variation,False,,>100
Robin-Side,M,54,259,Queen's Pawn Game: Huebsch Gambit,True,,>100
TimeToSmile,M,74,139,Indian Game,False,,>100
Legendary-Phiri,M,108,101,"Queen's Indian Defense: Kasparov-Petrosian Variation, Marco Defense",False,,>100
Nikolay Chadaev,M,64,102,Scotch Game: Mieses Variation,False,,>100
retired93,M,42,193,"King's Indian Defense: Petrosian Variation, Normal Defense",True,,>100
"Kobo, Ori",M,148,108,Nimzo-Larsen Attack: Modern Variation #4,True,,>100
"Karttunen, Mika",M,86,162,"Sicilian Defense: Najdorf Variation, Adams Attack",True,,>100
Lucas Cardoso,M,72,112,"Sicilian Defense: Dragon Variation, Yugoslav Attack, Modern Line",True,,>100
CristianS27,M,81,116,"French Defense: MacCutcheon Variation, Lasker Variation",False,,>100
Biriyani,M,130,176,Caro-Kann Defense: Classical Variation,False,,>100
Aaryan Varshney,M,116,111,"Benko Gambit Accepted, Fully Accepted Variation",True,,>100
Vladimir,M,56,105,"Sicilian Defense: Canal Attack, Main Line",True,,>100
Omar García Blanco,M,76,226,"Sicilian Defense: Alapin Variation, Smith-Morra Declined",True,,>100
shuriks91,M,54,172,King's Indian Defense: Steiner Attack,True,,>100
rasulovvugar,M,62,385,Scotch Game,False,,>100
"Andreikin, Dmitry",M,238,308,Sicilian Defense: Chekhover Variation,True,,>100
Frode Urkedal,M,122,173,"King's Indian Defense: Normal Variation, Rare Defenses",True,,>100
"Zierk, Steven",M,176,216,Sicilian Defense: Kupreichik Variation,True,,>100
E-Shaposhnikov,M,166,218,Zukertort Opening: Sicilian Invitation,True,,>100
"Ali, Muhammad Lutfi",M,76,243,Sicilian Defense: Richter-Rauzer Variation,True,,>100
Shyam Sundar,M,142,180,Rubinstein Opening: Classical Defense,False,,>100
Yaro Zherebukh,M,44,116,"French Defense: Steinitz Variation, Boleslavsky Variation",False,,>100
Gonzaga22,M,63,172,Sicilian Defense: Classical Variation,True,,>100
C009,M,68,110,King's Indian Attack,True,,>100
nryba94,M,68,119,"Nimzowitsch Defense: Scandinavian Variation, Bogoljubov Variation, Vehre Variation",False,,>100
Matías halac,M,56,130,"King's Indian, Fianchetto, Classical Variation, 8.e4",True,,>100
Lopez09,M,32,154,"Alekhine Defense: Modern Variation, Larsen Variation",False,,>100
"Gwaze, Robert",M,90,161,Sicilian Defense: Najdorf Variation,True,,>100
HansSchmidt,M,84,150,"King's Indian Defense: Fianchetto Variation, Classical Main Line",True,,>100
Петр Костенко,M,84,159,Sicilian Defense: Canal-Sokolsky Attack,True,,>100
"Zubritskiy, Artyom",M,116,367,Catalan Opening,False,,>100
masterofpuppets2,M,38,169,Pirc Defense #5,False,,>100
Rodrigo Vasquez,M,80,214,"Sicilian Defense: Dragon Variation, Yugoslav Attack, Old Line",True,,>100
DonFulgenzio,M,102,161,"French Defense: Tarrasch Variation, Open System, Euwe-Keres Line",False,,>100
tgk59,M,106,250,"Queen's Gambit Accepted: Central Variation, Modern Defense",True,,>100
skavpl,M,116,126,Pirc Defense #4,False,,>100
"Moradiabadi, Elshan",M,138,184,King's Knight Opening: Konstantinopolsky,False,,>100
"Gaitan, Juan Manuel",M,132,102,"King's Indian Defense: Fianchetto Variation, Uhlmann-Szabo System",True,,>100
"Petrosyan, Manuel",M,102,161,"Caro-Kann Defense: Advance Variation, Short Variation",False,,>100
"Aghasaryan, Robert",M,68,121,"King's Indian Defense: Sämisch Variation, Panno Formation",True,,>100
MagicAndy,M,52,190,Slav Defense #2,False,,>100
AMADAN,M,110,225,"Pirc Defense: Austrian Attack, Unzicker Attack",True,,>100
chessninja48,M,64,135,Englund Gambit Complex: Soller Gambit,True,,>100
ShcufNaiRolf,M,76,140,Torre Attack,True,,>100
"Radlovacki, Jovan",M,64,107,Modern Defense: Standard Defense,False,,>100
"Gattass, Allan",M,76,108,Sicilian Defense: Classical Variation,True,,>100
"Fernandez, Daniel",M,88,327,Hungarian Opening: Sicilian Invitation,True,,>100
IGMGataKamsky,M,122,172,Queen's Pawn,False,,>100
Swetlove,M,64,131,Queen's Gambit Declined,True,,>100
FT Swayams Mishra,M,72,144,Old Benoni Defense,False,,>100
Liem Quang Le,M,80,178,"Sicilian Defense: Najdorf Variation, Zagreb (Fianchetto) Variation",True,,>100
runittwice,M,198,166,Modern Defense,False,,>100
"ADU, Oladapo",M,116,201,Sicilian Defense: Old Sicilian,True,,>100
"Fedoseev, Vladimir",M,68,172,Caro-Kann Defense: Main Line,False,,>100
"Poetsch, Hagen",M,152,166,Nimzowitsch Defense: Williams Variation,False,,>100
"Gabuzyan, Hovhannes",M,82,158,King's Knight Opening: Normal Variation,False,,>100
"Vypkhaniuk, Ihor",M,94,199,Réti Opening,False,,>100
amiralfio,M,92,138,Bogo-Indian Defense: Gruenfeld Variation,False,,>100
lenochka18,M,112,174,"King's Indian Defense: Orthodox Variation, Gligoric-Taimanov System",True,,>100
Stephen Adams,M,90,192,"Ruy Lopez: Schliemann Defense, Tartakower Variation",False,,>100
OCChess,M,16,114,"English Opening: King's English Variation, Reversed Closed Sicilian",True,,>100
"Liyanage, Ranindu Dilshan",M,54,113,Caro-Kann Defense: Advance Variation,False,,>100
chesswarrior04,M,130,323,Ruy Lopez: Schliemann Defense,False,,>100
Moltini,M,40,108,"King's Indian Defense: Orthodox Variation, Glek Defense",True,,>100
"Hosseinzadeh, Nima",M,114,162,"Sicilian Defense: Sozin, not Scheveningen",True,,>100
Sergey Matsenko,M,78,132,"King's Indian Defense: Orthodox Variation, Gligoric-Taimanov System",True,,>100
Jose Gascon Del Nogal,M,82,175,King's Indian Attack,True,,>100
Spinaltap,M,152,161,"King's Indian Defense: Fianchetto Variation, Panno Variation",True,,>100
wanyaland,M,166,176,"French Defense: Rubinstein Variation, Fort Knox Variation",False,,>100
"Banikas, Hristos",M,64,122,Sicilian Defense: Prins Variation,True,,>100
Vladimir Zhaldybin,M,46,175,Englund Gambit Complex: Hartlaub-Charlick Gambit,True,,>100
cubansboy,M,114,128,Nimzo-Indian Defense: Romanishin Variation,False,,>100
Rekcul,M,34,146,"Lion Defense: Anti-Philidor, Lion's Cave",False,,>100
"Grigoryan, Karen",M,154,127,King's Indian Attack,True,,>100
MHanDaMan,M,58,152,"Pirc Defense: Austrian Attack, Dragon Formation",True,,>100
A_Kukhmazov,M,160,130,"King's Indian Defense: Fianchetto Variation, Classical Fianchetto",True,,>100
"Vallejo Pons, Francisco",M,144,199,"English Opening: Symmetrical Variation, Four Knights Variation",False,,>100
"Danchevski, Orce",M,90,187,Sicilian Defense: Closed,True,,>100
mutdpro,M,271,121,Unknown,False,2498.0,>100
RebeccaHarris,M,138,180,Nimzo-Larsen Attack: Modern Variation #4,True,,>100
Burberry,M,72,182,Bogo-Indian Defense: Grünfeld Variation,False,,>100
"Golizadeh, Asghar",M,114,149,Slav Defense: Modern,False,,>100
G0DZILLA,M,96,281,English Opening: King's English Variation,False,,>100
LaDaf,M,78,117,Philidor Defense: Exchange Variation,False,,>100
Максим Луговской,M,96,153,Queen's Pawn Game: Chigorin Variation,False,,>100
Henry Panesso,M,74,177,Clemenz Opening,False,,>100
