White_Unified_Name,Opponent_Sex,PlyCount,RatingDiff,Opening,IsAggressive,White_Sex,Pairing
"Kumic, Filip",M,90,61,Pirc Defense #4,False,M,Male vs Male
"Kuipers, Eelco",M,100,-30,Sicilian Defense: Mengarini Variation,True,M,Male vs Male
"Boor, Carl",M,88,-172,English Opening: King's English Variation,False,M,Male vs Male
"Velten, Paul",M,124,187,"Queen's Pawn Game: Veresov Attack, Classical Defense",True,M,Male vs Male
"Kumic, Filip",M,54,-333,Caro-Kann Defense: Panov Attack #2,True,M,Male vs Male
"Boor, Carl",M,48,-138,Queen's Pawn Game: Mason Attack,True,M,Male vs Male
"Kumic, Filip",M,90,36,"Philidor Defense: Lion Variation, Shirov Gambit",True,M,Male vs Male
"Kuipers, Eelco",M,70,-60,Sicilian Defense: Mengarini Variation,True,M,Male vs Male
"Velten, Paul",M,70,182,Wade Defense,False,M,Male vs Male
"Korobkin, Maxim",M,82,83,"Queen's Indian Defense: Kasparov-Petrosian Variation, Marco Defense",False,M,Male vs Male
"Kumic, Filip",M,118,-56,Old Benoni Defense,False,M,Male vs Male
"Lewtak, Damian",M,98,-144,Modern Defense,False,M,Male vs Male
"Lewtak, Damian",M,40,-160,"King's Indian, Fianchetto, Classical Variation, 8.e4",True,M,Male vs Male
"Kumic, Filip",M,98,-222,"Gruenfeld Defense: Three Knights Variation, Burille Variation, Reversed Tarrasch",False,M,Male vs Male
"Kumic, Filip",M,32,-140,Queen's Gambit Accepted: Old Variation,True,M,Male vs Male
"Velten, Paul",M,96,154,Queen's Pawn,False,M,Male vs Male
"Kumic, Filip",M,68,-122,Gedult's Opening,False,M,Male vs Male
"Kumic, Filip",M,32,-64,King's Indian Defense: Orthodox Variation,True,M,Male vs Male
"Jorquera, Marcelo",M,88,-231,Caro-Kann Defense: Breyer Variation,False,M,Male vs Male
"Jorquera, Marcelo",M,74,-252,Caro-Kann Defense: Two Knights Attack,True,M,Male vs Male
"Maidel, Anton",M,144,-177,Queen's Gambit Accepted: Janowski-Larsen Variation,True,M,Male vs Male
"Maidel, Anton",M,130,-202,Caro-Kann Defense: Bronstein-Larsen Variation,False,M,Male vs Male
"Syrov, Arkadi",M,116,-167,"Philidor Defense: Lion Variation, Shirov Gambit",True,M,Male vs Male
"Kuipers, Eelco",M,44,179,Mieses Opening: Reversed Rat,False,M,Male vs Male
"Kumic, Filip",M,116,-179,"English Opening: Anglo-Indian Defense, King's Knight Variation",False,M,Male vs Male
"Beerdsen, Thomas",M,152,20,Caro-Kann Defense: Bronstein-Larsen Variation,False,M,Male vs Male
"Kumic, Filip",M,64,-123,Queen's Gambit Accepted: Mannheim Variation,True,M,Male vs Male
"Hirneise, Jens",M,126,17,Ruy Lopez: Berlin Defense #2,False,M,Male vs Male
"Plichta, Kamil",M,58,216,Semi-Slav Defense,False,M,Male vs Male
"Lewtak, Damian",M,46,-173,Indian Game: Tartakower Attack,True,M,Male vs Male
"Lewtak, Damian",M,50,-202,"Pterodactyl Defense: Western, Rhamphorhynchus",False,M,Male vs Male
"Plichta, Kamil",M,30,215,Sicilian Defense: Snyder Variation,True,M,Male vs Male
"Lewtak, Damian",M,56,-173,Modern Defense,False,M,Male vs Male
"Plichta, Kamil",M,74,117,French Defense: Two Knights Variation,False,M,Male vs Male
"Lewtak, Damian",M,114,-81,Modern Defense,False,M,Male vs Male
"Plichta, Kamil",M,70,102,"Queen's Pawn Game: Veresov Attack, Fianchetto Defense",True,M,Male vs Male
"Lewtak, Damian",M,62,-69,Modern Defense,False,M,Male vs Male
"Lewtak, Damian",M,110,-83,Pirc Defense #5,False,M,Male vs Male
"Lewtak, Damian",M,88,-120,Italian Game: Two Knights Defense,False,M,Male vs Male
"Crispin Ferreras, Darvi Abraham",M,126,-181,"Sicilian Defense: Accelerated Dragon, Modern Bc4 Variation",True,M,Male vs Male
"Crispin Ferreras, Darvi Abraham",M,70,-499,"Caro-Kann Defense: Panov Attack, Fianchetto Defense, Fianchetto Gambit",True,M,Male vs Male
"Zografos, Achilleas",M,92,-115,King's Pawn Game: Maroczy Defense,False,M,Male vs Male
"Nogueira, Ivan Kuhlmann",M,74,-335,French Defense: Paulsen Variation,False,M,Male vs Male
"Velten, Paul",M,94,145,"Sicilian Defense: Nyezhmetdinov-Rossolimo Attack, Fianchetto Variation",True,M,Male vs Male
"Tomb, Maroun",M,84,-111,"Ruy Lopez: Classical Variation, Central Variation",False,M,Male vs Male
"Tomb, Maroun",M,68,-143,"English Opening: King's English Variation, Reversed Closed Sicilian",True,M,Male vs Male
"Okike, David",M,56,-87,"French Defense: Winawer Variation, Poisoned Pawn Variation",False,M,Male vs Male
"Wisniacki, Flavio",M,56,-298,"English Opening: Anglo-Indian Defense, King's Knight Variation",False,M,Male vs Male
"Korobkin, Maxim",M,60,104,"Benoni Defense: Modern Variation, Snake Variation",False,M,Male vs Male
"Okike, David",M,58,-8,Sicilian Defense: Najdorf Variation,True,M,Male vs Male
"Okike, David",M,126,-170,"Ruy Lopez: Classical Variation, Central Variation",False,M,Male vs Male
"Kuipers, Eelco",M,114,26,Bishop's Opening,False,M,Male vs Male
"Wisniacki, Flavio",M,110,-187,"English Opening: Symmetrical Variation, Anti-Benoni Variation",False,M,Male vs Male
"Kumic, Filip",M,52,-158,Sicilian Defense: Najdorf Variation,True,M,Male vs Male
"Velten, Paul",M,162,245,Indian Game: Wade-Tartakower Defense,False,M,Male vs Male
"Okike, David",M,42,-231,Philidor Defense: Lion Variation,False,M,Male vs Male
"Tomb, Maroun",M,109,158,"Sicilian Defense: Kan Variation, Knight Variation",True,M,Male vs Male
"Wisniacki, Flavio",M,95,28,"King's Indian Defense: Fianchetto Variation, Yugoslav Variation",True,M,Male vs Male
"Wisniacki, Flavio",M,64,-48,"King's Indian Defense: Fianchetto Variation, Yugoslav Variation",True,M,Male vs Male
"FAWOLE, John Oyeyemi",M,84,-122,"Neo-Gruenfeld Defense: Classical Variation, Modern Defense",False,M,Male vs Male
"Kumic, Filip",M,44,-305,Nimzo-Larsen Attack: Modern Variation #4,True,M,Male vs Male
"Okike, David",M,100,-184,Modern Defense: Standard Defense,False,M,Male vs Male
"Kuipers, Eelco",M,100,93,Torre Attack #2,True,M,Male vs Male
"Posthuma, Joshua",M,50,-122,Indian Game,False,M,Male vs Male
"Beerdsen, Thomas",M,196,-44,"French Defense: Tarrasch Variation, Morozevich Variation",False,M,Male vs Male
"Pourramezanali, Amirreza",M,76,105,"Caro-Kann Defense: Advance Variation, Tal Variation",False,M,Male vs Male
"Pourramezanali, Amirreza",M,48,-12,Queen's Gambit Accepted: Janowski-Larsen Variation,True,M,Male vs Male
"Pourramezanali, Amirreza",M,160,-64,Giuoco Piano,False,M,Male vs Male
"Kuipers, Eelco",M,58,-68,Sicilian Defense,True,M,Male vs Male
"Kuipers, Eelco",M,68,192,Bishop's Opening,False,M,Male vs Male
"Wisniacki, Flavio",M,74,-76,"Sicilian Defense: Accelerated Dragon, Maroczy Bind, Breyer Variation",True,M,Male vs Male
"Wisniacki, Flavio",M,102,-79,"Sicilian Defense: Accelerated Dragon, Maroczy Bind, Breyer Variation",True,M,Male vs Male
"Tomb, Maroun",M,168,54,"French Defense: Tarrasch Variation, Guimard Defense, Main Line",False,M,Male vs Male
"Wisniacki, Flavio",M,86,-143,"English Opening: Symmetrical Variation, Mecking Variation",False,M,Male vs Male
"Ali Marandi, Cemil Can",M,72,2,Zukertort Opening: Kingside Fianchetto,False,M,Male vs Male
"Kuipers, Eelco",M,50,-116,Sicilian Defense: Mengarini Variation,True,M,Male vs Male
"Petronijevic, Zoran",M,150,8,French Defense: Normal Variation,False,M,Male vs Male
"Petronijevic, Zoran",M,94,-14,French Defense: Normal Variation,False,M,Male vs Male
"Pourramezanali, Amirreza",M,90,39,Queen's Pawn Game: Chigorin Variation,False,M,Male vs Male
"Petronijevic, Zoran",M,46,-11,Modern Defense: Pseudo-Austrian Attack,True,M,Male vs Male
"Pourramezanali, Amirreza",M,54,35,Nimzo-Larsen Attack: Modern Variation #2,True,M,Male vs Male
"Petronijevic, Zoran",M,90,-8,Modern Defense: Modern Pterodactyl,False,M,Male vs Male
"Petronijevic, Zoran",M,80,-30,Robatsch (Modern) Defense,False,M,Male vs Male
"Andersen, Gunnar",M,112,98,Slav Defense: Modern,False,M,Male vs Male
"Okike, David",M,124,-200,"French Defense: Rubinstein Variation, Fort Knox Variation",False,M,Male vs Male
"Okike, David",M,130,16,"Sicilian Defense: Kan Variation, Modern Variation",True,M,Male vs Male
"Okike, David",M,60,-26,"Sicilian Defense: Kan Variation, Modern Variation",True,M,Male vs Male
"Okike, David",M,122,-42,"Sicilian Defense: Kan Variation, Modern Variation",True,M,Male vs Male
"Wisniacki, Flavio",M,146,28,"English Opening: Anglo-Indian Defense, King's Indian Formation",True,M,Male vs Male
"Okike, David",M,140,-6,"Sicilian Defense: Kan Variation, Modern Variation",True,M,Male vs Male
"Okike, David",M,80,-24,"Sicilian Defense: Kan Variation, Modern Variation",True,M,Male vs Male
"Wisniacki, Flavio",M,128,44,"English Opening: Anglo-Indian Defense, King's Indian Formation",True,M,Male vs Male
"Wisniacki, Flavio",M,68,-1,"King's Indian Defense: Fianchetto Variation, Simagin Variation",True,M,Male vs Male
"Wisniacki, Flavio",M,74,-77,"King's Indian Defense: Fianchetto Variation, Simagin Variation",True,M,Male vs Male
"Okike, David",M,92,-126,Philidor Defense: Lion Variation,False,M,Male vs Male
"Wisniacki, Flavio",M,140,-291,Zukertort Opening: Pirc Invitation,False,M,Male vs Male
"Korobkin, Maxim",M,118,298,Semi-Slav Defense,False,M,Male vs Male
"Hirneise, Jens",M,154,-99,Alekhine Defense: Exchange Variation,False,M,Male vs Male
"Wisniacki, Flavio",M,80,-79,"English Opening: Symmetrical Variation, Hedgehog Defense",False,M,Male vs Male
"Aumont, Alexandre",M,30,-181,"Sicilian Defense: Accelerated Dragon, Modern Bc4 Variation",True,M,Male vs Male
"Wisniacki, Flavio",M,56,-54,Catalan Opening: Closed Variation,False,M,Male vs Male
"Wisniacki, Flavio",M,86,-90,"English Opening: Agincourt Defense, Neo-Catalan Declined",False,M,Male vs Male
"Moroni, Luca Jr",M,50,116,Nimzo-Larsen Attack: English Variation,True,M,Male vs Male
"Wisniacki, Flavio",M,38,-87,"Queen's Pawn Game: Symmetrical Variation, Pseudo-Catalan",False,M,Male vs Male
"Wisniacki, Flavio",M,68,-119,Semi-Slav Defense,False,M,Male vs Male
"Tomb, Maroun",M,90,61,Philidor Defense: Lion Variation,False,M,Male vs Male
"Moroni, Luca Jr",M,66,-56,Dutch Defense: Leningrad Variation,False,M,Male vs Male
"Caspi, Israel",M,74,75,"French Defense: Classical Variation, Steinitz Variation",False,M,Male vs Male
"Petronijevic, Zoran",M,66,2,Sicilian Defense: Alapin Variation,True,M,Male vs Male
"Kumic, Filip",M,46,20,"Queen's Gambit Declined: Harrwitz Attack, Main Line",True,M,Male vs Male
"Santagati, Alessandro",M,114,-89,"Sicilian Defense: Alapin Variation, Smith-Morra Declined",True,M,Male vs Male
"Wisniacki, Flavio",M,74,-30,"English Opening: Symmetrical Variation, Anti-Benoni Variation",False,M,Male vs Male
"Sevgi, Volkan",M,62,29,Caro-Kann Defense: Two Knights Attack,True,M,Male vs Male
"Kuipers, Eelco",M,42,-154,Sicilian Defense: Mengarini Variation,True,M,Male vs Male
"Okike, David",M,68,-303,"Sicilian Defense: Richter-Rauzer, 6...e6",True,M,Male vs Male
"Kumic, Filip",M,84,-136,Zukertort Opening: Sicilian Invitation,True,M,Male vs Male
"Sariego Figueredo, Wilfredo",M,118,-20,Modern Defense: Standard Defense,False,M,Male vs Male
"Okike, David",M,96,-101,Owen Defense,False,M,Male vs Male
"Plotkin, Mark",M,136,-132,"Sicilian Defense: Najdorf Variation, Adams Attack",True,M,Male vs Male
"Sariego Figueredo, Wilfredo",M,54,-2,Modern Defense: Standard Defense,False,M,Male vs Male
"Kumic, Filip",M,74,-71,"Dutch Defense: Leningrad Variation, Warsaw Variation",False,M,Male vs Male
"Okike, David",M,48,-160,Sicilian Defense: Najdorf Variation,True,M,Male vs Male
"Okike, David",M,62,-192,Sicilian Defense: Najdorf Variation,True,M,Male vs Male
"Okike, David",M,90,-80,Sicilian Defense: Kalashnikov Variation,True,M,Male vs Male
"Sariego Figueredo, Wilfredo",M,78,96,"Sicilian Defense: Nyezhmetdinov-Rossolimo Attack, Fianchetto Variation",True,M,Male vs Male
"Okike, David",M,82,-106,Ruy Lopez: Berlin Defense #2,False,M,Male vs Male
"Okike, David",M,104,-53,Scandinavian Defense: Marshall Variation,False,M,Male vs Male
"Gattass, Allan",M,76,108,Sicilian Defense: Classical Variation,True,M,Male vs Male
"Okike, David",M,118,-70,"Sicilian Defense: Kan Variation, Modern Variation",True,M,Male vs Male
"Okike, David",M,138,-103,Sicilian Defense: Kalashnikov Variation,True,M,Male vs Male
"Sariego Figueredo, Wilfredo",M,62,118,"Sicilian Defense: Alapin Variation, Smith-Morra Declined",True,M,Male vs Male
Hou Ji Yao,M,104,125,"Sicilian Defense: Accelerated Dragon, Modern Bc4 Variation",True,M,Male vs Male
Hou Ji Yao,M,36,97,Sicilian Defense: Classical Variation,True,M,Male vs Male
"Sariego Figueredo, Wilfredo",M,66,47,Queen's Pawn Game: Levitsky Attack,True,M,Male vs Male
"Gattass, Allan",M,98,-23,Sicilian Defense: Kalashnikov Variation,True,M,Male vs Male
"Gattass, Allan",M,94,-189,Alekhine Defense: Exchange Variation,False,M,Male vs Male
"Wisniacki, Flavio",M,128,-277,"English Opening: Anglo-Indian Defense, Queen's Knight Variation",False,M,Male vs Male
"Gattass, Allan",M,112,-133,"Sicilian Defense: Canal Attack, Main Line",True,M,Male vs Male
"Moiseenko, Vadim",M,82,100,"Sicilian Defense: Lasker-Pelikan Variation, Sveshnikov Variation, Chelyabinsk Variation",True,M,Male vs Male
"Velten, Paul",M,100,-55,Pirc Defense: Classical Variation,False,M,Male vs Male
"Moiseenko, Vadim",M,140,74,Sicilian Defense: Old Sicilian,True,M,Male vs Male
"Velten, Paul",M,102,-47,Queen's Pawn Game: Symmetrical Variation,False,M,Male vs Male
"Moiseenko, Vadim",M,78,67,Rat Defense: Antal Defense,False,M,Male vs Male
"Moiseenko, Vadim",M,150,14,Modern Defense,False,M,Male vs Male
"Moiseenko, Vadim",M,44,-42,"Italian Game: Two Knights Defense, Modern Bishop's Opening",False,M,Male vs Male
"Sariego Figueredo, Wilfredo",M,90,-195,Queen's Pawn Game: Levitsky Attack,True,M,Male vs Male
"Sariego Figueredo, Wilfredo",M,68,-232,Trompowsky Attack,True,M,Male vs Male
"Sariego Figueredo, Wilfredo",M,50,-212,Trompowsky Attack,True,M,Male vs Male
"Kuipers, Eelco",M,80,-112,Old Benoni Defense,False,M,Male vs Male
"Wisniacki, Flavio",M,82,-221,Zukertort Opening: Dutch Variation,False,M,Male vs Male
"Aydincelebi, Kagan",M,126,-309,"Sicilian Defense: Canal Attack, Main Line",True,M,Male vs Male
"Okike, David",M,121,-112,Sicilian Defense: Kupreichik Variation,True,M,Male vs Male
"Okike, David",M,56,-101,"French Defense: Steinitz Variation, Boleslavsky Variation",False,M,Male vs Male
"Okike, David",M,64,-134,"Sicilian Defense: Accelerated Dragon, Exchange Variation",True,M,Male vs Male
"Martinez Romero, Martin",M,70,124,Zukertort Opening: Double Fianchetto Attack,True,M,Male vs Male
"Kozusek, Daniel",M,90,-10,"Sicilian Defense: Scheveningen Variation, Delayed Keres Attack",True,M,Male vs Male
"Gattass, Allan",M,112,17,Scandinavian Defense,False,M,Male vs Male
"Gattass, Allan",M,62,-26,"English Opening: King's English Variation, Closed System",False,M,Male vs Male
"Gattass, Allan",M,48,-45,Nimzo-Indian Defense: Leningrad Variation,False,M,Male vs Male
"Sariego Figueredo, Wilfredo",M,132,63,"Sicilian Defense: Smith-Morra Gambit Declined, Push Variation",True,M,Male vs Male
"Gattass, Allan",M,64,-69,"Queen's Gambit Refused: Chigorin Defense, Tartakower Gambit",True,M,Male vs Male
"Sariego Figueredo, Wilfredo",M,84,49,Trompowsky Attack: Classical Defense,True,M,Male vs Male
"Sariego Figueredo, Wilfredo",M,16,89,Trompowsky Attack: Raptor Variation,True,M,Male vs Male
"Sariego Figueredo, Wilfredo",M,88,-142,Pirc Defense #2,False,M,Male vs Male
"Korobkin, Maxim",M,62,157,Reti Opening: Advance Variation,False,M,Male vs Male
"Okike, David",M,106,-34,"Sicilian Defense: Najdorf Variation, Poisoned Pawn Variation",True,M,Male vs Male
"Okike, David",M,10,-63,Sicilian Defense: Loewenthal Variation,True,M,Male vs Male
"Okike, David",M,86,-95,Ruy Lopez: Closed,False,M,Male vs Male
"Gattass, Allan",M,116,109,Sicilian Defense: Classical Variation,True,M,Male vs Male
"Okike, David",M,88,-84,Sicilian Defense: Kalashnikov Variation,True,M,Male vs Male
"Gattass, Allan",M,130,68,"Sicilian Defense: Classical Variation, Fianchetto Variation",True,M,Male vs Male
"Hirneise, Jens",M,130,225,Sicilian Defense: Richter-Rauzer Variation,True,M,Male vs Male
"Okike, David",M,114,-314,"French Defense: Classical Variation, Svenonius Variation",False,M,Male vs Male
"Okike, David",M,46,-223,"Alekhine Defense: Modern Variation, Larsen Variation",False,M,Male vs Male
"Okike, David",M,98,-243,"Pterodactyl Defense: Eastern, Rhamphorhynchus",False,M,Male vs Male
"Okike, David",M,92,-260,"Alekhine Defense: Modern Variation, Larsen Variation",False,M,Male vs Male
"Okike, David",M,104,-278,"Ruy Lopez: Morphy Defense, Breyer Defense, Zaitsev Hybrid",False,M,Male vs Male
"Hirneise, Jens",M,86,122,"Sicilian Defense: Kan Variation, Knight Variation",True,M,Male vs Male
"Okike, David",M,35,-252,"Sicilian Defense: Kan Variation, Modern Variation",True,M,Male vs Male
"Maidel, Anton",M,84,-199,"Queen's Pawn Game: Symmetrical Variation, Pseudo-Catalan",False,M,Male vs Male
"Maidel, Anton",M,132,-225,French Defense: Paulsen Variation,False,M,Male vs Male
"Velten, Paul",M,79,236,Slav Defense #2,False,M,Male vs Male
"Vargas Arteaga, Alexis",M,34,-21,"Italian Game: Classical Variation, Giuoco Pianissimo",False,M,Male vs Male
"Sariego Figueredo, Wilfredo",M,66,41,Benoni Defense: Benoni Gambit Accepted,True,M,Male vs Male
"Vargas Arteaga, Alexis",M,78,-17,Sicilian Defense: Loewenthal Variation,True,M,Male vs Male
"Sariego Figueredo, Wilfredo",M,144,27,Trompowsky Attack: Classical Defense,True,M,Male vs Male
"Gattass, Allan",M,62,54,Sicilian Defense: French Variation,True,M,Male vs Male
"Sariego Figueredo, Wilfredo",M,82,-30,Trompowsky Attack,True,M,Male vs Male
"Molaei, Mohammadamin",M,70,-82,Queen's Gambit Accepted: Showalter Variation,True,M,Male vs Male
"Molaei, Mohammadamin",M,86,-139,Catalan Opening,False,M,Male vs Male
"Molaei, Mohammadamin",M,66,-183,"Queen's Indian Defense: Fianchetto Variation, Nimzowitsch Variation",False,M,Male vs Male
"Molaei, Mohammadamin",M,64,-184,Queen's Gambit Accepted,True,M,Male vs Male
"Molaei, Mohammadamin",M,62,-218,Queen's Gambit Accepted,True,M,Male vs Male
"Molaei, Mohammadamin",M,78,-246,"Queen's Indian Defense: Fianchetto Variation, Nimzowitsch Variation, Quiet Line",False,M,Male vs Male
"Sariego Figueredo, Wilfredo",M,88,-39,Queen's Pawn Game: Levitsky Attack,True,M,Male vs Male
"Sariego Figueredo, Wilfredo",M,72,-79,Queen's Pawn Game: Levitsky Attack,True,M,Male vs Male
"Kozusek, Daniel",M,78,13,Sicilian Defense: Kalashnikov Variation,True,M,Male vs Male
"Okike, David",M,32,-243,"Scandinavian Defense: Portuguese Variation, Portuguese Gambit",True,M,Male vs Male
"Wisniacki, Flavio",M,86,-143,Reti Opening #2,False,M,Male vs Male
"Okike, David",M,96,-87,"Sicilian Defense: Dragon Variation, Yugoslav Attack, Panov Variation",True,M,Male vs Male
"Gorodetzky, David",M,94,188,"Queen's Gambit Refused: Chigorin Defense, Exchange Variation",True,M,Male vs Male
"Zimmermann, Julian",M,38,-253,"French Defense: Tarrasch Variation, Morozevich Variation",False,M,Male vs Male
"Okike, David",M,70,-151,"Ruy Lopez: Closed Variations, Keres Defense",False,M,Male vs Male
"Okike, David",M,50,-225,"Sicilian Defense: Dragon Variation, Yugoslav Attack, Panov Variation",True,M,Male vs Male
"Okike, David",M,80,-244,Sicilian Defense: Najdorf Variation,True,M,Male vs Male
"Okike, David",M,68,-262,Sicilian Defense: Modern Variations,True,M,Male vs Male
"Okike, David",M,74,-278,Sicilian Defense: Modern Variations,True,M,Male vs Male
"Okike, David",M,86,-293,Sicilian Defense: Najdorf Variation,True,M,Male vs Male
"Okike, David",M,124,-308,Sicilian Defense: Najdorf Variation,True,M,Male vs Male
"Okike, David",M,124,-321,Sicilian Defense: Modern Variations,True,M,Male vs Male
"Plichta, Kamil",M,86,88,Nimzo-Indian Defense: Three Knights Variation,False,M,Male vs Male
"Beerdsen, Thomas",M,64,-51,"Sicilian Defense: Najdorf Variation, English Attack",True,M,Male vs Male
"Kostin, Konstantin",M,14,134,Queen's Gambit Accepted: Deferred Variation,True,M,Male vs Male
"Nedev, Tanio",M,90,-103,Nimzo-Indian Defense: Classical Variation,False,M,Male vs Male
"Kostin, Konstantin",M,122,120,Queen's Pawn Game: Mason Attack,True,M,Male vs Male
"Nedev, Tanio",M,66,-90,Old Indian Defense,False,M,Male vs Male
"Kostin, Konstantin",M,56,93,English Opening: Agincourt Defense #2,False,M,Male vs Male
"Wisniacki, Flavio",M,92,-86,"Queen's Gambit Refused: Chigorin Defense, Main Line",True,M,Male vs Male
"Sariego Figueredo, Wilfredo",M,26,-58,Trompowsky Attack,True,M,Male vs Male
"Velten, Paul",M,116,53,"King's Indian Defense: Normal Variation, King's Knight Variation",True,M,Male vs Male
"Gattass, Allan",M,80,6,"English Opening: King's English Variation, Reversed Closed Sicilian",True,M,Male vs Male
"Velten, Paul",M,84,238,"Queen's Pawn Game: Torre Attack, Gruenfeld Variation, Main Line",True,M,Male vs Male
"Malmstig, Erik",M,70,-109,"Queen's Pawn Game: Symmetrical Variation, Pseudo-Catalan",False,M,Male vs Male
"Okike, David",M,124,-131,"Sicilian Defense: Lasker-Pelikan Variation, Sveshnikov Variation, Novosibirsk Variation",True,M,Male vs Male
"Sariego Figueredo, Wilfredo",M,44,-192,Trompowsky Attack,True,M,Male vs Male
"Sariego Figueredo, Wilfredo",M,36,-87,Trompowsky Attack: Raptor Variation,True,M,Male vs Male
"Miron, Lucian-Costin",M,48,171,Nimzo-Indian Defense: Classical Variation,False,M,Male vs Male
"Jovic, Stevan",M,66,104,"Gruenfeld Defense: Brinckmann Attack, Gruenfeld Gambit",True,M,Male vs Male
"Kozusek, Daniel",M,66,-302,"Nimzo-Indian Defense: Three Knights Variation, Duchamp Variation, Modern Line",False,M,Male vs Male
"Vargas Arteaga, Alexis",M,122,25,Sicilian Defense: Najdorf Variation,True,M,Male vs Male
"Vargas Arteaga, Alexis",M,48,-23,Sicilian Defense: Najdorf Variation,True,M,Male vs Male
"Velten, Paul",M,136,263,Queen's Pawn,False,M,Male vs Male
"Jovic, Stevan",M,60,-196,Old Indian Defense,False,M,Male vs Male
"Wisniacki, Flavio",M,126,-272,English Opening: King's English Variation,False,M,Male vs Male
"Okike, David",M,56,-218,"Ruy Lopez: Closed Variations, Keres Defense",False,M,Male vs Male
"Oboladze, Luka",M,40,-214,Sicilian Defense: Velimirovic Attack,True,M,Male vs Male
"Okike, David",M,72,-173,"Ruy Lopez: Closed Variations, Keres Defense",False,M,Male vs Male
"Zografos, Achilleas",M,84,-180,"Nimzo-Indian Defense: Spielmann Variation, Karlsbad Variation",False,M,Male vs Male
"Kumic, Filip",M,74,95,Sicilian Defense: Kramnik Variation,True,M,Male vs Male
"Velten, Paul",M,148,214,Sicilian Defense,True,M,Male vs Male
"Kuipers, Eelco",M,42,-1,Indian Game: Spielmann-Indian,False,M,Male vs Male
"Jegorovas, Aleksandras",M,38,174,Slav Defense: Exchange Variation,False,M,Male vs Male
"Wisniacki, Flavio",M,74,-144,English Opening: Anglo-Indian Defense,False,M,Male vs Male
"Jegorovas, Aleksandras",M,78,157,Slav Defense: Exchange Variation,False,M,Male vs Male
"Kumic, Filip",M,120,-134,Zukertort Opening: Sicilian Invitation,True,M,Male vs Male
"Okara, Andrey",M,28,-128,"French Defense: Tarrasch Variation, Chistyakov Defense",False,M,Male vs Male
"Okike, David",M,57,-94,Caro-Kann Defense: Exchange Variation,False,M,Male vs Male
"Okike, David",M,94,-453,French Defense: Paulsen Variation,False,M,Male vs Male
"Krzyzanowski, Marcin",M,130,122,Catalan Opening,False,M,Male vs Male
"Kumic, Filip",M,46,-93,Sicilian Defense: Hyperaccelerated Fianchetto,True,M,Male vs Male
"Ermolaev, Andrey",M,74,62,Queen's Pawn,False,M,Male vs Male
"Punin, Andrii",M,30,-34,"King's Gambit, Falkbeer Countergambit, Charousek Gambit, Morphy Defense",True,M,Male vs Male
"Vargas Arteaga, Alexis",M,108,-153,Queen's Indian Defense: Spassky System,False,M,Male vs Male
"Vargas Arteaga, Alexis",M,94,-181,Scotch Game: Mieses Variation,False,M,Male vs Male
"Vargas Arteaga, Alexis",M,84,-162,"Caro-Kann Defense: Advance Variation, Bayonet Attack",True,M,Male vs Male
"Vargas Arteaga, Alexis",M,43,-189,Four Knights Game: Italian Variation,False,M,Male vs Male
"Paszewski, Mateusz",M,16,-69,English Opening: King's English Variation,False,M,Male vs Male
"Ermolaev, Andrey",M,48,86,"Sicilian Defense: Accelerated Dragon, Modern Bc4 Variation",True,M,Male vs Male
"Ermolaev, Andrey",M,56,91,"French Defense: Steinitz Variation, Boleslavsky Variation",False,M,Male vs Male
"Okike, David",M,32,-344,Modern Defense: Pseudo-Austrian Attack,True,M,Male vs Male
"Okike, David",M,162,-355,Modern Defense: Standard Defense,False,M,Male vs Male
"Okike, David",M,160,-364,Modern Defense: Standard Defense,False,M,Male vs Male
"Okike, David",M,118,-375,Sicilian Defense: Hyperaccelerated Fianchetto,True,M,Male vs Male
"Trkulja, Goran",M,64,-264,Modern Defense: Standard Defense,False,M,Male vs Male
"Gattass, Allan",M,80,-6,Dutch Defense,False,M,Male vs Male
"Gattass, Allan",M,73,-2,"Dutch Defense: Stonewall Variation, Modern Variation",False,M,Male vs Male
"Marcelin, Cyril",M,58,23,Nimzo-Larsen Attack: Classical Variation,True,M,Male vs Male
"Gattass, Allan",M,70,0,Owen Defense,False,M,Male vs Male
"Marcelin, Cyril",M,84,22,Saragossa Opening,False,M,Male vs Male
"Gattass, Allan",M,116,0,Owen Defense,False,M,Male vs Male
"Marcelin, Cyril",M,22,-61,Queen's Pawn,False,M,Male vs Male
"Korobkin, Maxim",M,106,78,Dutch Defense,False,M,Male vs Male
"Ustinov, Alexey",M,104,-85,Nimzo-Indian Defense: Classical Variation,False,M,Male vs Male
"Okara, Andrey",M,74,131,Alekhine Defense: Mokele Mbembe,False,M,Male vs Male
"Trkulja, Goran",M,48,-208,King's Indian Defense: Exchange Variation,True,M,Male vs Male
"Trkulja, Goran",M,66,-229,Zukertort Opening: Kingside Fianchetto,False,M,Male vs Male
"Trkulja, Goran",M,96,-250,Modern Defense: Standard Defense,False,M,Male vs Male
"Kozusek, Daniel",M,64,-96,Gruenfeld Defense: Russian Variation,False,M,Male vs Male
"Plichta, Kamil",M,26,87,"Caro-Kann Defense: Advance Variation, Tal Variation",False,M,Male vs Male
"Plichta, Kamil",M,58,31,"Slav Defense: Czech Variation, Wiesbaden Variation, Sharp Line",False,M,Male vs Male
"Jovic, Stevan",M,116,-7,King's Indian Defense: Orthodox Variation,True,M,Male vs Male
"Jovic, Stevan",M,132,-62,Queen's Pawn,False,M,Male vs Male
Minh Le,M,180,-2,Semi-Slav Defense: Chigorin Defense,False,F,Female vs Male
"Okike, David",M,38,-290,Philidor Defense: Lion Variation,False,M,Male vs Male
"Kuipers, Stefan",M,88,-93,Ruy Lopez: Schliemann Defense,False,M,Male vs Male
"Hadzovic, Amir",M,96,-112,King's Knight Opening: Normal Variation,False,M,Male vs Male
"Hadzovic, Amir",M,106,-129,Alekhine Defense: Scandinavian Variation,False,M,Male vs Male
"Kumic, Filip",M,132,88,Italian Game: Two Knights Defense,False,M,Male vs Male
"Hadzovic, Amir",M,110,-45,Pirc Defense #4,False,M,Male vs Male
"Kumic, Filip",M,48,63,"Ruy Lopez: Exchange, Alekhine Variation",False,M,Male vs Male
"Ermolaev, Andrey",M,54,-31,"French Defense: Classical Variation, Steinitz Variation",False,M,Male vs Male
"Ermolaev, Andrey",M,50,-69,Queen's Pawn Game: Chigorin Variation,False,M,Male vs Male
"Krzyzanowski, Marcin",M,52,69,"French Defense: MacCutcheon, Advance Variation",False,M,Male vs Male
"Ermolaev, Andrey",M,94,-43,Indian Game: Reversed Chigorin Defense,False,M,Male vs Male
"Ermolaev, Andrey",M,80,-47,Queen's Pawn Game: Chigorin Variation,False,M,Male vs Male
"Soukup, Jiri",M,74,-68,Sicilian Defense: Hyperaccelerated Dragon,True,M,Male vs Male
"Perrine, Dalton",M,14,86,King's Indian Attack,True,M,Male vs Male
"Krzyzanowski, Marcin",M,74,43,"Sicilian Defense: Dragon Variation, Levenfish Variation",True,M,Male vs Male
"Krzyzanowski, Marcin",M,90,-4,Sicilian Defense: Najdorf Variation,True,M,Male vs Male
"Khlebovich, Alexander",M,68,25,Slav Defense: Quiet Variation,False,M,Male vs Male
"Khlebovich, Alexander",M,146,-20,"English Opening: Symmetrical Variation, Anti-Benoni Variation",False,M,Male vs Male
"Krzyzanowski, Marcin",M,104,39,"Sicilian Defense: Dragon Variation, Levenfish Variation",True,M,Male vs Male
"Khlebovich, Alexander",M,112,-16,Indian Game: Spielmann-Indian,False,M,Male vs Male
"Krzyzanowski, Marcin",M,86,36,"Sicilian Defense: Dragon Variation, Yugoslav Attack, Old Line",True,M,Male vs Male
"Khlebovich, Alexander",M,108,-12,Indian Game: Spielmann-Indian,False,M,Male vs Male
"Krzyzanowski, Marcin",M,48,33,English Opening: Symmetrical Variation,False,M,Male vs Male
"Okike, David",M,138,-147,"Sicilian Defense: French Variation, Normal",True,M,Male vs Male
"Boraso, Alessio",M,76,-162,Nimzo-Larsen Attack: Modern Variation #4,True,M,Male vs Male
"Boraso, Alessio",M,134,-187,"Ruy Lopez: Exchange Variation, Gligoric Variation",False,M,Male vs Male
"Okike, David",M,68,-95,"French Defense: Winawer Variation, Retreat Variation",False,M,Male vs Male
"Gattass, Allan",M,98,-102,"King's Indian Defense: Fianchetto Variation, Simagin Variation",True,M,Male vs Male
"Jegorovas, Aleksandras",M,64,-135,Bogo-Indian Defense: Gruenfeld Variation,False,M,Male vs Male
"Wisniacki, Flavio",M,48,-164,"English Opening: Anglo-Indian Defense, King's Indian Formation",True,M,Male vs Male
"Zwirs, Nico",M,112,-156,Alekhine Defense: Exchange Variation,False,M,Male vs Male
"Givon, Asaf",M,112,171,"Sicilian Defense: Najdorf Variation, English Attack",True,M,Male vs Male
"Zwirs, Nico",M,44,-135,Alekhine Defense: Scandinavian Variation,False,M,Male vs Male
"Punin, Andrii",M,60,-16,Owen Defense,False,M,Male vs Male
"Marcelin, Cyril",M,78,37,"Caro-Kann Defense: Two Knights Attack, Mindeno Variation, Exchange Line",True,M,Male vs Male
"Hosseinzadeh, Nima",M,114,162,"Sicilian Defense: Sozin, not Scheveningen",True,M,Male vs Male
"Zwirs, Nico",M,86,-104,"Italian Game: Two Knights Defense, Modern Bishop's Opening",False,M,Male vs Male
"Kuipers, Stefan",M,54,88,"French Defense: Steinitz Variation, Boleslavsky Variation",False,M,Male vs Male
"Soukup, Jiri",M,134,-67,"Sicilian Defense: Najdorf Variation, Zagreb (Fianchetto) Variation",True,M,Male vs Male
"Soukup, Jiri",M,34,-106,Sicilian Defense: Lasker-Dunne Attack,True,M,Male vs Male
"Krzyzanowski, Marcin",M,126,-68,Sicilian Defense: Najdorf Variation,True,M,Male vs Male
"Neugebauer, Martin",M,106,-147,Alekhine Defense #2,False,M,Male vs Male
"Karttunen, Mika",M,86,162,"Sicilian Defense: Najdorf Variation, Adams Attack",True,M,Male vs Male
"Vukcevic, Nemanja",M,64,66,Sicilian Defense: Najdorf Variation,True,M,Male vs Male
"Karttunen, Mika",M,124,-80,French Defense: Burn Variation,False,M,Male vs Male
"Sebenik, Matej",M,90,98,"Benko Gambit Accepted, Fully Accepted Variation",True,M,Male vs Male
"Karttunen, Mika",M,112,-69,"French Defense: Steinitz Variation, Boleslavsky Variation",False,M,Male vs Male
"Sebenik, Matej",M,70,88,"Benko Gambit Accepted, Fully Accepted Variation",True,M,Male vs Male
"Sebenik, Matej",M,64,33,"Benko Gambit Accepted, Fully Accepted Variation",True,M,Male vs Male
"Gattass, Allan",M,84,-325,"Scotch Game: Scotch Gambit, Sarratt Variation",True,M,Male vs Male
"Marcelin, Cyril",M,84,8,Hungarian Opening: Indian Defense,False,M,Male vs Male
"Marcelin, Cyril",M,86,-33,Nimzo-Larsen Attack: Modern Variation #4,True,M,Male vs Male
"Zografos, Achilleas",M,80,-190,Sicilian Defense: Alapin Variation,True,M,Male vs Male
"Servat, Roberto",M,74,9,"French Defense: Advance Variation, Euwe Variation",False,M,Male vs Male
"Ermolaev, Andrey",M,70,14,"French Defense: Classical Variation, Steinitz Variation",False,M,Male vs Male
"Ermolaev, Andrey",M,70,111,Queen's Pawn Game: Chigorin Variation,False,M,Male vs Male
"Ermolaev, Andrey",M,110,118,Queen's Pawn,False,M,Male vs Male
"Nogueira, Ivan Kuhlmann",M,136,-85,Ware Opening,False,M,Male vs Male
"Okike, David",M,52,-182,"Ruy Lopez: Closed Variations, Keres Defense",False,M,Male vs Male
"Servat, Roberto",M,82,193,"Sicilian Defense: Nyezhmetdinov-Rossolimo Attack, Fianchetto Variation",True,M,Male vs Male
"Okike, David",M,74,-303,"Caro-Kann Defense: Advance Variation, Tal Variation",False,M,Male vs Male
"Okike, David",M,44,-185,French Defense: Paulsen Variation,False,M,Male vs Male
"Jegorovas, Aleksandras",M,96,196,Yusupov-Rubinstein System,False,M,Male vs Male
"Okike, David",M,92,-234,"Sicilian Defense: Dragon Variation, Yugoslav Attack, Panov Variation",True,M,Male vs Male
"Ali, Muhammad Lutfi",M,76,243,Sicilian Defense: Richter-Rauzer Variation,True,M,Male vs Male
"Jovic, Stevan",M,114,-183,"Nimzo-Indian Defense: Normal Variation, Gligoric System",False,M,Male vs Male
"Okike, David",M,110,-191,"Ruy Lopez: Morphy Defense, Chigorin Defense, Panov System",False,M,Male vs Male
"Servat, Roberto",M,58,251,Sicilian Defense: Richter-Rauzer Variation,True,M,Male vs Male
"Okike, David",M,70,-219,"Ruy Lopez: Morphy Defense, Chigorin Defense, Panov System",False,M,Male vs Male
"Kumic, Filip",M,56,197,English Opening: King's English Variation,False,M,Male vs Male
"Ermolaev, Andrey",M,84,-72,Queen's Pawn Game: Chigorin Variation,False,M,Male vs Male
"Kuipers, Stefan",M,44,79,"French Defense: Horwitz Attack, Papa-Ticulat Gambit",True,M,Male vs Male
"Ermolaev, Andrey",M,74,-93,Indian Game: Reversed Chigorin Defense,False,M,Male vs Male
"Ermolaev, Andrey",M,118,-124,Indian Game: Reversed Chigorin Defense,False,M,Male vs Male
"Ermolaev, Andrey",M,52,-6,Pirc Defense #2,False,M,Male vs Male
"Ermolaev, Andrey",M,62,-46,Queen's Pawn,False,M,Male vs Male
"Kumic, Filip",M,32,34,Sicilian Defense: Najdorf Variation,True,M,Male vs Male
"Karttunen, Mika",M,120,-197,French Defense: Paulsen Variation,False,M,Male vs Male
"Velten, Paul",M,100,211,"Benoni Defense: Benoni-Indian Defense, Kingside Move Order",False,M,Male vs Male
"Karttunen, Mika",M,96,-173,French Defense: Paulsen Variation,False,M,Male vs Male
Hou Ji Yao,M,56,-90,"French Defense: Tarrasch Variation, Chistyakov Defense",False,M,Male vs Male
"Perrine, Dalton",M,82,-257,King's Indian Attack,True,M,Male vs Male
"Perrine, Dalton",M,68,-275,Reti Opening #2,False,M,Male vs Male
"Perrine, Dalton",M,72,-292,King's Indian Attack: Symmetrical Defense,True,M,Male vs Male
"Perrine, Dalton",M,66,-308,"Queen's Pawn Game: Symmetrical Variation, Pseudo-Catalan",False,M,Male vs Male
"Perrine, Dalton",M,60,-323,King's Indian Attack,True,M,Male vs Male
"Kumic, Filip",M,68,150,Zukertort Opening: Sicilian Invitation,True,M,Male vs Male
"Kalvaitis, Sigitas",M,80,-48,Sicilian Defense: Canal-Sokolsky Attack,True,M,Male vs Male
"Kalvaitis, Sigitas",M,50,-64,Sicilian Defense: Delayed Alapin,True,M,Male vs Male
"Jegorovas, Aleksandras",M,150,-84,King's Indian Defense: Orthodox Variation,True,M,Male vs Male
"Okike, David",M,130,-184,Sicilian Defense: Loewenthal Variation,True,M,Male vs Male
"Okike, David",M,112,-205,Sicilian Defense: Kalashnikov Variation,True,M,Male vs Male
"Okike, David",M,32,-223,Sicilian Defense: Najdorf Variation,True,M,Male vs Male
"Mihok, Oliver",M,88,-19,Sicilian Defense: Old Sicilian,True,M,Male vs Male
"Soukup, Jiri",M,38,-185,"Sicilian Defense: Najdorf Variation, Zagreb (Fianchetto) Variation",True,M,Male vs Male
"Okike, David",M,140,-106,Sicilian Defense: Najdorf Variation,True,M,Male vs Male
"Aydincelebi, Kagan",M,62,-264,French Defense: Paulsen Variation,False,M,Male vs Male
"Sebenik, Matej",M,58,-9,"Benko Gambit Accepted, Fully Accepted Variation",True,M,Male vs Male
"Mihok, Oliver",M,48,27,Richter-Veresov Attack,True,M,Male vs Male
"Sebenik, Matej",M,66,-1,Zukertort Opening: Kingside Fianchetto,False,M,Male vs Male
"Mihok, Oliver",M,78,25,Sicilian Defense,True,M,Male vs Male
"Slizhevsky, Alexander",M,92,-163,"Sicilian Defense: Najdorf Variation, English Attack",True,M,Male vs Male
"Okike, David",M,119,-317,Philidor Defense: Lion Variation,False,M,Male vs Male
"Zwirs, Nico",M,120,-140,"Sicilian Defense: Kan Variation, Knight Variation",True,M,Male vs Male
"Velten, Paul",M,63,157,Pirc Defense: Classical Variation,False,M,Male vs Male
"Okike, David",M,106,-143,Sicilian Defense: Najdorf Variation,True,M,Male vs Male
"Okike, David",M,70,-334,"Scandinavian Defense: Portuguese Variation, Portuguese Gambit",True,M,Male vs Male
"Zwirs, Nico",M,68,10,Torre Attack #2,True,M,Male vs Male
"Sebenik, Matej",M,102,18,Torre Attack,True,M,Male vs Male
"Zwirs, Nico",M,42,10,"Italian Game: Classical Variation, Giuoco Pianissimo",False,M,Male vs Male
"Okike, David",M,136,-250,Philidor Defense: Larsen Variation,False,M,Male vs Male
"Zwirs, Nico",M,86,259,Sicilian Defense: Old Sicilian,True,M,Male vs Male
"Boraso, Alessio",M,112,-105,"Ruy Lopez: Exchange Variation, Gligoric Variation",False,M,Male vs Male
"Slizhevsky, Alexander",M,60,119,Sicilian Defense: Richter-Rauzer Variation,True,M,Male vs Male
"Gattass, Allan",M,98,-72,"Ruy Lopez: Morphy Defense, Bayreuth Variation",False,M,Male vs Male
"Servat, Roberto",M,72,91,"Sicilian Defense: Richter-Rauzer Variation, Classical Variation",True,M,Male vs Male
"Gattass, Allan",M,98,-62,Ponziani Opening: Jaenisch Counterattack,False,M,Male vs Male
"Hapaku, Charles",M,58,-165,Zukertort Opening: Sicilian Invitation,True,M,Male vs Male
"Hapaku, Charles",M,94,-396,"Reti Opening: Anglo-Slav Variation, Bogoljubov Variation, III",False,M,Male vs Male
"Velten, Paul",M,128,400,Pirc Defense: Classical Variation,False,M,Male vs Male
"Ermolaev, Andrey",M,134,43,Indian Game: Reversed Chigorin Defense,False,M,Male vs Male
"Kozusek, Daniel",M,64,-19,Englund Gambit,True,M,Male vs Male
"Maidel, Anton",M,70,-61,"French Defense: Classical Variation, Steinitz Variation",False,M,Male vs Male
"Marcelin, Cyril",M,114,54,Queen's Pawn Game: Colle System,False,M,Male vs Male
"Hapaku, Charles",M,36,-117,"Nimzo-Indian Defense: Classical Variation, Noa Variation",False,M,Male vs Male
"Okike, David",M,60,-344,French Defense: Paulsen Variation,False,M,Male vs Male
"Okike, David",M,102,-355,"French Defense: Classical Variation, Svenonius Variation",False,M,Male vs Male
"Okike, David",M,80,-331,French Defense: Paulsen Variation,False,M,Male vs Male
"Okike, David",M,124,-344,French Defense: Paulsen Variation,False,M,Male vs Male
"Okike, David",M,42,-356,Sicilian Defense #2,True,M,Male vs Male
"Velten, Paul",M,64,361,"Trompowsky Attack: Classical Defense, Big Center Variation",True,M,Male vs Male
"Okike, David",M,34,-317,"Caro-Kann Defense: Advance Variation, Botvinnik-Carls Defense",False,M,Male vs Male
"Okike, David",M,40,-332,"Pterodactyl Defense: Eastern, Rhamphorhynchus",False,M,Male vs Male
"Okike, David",M,62,-345,Sicilian Defense #2,True,M,Male vs Male
"Okike, David",M,102,-357,Sicilian Defense #2,True,M,Male vs Male
"Okike, David",M,142,-369,Caro-Kann Defense,False,M,Male vs Male
"Okike, David",M,102,-293,"French Defense: Winawer Variation, Advance Variation",False,M,Male vs Male
"Taher, Yoseph Theolifus",M,50,-229,"English Opening: Symmetrical Variation, Botvinnik System",False,M,Male vs Male
"Neugebauer, Martin",M,88,181,Sicilian Defense: Richter-Rauzer Variation,True,M,Male vs Male
"Okike, David",M,120,-156,Sicilian Defense: Najdorf Variation,True,M,Male vs Male
"Okike, David",M,106,-162,Sicilian Defense: Najdorf Variation,True,M,Male vs Male
"Neugebauer, Martin",M,50,173,"Sicilian Defense: Nyezhmetdinov-Rossolimo Attack, Fianchetto Variation",True,M,Male vs Male
"Sebenik, Matej",M,118,107,"Sicilian Defense: Najdorf Variation, Adams Attack",True,M,Male vs Male
"Kumic, Filip",M,62,-80,"King's Indian Defense: Orthodox Variation, Aronin-Taimanov Defense",True,M,Male vs Male
"Aydincelebi, Kagan",M,46,-139,French Defense: Burn Variation,False,M,Male vs Male
"Zubritskiy, Artyom",M,116,367,Catalan Opening,False,M,Male vs Male
"Zubritskiy, Artyom",M,138,199,Queen's Gambit Declined: Harrwitz Attack,True,M,Male vs Male
"Krykun, Yuriy",M,80,-152,Reti Opening,False,M,Male vs Male
"Poetsch, Hagen",M,152,166,Nimzowitsch Defense: Williams Variation,False,M,Male vs Male
"Okike, David",M,20,-357,French Defense: Paulsen Variation,False,M,Male vs Male
"Okike, David",M,112,-368,French Defense: Paulsen Variation,False,M,Male vs Male
"Zimmermann, Julian",M,36,79,Sicilian Defense: Old Sicilian,True,M,Male vs Male
"Neugebauer, Martin",M,86,-151,"Ruy Lopez: Morphy Defense, Chigorin Defense, Panov System",False,M,Male vs Male
"Neugebauer, Martin",M,110,-177,"Nimzo-Indian Defense: Normal Variation, Bishop Attack",True,M,Male vs Male
"Gattass, Allan",M,62,-110,Indian Game: Pseudo-Benko,False,M,Male vs Male
"Posthuma, Joshua",M,64,24,"Catalan Opening: Closed, Sokolsky Variation",False,M,Male vs Male
"Posthuma, Joshua",M,80,-31,"Pirc Defense: Austrian Attack, Unzicker Attack",True,M,Male vs Male
"Posthuma, Joshua",M,32,-78,Nimzo-Larsen Attack,True,M,Male vs Male
"Moiseenko, Vadim",M,58,-62,"Sicilian Defense: Najdorf Variation, Zagreb (Fianchetto) Variation",True,M,Male vs Male
"Okike, David",M,70,-271,"Ruy Lopez: Closed Variations, Keres Defense",False,M,Male vs Male
"Okike, David",M,64,-359,Sicilian Defense: Najdorf Variation,True,M,Male vs Male
"Okike, David",M,112,-270,"Ruy Lopez: Morphy Defense, Chigorin Defense, Panov System",False,M,Male vs Male
"Vibbert, Sean",M,128,-82,"English Opening: Anglo-Indian Defense, Hedgehog System",False,M,Male vs Male
"Marcelin, Cyril",M,38,35,"English Opening: King's English Variation, Kramnik-Shirov Counterattack",False,M,Male vs Male
"Okike, David",M,107,-232,"Ruy Lopez: Closed Variations, Yates Variation",False,M,Male vs Male
"Vibbert, Sean",M,122,-96,Sicilian Defense: Closed #2,True,M,Male vs Male
"Boraso, Alessio",M,87,76,Nimzo-Larsen Attack: English Variation,True,M,Male vs Male
"Kuipers, Eelco",M,114,16,Indian Game: Przepiorka Variation,False,M,Male vs Male
"Krykun, Yuriy",M,88,61,Scandinavian Defense: Icelandic-Palme Gambit,True,M,Male vs Male
"Kuipers, Stefan",M,86,-33,"Ruy Lopez: Morphy Defense, Anderssen Variation",False,M,Male vs Male
"Boraso, Alessio",M,48,-158,Scandinavian Defense: Modern Variation #2,False,M,Male vs Male
"Kuipers, Stefan",M,96,173,Sicilian Defense: Nyezhmetdinov-Rossolimo Attack,True,M,Male vs Male
"Krykun, Yuriy",M,96,-85,"Ruy Lopez: Closed Variations, Martinez Variation",False,M,Male vs Male
"Servat, Roberto",M,86,102,"Ruy Lopez: Closed Variations, Flohr System",False,M,Male vs Male
"Karttunen, Mika",M,134,44,Caro-Kann Defense: Two Knights Attack,True,M,Male vs Male
"Fier, Alexandr",M,60,161,Scandinavian Defense: Modern Variation #2,False,M,Male vs Male
"Kuipers, Stefan",M,60,-124,"Sicilian Defense: Scheveningen Variation, Keres Attack",True,M,Male vs Male
"Fier, Alexandr",M,136,121,Old Indian Defense: Normal Variation,False,M,Male vs Male
"Kuipers, Stefan",M,76,-87,Polish Opening: King's Indian Variation,True,M,Male vs Male
"Kuipers, Stefan",M,116,-124,Four Knights Game: Gunsberg Variation,False,M,Male vs Male
"Krykun, Yuriy",M,202,-219,Philidor Defense: Exchange Variation #2,False,M,Male vs Male
"Muradov, Soltan",M,96,50,King's Indian Defense: Orthodox Variation,True,M,Male vs Male
"Neugebauer, Martin",M,132,-40,Scandinavian Defense: Schiller-Pytel Variation,False,M,Male vs Male
"Neugebauer, Martin",M,110,-77,Scandinavian Defense: Schiller-Pytel Variation,False,M,Male vs Male
"Srbis, Jurica",M,42,46,Richter-Veresov Attack,True,M,Male vs Male
"Krykun, Yuriy",M,40,24,"English Opening: King's English Variation, Reversed Sicilian",True,M,Male vs Male
"Okike, David",M,58,-93,"Ruy Lopez: Closed Variations, Chigorin Defense",False,M,Male vs Male
"Okike, David",M,104,-123,Ruy Lopez: Berlin Defense #2,False,M,Male vs Male
"Zwirs, Nico",M,174,135,Bogo-Indian Defense: Gruenfeld Variation,False,M,Male vs Male
"Srbis, Jurica",M,82,90,"Ruy Lopez: Marshall Attack, Modern Main Line",True,M,Male vs Male
"Servat, Roberto",M,92,28,Sicilian Defense: French Variation,True,M,Male vs Male
"Kozusek, Daniel",M,29,-190,"King's Indian Defense: Normal Variation, King's Knight Variation",True,M,Male vs Male
"Krykun, Yuriy",M,66,-240,Sicilian Defense: Canal-Sokolsky Attack,True,M,Male vs Male
"Velten, Paul",M,134,250,East Indian Defense,False,M,Male vs Male
"Okike, David",M,110,-146,"Sicilian Defense: French Variation, Normal",True,M,Male vs Male
"Okike, David",M,62,-142,Caro-Kann Defense: Classical Variation,False,M,Male vs Male
"Oparin, Grigoriy",M,118,-163,"Sicilian Defense: Accelerated Fianchetto, Maroczy Bind, 5...Bg7",True,M,Male vs Male
"Kumic, Filip",M,98,-79,Torre Attack #2,True,M,Male vs Male
"Gwaze, Robert",M,90,161,Sicilian Defense: Najdorf Variation,True,M,Male vs Male
"Zimmermann, Julian",M,114,-128,"Sicilian Defense: Kan Variation, Knight Variation",True,M,Male vs Male
"Gwaze, Robert",M,84,-80,French Defense: Paulsen Variation,False,M,Male vs Male
"Velten, Paul",M,78,100,"Queen's Pawn Game: Veresov Attack, Classical Defense",True,M,Male vs Male
"Medina Paz, Miguel",M,142,38,Scandinavian Defense,False,M,Male vs Male
"Zimmermann, Julian",M,22,-81,Scotch Game: Potter Variation,False,M,Male vs Male
"Medina Paz, Miguel",M,96,149,"Sicilian Defense: Sozin, not Scheveningen",True,M,Male vs Male
"Okike, David",M,78,-121,"French Defense: Winawer Variation, Poisoned Pawn Variation",False,M,Male vs Male
"Okike, David",M,66,-148,"Sicilian Defense: Accelerated Dragon, Maroczy Bind",True,M,Male vs Male
"Medina Paz, Miguel",M,58,-35,"Sicilian Defense: Accelerated Dragon, Modern Bc4 Variation",True,M,Male vs Male
"Oparin, Grigoriy",M,54,-74,"Pirc Defense: Austrian Attack, Unzicker Attack",True,M,Male vs Male
"Slizhevsky, Alexander",M,110,-80,"Ruy Lopez: Closed, 7...O-O",False,M,Male vs Male
"Ermolaev, Andrey",M,126,-20,Queen's Pawn Game: Chigorin Variation,False,M,Male vs Male
"Kuipers, Stefan",M,74,48,French Defense: Schlechter Variation,False,M,Male vs Male
"Perez, Daniel",M,60,-203,Sicilian Defense: Prins Variation,True,M,Male vs Male
"Krzyzanowski, Marcin",M,120,-59,Nimzo-Larsen Attack: Classical Variation,True,M,Male vs Male
"Rodchenkov, Vitaly",M,132,-94,Sicilian Defense: Hyperaccelerated Fianchetto,True,M,Male vs Male
"Srbis, Jurica",M,56,177,"Sicilian Defense: Najdorf Variation, Zagreb (Fianchetto) Variation",True,M,Male vs Male
"Srbis, Jurica",M,106,68,"French Defense: Advance Variation, Main Line",False,M,Male vs Male
"Okike, David",M,108,-146,Sicilian Defense: Najdorf Variation,True,M,Male vs Male
"Okike, David",M,96,-169,Sicilian Defense: Najdorf Variation,True,M,Male vs Male
"Okike, David",M,84,-191,Sicilian Defense: Najdorf Variation,True,M,Male vs Male
"ADU, Oladapo",M,116,201,Sicilian Defense: Old Sicilian,True,M,Male vs Male
"Okike, David",M,83,-154,Sicilian Defense: Najdorf Variation,True,M,Male vs Male
"ADU, Oladapo",M,104,168,Sicilian Defense: Old Sicilian,True,M,Male vs Male
"Okike, David",M,82,-148,Sicilian Defense: Najdorf Variation,True,M,Male vs Male
"ADU, Oladapo",M,152,159,Sicilian Defense: Old Sicilian,True,M,Male vs Male
"Okike, David",M,54,-156,Sicilian Defense: Najdorf Variation,True,M,Male vs Male
"Okike, David",M,74,-162,Sicilian Defense: Najdorf Variation,True,M,Male vs Male
"Okike, David",M,84,-185,Sicilian Defense: Najdorf Variation,True,M,Male vs Male
"ADU, Oladapo",M,154,195,Sicilian Defense: Old Sicilian,True,M,Male vs Male
"Okike, David",M,102,-165,Sicilian Defense,True,M,Male vs Male
"Srbis, Jurica",M,54,3,French Defense: Burn Variation,False,M,Male vs Male
"Medina Paz, Miguel",M,74,-65,"French Defense: Advance Variation, Nimzowitsch System",False,M,Male vs Male
"Krykun, Yuriy",M,50,-125,"English Opening: King's English Variation, Reversed Closed Sicilian",True,M,Male vs Male
"Karttunen, Mika",M,122,140,"Ruy Lopez: Morphy Defense, Anderssen Variation",False,M,Male vs Male
"Srbis, Jurica",M,47,-75,Richter-Veresov Attack,True,M,Male vs Male
"Srbis, Jurica",M,96,94,Richter-Veresov Attack,True,M,Male vs Male
"Okike, David",M,112,-205,"Sicilian Defense: French Variation, Normal",True,M,Male vs Male
"Ojeda, Jesus David",M,96,-215,Sicilian Defense: French Variation,True,M,Male vs Male
"Mihok, Oliver",M,74,-203,"French Defense: MacCutcheon Variation, Dr. Olland (Dutch) Variation",False,M,Male vs Male
"Ermolaev, Andrey",M,92,113,Dutch Defense: Raphael Variation,False,M,Male vs Male
"Plichta, Kamil",M,136,86,"English Opening: King's English Variation, Four Knights Variation, Quiet Line #3",False,M,Male vs Male
"Ermolaev, Andrey",M,52,-57,"Pterodactyl Defense: Eastern, Rhamphorhynchus",False,M,Male vs Male
"Okike, David",M,38,-265,"Sicilian Defense: Paulsen Variation, Bastrikov Variation",True,M,Male vs Male
"Okike, David",M,78,-280,"Sicilian Defense: Paulsen Variation, Bastrikov Variation, English Attack",True,M,Male vs Male
"Mihok, Oliver",M,132,46,Philidor Defense: Lion Variation,False,M,Male vs Male
"Okike, David",M,72,-283,"French Defense: Steinitz Variation, Boleslavsky Variation",False,M,Male vs Male
"Ermolaev, Andrey",M,70,54,Philidor Defense: Lion Variation,False,M,Male vs Male
"Ermolaev, Andrey",M,70,4,Philidor Defense: Lion Variation,False,M,Male vs Male
"Ermolaev, Andrey",M,72,-17,Scandinavian Defense: Modern Variation #2,False,M,Male vs Male
"Ermolaev, Andrey",M,62,56,"French Defense: Classical Variation, Steinitz Variation",False,M,Male vs Male
"Solano Cuya, Bryan",M,78,-182,Queen's Gambit Declined: Harrwitz Attack,True,M,Male vs Male
"Shymanskyi, Oleksandr",M,38,-190,Nimzo-Larsen Attack: Modern Variation #4,True,M,Male vs Male
"Beerdsen, Thomas",M,72,-223,Scandinavian Defense: Modern Variation #2,False,M,Male vs Male
"Okike, David",M,78,-372,Sicilian Defense: Hyperaccelerated Fianchetto,True,M,Male vs Male
"Okike, David",M,70,-147,"Sicilian Defense: French Variation, Normal",True,M,Male vs Male
"Okike, David",M,90,-170,"Sicilian Defense: Paulsen Variation, Bastrikov Variation",True,M,Male vs Male
"Srbis, Jurica",M,156,81,French Defense: Chigorin Variation,False,M,Male vs Male
"Ivlev, Aleksey",M,72,43,Benko Gambit,True,M,Male vs Male
"Ivlev, Aleksey",M,56,-7,"Slav Defense: Quiet Variation, Schallopp Defense",False,M,Male vs Male
"Ivlev, Aleksey",M,56,-45,"Sicilian Defense: Paulsen Variation, Szen Variation",True,M,Male vs Male
"Mihok, Oliver",M,88,55,"Queen's Pawn Game: Veresov Attack, Two Knights System",True,M,Male vs Male
"Skrondal, Inge Sandstad",M,66,-384,Sicilian Defense: Hyperaccelerated Fianchetto,True,M,Male vs Male
"Ermolaev, Andrey",M,116,88,Queen's Pawn Game: Chigorin Variation,False,M,Male vs Male
"Gwaze, Robert",M,56,205,Caro-Kann Defense: Breyer Variation,False,M,Male vs Male
"Okike, David",M,136,-217,Caro-Kann Defense: Classical Variation,False,M,Male vs Male
"Ermolaev, Andrey",M,58,-167,Queen's Pawn Game: Chigorin Variation,False,M,Male vs Male
"Janik, Igor",M,100,-40,Pirc Defense #3,False,M,Male vs Male
"Ermolaev, Andrey",M,54,49,Queen's Pawn,False,M,Male vs Male
"Plichta, Kamil",M,142,-25,"English Opening: King's English Variation, Four Knights Variation, Quiet Line #3",False,M,Male vs Male
"Ermolaev, Andrey",M,80,39,"Pirc Defense: Austrian Attack, Dragon Formation",True,M,Male vs Male
"Plichta, Kamil",M,40,-15,"English Opening: King's English Variation, Four Knights Variation, Quiet Line #3",False,M,Male vs Male
"Chizhikov, Vladislav",M,136,134,Sicilian Defense: Classical Variation,True,M,Male vs Male
"Okike, David",M,102,-406,"Caro-Kann Defense: Advance Variation, Botvinnik-Carls Defense",False,M,Male vs Male
"Kumic, Filip",M,122,-177,Ruy Lopez: Closed,False,M,Male vs Male
"Zwirs, Nico",M,92,-185,Tarrasch Defense: Symmetrical Variation,False,M,Male vs Male
"Sevgi, Volkan",M,118,-41,Zukertort Opening: Double Fianchetto Attack,True,M,Male vs Male
"Punin, Andrii",M,74,36,Kadas Opening,False,M,Male vs Male
"Srbis, Jurica",M,34,121,Richter-Veresov Attack,True,M,Male vs Male
"Srbis, Jurica",M,52,62,Richter-Veresov Attack,True,M,Male vs Male
"Andersen, Gunnar",M,42,-37,"King's Indian Defense: Orthodox Variation, Classical System, Neo-Classical Line",True,M,Male vs Male
"Janik, Igor",M,22,109,Russian Game: Stafford Gambit,True,M,Male vs Male
"Okike, David",M,74,-214,"Scandinavian Defense: Portuguese Variation, Portuguese Gambit",True,M,Male vs Male
"Shymanskyi, Oleksandr",M,98,-33,Nimzo-Larsen Attack: Modern Variation #4,True,M,Male vs Male
"Sirosh, Ilja",M,138,45,Torre Attack #2,True,M,Male vs Male
"Shymanskyi, Oleksandr",M,132,-21,Nimzo-Larsen Attack,True,M,Male vs Male
"Sirosh, Ilja",M,60,41,Scandinavian Defense: Marshall Variation,False,M,Male vs Male
"Shymanskyi, Oleksandr",M,88,-17,Nimzo-Larsen Attack,True,M,Male vs Male
"Dutina, Dario",M,76,-232,"Caro-Kann Defense: Hillbilly Attack, Schaeffer Gambit",True,M,Male vs Male
"Ermolaev, Andrey",M,62,0,Philidor Defense: Lion Variation,False,M,Male vs Male
"Zimmermann, Julian",M,88,-1,Sicilian Defense: Najdorf Variation,True,M,Male vs Male
"Darini, Pouria",M,108,24,"Sicilian Defense: Najdorf Variation, Adams Attack",True,M,Male vs Male
"Chizhikov, Vladislav",M,96,-139,Scandinavian Defense: Richter Variation,False,M,Male vs Male
"Maidel, Anton",M,104,159,"French Defense: Rubinstein Variation, Fort Knox Variation",False,M,Male vs Male
"Maidel, Anton",M,70,101,Nimzo-Larsen Attack: Indian Variation,True,M,Male vs Male
"Maidel, Anton",M,100,59,Sicilian Defense: Hyperaccelerated Fianchetto,True,M,Male vs Male
"Palencia Morales, Wilson Guillermo",M,80,-176,"Slav Defense: Exchange Variation, Symmetrical Line",False,M,Male vs Male
"Palencia Morales, Wilson Guillermo",M,80,-202,"French Defense: Exchange Variation, Monte Carlo Variation",False,M,Male vs Male
"Janik, Igor",M,34,96,Sicilian Defense: Myers Attack #2,True,M,Male vs Male
"Viviani, Alessio",M,48,-67,"Caro-Kann Defense: Panov Attack, Fianchetto Defense, Fianchetto Gambit",True,M,Male vs Male
"Viviani, Alessio",M,96,-246,Philidor Defense: Lion Variation,False,M,Male vs Male
"Kuipers, Stefan",M,93,255,Czech Defense,False,M,Male vs Male
"Viviani, Alessio",M,50,-178,Slav Defense: Exchange Variation,False,M,Male vs Male
"Viviani, Alessio",M,64,-203,Scandinavian Defense: Modern Variation #2,False,M,Male vs Male
"Viviani, Alessio",M,28,-90,Sicilian Defense: Najdorf Variation,True,M,Male vs Male
"Velten, Paul",M,105,125,Mieses Opening,False,M,Male vs Male
"Gwaze, Robert",M,144,-31,"French Defense: Winawer Variation, Bogoljubov Variation",False,M,Male vs Male
"Zimmermann, Julian",M,84,8,Sicilian Defense: Kupreichik Variation,True,M,Male vs Male
"Hirneise, Jens",M,92,16,Sicilian Defense: Najdorf Variation,True,M,Male vs Male
"Zimmermann, Julian",M,134,8,Sicilian Defense: Kupreichik Variation,True,M,Male vs Male
"Servat, Roberto",M,110,-62,French Defense: Paulsen Variation,False,M,Male vs Male
"Velten, Paul",M,82,84,Torre Attack #2,True,M,Male vs Male
"Servat, Roberto",M,158,-52,"French Defense: Exchange Variation, Monte Carlo Variation",False,M,Male vs Male
"Srbis, Jurica",M,104,120,Mieses Opening,False,M,Male vs Male
"Hapaku, Charles",M,94,-396,Bogo-Indian Defense: Nimzowitsch Variation,False,M,Male vs Male
"Jovic, Stevan",M,108,59,"King's Indian Defense: Orthodox Variation, Classical System, Neo-Classical Line",True,M,Male vs Male
"Jovic, Stevan",M,96,54,"King's Indian Defense: Normal Variation, Standard Development",True,M,Male vs Male
"Viviani, Alessio",M,64,41,Slav Defense: Exchange Variation,False,M,Male vs Male
"Viviani, Alessio",M,50,-64,Queen's Gambit Declined: Tartakower Defense,True,M,Male vs Male
"Servat, Roberto",M,110,71,Czech Defense,False,M,Male vs Male
"Viviani, Alessio",M,46,-123,Slav Defense: Exchange Variation,False,M,Male vs Male
"Viviani, Alessio",M,46,-202,Slav Defense: Exchange Variation,False,M,Male vs Male
"Banawa, Joel",M,126,3,"Queen's Gambit Accepted: Normal Variation, Traditional System",True,M,Male vs Male
"Kumic, Filip",M,50,-203,Nimzo-Larsen Attack: Classical Variation,True,M,Male vs Male
"Kumic, Filip",M,66,-224,Queen's Gambit Accepted: Janowski-Larsen Variation,True,M,Male vs Male
"Okike, David",M,38,-139,"Alekhine Defense: Modern, Flohr Variation",False,M,Male vs Male
"Atanejhad, Sahebali",M,94,-111,Modern Defense: Averbakh Variation,False,M,Male vs Male
"Abrashkin, Boris",M,66,-129,"Benko Gambit: Zaitsev Variation, Nescafe Frappe Attack",True,M,Male vs Male
"Vibbert, Sean",M,70,2,Pirc Defense #4,False,M,Male vs Male
"Okike, David",M,98,-226,"Sicilian Defense: Accelerated Dragon, Maróczy Bind",True,M,Male vs Male
"Okike, David",M,118,-243,"Ruy Lopez: Marshall, Main Line, Spassky Variation",False,M,Male vs Male
"Zimmermann, Julian",M,48,-136,Sicilian Defense: Hyperaccelerated Dragon,True,M,Male vs Male
"Okike, David",M,96,-124,"French Defense: Steinitz Variation, Boleslavsky Variation",False,M,Male vs Male
"Vargas Arteaga, Alexis",M,118,-5,"French Defense: Horwitz Attack, Papa-Ticulat Gambit",True,M,Male vs Male
"Ermolaev, Andrey",M,64,71,Benoni Defense: Benoni-Indian Defense,False,M,Male vs Male
"Guzman, Christopher",M,74,-103,"French Defense: Classical Variation, Burn Variation, Morozevich Line",False,M,Male vs Male
"Oparin, Grigoriy",M,42,303,Zukertort Opening: Ware Defense,False,M,Male vs Male
"Perez, Daniel",M,44,-139,Sicilian Defense: Kramnik Variation,True,M,Male vs Male
"Gwaze, Robert",M,48,16,"Italian Game: Two Knights Defense, Modern Bishop's Opening",False,M,Male vs Male
"Krykun, Yuriy",M,68,5,King's Indian Attack: Symmetrical Defense,True,M,Male vs Male
"Krykun, Yuriy",M,44,-16,"Sicilian Defense: Kan Variation, Maróczy Bind, Réti Variation",True,M,Male vs Male
"Tomb, Maroun",M,53,-279,Nimzo-Larsen Attack,True,M,Male vs Male
"Servat, Roberto",M,92,-5,Sicilian Defense: French Variation,True,M,Male vs Male
"Gwaze, Robert",M,98,27,"Italian Game: Classical Variation, Giuoco Pianissimo",False,M,Male vs Male
"Djordjevic, Vuk",M,90,-19,Sicilian Defense: Closed Variation,True,M,Male vs Male
"Gwaze, Robert",M,82,104,"Sicilian Defense: Four Knights Variation, Exchange Variation",True,M,Male vs Male
"Givon, Asaf",M,64,-74,"Sicilian Defense: Kan Variation, Knight Variation",True,M,Male vs Male
"Gwaze, Robert",M,106,55,Ruy Lopez: Schliemann Defense,False,M,Male vs Male
"Beerdsen, Thomas",M,36,-28,"Sicilian Defense: French Variation, Westerinen Attack",True,M,Male vs Male
"Fichter, Fabian",M,72,-193,Sicilian Defense: Nyezhmetdinov-Rossolimo Attack,True,M,Male vs Male
"Fichter, Fabian",M,60,-216,Sicilian Defense: Nyezhmetdinov-Rossolimo Attack,True,M,Male vs Male
"Aydincelebi, Kagan",M,66,27,"Sicilian Defense: Canal Attack, Main Line",True,M,Male vs Male
"Aydincelebi, Kagan",M,148,3,Sicilian Defense: Canal-Sokolsky Attack,True,M,Male vs Male
"Abrashkin, Boris",M,70,-99,Horwitz Defense,False,M,Male vs Male
"Gwaze, Robert",M,118,37,Scandinavian Defense: Gubinsky-Melts Defense,False,M,Male vs Male
"Ramirez Medina, Victor",M,80,-224,"Sicilian Defense: Kan Variation, Modern Variation",True,M,Male vs Male
"Gwaze, Robert",M,62,235,"Sicilian Defense: Scheveningen Variation, English Attack #2",True,M,Male vs Male
"Kalvaitis, Sigitas",M,54,-39,"Caro-Kann Defense: Classical Variation, Lobron System",False,M,Male vs Male
"Abrashkin, Boris",M,46,-168,Modern Defense,False,M,Male vs Male
"ADU, Oladapo",M,120,44,London System,False,M,Male vs Male
"Okike, David",M,38,-167,Philidor Defense: Lion Variation,False,M,Male vs Male
"Okike, David",M,92,-189,Sicilian Defense: Loewenthal Variation,True,M,Male vs Male
"Vypkhaniuk, Ihor",M,94,199,Réti Opening,False,M,Male vs Male
"Okike, David",M,78,-165,Modern Defense: Standard Defense,False,M,Male vs Male
"Okike, David",M,126,-187,Modern Defense: Standard Defense,False,M,Male vs Male
"ADU, Oladapo",M,162,197,Van't Kruijs Opening,False,M,Male vs Male
"Miron, Lucian-Costin",M,64,56,King's Indian Defense: Orthodox Variation,True,M,Male vs Male
"Vargas Arteaga, Alexis",M,110,-111,French Defense: Exchange Variation,False,M,Male vs Male
"ADU, Oladapo",M,158,-262,French Defense: King's Indian Attack,True,M,Male vs Male
"Andonovski, Ljubisa",M,70,-131,Benoni Defense,False,M,Male vs Male
"Guzman, Christopher",M,96,-306,"Sicilian Defense: Scheveningen Variation, Classical Variation",True,M,Male vs Male
"Guzman, Christopher",M,102,-320,"Sicilian Defense: Najdorf Variation, Zagreb (Fianchetto) Variation",True,M,Male vs Male
"Tekeyev, Zaur",M,72,-30,"Sicilian Defense: Accelerated Dragon, Maróczy Bind",True,M,Male vs Male
"Guzman, Christopher",M,48,-187,"Sicilian Defense: Najdorf Variation, Opocensky Variation",True,M,Male vs Male
"Chizhikov, Vladislav",M,130,-212,French Defense: Two Knights Variation,False,M,Male vs Male
"Gwaze, Robert",M,110,20,Scandinavian Defense: Modern Variation #2,False,M,Male vs Male
"Vypkhaniuk, Ihor",M,108,164,"Queen's Indian Defense: Fianchetto Variation, Kramnik Variation",False,M,Male vs Male
"Margana, Adhy",M,106,-131,Catalan Opening: Closed Variation,False,M,Male vs Male
"Margana, Adhy",M,78,-160,Sicilian Defense: Loewenthal Variation,True,M,Male vs Male
"Jovic, Stevan",M,120,-83,"Nimzo-Indian Defense: Normal Variation, Bishop Attack",True,M,Male vs Male
"Vargas Arteaga, Alexis",M,164,38,"Caro-Kann Defense: Advance Variation, Bayonet Attack",True,M,Male vs Male
"Klekowski, Maciej",M,100,-45,"Caro-Kann Defense: Classical Variation, Main Line",False,M,Male vs Male
"Okara, Andrey",M,54,-302,Carr Defense,False,M,Male vs Male
"Kantans, Toms",M,110,-210,Scotch Game: Potter Variation,False,M,Male vs Male
"Velten, Paul",M,24,76,Paleface Attack,True,M,Male vs Male
"Chigaev, Maksim",M,46,-44,French Defense: Schlechter Variation,False,M,Male vs Male
"Velten, Paul",M,84,48,Torre Attack,True,M,Male vs Male
"Nava, Roderick",F,118,-2,Queen's Gambit Declined: Barmen Variation,True,M,Male vs Female
"Servat, Roberto",M,62,160,Pirc Defense,False,M,Male vs Male
"Srbis, Jurica",M,106,99,"Sicilian Defense: Najdorf Variation, Zagreb (Fianchetto) Variation",True,M,Male vs Male
"Neugebauer, Martin",M,102,-71,Sicilian Defense: Hyperaccelerated Dragon,True,M,Male vs Male
"Velten, Paul",M,52,-138,Torre Attack,True,M,Male vs Male
"Chigaev, Maksim",M,66,152,Queen's Pawn Game: Mason Attack,True,M,Male vs Male
"Velten, Paul",M,59,-120,Modern Defense,False,M,Male vs Male
"Velten, Paul",M,60,-150,"Modern Defense: Averbakh System, Kotov Variation",False,M,Male vs Male
"Velten, Paul",M,68,-178,Caro-Kann Defense: Breyer Variation,False,M,Male vs Male
"Okike, David",M,86,-180,"French Defense: Winawer Variation, Poisoned Pawn Variation",False,M,Male vs Male
"Hauge, Lars Oskar",M,162,-22,"Sicilian Defense: Kan Variation, Knight Variation",True,M,Male vs Male
"Plotkin, Mark",M,54,43,"Benko Gambit Declined, Sosonko Variation",True,M,Male vs Male
"Hauge, Lars Oskar",M,42,-18,"Pirc Defense: Austrian Attack, Weiss Variation",True,M,Male vs Male
"Okike, David",M,88,-291,Sicilian Defense: Najdorf Variation,True,M,Male vs Male
"Okike, David",M,80,-306,"Ruy Lopez: Closed Variations, Keres Defense",False,M,Male vs Male
"Okike, David",M,142,-318,"Ruy Lopez: Morphy Defense, Chigorin Defense, Panov System",False,M,Male vs Male
"Rodrigue-Lemieux, Shawn",M,52,-155,King's Indian Attack: Symmetrical Defense,True,M,Male vs Male
"Rodrigue-Lemieux, Shawn",M,72,-185,Sicilian Defense: Keres Variation,True,M,Male vs Male
"Srbis, Jurica",M,100,130,"Sicilian Defense: French Variation, Westerinen Attack",True,M,Male vs Male
"Srbis, Jurica",M,46,71,Czech Defense,False,M,Male vs Male
"Srbis, Jurica",M,66,67,"Sicilian Defense: Canal Attack, Haag Gambit",True,M,Male vs Male
"Shevchenko, Danylo",M,76,-99,"Sicilian Defense: Smith-Morra Gambit Accepted, Scheveningen Formation",True,M,Male vs Male
"Kantans, Toms",M,64,-135,French Defense: Steiner Variation,False,M,Male vs Male
"Khairat, Ahmed",M,28,-244,Caro-Kann Defense: von Hennig Gambit,True,M,Male vs Male
"Gwaze, Robert",M,98,13,Scandinavian Defense: Gubinsky-Melts Defense,False,M,Male vs Male
"Gwaze, Robert",M,102,228,Caro-Kann Defense: Classical Variation,False,M,Male vs Male
"Jovic, Stevan",M,30,-155,Tarrasch Defense: Symmetrical Variation,False,M,Male vs Male
"Jovic, Stevan",M,42,-180,Benoni Defense: King's Pawn Line,False,M,Male vs Male
"Moiseenko, Vadim",M,54,0,French Defense: Exchange Variation,False,M,Male vs Male
"Jovic, Stevan",M,86,-142,Grünfeld Defense: Exchange Variation,False,M,Male vs Male
"Servat, Roberto",M,148,151,"Caro-Kann Defense: Advance Variation, Tal Variation",False,M,Male vs Male
"Koutsin, Sergey",M,94,-110,"King's Indian Defense: Orthodox Variation, Classical System, Neo-Classical Line",True,M,Male vs Male
"Atanejhad, Sahebali",M,74,-149,Nimzo-Indian Defense,False,M,Male vs Male
"Srbis, Jurica",M,44,-25,Pirc Defense: 150 Attack,True,M,Male vs Male
"Kovalchuk, Alexey",M,118,-39,Queen's Pawn Game: Mason Attack,True,M,Male vs Male
"Zwirs, Nico",M,72,64,"Queen's Gambit Accepted: Classical Defense, Steinitz Variation, Development Variation",True,M,Male vs Male
"Tekeyev, Zaur",M,50,4,Blumenfeld Countergambit #2,False,M,Male vs Male
"Srbis, Jurica",M,68,21,Richter-Veresov Attack #2,True,M,Male vs Male
"Tekeyev, Zaur",M,60,5,Benoni Defense: Knight's Tour Variation,False,M,Male vs Male
"Tekeyev, Zaur",M,144,-54,Four Knights Game,False,M,Male vs Male
"Plotkin, Mark",M,88,-19,Benoni Defense: Four Pawns Attack,True,M,Male vs Male
"Srbis, Jurica",M,46,55,Modern Defense: Modern Pterodactyl,False,M,Male vs Male
"Plotkin, Mark",M,80,-31,"Sicilian Defense: Wing Gambit, Marshall Variation",True,M,Male vs Male
"Srbis, Jurica",M,180,114,Richter-Veresov Attack,True,M,Male vs Male
"Klekowski, Maciej",M,70,196,Sicilian Defense: Hyperaccelerated Fianchetto,True,M,Male vs Male
"ADU, Oladapo",M,62,-112,Sicilian Defense: Paulsen Variation,True,M,Male vs Male
"Klekowski, Maciej",M,35,127,Modern Defense: Standard Defense,False,M,Male vs Male
"Koutsin, Sergey",M,102,-161,Queen's Gambit Declined: Three Knights Variation,True,M,Male vs Male
"ADU, Oladapo",M,88,-63,"Caro-Kann Defense: Karpov Variation, Smyslov Variation",False,M,Male vs Male
"Punin, Andrii",M,56,-16,"Sicilian Defense: Nimzowitsch Variation, Main Line",True,M,Male vs Male
"Klekowski, Maciej",M,72,171,Modern Defense: Standard Line,False,M,Male vs Male
"Tay, Junior",M,54,-132,Bishop's Opening: Vienna Hybrid,False,M,Male vs Male
"Macovei, Andrei",M,44,-136,French Defense: Paulsen Variation,False,M,Male vs Male
"Velten, Paul",M,74,152,East Indian Defense,False,M,Male vs Male
"Plotkin, Mark",M,128,76,"Sicilian Defense: Najdorf Variation, Adams Attack",True,M,Male vs Male
"Hauge, Lars Oskar",M,54,-45,"Pirc Defense: Austrian Attack, Weiss Variation",True,M,Male vs Male
"Hauge, Lars Oskar",M,80,-87,Borg Defense: Borg Gambit,True,M,Male vs Male
"Plotkin, Mark",M,94,106,Bird Opening,False,M,Male vs Male
"Andonovski, Ljubisa",M,62,-49,Indian Game,False,M,Male vs Male
"ADU, Oladapo",M,82,-91,Sicilian Defense: Najdorf Variation,True,M,Male vs Male
"Spichkin, Alexander",M,64,-171,Trompowsky Attack,True,M,Male vs Male
"Hauge, Lars Oskar",M,66,164,Benoni Defense: Four Pawns Attack,True,M,Male vs Male
"Voinikonis, Nikita",M,64,-126,"King's Indian Defense: Normal Variation, King's Knight Variation",True,M,Male vs Male
"Abrashkin, Boris",M,112,-174,"Queen's Gambit Declined: Exchange Variation, Positional Variation",True,M,Male vs Male
"Pfreundt, Jakob",M,104,188,"Sicilian Defense: Accelerated Dragon, Maróczy Bind, Gurgenidze Variation",True,M,Male vs Male
"Servat, Roberto",M,84,12,"Caro-Kann Defense: Advance Variation, Botvinnik-Carls Defense",False,M,Male vs Male
"Djordjevic, Vuk",M,66,-125,Trompowsky Attack,True,M,Male vs Male
"Aydincelebi, Kagan",M,60,-128,Caro-Kann Defense: Panov Attack #2,True,M,Male vs Male
"Aydincelebi, Kagan",M,34,-158,"French Defense: Winawer Variation, Advance Variation #3",False,M,Male vs Male
"Yeke, Serkan",M,118,-146,"English Opening: Anglo-Indian Defense, King's Knight Variation",False,M,Male vs Male
"Aydincelebi, Kagan",M,55,-111,Goldsmith Defense,False,M,Male vs Male
"Mandura, Tijana",M,48,92,Indian Game: Anti-Nimzo-Indian,False,F,Female vs Male
"Rosen, Eric",M,166,-76,Modern Defense: Standard Defense,False,M,Male vs Male
"Srbis, Jurica",M,42,44,"French Defense: Winawer Variation, Advance Variation",False,M,Male vs Male
"Srbis, Jurica",M,54,-5,"Sicilian Defense: Nimzowitsch Variation, Advance Variation",True,M,Male vs Male
"Vargas Arteaga, Alexis",M,86,101,"Sicilian Defense: Najdorf Variation, Neo-Classical Defense",True,M,Male vs Male
"Atanejhad, Sahebali",M,66,-196,"King's Indian Defense: Sämisch Variation, Double Fianchetto",True,M,Male vs Male
"Neugebauer, Martin",M,106,144,"Pterodactyl Defense: Eastern, Pteranodon",False,M,Male vs Male
"Sevgi, Volkan",M,110,129,Modern Defense: Pseudo-Austrian Attack,True,M,Male vs Male
"Spichkin, Alexander",M,32,-101,Queen's Pawn Game: Levitsky Attack,True,M,Male vs Male
"Kumic, Filip",M,152,21,Zukertort Opening: Pirc Invitation,False,M,Male vs Male
"Spichkin, Alexander",M,66,-273,Trompowsky Attack,True,M,Male vs Male
"Okike, David",M,38,-194,"Sicilian Defense: Dragon Variation, Yugoslav Attack, Panov Variation",True,M,Male vs Male
"Okike, David",M,134,-216,"Sicilian Defense: Dragon Variation, Yugoslav Attack, Panov Variation",True,M,Male vs Male
"Vargas Arteaga, Alexis",M,78,225,Sicilian Defense: Classical Variation,True,M,Male vs Male
"Sevgi, Volkan",M,106,-93,Pirc Defense #4,False,M,Male vs Male
"Gwaze, Robert",M,96,32,"Italian Game: Classical Variation, Greco Gambit",True,M,Male vs Male
"Vargas Arteaga, Alexis",M,66,84,"Scotch Game: Classical Variation, Intermezzo Variation",False,M,Male vs Male
"Shevchenko, Danylo",M,85,-57,"Pirc Defense: Austrian Attack, Dragon Formation",True,M,Male vs Male
"Shevchenko, Danylo",M,88,-82,"Sicilian Defense: Smith-Morra Gambit Declined, Push Variation",True,M,Male vs Male
"Vargas Arteaga, Alexis",M,158,99,"Scotch Game: Classical Variation, Intermezzo Variation",False,M,Male vs Male
"Shevchenko, Danylo",M,78,-72,"Sicilian Defense: Smith-Morra Gambit Declined, Push Variation",True,M,Male vs Male
"Shevchenko, Danylo",M,62,-105,"Sicilian Defense: Smith-Morra Gambit Declined, Push Variation",True,M,Male vs Male
"Vargas Arteaga, Alexis",M,84,106,"Scotch Game: Classical Variation, Intermezzo Variation",False,M,Male vs Male
"Ali, Muhammad Lutfi",M,102,-80,Sicilian Defense: Nyezhmetdinov-Rossolimo Attack,True,M,Male vs Male
"Ali, Muhammad Lutfi",M,66,-59,Scandinavian Defense: Schiller-Pytel Variation,False,M,Male vs Male
"Spichkin, Alexander",M,48,-244,"Modern Defense: Lizard Defense, Pirc-Diemer Gambit",True,M,Male vs Male
"Srbis, Jurica",M,56,21,Modern Defense: Standard Defense,False,M,Male vs Male
"Plotkin, Mark",M,72,-27,Pirc Defense #2,False,M,Male vs Male
"Plotkin, Mark",M,144,-73,King's Indian Attack: Wahls Defense,True,M,Male vs Male
"Spichkin, Alexander",M,120,-222,Trompowsky Attack,True,M,Male vs Male
"Servat, Roberto",M,114,-73,"Ruy Lopez: Closed, 7...O-O",False,M,Male vs Male
"Jovic, Stevan",M,105,-49,Nimzo-Indian Defense: St. Petersburg Variation,False,M,Male vs Male
"Spichkin, Alexander",M,136,-155,Trompowsky Attack,True,M,Male vs Male
"Spichkin, Alexander",M,88,-290,Trompowsky Attack: Classical Defense,True,M,Male vs Male
"Crispin Ferreras, Darvi Abraham",M,84,-371,"Ruy Lopez: Morphy Defense, Anderssen Variation",False,M,Male vs Male
"Spichkin, Alexander",M,62,-80,Trompowsky Attack,True,M,Male vs Male
"Spichkin, Alexander",M,94,-90,Queen's Pawn Game: Levitsky Attack,True,M,Male vs Male
"Maidel, Anton",M,114,105,Sicilian Defense: Kalashnikov Variation,True,M,Male vs Male
"Tekeyev, Zaur",M,120,-42,"Four Knights Game: Spanish Variation, Rubinstein Variation",False,M,Male vs Male
"Kovalchuk, Alexey",M,98,82,Modern Defense: Averbakh Variation,False,M,Male vs Male
"Voinikonis, Nikita",M,30,52,"Italian Game: Two Knights Defense, Modern Bishop's Opening",False,M,Male vs Male
"Voinikonis, Nikita",M,64,3,Blumenfeld Countergambit #2,False,M,Male vs Male
"Srbis, Jurica",M,57,19,"Queen's Pawn Opening: Veresov Attack, Irish Gambit",True,M,Male vs Male
"Arslanov, Shamil",M,156,146,Slav Defense: Exchange Variation,False,M,Male vs Male
"Shevchenko, Danylo",M,56,-85,French Defense: Advance Variation #2,False,M,Male vs Male
"Arslanov, Shamil",M,76,103,English Opening: Anglo-Lithuanian Variation,False,M,Male vs Male
"Shevchenko, Danylo",M,122,-74,French Defense: Advance Variation #2,False,M,Male vs Male
"Arslanov, Shamil",M,102,137,Queen's Pawn Game: Chigorin Variation,False,M,Male vs Male
"Shevchenko, Danylo",M,66,-106,French Defense: Advance Variation #2,False,M,Male vs Male
"Shevchenko, Danylo",M,84,-138,French Defense: Advance Variation #2,False,M,Male vs Male
"Gedajlovic, Max",M,62,-207,Wade Defense,False,M,Male vs Male
"Gedajlovic, Max",M,82,-230,Rat Defense: English Rat,False,M,Male vs Male
"Djordjevic, Vuk",M,49,-1,French Defense: Exchange Variation,False,M,Male vs Male
"Solano Cuya, Bryan",M,120,-115,Semi-Slav Defense: Normal Variation,False,M,Male vs Male
"Arslanov, Shamil",M,58,130,Queen's Gambit Accepted: Janowski-Larsen Variation,True,M,Male vs Male
"Solano Cuya, Bryan",M,70,-103,"Torre Attack: Classical Defense, Nimzowitsch Variation",True,M,Male vs Male
"Solano Cuya, Bryan",M,64,-134,Benoni Defense: Czech Benoni Defense,False,M,Male vs Male
"Srbis, Jurica",M,86,161,"Sicilian Defense: O'Kelly Variation, Venice System",True,M,Male vs Male
"Solano Cuya, Bryan",M,62,-7,King's Indian Defense: Four Pawns Attack,True,M,Male vs Male
"Arslanov, Shamil",M,170,27,Réti Opening: Advance Variation,False,M,Male vs Male
"Solano Cuya, Bryan",M,86,-5,"Pterodactyl Defense: Eastern, Benoni",False,M,Male vs Male
"Spichkin, Alexander",M,64,-194,Trompowsky Attack: Edge Variation,True,M,Male vs Male
"Spichkin, Alexander",M,144,-211,Queen's Gambit Declined: Exchange Variation,True,M,Male vs Male
"ADU, Oladapo",M,70,-136,French Defense: King's Indian Attack,True,M,Male vs Male
"Hauge, Lars Oskar",M,91,-105,Indian Game: London System,False,M,Male vs Male
"Gedajlovic, Max",M,132,105,"Benoni Defense: Benoni-Indian Defense, Kingside Move Order",False,M,Male vs Male
"Hauge, Lars Oskar",M,106,-73,Trompowsky Attack,True,M,Male vs Male
"Arslanov, Shamil",M,92,-4,"Grünfeld Defense: Three Knights Variation, Burille Variation",False,M,Male vs Male
"Jovic, Stevan",M,64,146,Modern Defense,False,M,Male vs Male
"Spichkin, Alexander",M,74,-317,Queen's Gambit Accepted,True,M,Male vs Male
"ADU, Oladapo",M,52,62,Robatsch (Modern) Defense,False,M,Male vs Male
"ADU, Oladapo",M,52,70,Modern Defense,False,M,Male vs Male
"Jovic, Stevan",M,92,65,Modern Defense,False,M,Male vs Male
"Jovic, Stevan",M,52,46,Modern Defense,False,M,Male vs Male
"Spichkin, Alexander",M,103,-27,Slav Defense: Exchange Variation,False,M,Male vs Male
"Srbis, Jurica",M,85,140,"Pterodactyl Defense: Sicilian, Anhanguera",True,M,Male vs Male
"ADU, Oladapo",M,70,72,Modern Defense,False,M,Male vs Male
"ADU, Oladapo",M,150,53,Modern Defense,False,M,Male vs Male
"Gedajlovic, Max",M,130,103,Sicilian Defense: Hyperaccelerated Pterodactyl,True,M,Male vs Male
"Spichkin, Alexander",M,50,-40,Trompowsky Attack: Classical Defense,True,M,Male vs Male
"Spichkin, Alexander",M,116,-70,Trompowsky Attack: Classical Defense,True,M,Male vs Male
"Spichkin, Alexander",M,134,-83,Indian Game,False,M,Male vs Male
"Jovic, Stevan",M,52,33,Modern Defense,False,M,Male vs Male
"Voinikonis, Nikita",M,88,130,Modern Defense: Modern Pterodactyl,False,M,Male vs Male
"Spichkin, Alexander",M,46,-80,"Trompowsky Attack: Classical Defense, Big Center Variation",True,M,Male vs Male
"Chizhikov, Vladislav",M,112,-29,Four Knights Game,False,M,Male vs Male
"Spichkin, Alexander",M,68,-308,Queen's Gambit Accepted,True,M,Male vs Male
"Spichkin, Alexander",M,76,-286,Queen's Gambit Accepted: Showalter Variation,True,M,Male vs Male
"Spichkin, Alexander",M,74,-130,Benoni Defense: Benoni Gambit Accepted,True,M,Male vs Male
"Spichkin, Alexander",M,118,-304,Trompowsky Attack,True,M,Male vs Male
"Rodchenkov, Vitaly",M,48,-25,"French Defense: Winawer Variation, Delayed Exchange Variation",False,M,Male vs Male
"To, Nhat Minh",M,85,42,Semi-Slav Defense: Meran Variation,False,M,Male vs Male
"Marcelin, Cyril",M,47,42,"Queen's Pawn Game: Symmetrical Variation, Pseudo-Catalan",False,M,Male vs Male
"Marcelin, Cyril",M,68,-11,"English Opening: Symmetrical Variation, Symmetrical Variation",False,M,Male vs Male
"Spichkin, Alexander",M,40,-228,Trompowsky Attack,True,M,Male vs Male
"Spichkin, Alexander",M,120,-142,Dutch Defense,False,M,Male vs Male
"Datu, Alcon John",M,102,-47,Mieses Opening,False,M,Male vs Male
"Tekeyev, Zaur",M,124,68,"Queen's Pawn Game: Symmetrical Variation, Pseudo-Catalan",False,M,Male vs Male
"Plotkin, Mark",M,56,-257,French Defense: Tarrasch Variation,False,M,Male vs Male
"Voinikonis, Nikita",M,192,-187,Russian Game: Cozio (Lasker) Attack,True,M,Male vs Male
"Petronijevic, Zoran",M,82,198,Scandinavian Defense: Mieses-Kotroc Variation,False,M,Male vs Male
"Voinikonis, Nikita",M,110,-164,Queen's Gambit Declined: Anti-Tartakower Variation,True,M,Male vs Male
"Petronijevic, Zoran",M,104,177,Ruy Lopez: Cozio Defense,False,M,Male vs Male
"Mandura, Tijana",M,46,-76,Sicilian Defense: Canal-Sokolsky Attack,True,F,Female vs Male
"Mandura, Tijana",M,90,-133,"Pirc Defense: Classical Variation, Quiet System, Czech Defense",False,F,Female vs Male
"Mandura, Tijana",M,64,-177,"Ruy Lopez: Schliemann Defense, Dyckhoff Variation",False,F,Female vs Male
"Mandura, Tijana",M,96,-212,Four Knights Game: Scotch Variation Accepted,False,F,Female vs Male
"Mandura, Tijana",M,54,-242,Trompowsky Attack,True,F,Female vs Male
"Mandura, Tijana",M,66,-167,Four Knights Game: Scotch Variation Accepted,False,F,Female vs Male
"Mandura, Tijana",M,72,-196,Nimzo-Larsen Attack: Modern Variation #3,True,F,Female vs Male
"Mandura, Tijana",M,132,-222,Four Knights Game: Gunsberg Variation,False,F,Female vs Male
"Christiansen, Johan-Sebastian",F,88,235,"Four Knights Game: Scotch Variation, Belgrade Gambit",True,M,Male vs Female
"Mandura, Tijana",M,42,-192,Four Knights Game: Gunsberg Variation,False,F,Female vs Male
"Christiansen, Johan-Sebastian",F,74,206,"Vienna Game: Vienna Gambit, Paulsen Attack",True,M,Male vs Female
"Mandura, Tijana",M,50,-165,Four Knights Game: Scotch Variation Accepted,False,F,Female vs Male
"Mandura, Tijana",M,122,-194,"Trompowsky Attack: Classical Defense, Big Center Variation",True,F,Female vs Male
"Mandura, Tijana",M,68,-220,Franco-Benoni Defense,False,F,Female vs Male
"Jovic, Stevan",M,68,-139,Semi-Slav Defense: Accelerated Meran Variation,False,M,Male vs Male
"Mandura, Tijana",M,84,-230,Four Knights Game: Gunsberg Variation,False,F,Female vs Male
"Mandura, Tijana",M,38,-251,"Sicilian Defense: Nimzowitsch Variation, Main Line",True,F,Female vs Male
"Mandura, Tijana",M,42,-271,"Queen's Pawn Game: Veresov Attack, Dutch System",True,F,Female vs Male
"Mandura, Tijana",M,58,-288,French Defense: Schlechter Variation,False,F,Female vs Male
"Mandura, Tijana",M,74,-305,Pirc Defense #2,False,F,Female vs Male
"Mandura, Tijana",M,38,-285,Four Knights Game: Scotch Variation Accepted,False,F,Female vs Male
"Mandura, Tijana",M,138,-302,"Trompowsky Attack: Classical Defense, Big Center Variation",True,F,Female vs Male
"Mandura, Tijana",M,124,-319,"Trompowsky Attack: Classical Defense, Big Center Variation",True,F,Female vs Male
"Christiansen, Johan-Sebastian",F,42,326,Four Knights Game: Gunsberg Variation,False,M,Male vs Female
"Mandura, Tijana",M,142,-247,Bird Opening: From's Gambit,True,F,Female vs Male
"Christiansen, Johan-Sebastian",F,74,257,Four Knights Game: Gunsberg Variation,False,M,Male vs Female
"Mandura, Tijana",M,64,-214,French Defense: Schlechter Variation,False,F,Female vs Male
"Kantans, Toms",M,36,77,"Caro-Kann Defense: Advance Variation, Short Variation",False,M,Male vs Male
"Kantans, Toms",M,98,-76,"Caro-Kann Defense: Advance Variation, Botvinnik-Carls Defense",False,M,Male vs Male
"Srbis, Jurica",M,65,58,Richter-Veresov Attack,True,M,Male vs Male
"Gedajlovic, Max",M,66,6,Modern Defense,False,M,Male vs Male
"Gedajlovic, Max",M,96,-39,Zukertort Opening: Kingside Fianchetto,False,M,Male vs Male
"Aukhatov, Roman",M,68,-241,Slav Defense: Modern,False,M,Male vs Male
"Mandura, Tijana",M,92,-311,"Queen's Pawn Game: Symmetrical Variation, Pseudo-Catalan",False,F,Female vs Male
"Srbis, Jurica",M,98,-118,"Sicilian Defense: Classical Variation, Fianchetto Variation",True,M,Male vs Male
"Posthuma, Joshua",M,40,-265,"Grünfeld Defense: Exchange Variation, Nadanian Attack",True,M,Male vs Male
"Srbis, Jurica",M,46,-97,Queen's Pawn,False,M,Male vs Male
"Andonovski, Ljubisa",M,124,-45,Torre Attack,True,M,Male vs Male
"Almagro Llamas, Pablo",M,112,124,Nimzo-Larsen Attack: Modern Variation #4,True,M,Male vs Male
"Aumont, Alexandre",M,82,-331,Caro-Kann Defense: Exchange Variation,False,M,Male vs Male
"Aumont, Alexandre",M,84,-344,Slav Defense: Exchange Variation,False,M,Male vs Male
"Aumont, Alexandre",M,78,-356,"King's Gambit Accepted, Abbazia Defense",True,M,Male vs Male
"Oboladze, Luka",M,106,-252,Nimzo-Larsen Attack: English Variation,True,M,Male vs Male
"Hungaski, Robert",M,130,-70,"Caro-Kann Defense: Exchange Variation, Rubinstein Variation",False,M,Male vs Male
"Moiseenko, Vadim",M,144,88,Queen's Pawn Game: Mason Attack,True,M,Male vs Male
"Neugebauer, Martin",M,94,-123,"Caro-Kann Defense: Two Knights Attack, Mindeno Variation",True,M,Male vs Male
"Nuri, Murad",M,32,-78,Scotch Game: Potter Variation,False,M,Male vs Male
"Spichkin, Alexander",M,56,-428,Saragossa Opening,False,M,Male vs Male
"Marcelin, Cyril",F,112,-37,English Opening: Agincourt Defense #2,False,M,Male vs Female
"Svane, Rasmus",M,102,83,Indian Game: Wade-Tartakower Defense,False,M,Male vs Male
"Abdel Razik, Khaled",M,106,-91,Wade Defense,False,M,Male vs Male
"Atanejhad, Sahebali",F,70,-213,"English Opening: Symmetrical Variation, Anti-Benoni Variation, Spielmann Defense",False,M,Male vs Female
"Macovei, Andrei",M,74,-65,"Caro-Kann Defense: Advance Variation, Short Variation",False,M,Male vs Male
"Chandra, Akshat",M,86,85,"Nimzo-Indian Defense: Classical Variation, Noa Variation",False,M,Male vs Male
"Chandra, Akshat",M,94,27,Caro-Kann Defense: Exchange Variation,False,M,Male vs Male
"Macovei, Andrei",M,70,-1,"Ruy Lopez: Morphy Defense, Modern Steinitz Defense",False,M,Male vs Male
"Chandra, Akshat",M,106,25,"Pirc Defense: Austrian Attack, Dragon Formation",True,M,Male vs Male
"Macovei, Andrei",M,118,1,"Sicilian Defense: Richter-Rauzer Variation, Classical Variation",True,M,Male vs Male
"Mardov, Dimitar",M,128,-185,Caro-Kann Defense: Tartakower Variation,False,M,Male vs Male
"Wisniacki, Flavio",F,116,-316,Zukertort Opening: Queenside Fianchetto Variation,False,M,Male vs Female
"Manakov, Ilya",M,108,7,Indian Game,False,M,Male vs Male
"Manakov, Ilya",M,90,60,Indian Game,False,M,Male vs Male
"Krykun, Yuriy",M,108,-33,Caro-Kann Defense: Classical Variation,False,M,Male vs Male
"Petronijevic, Zoran",M,110,109,"Caro-Kann Defense: Panov Attack, Modern Defense, Mieses Line",True,M,Male vs Male
"Andonovski, Ljubisa",M,84,-156,"Benoni Defense: Classical Variation, Averbakh-Grivas Attack",True,M,Male vs Male
"Rodrigue-Lemieux, Shawn",M,68,-77,Nimzo-Indian Defense: Kmoch Variation,False,M,Male vs Male
"Abdel Razik, Khaled",M,118,-20,Queen's Gambit Declined: Three Knights Variation,True,M,Male vs Male
"Abdel Razik, Khaled",M,52,-62,Indian Game,False,M,Male vs Male
"Okike, David",M,86,-98,"Caro-Kann Defense: Advance Variation, Short Variation",False,M,Male vs Male
"Spichkin, Alexander",M,54,-135,Yusupov-Rubinstein System,False,M,Male vs Male
"Spichkin, Alexander",M,34,-244,Queen's Pawn Game: Colle System,False,M,Male vs Male
"Bouzidi, Ahmed",M,54,-310,Four Knights Game: Scotch Variation Accepted,False,M,Male vs Male
"Andonovski, Ljubisa",M,132,-156,"English Opening: Symmetrical Variation, Two Knights Variation",False,M,Male vs Male
"Ramirez Medina, Victor",M,136,-26,Philidor Defense: Lion Variation,False,M,Male vs Male
"Chandra, Akshat",M,138,119,"Ruy Lopez: Closed Variations, Martinez Variation",False,M,Male vs Male
"Kovalchuk, Alexey",M,128,51,"Italian Game: Two Knights Defense, Modern Bishop's Opening",False,M,Male vs Male
"Srbis, Jurica",M,104,-27,Caro-Kann Defense: Classical Variation,False,M,Male vs Male
"Okike, David",M,110,-294,Ruy Lopez: Berlin Defense #2,False,M,Male vs Male
"Okike, David",M,90,-309,Modern Defense: Standard Defense,False,M,Male vs Male
"Okike, David",M,94,-322,"Ruy Lopez: Morphy Defense, Breyer Defense, Zaitsev Hybrid",False,M,Male vs Male
"Okike, David",M,70,-335,Ruy Lopez: Berlin Defense #2,False,M,Male vs Male
"Spichkin, Alexander",M,78,-409,Trompowsky Attack,True,M,Male vs Male
"Ermolaev, Andrey",M,48,199,Pirc Defense #2,False,M,Male vs Male
"Vibbert, Sean",M,94,231,Sicilian Defense: Najdorf Variation,True,M,Male vs Male
"Spichkin, Alexander",M,56,-165,Trompowsky Attack: Classical Defense,True,M,Male vs Male
"Zografos, Achilleas",M,62,-159,Modern Defense: Two Knights Variation,False,M,Male vs Male
"ADU, Oladapo",M,54,90,Modern Defense,False,M,Male vs Male
"Srbis, Jurica",M,53,-27,Richter-Veresov Attack,True,M,Male vs Male
"Schitco, Ivan",M,58,47,"English Opening: Anglo-Indian Defense, King's Indian Formation",True,M,Male vs Male
"Macovei, Andrei",M,10,43,Ruy Lopez: Exchange Variation,False,M,Male vs Male
"Srbis, Jurica",M,168,125,Richter-Veresov Attack,True,M,Male vs Male
"Vibbert, Sean",M,122,2,"Ruy Lopez: Closed Variations, Delayed Exchange",False,M,Male vs Male
"Spichkin, Alexander",M,54,-356,Queen's Pawn Game: Levitsky Attack,True,M,Male vs Male
"Schmakel, Sam",M,68,88,Sicilian Defense: Najdorf Variation,True,M,Male vs Male
"Ramirez Medina, Victor",M,128,41,Sicilian Defense: Loewenthal Variation,True,M,Male vs Male
"Andonovski, Ljubisa",M,30,-248,"Benko Gambit Declined, Main Line",True,M,Male vs Male
"Arslanov, Shamil",M,68,-121,English Opening: Anglo-Indian Defense,False,M,Male vs Male
"Fernandez, Daniel",M,88,327,Hungarian Opening: Sicilian Invitation,True,M,Male vs Male
"Fernandez, Daniel",M,106,-159,Nimzo-Larsen Attack: Modern Variation #3,True,M,Male vs Male
"Chandra, Akshat",M,110,128,St. George Defense: Polish Variation,False,M,Male vs Male
"Fernandez, Daniel",M,36,-95,King's Indian Attack: Yugoslav Variation,True,M,Male vs Male
"Fernandez, Daniel",M,102,-130,Nimzo-Larsen Attack: Modern Variation #4,True,M,Male vs Male
"Fernandez, Daniel",M,196,-159,King's Indian Attack: Yugoslav Variation,True,M,Male vs Male
"Arslanov, Shamil",M,96,-112,English Opening: Anglo-Indian Defense,False,M,Male vs Male
"Srbis, Jurica",M,38,-12,"Queen's Pawn Game: Veresov Attack, Boyce Defense",True,M,Male vs Male
"Hungaski, Robert",M,62,152,Benoni Defense: Knight's Tour Variation,False,M,Male vs Male
"Srbis, Jurica",M,67,-121,"French Defense: Steinitz Variation, Boleslavsky Variation",False,M,Male vs Male
"Arslanov, Shamil",M,60,48,"Sicilian Defense: Alapin Variation, Smith-Morra Declined",True,M,Male vs Male
"Turqueza, Mari Joseph",M,36,11,"Semi-Slav Defense: Botvinnik System, Ekstrom Variation",False,M,Male vs Male
"Posthuma, Joshua",M,24,-102,Catalan Opening,False,M,Male vs Male
"Srbis, Jurica",M,38,118,Caro-Kann Defense: Maróczy Variation,False,M,Male vs Male
"Hirneise, Jens",M,86,-180,"French Defense: Winawer Variation, Advance Variation #2",False,M,Male vs Male
"Hirneise, Jens",M,52,-205,French Defense: Schlechter Variation,False,M,Male vs Male
"Zierk, Steven",M,176,216,Sicilian Defense: Kupreichik Variation,True,M,Male vs Male
"Hirneise, Jens",M,104,-179,French Defense: Exchange Variation,False,M,Male vs Male
"Velten, Paul",M,100,14,Queen's Pawn Game: Torre Attack,True,M,Male vs Male
"Zierk, Steven",M,70,10,"French Defense: Rubinstein Variation, Blackburne Defense",False,M,Male vs Male
"Velten, Paul",M,77,14,Queen's Pawn Game: Torre Attack,True,M,Male vs Male
"Vallejo Pons, Francisco",M,144,199,"English Opening: Symmetrical Variation, Four Knights Variation",False,M,Male vs Male
"Srbis, Jurica",M,42,-163,"Sicilian Defense: Kan Variation, Modern Variation",True,M,Male vs Male
"Srbis, Jurica",M,72,-189,Dutch Defense: Raphael Variation,False,M,Male vs Male
"Plichta, Kamil",M,48,145,Trompowsky Attack,True,M,Male vs Male
"Plichta, Kamil",M,76,82,Nimzo-Indian Defense: Sämisch Variation,False,M,Male vs Male
"Hungaski, Robert",M,86,-188,"Sicilian Defense: Kan Variation, Maróczy Bind, Réti Variation",True,M,Male vs Male
"Hungaski, Robert",M,68,-214,"Sicilian Defense: Kan Variation, Maróczy Bind, Réti Variation",True,M,Male vs Male
"Chandra, Akshat",M,116,88,Caro-Kann Defense: Exchange Variation,False,M,Male vs Male
"Moiseenko, Vadim",M,162,-60,"Sicilian Defense: Alapin Variation, Smith-Morra Declined",True,M,Male vs Male
"Moiseenko, Vadim",M,102,-96,Indian Game,False,M,Male vs Male
"Turqueza, Mari Joseph",M,38,-74,Slav Defense: Steiner Variation,False,M,Male vs Male
"Djordjevic, Vuk",M,84,-110,Scotch Game: Schmidt Variation,False,M,Male vs Male
"Chandra, Akshat",M,100,109,"English Opening: King's English Variation, Troger Defense",False,M,Male vs Male
"Hungaski, Robert",M,98,144,"Caro-Kann Defense: Exchange Variation, Rubinstein Variation",False,M,Male vs Male
"Chernov, Mikhail",M,60,-247,"Caro-Kann Defense: Advance Variation, Tal Variation",False,M,Male vs Male
"Zierk, Steven",M,136,-40,Sicilian Defense: Closed Variation,True,M,Male vs Male
"Chandra, Akshat",M,62,59,"Queen's Gambit Declined: Slav, Dutch Variation",True,M,Male vs Male
"Chandra, Akshat",M,146,11,Neo-Grünfeld Defense: Ultra-delayed Exchange Variation,False,M,Male vs Male
"Chandra, Akshat",M,108,-32,"Grünfeld Defense: Exchange Variation, Modern Exchange Variation",False,M,Male vs Male
"Chandra, Akshat",M,50,-69,French Defense: Tarrasch Variation,False,M,Male vs Male
"Chandra, Akshat",M,38,-103,Caro-Kann Defense: Exchange Variation,False,M,Male vs Male
"Garcia Cardenas, Pablo",M,38,116,Semi-Slav Defense: Main Line,False,M,Male vs Male
The Sunshine,M,112,-201,"French Defense: Steinitz Variation, Boleslavsky Variation",False,F,Female vs Male
"Chandra, Akshat",M,68,8,"Sicilian Defense: Dragon Variation, Yugoslav Attack, Modern Line",True,M,Male vs Male
"Spichkin, Alexander",M,98,-187,Trompowsky Attack: Classical Defense,True,M,Male vs Male
"ADU, Oladapo",M,76,73,"King's Indian Defense: Orthodox Variation, Classical System",True,M,Male vs Male
"Kuznecov, Mikhail",M,92,-54,Indian Game,False,M,Male vs Male
"Moiseenko, Vadim",M,130,72,Philidor Defense: Lion Variation,False,M,Male vs Male
"Kuznecov, Mikhail",M,94,-42,Indian Game,False,M,Male vs Male
"Andonovski, Ljubisa",M,100,-360,Queen's Gambit Declined,True,M,Male vs Male
"Srbis, Jurica",M,88,133,Queen's Pawn,False,M,Male vs Male
"Jovic, Stevan",M,40,-202,"Nimzo-Indian Defense: Normal Variation, Gligoric System",False,M,Male vs Male
"Jovic, Stevan",M,90,-162,Indian Game: East Indian Defense,False,M,Male vs Male
"Servat, Roberto",M,92,-62,"Ruy Lopez: Closed, 7...O-O",False,M,Male vs Male
"Rodrigues, Edgar",M,88,-13,"French Defense: Classical Variation, Steinitz Variation",False,M,Male vs Male
"Srbis, Jurica",M,158,38,"Sicilian Defense: Classical Variation, Fianchetto Variation",True,M,Male vs Male
"Atanejhad, Sahebali",M,60,-175,Sicilian Defense: Delayed Alapin Variation,True,M,Male vs Male
"Kumic, Filip",M,142,-195,Caro-Kann Defense,False,M,Male vs Male
"Servat, Roberto",M,106,97,Caro-Kann Defense: Breyer Variation,False,M,Male vs Male
"Givon, Asaf",M,80,124,Russian Game: Classical Attack,True,M,Male vs Male
"Vallejo Pons, Francisco",M,34,38,Ruy Lopez: Berlin Defense #2,False,M,Male vs Male
"Chandra, Akshat",M,50,12,Giuoco Piano,False,M,Male vs Male
"Chandra, Akshat",M,74,-36,"Queen's Gambit Accepted: Classical Defense, Steinitz Variation, Exchange Variation",True,M,Male vs Male
"Spichkin, Alexander",M,66,-123,Trompowsky Attack: Classical Defense,True,M,Male vs Male
"ADU, Oladapo",M,44,94,English Opening,False,M,Male vs Male
"Spichkin, Alexander",M,86,-149,Trompowsky Attack,True,M,Male vs Male
"Plichta, Kamil",M,50,-263,Dutch Defense: Krejcik Gambit,True,M,Male vs Male
"Vallejo Pons, Francisco",M,140,272,"King's Indian Defense: Petrosian Variation, Stein Defense",True,M,Male vs Male
"Okike, David",M,64,-150,"Caro-Kann Defense: Advance Variation, Short Variation",False,M,Male vs Male
"Okike, David",M,68,-153,"Caro-Kann Defense: Advance Variation, Tal Variation",False,M,Male vs Male
"Maksimovic, Dejan",M,102,165,Indian Game: London System,False,M,Male vs Male
"Hirneise, Jens",M,124,-178,Caro-Kann Defense: Two Knights Attack,True,M,Male vs Male
"Hirneise, Jens",M,108,-206,"Caro-Kann Defense: Panov Attack, Modern Defense",True,M,Male vs Male
"Atanejhad, Sahebali",M,108,121,Queen's Gambit Declined: Charousek (Petrosian) Variation,True,M,Male vs Male
"Andonovski, Ljubisa",M,112,-93,"King's Indian Defense: Orthodox Variation, Gligoric-Taimanov System",True,M,Male vs Male
"Krzyzanowski, Marcin",M,112,-101,"French Defense: Tarrasch Variation, Chistyakov Defense",False,M,Male vs Male
"Mihok, Oliver",M,136,-11,Modern Defense: Standard Line,False,M,Male vs Male
"Plichta, Kamil",M,90,50,Van't Kruijs Opening,False,M,Male vs Male
"Matviishen, Viktor",M,140,-15,Rat Defense: English Rat,False,M,Male vs Male
"ADU, Oladapo",M,48,-75,"Sicilian Defense: Modern Variations, Anti-Qxd4 Move Order",True,M,Male vs Male
"Boor, Carl",M,58,92,French Defense: Mediterranean Defense,False,M,Male vs Male
"ADU, Oladapo",M,92,-65,Sicilian Defense: Chekhover Variation,True,M,Male vs Male
"Boor, Carl",M,126,83,Queen's Pawn,False,M,Male vs Male
"Rodchenkov, Vitaly",M,48,-52,Lion Defense: Lion's Jaw,False,M,Male vs Male
"Spichkin, Alexander",M,62,-100,Trompowsky Attack,True,M,Male vs Male
"Srbis, Jurica",M,58,-7,Caro-Kann Defense: Two Knights Attack,True,M,Male vs Male
"Sirosh, Ilja",M,130,-137,"Benko Gambit Accepted, Fully Accepted Variation",True,M,Male vs Male
"ADU, Oladapo",M,36,-75,Grünfeld Defense,False,M,Male vs Male
"Atanejhad, Sahebali",M,54,92,Modern Defense: Averbakh Variation,False,M,Male vs Male
"Srbis, Jurica",M,96,123,Caro-Kann Defense: Maróczy Variation,False,M,Male vs Male
"Plichta, Kamil",M,48,-44,"Italian Game: Scotch Gambit, Anderssen Attack",True,M,Male vs Male
"Srbis, Jurica",M,120,64,Scandinavian Defense: Portuguese Variation,False,M,Male vs Male
"Morozov, Nichita",M,114,-38,Dutch Defense: Staunton Gambit,True,M,Male vs Male
"Plichta, Kamil",M,94,-110,Nimzo-Indian Defense: Kmoch Variation,False,M,Male vs Male
"Plichta, Kamil",M,62,-119,Trompowsky Attack,True,M,Male vs Male
"Plichta, Kamil",M,160,-132,"Queen's Gambit Declined: Semi-Tarrasch Defense, Pillsbury Variation",True,M,Male vs Male
"Plichta, Kamil",M,66,-138,Sicilian Defense,True,M,Male vs Male
"Chandra, Akshat",M,70,151,"King's Indian Defense: Fianchetto Variation, Double Fianchetto Attack",True,M,Male vs Male
"Plichta, Kamil",M,72,-120,Bronstein Gambit,True,M,Male vs Male
"Boor, Carl",M,78,54,Slav Defense: Exchange Variation,False,M,Male vs Male
"Vibbert, Sean",M,84,-29,Caro-Kann Defense: Tartakower Variation,False,M,Male vs Male
"Boor, Carl",M,178,44,"Queen's Gambit Declined: Exchange Variation, Positional Variation",True,M,Male vs Male
"Kumic, Filip",M,92,-49,King's Indian Defense: Exchange Variation,True,M,Male vs Male
"Kumic, Filip",M,60,-83,"King's Indian Defense: Orthodox Variation, Aronin-Taimanov Defense",True,M,Male vs Male
"Boor, Carl",M,70,-147,"Ruy Lopez: Closed Variations, Martinez Variation",False,M,Male vs Male
"Srbis, Jurica",M,88,161,Caro-Kann Defense: Maróczy Variation,False,M,Male vs Male
"Krykun, Yuriy",M,92,-68,"English Opening: Agincourt Defense, Neo-Catalan Declined",False,M,Male vs Male
"Boor, Carl",M,122,-38,Hungarian Opening,False,M,Male vs Male
"Tekeyev, Zaur",M,68,-68,Indian Game,False,M,Male vs Male
"Fernandez, Daniel",M,52,87,Nimzo-Larsen Attack: Modern Variation #4,True,M,Male vs Male
"Atanejhad, Sahebali",M,122,-166,"Slav Defense: Czech Variation, Krause Attack",True,M,Male vs Male
"Jovic, Stevan",M,36,-150,Queen's Gambit Accepted,True,M,Male vs Male
"Ojeda, Jesus David",M,94,-144,"Italian Game: Two Knights Defense, Modern Bishop's Opening",False,M,Male vs Male
"Ramirez Medina, Victor",M,77,-112,Sicilian Defense: Najdorf Variation,True,M,Male vs Male
"Neugebauer, Martin",M,142,-50,"Ruy Lopez: Closed, Anti-Marshall 8.a4",False,M,Male vs Male
"Neugebauer, Martin",M,134,-86,King's Indian Attack: Symmetrical Defense,True,M,Male vs Male
"Okike, David",M,26,-376,"Caro-Kann Defense: Advance Variation, Short Variation",False,M,Male vs Male
"Spichkin, Alexander",M,104,-161,Saragossa Opening,False,M,Male vs Male
"Moiseenko, Vadim",M,79,100,Scotch Game: Schmidt Variation,False,M,Male vs Male
"Srbis, Jurica",M,60,-34,Modern Defense: Standard Defense,False,M,Male vs Male
"Boor, Carl",M,56,-22,Benoni Defense: King's Pawn Line,False,M,Male vs Male
"Ramirez Medina, Victor",M,138,66,"Sicilian Defense: Paulsen Variation, Bastrikov Variation",True,M,Male vs Male
"Srbis, Jurica",M,54,-111,Richter-Veresov Attack,True,M,Male vs Male
"Srbis, Jurica",M,42,-139,"Ruy Lopez: Morphy Defense, Norwegian Variation",False,M,Male vs Male
"Srbis, Jurica",M,24,-165,Richter-Veresov Attack,True,M,Male vs Male
"Moiseenko, Vadim",M,116,177,Four Knights Game: Gunsberg Variation,False,M,Male vs Male
"Srbis, Jurica",M,120,-146,Richter-Veresov Attack,True,M,Male vs Male
"Srbis, Jurica",M,128,111,Caro-Kann Defense: Maróczy Variation,False,M,Male vs Male
"Srbis, Jurica",M,142,114,"Sicilian Defense: Scheveningen Variation, Fianchetto Variation",True,M,Male vs Male
"Okike, David",M,90,-201,Ruy Lopez: Morphy Defense,False,M,Male vs Male
"Kushko, Dmitriy",M,20,-187,King's Indian Attack: Symmetrical Defense,True,M,Male vs Male
"Morozov, Nichita",M,138,83,Polish Defense,False,M,Male vs Male
"Kuipers, Eelco",M,38,-83,Caro-Kann Defense,False,M,Male vs Male
"Kushko, Dmitriy",M,38,-204,"Neo-Grünfeld Defense: Classical Variation, Polgar Variation",False,M,Male vs Male
"Ramirez Medina, Victor",M,139,-108,"Ruy Lopez: Closed Variations, Martinez Variation",False,M,Male vs Male
"Plotkin, Mark",M,48,-75,Sicilian Defense: Open #2,True,M,Male vs Male
"Spichkin, Alexander",M,90,-333,Anderssen Opening,False,M,Male vs Male
"Spichkin, Alexander",M,72,-370,Mieses Opening,False,M,Male vs Male
"Beradze, Irakli",M,102,-204,"French Defense: Tarrasch Variation, Open System, Euwe-Keres Line",False,M,Male vs Male
"Srbis, Jurica",M,52,95,Richter-Veresov Attack,True,M,Male vs Male
"Rodchenkov, Vitaly",M,80,70,Petrov's Defense,False,M,Male vs Male
"Spichkin, Alexander",M,84,-324,Nimzo-Larsen Attack: Modern Variation #4,True,M,Male vs Male
"Posthuma, Joshua",M,96,-1,"King's Indian, Sämisch, Panno Main Line",True,M,Male vs Male
"Srbis, Jurica",M,182,18,Richter-Veresov Attack,True,M,Male vs Male
"Murzin, Volodar",M,150,30,Sicilian Defense: French Variation,True,M,Male vs Male
"Andonovski, Ljubisa",M,42,-267,Modern Defense,False,M,Male vs Male
"Andonovski, Ljubisa",M,68,-283,Robatsch (Modern) Defense,False,M,Male vs Male
"Sokolov, Andrei",M,88,291,"Italian Game: Classical Variation, Giuoco Pianissimo",False,M,Male vs Male
"Maksimovic, Dejan",M,118,-143,London System,False,M,Male vs Male
"Maksimovic, Dejan",M,74,-65,Indian Game: London System,False,M,Male vs Male
"Hungaski, Robert",M,96,83,"Caro-Kann Defense: Exchange Variation, Rubinstein Variation",False,M,Male vs Male
"Maksimovic, Dejan",M,100,-57,Indian Game: London System,False,M,Male vs Male
"Maksimovic, Dejan",M,106,-71,Indian Game: London System,False,M,Male vs Male
"Maksimovic, Dejan",M,84,-103,Indian Game: London System,False,M,Male vs Male
"Maksimovic, Dejan",M,26,-133,Torre Attack,True,M,Male vs Male
"Wisniacki, Flavio",M,78,-204,King's Indian Attack: Symmetrical Defense,True,M,Male vs Male
"Sebenik, Matej",M,94,71,"English Opening: Anglo-Indian Defense, King's Knight Variation",False,M,Male vs Male
"Sebenik, Matej",M,140,18,"Catalan Opening: Closed Variation, Traditional Variation",False,M,Male vs Male
"Sebenik, Matej",M,120,-25,English Opening: Caro-Kann Defensive System,False,M,Male vs Male
"Sebenik, Matej",M,56,-59,"Queen's Gambit Declined: Exchange Variation, Positional Variation",True,M,Male vs Male
"Andonovski, Ljubisa",M,64,-138,Neo-Grünfeld Defense: Non- or Delayed Fianchetto,False,M,Male vs Male
"Chandra, Akshat",M,66,93,"Réti Opening: Anglo-Slav Variation, Bogoljubov Variation, III",False,M,Male vs Male
"Srbis, Jurica",M,66,-112,"Pterodactyl Defense: Eastern, Anhanguera",False,M,Male vs Male
"Morozov, Nichita",M,92,-48,"Ruy Lopez: Exchange Variation, Gligoric Variation",False,M,Male vs Male
"Sokolov, Andrei",M,88,305,Caro-Kann Defense: Modern Variation,False,M,Male vs Male
"Mandura, Tijana",M,66,100,"Queen's Indian Defense: Classical Variation, Traditional Variation, Main Line",False,F,Female vs Male
"ADU, Oladapo",M,150,-16,"Ruy Lopez: Morphy Defense, Anderssen Variation",False,M,Male vs Male
"Moradiabadi, Elshan",M,138,184,King's Knight Opening: Konstantinopolsky,False,M,Male vs Male
"Ermolaev, Andrey",M,98,-147,Queen's Pawn Game: Chigorin Variation,False,M,Male vs Male
"Dutina, Dario",M,68,-145,"Caro-Kann Defense: Hillbilly Attack, Schaeffer Gambit",True,M,Male vs Male
"Kumic, Filip",M,42,-380,Queen's Gambit Accepted: Showalter Variation,True,M,Male vs Male
"Ermolaev, Andrey",M,58,42,"Queen's Pawn Game: Veresov Attack, Shaviliuk Gambit",True,M,Male vs Male
"Ermolaev, Andrey",M,94,34,Queen's Pawn Game: Chigorin Variation,False,M,Male vs Male
"Shevchenko, Danylo",M,68,-10,French Defense: Advance Variation,False,M,Male vs Male
"Sebenik, Matej",M,170,-30,Sicilian Defense: Canal-Sokolsky Attack,True,M,Male vs Male
"Almiron, Antonio",M,116,1,Queen's Pawn Game: Chigorin Variation,False,M,Male vs Male
"Almiron, Antonio",M,132,-3,"Queen's Indian Defense: Fianchetto Variation, Kramnik Variation",False,M,Male vs Male
"Ermolaev, Andrey",M,88,-304,Queen's Pawn Game: Chigorin Variation,False,M,Male vs Male
"Hungaski, Robert",M,58,77,Englund Gambit Complex: Hartlaub-Charlick Gambit,True,M,Male vs Male
"Posthuma, Joshua",M,89,184,Robatsch (Modern) Defense,False,M,Male vs Male
"Posthuma, Joshua",M,68,143,Nimzo-Larsen Attack: Symmetrical Variation,True,M,Male vs Male
"Bancod, Ronald",M,98,-100,"Italian Game: Evans Gambit, Stone-Ware Variation",True,M,Male vs Male
"Srbis, Jurica",M,88,-84,Modern Defense: Standard Defense,False,M,Male vs Male
"Srbis, Jurica",M,114,-119,Modern Defense: Standard Line,False,M,Male vs Male
"Srbis, Jurica",M,64,-133,Caro-Kann Defense,False,M,Male vs Male
"Kobo, Ori",M,148,108,Nimzo-Larsen Attack: Modern Variation #4,True,M,Male vs Male
"Hungaski, Robert",M,58,194,Kadas Opening,False,M,Male vs Male
"Andonovski, Ljubisa",M,82,-161,Queen's Pawn,False,M,Male vs Male
"Trifonov, Denis",M,96,-455,Queen's Pawn Game: Chigorin Variation,False,M,Male vs Male
"To, Nhat Minh",M,90,-30,"Grünfeld Defense: Three Knights Variation, Petrosian System",False,M,Male vs Male
"Shevchenko, Danylo",M,26,-106,French Defense: Advance Variation,False,M,Male vs Male
"Shevchenko, Danylo",M,74,-141,French Defense: Advance Variation,False,M,Male vs Male
"Shevchenko, Danylo",M,36,-170,French Defense: Advance Variation,False,M,Male vs Male
"Abdel Razik, Khaled",M,34,184,Queen's Gambit Refused: Chigorin Defense #3,True,M,Male vs Male
"Shevchenko, Danylo",M,66,-148,French Defense: Exchange Variation,False,M,Male vs Male
"Shevchenko, Danylo",M,108,-179,French Defense: Exchange Variation,False,M,Male vs Male
"Shevchenko, Danylo",M,110,-203,Indian Game: Reversed Chigorin Defense,False,M,Male vs Male
"Shevchenko, Danylo",M,88,-225,French Defense: Exchange Variation,False,M,Male vs Male
"Andonovski, Ljubisa",M,82,-302,Wade Defense,False,M,Male vs Male
"Wisniacki, Flavio",M,120,-385,Neo-Grünfeld Defense: Delayed Exchange Variation #2,False,M,Male vs Male
"Velten, Paul",M,124,406,Indian Game,False,M,Male vs Male
"Jocev, Milan",M,30,-213,Semi-Slav Defense: Normal Variation,False,M,Male vs Male
"Ali, Muhammad Lutfi",M,76,-72,Sicilian Defense: Najdorf Variation,True,M,Male vs Male
"Wisniacki, Flavio",M,112,-138,King's Indian Attack,True,M,Male vs Male
"Husbands, Orlando",M,54,173,Modern Defense: Standard Defense,False,M,Male vs Male
"Tay, Junior",M,132,-100,Bishop's Opening: Vienna Hybrid,False,M,Male vs Male
"Almiron, Antonio",M,73,70,Queen's Pawn,False,M,Male vs Male
"Tay, Junior",M,52,-39,Bishop's Opening: Boden-Kieseritzky Gambit,True,M,Male vs Male
"ADU, Oladapo",M,92,-189,Saragossa Opening,False,M,Male vs Male
"ADU, Oladapo",M,140,-213,Saragossa Opening,False,M,Male vs Male
"Velten, Paul",M,122,-47,Torre Attack,True,M,Male vs Male
"Chandra, Akshat",M,24,66,Semi-Slav Defense Accepted,False,M,Male vs Male
"Chizhikov, Vladislav",M,168,-253,Four Knights Game,False,M,Male vs Male
"Plotkin, Mark",M,60,-321,Caro-Kann Defense: Two Knights Attack,True,M,Male vs Male
"Trifonov, Denis",M,50,-136,"Caro-Kann Defense: Panov Attack, Modern Defense, Mieses Line",True,M,Male vs Male
"Posthuma, Joshua",M,118,150,Slav Defense: Modern,False,M,Male vs Male
"Plotkin, Mark",M,126,-338,Budapest Defense: Rubinstein Variation,False,M,Male vs Male
"Ali, Muhammad Lutfi",M,114,164,Robatsch (Modern) Defense,False,M,Male vs Male
"Kumic, Filip",M,76,-231,Nimzo-Larsen Attack: Classical Variation,True,M,Male vs Male
"Kumic, Filip",M,44,-250,Sicilian Defense: Chekhover Variation,True,M,Male vs Male
"Kumic, Filip",M,140,116,"Sicilian Defense: Nimzowitsch Variation, Advance Variation",True,M,Male vs Male
"Khlebovich, Alexander",M,156,-55,Blumenfeld Countergambit #2,False,M,Male vs Male
"Almagro Llamas, Pablo",M,106,192,English Opening: Caro-Kann Defensive System,False,M,Male vs Male
"Schmakel, Sam",M,128,215,Nimzo-Larsen Attack: Symmetrical Variation,True,M,Male vs Male
"Almagro Llamas, Pablo",M,84,230,Nimzo-Larsen Attack,True,M,Male vs Male
"Trifonov, Denis",M,122,-87,Czech Defense,False,M,Male vs Male
"Aydincelebi, Kagan",M,112,-275,Four Knights Game: Scotch Variation Accepted,False,M,Male vs Male
"Campbell, Charles",M,48,-170,"Slav Defense: Exchange Variation, Symmetrical Line",False,M,Male vs Male
"Velten, Paul",M,72,-87,Queen's Indian Defense,False,M,Male vs Male
"Velten, Paul",M,100,-118,"English Opening: Anglo-Indian Defense, Queen's Indian Formation",False,M,Male vs Male
"Spichkin, Alexander",M,22,-224,Trompowsky Attack,True,M,Male vs Male
"Spichkin, Alexander",M,96,-233,Trompowsky Attack,True,M,Male vs Male
"Shevchenko, Danylo",M,58,-171,"Sicilian Defense: Alapin Variation, Smith-Morra Declined",True,M,Male vs Male
"Trifonov, Denis",M,86,-230,French Defense: King's Indian Attack,True,M,Male vs Male
"Wisniacki, Flavio",M,122,-142,King's Indian Attack,True,M,Male vs Male
"Okike, David",M,96,-317,"Ruy Lopez: Morphy Defense, Chigorin Defense, Panov System",False,M,Male vs Male
"Plotkin, Mark",M,58,-271,Zukertort Opening: Kingside Fianchetto,False,M,Male vs Male
"Srbis, Jurica",M,68,55,French Defense: Paulsen Variation,False,M,Male vs Male
"Servat, Roberto",M,72,193,"Sicilian Defense: Najdorf Variation, Adams Attack",True,M,Male vs Male
"Servat, Roberto",M,88,-143,French Defense: Paulsen Variation,False,M,Male vs Male
"Chandra, Akshat",M,118,51,Caro-Kann Defense: Exchange Variation,False,M,Male vs Male
"Chandra, Akshat",M,98,4,King's Indian Attack,True,M,Male vs Male
"Di Benedetto, Edoardo",M,70,-252,French Defense: Paulsen Variation,False,M,Male vs Male
"Velten, Paul",M,144,261,"Queen's Pawn Game: Torre Attack, Gossip Variation",True,M,Male vs Male
"Di Benedetto, Edoardo",M,62,-223,Anderssen Opening,False,M,Male vs Male
"Sirosh, Ilja",M,64,-146,"English Opening: King's English Variation, Troger Defense",False,M,Male vs Male
"Sirosh, Ilja",M,70,-173,"English Opening: King's English Variation, Three Knights System",False,M,Male vs Male
"Lombaers, Peter",M,102,-43,English Opening: Anglo-Indian Defense,False,M,Male vs Male
"Viviani, Alessio",M,34,62,"Dutch Defense: Manhattan Gambit, Anti-Stonewall",True,M,Male vs Male
"Lombaers, Peter",M,44,-33,Grünfeld Defense: Opocensky Variation,False,M,Male vs Male
"Viviani, Alessio",M,56,53,Mexican Defense: Horsefly Gambit,True,M,Male vs Male
"Viviani, Alessio",M,76,-38,Mexican Defense: Horsefly Gambit,True,M,Male vs Male
"Viviani, Alessio",M,82,-107,Tarrasch Defense: Symmetrical Variation,False,M,Male vs Male
"Viviani, Alessio",M,46,-136,Trompowsky Attack,True,M,Male vs Male
"Viviani, Alessio",M,66,-163,Semi-Slav Defense: Meran Variation,False,M,Male vs Male
"Arslanov, Shamil",M,68,175,"Pirc Defense: Austrian Attack, Weiss Variation",True,M,Male vs Male
"Viviani, Alessio",M,122,-144,Semi-Slav Defense: Meran Variation,False,M,Male vs Male
"Arslanov, Shamil",M,108,157,Pirc Defense #4,False,M,Male vs Male
"Srbis, Jurica",M,78,-91,Old Benoni Defense,False,M,Male vs Male
"Okike, David",M,66,-258,"Ruy Lopez: Morphy Defense, Chigorin Defense, Panov System",False,M,Male vs Male
"Di Benedetto, Edoardo",M,58,-168,French Defense: Paulsen Variation,False,M,Male vs Male
"Spichkin, Alexander",M,116,-90,Trompowsky Attack: Classical Defense,True,M,Male vs Male
"Atanejhad, Sahebali",M,60,-56,Queen's Gambit Refused: Albin Countergambit,True,M,Male vs Male
"Galchenko, Matvey",M,104,-41,"English Opening: King's English Variation, Reversed Closed Sicilian",True,M,Male vs Male
"Chizhikov, Vladislav",M,96,2,Sicilian Defense: Delayed Alapin,True,M,Male vs Male
"Galchenko, Matvey",M,66,-117,"English Opening: King's English Variation, Reversed Closed Sicilian",True,M,Male vs Male
"Velten, Paul",M,70,134,Indian Game: Spielmann-Indian,False,M,Male vs Male
"Di Benedetto, Edoardo",M,88,-200,French Defense: Paulsen Variation,False,M,Male vs Male
"Srbis, Jurica",M,94,44,"French Defense: Steinitz Variation, Boleslavsky Variation",False,M,Male vs Male
"Di Benedetto, Edoardo",M,56,-21,Anderssen Opening,False,M,Male vs Male
"Okike, David",M,62,-481,French Defense: Paulsen Variation,False,M,Male vs Male
"Okike, David",M,124,-486,French Defense: Paulsen Variation,False,M,Male vs Male
"Neugebauer, Martin",M,86,-357,"French Defense: Tarrasch Variation, Open System, Euwe-Keres Line",False,M,Male vs Male
"Velten, Paul",M,62,363,Torre Attack,True,M,Male vs Male
"Velten, Paul",M,126,154,King's Indian Defense: Larsen Variation,True,M,Male vs Male
"Velten, Paul",M,52,66,King's Indian Defense: Normal Variation,True,M,Male vs Male
"Amin, Bassem",M,102,-30,"French Defense: Classical Variation, Steinitz Variation",False,M,Male vs Male
"Amin, Bassem",M,68,-53,Ruy Lopez: Berlin Defense #2,False,M,Male vs Male
"Velten, Paul",M,92,65,Italian Game: Two Knights Defense,False,M,Male vs Male
"Amin, Bassem",M,118,-32,Réti Opening #2,False,M,Male vs Male
"Velten, Paul",M,52,56,"English Opening: Symmetrical Variation, Two Knights Line",False,M,Male vs Male
"Spichkin, Alexander",M,44,-95,Queen's Pawn Game: Morris Countergambit,False,M,Male vs Male
"Wisniacki, Flavio",M,116,-374,King's Indian Attack: Symmetrical Defense,True,M,Male vs Male
"Andonovski, Ljubisa",M,82,-270,King's Indian Defense: Kramer Variation,True,M,Male vs Male
"Andonovski, Ljubisa",M,118,-376,Queen's Gambit Accepted: Janowski-Larsen Variation,True,M,Male vs Male
"Andonovski, Ljubisa",M,80,-369,Queen's Pawn,False,M,Male vs Male
"Atanejhad, Sahebali",M,110,-50,"Queen's Indian Defense: Fianchetto Variation, Nimzowitsch Variation, Nimzowitsch Attack",True,M,Male vs Male
"Servat, Roberto",M,118,-166,French Defense: Paulsen Variation,False,M,Male vs Male
"Kumic, Filip",M,44,14,"English Opening: Anglo-Indian Defense, King's Indian Formation",True,M,Male vs Male
"Klukin, Kirill",M,102,-158,Queen's Gambit Accepted: Janowski-Larsen Variation,True,M,Male vs Male
"Velten, Paul",M,126,172,Torre Attack,True,M,Male vs Male
"Mihok, Oliver",M,64,-52,French Defense: Paulsen Variation,False,M,Male vs Male
"Unuk, Laura",M,94,-316,Queen's Gambit Accepted: Old Variation,True,F,Female vs Male
"Unuk, Laura",M,134,-328,Queen's Gambit Accepted: Janowski-Larsen Variation,True,F,Female vs Male
"Unuk, Laura",M,80,-341,Queen's Gambit Accepted: Mannheim Variation,True,F,Female vs Male
"Wisniacki, Flavio",M,94,-419,King's Indian Attack,True,M,Male vs Male
"Servat, Roberto",M,48,37,Sicilian Defense: French Variation,True,M,Male vs Male
"Trifonov, Denis",M,79,-213,"Sicilian Defense: Nimzowitsch Variation, Closed Variation",True,M,Male vs Male
"Okike, David",M,138,-415,"Sicilian Defense: Lasker-Pelikan Variation, Sveshnikov Variation #2",True,M,Male vs Male
"Satyapragyan, Swayangsu",M,86,2,Réti Opening: Advance Variation,False,M,Male vs Male
"Almagro Llamas, Pablo",M,52,-46,Nimzo-Larsen Attack: English Variation,True,M,Male vs Male
"Almagro Llamas, Pablo",M,62,116,Nimzo-Larsen Attack,True,M,Male vs Male
"Spichkin, Alexander",M,86,-122,Modern Defense,False,M,Male vs Male
"Plichta, Kamil",M,34,-134,Trompowsky Attack,True,M,Male vs Male
"Plichta, Kamil",M,44,-160,"Trompowsky Attack: Classical Defense, Big Center Variation",True,M,Male vs Male
"Chandra, Akshat",M,154,172,"Alekhine Defense: Modern Variation, Larsen Variation",False,M,Male vs Male
"Plichta, Kamil",M,44,-141,King's Indian Defense: Normal Variation,True,M,Male vs Male
"Maksimovic, Dejan",M,92,-240,London System,False,M,Male vs Male
"Moiseenko, Vadim",M,80,139,Alekhine Defense: Sämisch Attack,True,M,Male vs Male
"Plichta, Kamil",M,80,-109,Réti Opening #2,False,M,Male vs Male
"Moiseenko, Vadim",M,110,124,"Alekhine Defense: Modern Variation, Larsen Variation",False,M,Male vs Male
"Plichta, Kamil",M,224,-95,Queen's Indian Accelerated,False,M,Male vs Male
"Plichta, Kamil",M,37,-126,Réti Opening #2,False,M,Male vs Male
"Klukin, Kirill",M,98,17,"English Opening: Anglo-Indian Defense, Queen's Indian Formation",False,M,Male vs Male
"Atanejhad, Sahebali",M,112,-114,Old Benoni Defense,False,M,Male vs Male
"Klukin, Kirill",M,54,25,Queen's Indian Defense: Kasparov Variation,False,M,Male vs Male
"Tay, Junior",M,92,-107,"Sicilian Defense: Grand Prix Attack, Schofman Variation",True,M,Male vs Male
"Klukin, Kirill",M,66,-17,Semi-Slav Defense: Chigorin Defense,False,M,Male vs Male
"Kuipers, Stefan",M,38,-112,"Italian Game: Two Knights Defense, Modern Bishop's Opening",False,M,Male vs Male
"Andonovski, Ljubisa",M,38,-245,"Caro-Kann Defense: Panov Attack, Modern Defense",True,M,Male vs Male
"Okike, David",M,67,-304,"Ruy Lopez: Morphy Defense, Chigorin Defense, Panov System",False,M,Male vs Male
"Okike, David",M,44,-183,Ruy Lopez: Morphy Defense,False,M,Male vs Male
"Kumic, Filip",M,102,-50,"Queen's Gambit Declined: Harrwitz Attack, Two Knights Defense",True,M,Male vs Male
"Srbis, Jurica",M,65,1,Torre Attack,True,M,Male vs Male
"ADU, Oladapo",M,148,-174,English Opening: Anglo-Indian Defense,False,M,Male vs Male
"ADU, Oladapo",M,84,-198,"Ruy Lopez: Morphy Defense, Anderssen Variation",False,M,Male vs Male
"Wisniacki, Flavio",M,104,-207,King's Indian Attack: Symmetrical Defense,True,M,Male vs Male
"Wisniacki, Flavio",M,142,-225,"English Opening: Symmetrical Variation, Mecking Variation",False,M,Male vs Male
"ADU, Oladapo",M,56,-57,Saragossa Opening,False,M,Male vs Male
"Jovic, Stevan",M,62,-181,Benoni Defense: King's Pawn Line,False,M,Male vs Male
"Spichkin, Alexander",M,60,-166,Polish Opening: Outflank Variation,False,M,Male vs Male
"Spichkin, Alexander",M,156,-190,Trompowsky Attack,True,M,Male vs Male
"Spichkin, Alexander",M,100,-191,Trompowsky Attack: Classical Defense,True,M,Male vs Male
"Morozov, Nichita",M,98,-191,"King's Indian Defense: Fianchetto Variation, Kavalek Defense",True,M,Male vs Male
"Morozov, Nichita",M,112,-219,Bogo-Indian Defense: Grünfeld Variation,False,M,Male vs Male
"Velten, Paul",M,119,337,Semi-Slav Defense: Chigorin Defense,False,M,Male vs Male
"Spichkin, Alexander",F,144,-54,Trompowsky Attack,True,M,Male vs Female
"Vallejo Pons, Francisco",F,58,291,King's Indian Attack,True,M,Male vs Female
"Unuk, Laura",M,114,-247,Dutch Defense: Normal Variation,False,F,Female vs Male
"Plenca, Julijan",M,58,-103,"Italian Game: Classical Variation, Greco Gambit",True,M,Male vs Male
"Aghasaryan, Robert",M,68,121,"King's Indian Defense: Sämisch Variation, Panno Formation",True,M,Male vs Male
"Hapaku, Charles",M,62,-70,Slav Defense: Chameleon Variation,False,M,Male vs Male
"Sokolov, Andrei",M,100,110,Indian Game: Wade-Tartakower Defense,False,M,Male vs Male
"Gwaze, Robert",M,84,247,Caro-Kann Defense,False,M,Male vs Male
"Kuipers, Stefan",M,96,40,Modern Defense: Standard Line,False,M,Male vs Male
"Sebenik, Matej",M,152,-55,Philidor Defense: Lion Variation,False,M,Male vs Male
"Crispin Ferreras, Darvi Abraham",M,96,-279,Alekhine Defense,False,M,Male vs Male
"Di Benedetto, Edoardo",M,50,-263,King's Indian Defense: Orthodox Variation,True,M,Male vs Male
"Maier, Christian",M,144,138,French Defense: Burn Variation,False,M,Male vs Male
"Srbis, Jurica",M,76,14,"King's Indian Defense: Fianchetto Variation, Double Fianchetto Attack",True,M,Male vs Male
"Srbis, Jurica",M,100,-29,Pirc Defense: 150 Attack,True,M,Male vs Male
"Srbis, Jurica",M,50,-50,Richter-Veresov Attack,True,M,Male vs Male
"Plichta, Kamil",M,52,67,Queen's Pawn Game: Chigorin Variation,False,M,Male vs Male
"Wisniacki, Flavio",M,42,-280,King's Indian Attack,True,M,Male vs Male
"Almagro Llamas, Pablo",M,76,6,Nimzo-Larsen Attack: Indian Variation,True,M,Male vs Male
"Almiron, Antonio",M,114,70,Sicilian Defense: Loewenthal Variation,True,M,Male vs Male
"Srbis, Jurica",M,34,1,"Grünfeld Defense: Exchange Variation, Classical Variation",False,M,Male vs Male
"Srbis, Jurica",M,114,-20,"Sicilian Defense: Nimzowitsch Variation, Closed Variation",True,M,Male vs Male
"ADU, Oladapo",M,120,105,"Pirc Defense: Classical Variation, Schlechter Variation",False,M,Male vs Male
"Viviani, Alessio",M,96,-77,King's Indian Defense: Orthodox Variation,True,M,Male vs Male
"ADU, Oladapo",M,70,81,Sicilian Defense: Chekhover Variation,True,M,Male vs Male
"ADU, Oladapo",M,60,73,Pirc Defense #5,False,M,Male vs Male
"Tay, Junior",M,58,-160,French Defense: Two Knights Variation,False,M,Male vs Male
"Tay, Junior",M,88,-184,French Defense: Two Knights Variation,False,M,Male vs Male
"Servat, Roberto",M,52,50,Ruy Lopez: Morphy Defense,False,M,Male vs Male
"Atanejhad, Sahebali",M,76,-323,"Queen's Gambit Declined: Vienna Variation, Quiet Variation",True,M,Male vs Male
"Plichta, Kamil",M,64,-95,Nimzo-Indian Defense: Kmoch Variation,False,M,Male vs Male
"Svane, Rasmus",M,186,113,King's Indian Defense: Semi-Averbakh System,True,M,Male vs Male
"Plichta, Kamil",M,86,-82,"Caro-Kann Defense: Panov Attack, Fianchetto Defense",True,M,Male vs Male
"Svane, Rasmus",M,74,100,Indian Game: Przepiorka Variation,False,M,Male vs Male
"Ermolaev, Andrey",M,50,-133,"Pterodactyl Defense: Eastern, Rhamphorhynchus",False,M,Male vs Male
"Ermolaev, Andrey",M,100,-56,"Pirc Defense: Austrian Attack, Unzicker Attack, Bronstein Variation",True,M,Male vs Male
"Ermolaev, Andrey",M,116,-235,Queen's Pawn Game: Chigorin Variation,False,M,Male vs Male
"Sokolov, Andrei",M,136,380,Semi-Slav Defense: Stoltz Variation,False,M,Male vs Male
"Maier, Christian",M,98,-68,Blackmar-Diemer Gambit: Tartakower Variation,True,M,Male vs Male
"Ermolaev, Andrey",M,104,-244,Queen's Pawn Game: Chigorin Variation,False,M,Male vs Male
"Wisniacki, Flavio",M,62,-197,"King's Indian Defense: Fianchetto Variation, Yugoslav Variation",True,M,Male vs Male
"Velten, Paul",M,54,-97,Slav Defense: Quiet Variation,False,M,Male vs Male
"Velten, Paul",M,46,-116,Nimzo-Indian Defense: Leningrad Variation,False,M,Male vs Male
"Velten, Paul",M,88,-122,Trompowsky Attack,True,M,Male vs Male
"Chandra, Akshat",M,52,137,Old Indian Defense,False,M,Male vs Male
"Velten, Paul",M,46,-95,"English Opening: King's English Variation, Nimzowitsch Variation",False,M,Male vs Male
"Velten, Paul",M,110,-128,King's Indian Attack,True,M,Male vs Male
"Matviishen, Viktor",M,50,147,Grünfeld Defense: Three Knights Variation,False,M,Male vs Male
"Viviani, Alessio",M,38,-164,"Queen's Gambit Declined: Vienna Variation, Quiet Variation",True,M,Male vs Male
"Schitco, Ivan",M,166,-7,English Opening: King's English Variation,False,M,Male vs Male
"Macovei, Andrei",M,110,4,"Caro-Kann Defense: Advance Variation, Short Variation",False,M,Male vs Male
"Schitco, Ivan",M,105,18,Modern Defense: Geller's System,False,M,Male vs Male
"Macovei, Andrei",M,142,5,Hungarian Opening: Symmetrical Variation,False,M,Male vs Male
"Schitco, Ivan",M,76,18,Modern Defense,False,M,Male vs Male
"Almagro Llamas, Pablo",M,76,53,Nimzo-Larsen Attack: Classical Variation,True,M,Male vs Male
"Juhasz, Armin",M,54,-37,"Queen's Gambit Refused: Chigorin Defense, Lazard Gambit",True,M,Male vs Male
"Petronijevic, Zoran",M,102,57,"Caro-Kann Defense: Panov Attack, Modern Defense, Mieses Line",True,M,Male vs Male
"Juhasz, Armin",M,122,15,"Catalan Opening: Open Defense, Classical Line",False,M,Male vs Male
"Perez, Maximiliano",M,100,-138,"Sicilian Defense: Najdorf Variation, English Attack",True,M,Male vs Male
"Zubritskiy, Artyom",M,96,153,English Opening: Great Snake Variation,False,M,Male vs Male
"Perez, Maximiliano",M,38,-119,Sicilian Defense: French Variation,True,M,Male vs Male
"Cotonnec, Melkior",M,100,-111,Nimzo-Larsen Attack,True,M,Male vs Male
"Aumont, Alexandre",M,54,-285,"Sicilian Defense: Closed Variation, Fianchetto Variation",True,M,Male vs Male
"Kantans, Toms",M,58,261,"Sicilian Defense: Dragon Variation, Yugoslav Attack, Panov Variation",True,M,Male vs Male
"Aumont, Alexandre",M,46,-223,"Sicilian Defense: Closed Variation, Grob Attack",True,M,Male vs Male
"Aumont, Alexandre",M,68,-244,"Sicilian Defense: Closed Variation, Fianchetto Variation",True,M,Male vs Male
"Sebenik, Matej",M,58,-128,Zukertort Opening: Sicilian Invitation,True,M,Male vs Male
"Plichta, Kamil",M,124,36,Polish Defense: Spassky Gambit Accepted,True,M,Male vs Male
"Zubritskiy, Artyom",M,46,-178,English Opening: King's English Variation,False,M,Male vs Male
"Tekeyev, Zaur",M,132,192,Queen's Pawn,False,M,Male vs Male
"Kushko, Dmitriy",M,100,-107,King's Indian Attack: Sicilian Variation #2,True,M,Male vs Male
"Wisniacki, Flavio",M,104,-124,"English Opening: Symmetrical Variation, Mecking Variation",False,M,Male vs Male
"Devaev, Alexander",M,36,-18,Réti Opening: Advance Variation,False,M,Male vs Male
"Tay, Junior",M,72,61,Caro-Kann Defense,False,M,Male vs Male
"Velten, Paul",M,44,-81,"Queen's Indian Defense: Kasparov-Petrosian Variation, Modern Variation",False,M,Male vs Male
"Zhigalko, Sergei",M,112,88,"French Defense: Advance Variation, Euwe Variation",False,M,Male vs Male
"Velten, Paul",M,70,-46,Trompowsky Attack,True,M,Male vs Male
"Velten, Paul",M,42,-99,"Sicilian Defense: Modern Variations, Main Line",True,M,Male vs Male
"Kantans, Toms",M,48,110,Rat Defense: Antal Defense,False,M,Male vs Male
"Piscopo, Pierluigi",M,88,-103,Benoni Defense: Knight's Tour Variation,False,M,Male vs Male
"Spichkin, Alexander",M,40,-11,Trompowsky Attack,True,M,Male vs Male
"Spichkin, Alexander",M,114,-97,Trompowsky Attack,True,M,Male vs Male
"Piscopo, Pierluigi",M,126,-64,Benoni Defense,False,M,Male vs Male
"Radzhabov, Rodion",M,62,-63,London System,False,M,Male vs Male
"Gelman, Alexander",M,68,100,Caro-Kann Defense: Maróczy Variation,False,M,Male vs Male
Nitish Belurkar,M,35,-223,French Defense: Knight Variation,False,M,Male vs Male
Nitish Belurkar,M,64,-247,Queen's Pawn Game: Colle System,False,M,Male vs Male
Nitish Belurkar,M,42,-268,"Italian Game: Giuoco Pianissimo, Normal",False,M,Male vs Male
"Srbis, Jurica",M,140,0,Catalan Opening: Open Defense,False,M,Male vs Male
"Kantans, Toms",M,110,165,Rat Defense: Antal Defense,False,M,Male vs Male
"Plichta, Kamil",M,46,-159,"Queen's Gambit Refused: Chigorin Defense, Main Line",True,M,Male vs Male
"Plichta, Kamil",M,136,19,Trompowsky Attack,True,M,Male vs Male
"Kumic, Filip",M,184,3,Zukertort Opening: Nimzo-Larsen Variation,False,M,Male vs Male
"Pfreundt, Jakob",M,100,-66,"Sicilian Defense: Accelerated Dragon, Maróczy Bind",True,M,Male vs Male
"Pfreundt, Jakob",M,86,-53,French Defense: Exchange Variation,False,M,Male vs Male
"Devaev, Alexander",M,126,-71,English Opening: Agincourt Defense #2,False,M,Male vs Male
"Rodchenkov, Vitaly",M,44,88,English Opening: Symmetrical Variation,False,M,Male vs Male
"Spichkin, Alexander",M,100,-124,Trompowsky Attack: Classical Defense,True,M,Male vs Male
"Hosseinzadeh, Nima",M,88,115,Modern Defense: Standard Defense,False,M,Male vs Male
"Kushko, Dmitriy",M,98,-38,King's Indian Attack: Symmetrical Defense,True,M,Male vs Male
"Gelman, Alexander",M,76,-124,Center Game: Normal Variation,False,M,Male vs Male
"Wisniacki, Flavio",M,38,-147,Réti Opening #2,False,M,Male vs Male
"Kushko, Dmitriy",M,44,126,Robatsch (Modern) Defense,False,M,Male vs Male
"Velten, Paul",M,130,122,King's Pawn Game: Macleod Attack,True,M,Male vs Male
"Petronijevic, Zoran",M,88,215,"Ruy Lopez: Morphy Defense, Mackenzie Variation",False,M,Male vs Male
"Rodchenkov, Vitaly",M,136,-237,"English Opening: King's English Variation, Kramnik-Shirov Counterattack",False,M,Male vs Male
"Rodchenkov, Vitaly",M,76,-247,Slav Defense: Exchange Variation,False,M,Male vs Male
"Daeschler, Florian",M,56,-252,"Queen's Gambit Refused: Chigorin Defense, Lazard Gambit",True,M,Male vs Male
"Sokolov, Andrei",M,150,73,Queen's Gambit Declined: Charousek (Petrosian) Variation,True,M,Male vs Male
"Wisniacki, Flavio",M,152,-165,Réti Opening #2,False,M,Male vs Male
"Vargas Arteaga, Alexis",M,164,-182,Sicilian Defense: Hyperaccelerated Fianchetto,True,M,Male vs Male
"Almagro Llamas, Pablo",M,134,-251,English Opening: King's English Variation,False,M,Male vs Male
"Devaev, Alexander",M,68,-126,Zukertort Opening: Pirc Invitation,False,M,Male vs Male
"Devaev, Alexander",M,80,-154,Zukertort Opening: Sicilian Invitation,True,M,Male vs Male
"Kuipers, Stefan",M,36,-169,"Sicilian Defense: Nimzowitsch Variation, Closed Variation",True,M,Male vs Male
"Posthuma, Joshua",M,106,-70,Catalan Opening,False,M,Male vs Male
"Gwaze, Robert",M,68,54,"Sicilian Defense: Smith-Morra Gambit Accepted, Paulsen Formation",True,M,Male vs Male
"Velten, Paul",M,72,213,Horwitz Defense,False,M,Male vs Male
"Okike, David",M,16,-310,"French Defense: Winawer Variation, Poisoned Pawn Variation",False,M,Male vs Male
"Juhasz, Armin",M,54,-176,Queen's Gambit Accepted: Janowski-Larsen Variation,True,M,Male vs Male
"Juhasz, Armin",M,136,-20,Queen's Gambit Accepted: Normal Variation,True,M,Male vs Male
"Spichkin, Alexander",M,100,-109,Queen's Pawn,False,M,Male vs Male
"Velten, Paul",M,110,158,"Queen's Pawn Game: Veresov Attack, Classical Defense",True,M,Male vs Male
"Kushko, Dmitriy",M,38,127,Zukertort Opening: Pirc Invitation,False,M,Male vs Male
"Moiseenko, Vadim",M,112,-86,Sicilian Defense: Old Sicilian,True,M,Male vs Male
"Moiseenko, Vadim",M,172,-120,Queen's Pawn Game: Zukertort Variation,False,M,Male vs Male
"Kushko, Dmitriy",M,112,139,Zukertort Opening: Pirc Invitation,False,M,Male vs Male
"Isajevsky, Anton",M,118,-5,English Opening,False,M,Male vs Male
"Sebenik, Matej",M,40,-161,Queen's Gambit Accepted: Old Variation,True,M,Male vs Male
"Velten, Paul",M,122,173,King's Indian Defense: Larsen Variation,True,M,Male vs Male
"Velten, Paul",M,55,111,"King's Indian Defense: Normal Variation, Standard Development",True,M,Male vs Male
"Viviani, Alessio",M,66,-85,Trompowsky Attack,True,M,Male vs Male
"Srbis, Jurica",M,86,-99,Indian Game: Spielmann-Indian,False,M,Male vs Male
"Abdel Razik, Khaled",M,136,124,"Torre Attack: Classical Defense, Nimzowitsch Variation",True,M,Male vs Male
"Srbis, Jurica",M,74,-93,Blumenfeld Countergambit,False,M,Male vs Male
"Krykun, Yuriy",M,130,-158,"Queen's Gambit Accepted: Classical Defense, Alekhine System, Main Line",True,M,Male vs Male
"Spichkin, Alexander",M,74,-255,Queen's Pawn,False,M,Male vs Male
"Karttunen, Mika",M,106,29,"Ruy Lopez: Morphy Defense, Anderssen Variation",False,M,Male vs Male
"Spichkin, Alexander",M,80,-128,Trompowsky Attack,True,M,Male vs Male
"Schitco, Ivan",M,60,92,Benoni Defense: King's Pawn Line,False,M,Male vs Male
"Bersamina, Paulo",M,52,52,French Defense: Burn Variation,False,M,Male vs Male
"Geivondian, Arman",M,108,81,"Benko Gambit Accepted, Dlugy Variation",True,M,Male vs Male
"Kushko, Dmitriy",M,72,-55,Zukertort Opening: Queen's Gambit Invitation,True,M,Male vs Male
"Geivondian, Arman",M,108,73,"Slav Defense: Exchange Variation, Symmetrical Line",False,M,Male vs Male
"Gattass, Allan",M,56,-216,English Opening: Anglo-Indian Defense,False,M,Male vs Male
"Gattass, Allan",M,58,-240,"Benko Gambit Accepted, Pawn Return Variation",True,M,Male vs Male
"Abdel Razik, Khaled",M,84,250,Trompowsky Attack: Raptor Variation,True,M,Male vs Male
"Velten, Paul",M,100,330,Torre Attack,True,M,Male vs Male
"Devaev, Alexander",M,132,-216,"Queen's Indian Defense: Kasparov-Petrosian Variation, Main Line",False,M,Male vs Male
"Rodchenkov, Vitaly",M,118,-247,"King's Indian Defense: Sämisch Variation, Double Fianchetto",True,M,Male vs Male
"Bilan, Danila",M,110,-160,"King's Indian Defense: Sämisch Variation, Normal Defense",True,M,Male vs Male
"Srbis, Jurica",M,66,-119,Torre Attack,True,M,Male vs Male
"Devaev, Alexander",M,88,-160,English Opening: Agincourt Defense #2,False,M,Male vs Male
"Abdel Razik, Khaled",M,86,174,Torre Attack,True,M,Male vs Male
"Devaev, Alexander",M,144,-141,Réti Opening: Advance Variation,False,M,Male vs Male
"Beukema, Jasper",M,34,-206,Englund Gambit,True,M,Male vs Male
"Voinikonis, Nikita",M,64,-155,Catalan Opening: Open Defense,False,M,Male vs Male
"Perez, Maximiliano",M,58,-107,"Sicilian Defense: Najdorf Variation, Opocensky Variation",True,M,Male vs Male
"Gomez, Carlos David",M,84,2,Nimzo-Indian Defense: Kmoch Variation,False,M,Male vs Male
"Chernov, Mikhail",M,84,-237,"Caro-Kann Defense: Advance Variation, Tal Variation",False,M,Male vs Male
"Kumic, Filip",M,74,-117,Nimzo-Larsen Attack: Modern Variation #4,True,M,Male vs Male
"Jovic, Stevan",M,92,-162,Trompowsky Attack: Classical Defense,True,M,Male vs Male
"Spichkin, Alexander",M,88,-145,Queen's Pawn Game: Morris Countergambit,False,M,Male vs Male
"Okike, David",M,136,-90,"Caro-Kann Defense: Advance Variation, Short Variation",False,M,Male vs Male
"Srbis, Jurica",M,82,170,Caro-Kann Defense: Maróczy Variation,False,M,Male vs Male
"Shchukin, Dmitry",M,98,-89,"Sicilian Defense: Accelerated Dragon, Modern Variation",True,M,Male vs Male
"Hirneise, Jens",M,73,193,"Sicilian Defense: Kan Variation, Wing Attack",True,M,Male vs Male
"Jovic, Stevan",M,166,-225,Trompowsky Attack,True,M,Male vs Male
"Oboladze, Luka",M,56,-172,"Neo-Grünfeld Defense: Classical Variation, Polgar Variation",False,M,Male vs Male
"Sebenik, Matej",M,64,29,Semi-Slav Defense Accepted,False,M,Male vs Male
"Oboladze, Luka",M,58,-6,"King's Indian Defense: Orthodox Variation, Aronin-Taimanov Defense",True,M,Male vs Male
"Oboladze, Luka",M,128,-47,London System,False,M,Male vs Male
"Sebenik, Matej",M,28,66,Queen's Gambit Declined: Vienna Variation,True,M,Male vs Male
"Oboladze, Luka",M,96,66,Van't Kruijs Opening,False,M,Male vs Male
"Maier, Christian",M,60,-271,"Blackmar-Diemer Gambit Declined, Langeheinecke Defense",True,M,Male vs Male
"Zhalmakhanov, Ramazan",M,58,6,"Caro-Kann Defense: Exchange Variation, Rubinstein Variation",False,M,Male vs Male
"Almagro Llamas, Pablo",M,112,61,Nimzo-Larsen Attack,True,M,Male vs Male
"Srbis, Jurica",M,48,23,Caro-Kann Defense: Maróczy Variation,False,M,Male vs Male
"Lombaers, Peter",M,58,-223,Caro-Kann Defense,False,M,Male vs Male
"Devaev, Alexander",M,98,-185,Réti Opening: Advance Variation,False,M,Male vs Male
"Kuznecov, Mikhail",M,162,79,Queen's Pawn Game: Mason Attack,True,M,Male vs Male
Sai Agni Jeevitesh J,M,30,-87,"English Opening: Anglo-Indian Defense, King's Indian Formation",True,M,Male vs Male
Minh Le,M,78,41,"King's Indian Defense: Fianchetto Variation, Hungarian Variation",True,F,Female vs Male
"Shevchenko, Danylo",M,156,-254,French Defense: Advance Variation,False,M,Male vs Male
"Macovei, Andrei",M,42,-219,Sicilian Defense: Nyezhmetdinov-Rossolimo Attack,True,M,Male vs Male
"Macovei, Andrei",M,40,-41,Polish Opening: Outflank Variation,False,M,Male vs Male
"Macovei, Andrei",M,30,-153,French Defense: King's Indian Attack,True,M,Male vs Male
"Macovei, Andrei",M,58,4,Sicilian Defense: Hyperaccelerated Pterodactyl,True,M,Male vs Male
"Plichta, Kamil",M,104,17,Trompowsky Attack,True,M,Male vs Male
"Di Benedetto, Edoardo",M,90,-99,Caro-Kann Defense: Exchange Variation,False,M,Male vs Male
"Ratkovic, Milovan",M,166,109,"French Defense: Classical Variation, Steinitz Variation",False,M,Male vs Male
"Gomez, Carlos David",M,78,-53,French Defense: Schlechter Variation,False,M,Male vs Male
"Zierk, Steven",M,120,261,Sicilian Defense: Kalashnikov Variation,True,M,Male vs Male
"Juhasz, Armin",M,54,144,Catalan Opening,False,M,Male vs Male
"Piscopo, Pierluigi",M,120,6,Budapest Defense: Rubinstein Variation,False,M,Male vs Male
"Piscopo, Pierluigi",M,40,-28,Zukertort Opening: Kingside Fianchetto,False,M,Male vs Male
"Gelman, Alexander",M,106,84,"Sicilian Defense: Paulsen Variation, Bastrikov Variation",True,M,Male vs Male
"Kantans, Toms",M,120,28,"Pterodactyl Defense: Eastern, Rhamphorhynchus",False,M,Male vs Male
"Plichta, Kamil",M,62,-26,Trompowsky Attack: Raptor Variation,True,M,Male vs Male
"Kantans, Toms",M,92,46,"Pterodactyl Defense: Eastern, Rhamphorhynchus",False,M,Male vs Male
"Servat, Roberto",M,70,88,Sicilian Defense: Najdorf Variation,True,M,Male vs Male
"Juhasz, Armin",M,164,-13,Semi-Slav Defense,False,M,Male vs Male
"Kuipers, Stefan",M,84,-8,"Pterodactyl Defense: Eastern, Rhamphorhynchus",False,M,Male vs Male
"Okike, David",M,76,-354,Caro-Kann Defense: Tartakower Variation,False,M,Male vs Male
"Okike, David",M,64,-363,Caro-Kann Defense: Tartakower Variation,False,M,Male vs Male
"Okike, David",M,88,-373,"Caro-Kann Defense: Advance Variation, Tal Variation",False,M,Male vs Male
"Okike, David",M,31,-382,"Caro-Kann Defense: Advance Variation, Botvinnik-Carls Defense",False,M,Male vs Male
"Okike, David",M,40,-391,"Caro-Kann Defense: Advance Variation, Botvinnik-Carls Defense",False,M,Male vs Male
"Ratkovic, Milovan",M,72,16,Pirc Defense #4,False,M,Male vs Male
"Ratkovic, Milovan",M,74,-26,Sicilian Defense: Najdorf Variation,True,M,Male vs Male
"Zwirs, Nico",M,44,46,Scotch Game,False,M,Male vs Male
"Ratkovic, Milovan",M,78,54,Van't Kruijs Opening,False,M,Male vs Male
"Velten, Paul",M,99,36,Queen's Pawn,False,M,Male vs Male
"Ratkovic, Milovan",M,222,-13,Old Indian Defense: Normal Variation,False,M,Male vs Male
"Velten, Paul",M,54,34,Queen's Pawn,False,M,Male vs Male
"Ratkovic, Milovan",M,88,-9,Queen's Gambit Accepted: Janowski-Larsen Variation,True,M,Male vs Male
"Velten, Paul",M,158,31,Queen's Pawn,False,M,Male vs Male
"Velten, Paul",M,63,5,Modern Defense,False,M,Male vs Male
"Kuznecov, Mikhail",M,76,-62,Queen's Pawn,False,M,Male vs Male
"Ratkovic, Milovan",M,94,79,Indian Game: Wade-Tartakower Defense,False,M,Male vs Male
"Krasikov, Vladislav",M,70,29,Russian Game: Nimzowitsch Attack,True,M,Male vs Male
"Almagro Llamas, Pablo",M,102,170,Nimzo-Larsen Attack: Indian Variation,True,M,Male vs Male
"Spichkin, Alexander",M,116,-160,Trompowsky Attack,True,M,Male vs Male
"Gedajlovic, Max",M,128,107,Yusupov-Rubinstein System,False,M,Male vs Male
"Euler, Gerd",M,92,-104,"Sicilian Defense: Kan Variation, Wing Attack",True,M,Male vs Male
"Piscopo, Pierluigi",M,48,-31,"French Defense: Tarrasch Variation, Guimard Defense, Main Line",False,M,Male vs Male
"Khusnutdinov, Rustam",M,90,54,"Sicilian Defense: Nyezhmetdinov-Rossolimo Attack, Fianchetto Variation",True,M,Male vs Male
"Kushko, Dmitriy",M,130,52,King's Indian Attack,True,M,Male vs Male
"Spichkin, Alexander",M,134,-281,Trompowsky Attack,True,M,Male vs Male
"Nsubuga, Haruna",M,94,-240,Caro-Kann Defense: Classical Variation,False,M,Male vs Male
"Maier, Christian",M,46,-125,"Blackmar-Diemer Gambit Declined, O'Kelly Defense",True,M,Male vs Male
"Piscopo, Pierluigi",M,75,139,"French Defense: Tarrasch Variation, Closed Variation #2",False,M,Male vs Male
"Tukhaev, Adam",M,128,-3,"Sicilian Defense: Najdorf Variation, Opocensky Variation, Traditional Line",True,M,Male vs Male
"Zwirs, Nico",M,88,-6,Caro-Kann Defense: Panov Attack,True,M,Male vs Male
"Spichkin, Alexander",M,114,-230,Queen's Pawn,False,M,Male vs Male
"Srbis, Jurica",M,46,-36,Caro-Kann Defense: Maróczy Variation,False,M,Male vs Male
"Chernov, Mikhail",M,58,-143,St. George Defense,False,M,Male vs Male
"Spichkin, Alexander",M,72,-287,Trompowsky Attack,True,M,Male vs Male
"Nsubuga, Haruna",M,84,-323,"French Defense: Tarrasch Variation, Closed Variation, Main Line",False,M,Male vs Male
"Servat, Roberto",M,116,61,"French Defense: Winawer Variation, Retreat Variation, Armenian Line",False,M,Male vs Male
"Servat, Roberto",M,78,-20,"Caro-Kann Defense: Advance Variation, Tal Variation",False,M,Male vs Male
"Spichkin, Alexander",M,53,-439,Dutch Defense,False,M,Male vs Male
"Tukhaev, Adam",M,84,139,"Sicilian Defense: Najdorf Variation, Adams Attack",True,M,Male vs Male
Minh Le,M,76,30,Queen's Pawn,False,F,Female vs Male
"Djordjevic, Vuk",M,81,-41,Scotch Game: Classical Variation,False,M,Male vs Male
"Ermolaev, Andrey",M,108,-129,Indian Game: Reversed Chigorin Defense,False,M,Male vs Male
"Galchenko, Matvey",M,86,144,"English Opening: King's English Variation, Reversed Closed Sicilian",True,M,Male vs Male
"Ermolaev, Andrey",M,74,-112,Benoni Defense: Benoni-Indian Defense,False,M,Male vs Male
"Mihok, Oliver",M,104,173,Caro-Kann Defense: Two Knights Attack,True,M,Male vs Male
"Korley, Kassa",M,50,-154,Indian Game: Przepiorka Variation,False,M,Male vs Male
"Mihok, Oliver",M,88,168,Sicilian Defense: Canal-Sokolsky Attack,True,M,Male vs Male
"Juhasz, Armin",M,86,76,Englund Gambit Complex: Hartlaub-Charlick Gambit,True,M,Male vs Male
"Radzhabov, Rodion",M,100,-29,"French Defense: Tarrasch Variation, Chistyakov Defense",False,M,Male vs Male
"Shchukin, Dmitry",M,94,-125,"Caro-Kann Defense: Accelerated Panov Attack, Open Variation",True,M,Male vs Male
"Spichkin, Alexander",M,88,-244,Benoni Defense: Benoni Gambit Accepted,True,M,Male vs Male
"Dutina, Dario",M,144,-264,Caro-Kann Defense: Hillbilly Attack,True,M,Male vs Male
"Kuipers, Eelco",M,70,-246,Sicilian Defense: Mengarini Variation,True,M,Male vs Male
"Marcelin, Cyril",M,46,-48,Colle System #2,False,M,Male vs Male
"Ermolaev, Andrey",M,98,11,Queen's Pawn Game: Chigorin Variation,False,M,Male vs Male
"Sambuev, Bator",M,54,-21,"Pterodactyl Defense: Central, Anhanguera",False,M,Male vs Male
"Velten, Paul",M,136,141,French Defense: King's Indian Attack,True,M,Male vs Male
"Khlebovich, Alexander",M,122,-108,Queen's Gambit Accepted: Janowski-Larsen Variation,True,M,Male vs Male
"Khlebovich, Alexander",M,38,-138,Caro-Kann Defense: Tartakower Variation,False,M,Male vs Male
"Ermolaev, Andrey",M,116,-33,Caro-Kann Defense: Bronstein-Larsen Variation,False,M,Male vs Male
"Ermolaev, Andrey",M,106,-66,Caro-Kann Defense: Bronstein-Larsen Variation,False,M,Male vs Male
"Posthuma, Joshua",M,42,84,Nimzo-Larsen Attack: Modern Variation #2,True,M,Male vs Male
"Posthuma, Joshua",M,50,25,Mieses Opening,False,M,Male vs Male
"Posthuma, Joshua",M,98,-19,French Defense: Exchange Variation,False,M,Male vs Male
"Ermolaev, Andrey",M,70,55,Queen's Pawn Game: Chigorin Variation,False,M,Male vs Male
"Tukhaev, Adam",M,90,-25,Scandinavian Defense: Gubinsky-Melts Defense,False,M,Male vs Male
"Plenca, Julijan",M,80,-130,French Defense: Knight Variation,False,M,Male vs Male
"Juhasz, Armin",M,100,47,King's Indian Defense: Exchange Variation,True,M,Male vs Male
"Shchukin, Dmitry",M,80,23,Modern Defense: Standard Defense,False,M,Male vs Male
"Wisniacki, Flavio",M,64,-177,"English Opening: Anglo-Indian Defense, King's Indian Formation, Double Fianchetto",True,M,Male vs Male
"Ratkovic, Milovan",M,84,4,Sicilian Defense: Closed #2,True,M,Male vs Male
"Almiron, Antonio",M,51,-112,"Sicilian Defense: Nyezhmetdinov-Rossolimo Attack, Fianchetto Variation",True,M,Male vs Male
"Juhasz, Armin",M,92,-52,King's Indian Defense: Orthodox Variation,True,M,Male vs Male
"Velten, Paul",M,108,-5,King's Indian Defense: Larsen Variation,True,M,Male vs Male
"Velten, Paul",M,40,-51,Modern Defense,False,M,Male vs Male
"Velten, Paul",M,48,-91,Modern Defense,False,M,Male vs Male
"Kumic, Filip",M,40,-129,Semi-Slav Defense,False,M,Male vs Male
"Mihok, Oliver",M,102,-50,Sicilian Defense: Canal-Sokolsky Attack,True,M,Male vs Male
"Fernandez, Daniel",M,90,69,"English Opening: Anglo-Indian Defense, King's Indian Formation",True,M,Male vs Male
"Mihok, Oliver",M,62,-43,Sicilian Defense: Canal-Sokolsky Attack,True,M,Male vs Male
"Ratkovic, Milovan",M,54,58,"Pirc Defense: Classical Variation, Schlechter Variation",False,M,Male vs Male
"Sokolov, Andrei",M,86,37,Queen's Indian Defense: Kasparov Variation,False,M,Male vs Male
"Ratkovic, Milovan",M,52,-176,Blumenfeld Countergambit #2,False,M,Male vs Male
"Ratkovic, Milovan",M,80,-199,Semi-Slav Defense: Stoltz Variation,False,M,Male vs Male
"Ratkovic, Milovan",M,34,-221,Modern Defense,False,M,Male vs Male
"Almiron, Antonio",M,50,-166,"Caro-Kann Defense: Exchange Variation, Rubinstein Variation",False,M,Male vs Male
"Wisniacki, Flavio",M,68,-120,Zukertort Opening: Pirc Invitation,False,M,Male vs Male
"Mihok, Oliver",M,32,-20,"Caro-Kann Defense: Two Knights Attack, Mindeno Variation, Exchange Line",True,M,Male vs Male
"Sebenik, Matej",M,40,-23,"Nimzo-Indian Defense: Hübner Variation, Rubinstein Variation, Main Line",False,M,Male vs Male
"Zwirs, Nico",M,58,-63,"Caro-Kann Defense: Panov Attack, Fianchetto Defense",True,M,Male vs Male
"Devaev, Alexander",M,80,-246,"King's Indian Defense: Normal Variation, Rare Defenses",True,M,Male vs Male
"Devaev, Alexander",M,42,-265,Indian Game: Anti-Nimzo-Indian,False,M,Male vs Male
"Piscopo, Pierluigi",M,86,-154,"King's Indian Defense: Averbakh Variation, Benoni Defense, Advance Variation",True,M,Male vs Male
"Zhigalko, Sergei",M,66,158,Sicilian Defense: Chekhover Variation,True,M,Male vs Male
"Almagro Llamas, Pablo",M,97,171,Nimzo-Larsen Attack: English Variation,True,M,Male vs Male
"Spichkin, Alexander",M,138,-143,Old Benoni Defense,False,M,Male vs Male
"Zhigalko, Sergei",M,78,-75,Modern Defense: Two Knights Variation,False,M,Male vs Male
"Zhigalko, Sergei",M,106,-110,Pirc Defense: Classical Variation,False,M,Male vs Male
"Grigoryan, Karen",M,154,127,King's Indian Attack,True,M,Male vs Male
"Zhigalko, Sergei",M,64,-62,Modern Defense: Standard Defense,False,M,Male vs Male
"Okike, David",M,66,-108,"French Defense: Steinitz Variation, Boleslavsky Variation",False,M,Male vs Male
"Almiron, Antonio",M,114,54,Modern Defense: Standard Defense,False,M,Male vs Male
"Almiron, Antonio",M,102,109,Pirc Defense #5,False,M,Male vs Male
"Dutina, Dario",M,67,-256,Sicilian Defense: Closed Variation,True,M,Male vs Male
"Unuk, Laura",M,82,-129,Dutch Defense: Semi-Leningrad Variation,False,F,Female vs Male
"Okike, David",M,122,-408,Caro-Kann Defense: Tartakower Variation,False,M,Male vs Male
"Okike, David",M,48,-415,Caro-Kann Defense: Tartakower Variation,False,M,Male vs Male
"Okike, David",M,84,-422,"Caro-Kann Defense: Advance Variation, Short Variation",False,M,Male vs Male
"Okike, David",M,62,-429,"Caro-Kann Defense: Advance Variation, Short Variation",False,M,Male vs Male
"Zhunussov, Bibek",M,96,-279,King's Indian Defense: Orthodox Variation,True,M,Male vs Male
"Ratkovic, Milovan",M,90,63,Nimzo-Indian Defense: Ragozin Variation,False,M,Male vs Male
"Devaev, Alexander",M,24,-49,"Queen's Gambit Declined: Exchange Variation, Positional Variation #2",True,M,Male vs Male
"Devaev, Alexander",M,122,-85,Queen's Pawn Game: Chigorin Variation,False,M,Male vs Male
"Rzayev, Bahruz",M,138,-5,Caro-Kann Defense: Two Knights Attack,True,M,Male vs Male
"Ratkovic, Milovan",M,74,26,Queen's Pawn,False,M,Male vs Male
"Devaev, Alexander",M,44,-4,"King's Indian Defense: Normal Variation, King's Knight Variation",True,M,Male vs Male
"Zhigalko, Sergei",M,152,173,"Ruy Lopez: Closed Variations, Keres Defense",False,M,Male vs Male
"Grigoryan, Karen",M,88,159,Zukertort Opening: Sicilian Invitation,True,M,Male vs Male
"Sokolov, Andrei",M,68,-105,"King's Indian Defense: Fianchetto Variation, Panno Variation",True,M,Male vs Male
"Sirosh, Ilja",M,72,74,Slav Defense: Exchange Variation,False,M,Male vs Male
"Wisniacki, Flavio",M,134,-50,King's Indian Attack: Yugoslav Variation,True,M,Male vs Male
"Piscopo, Pierluigi",M,42,-179,Nimzo-Indian Defense: Normal Line,False,M,Male vs Male
"Meshkovs, Nikita",M,106,57,Wade Defense,False,M,Male vs Male
"Sokolov, Andrei",M,112,-30,Queen's Indian Defense: Capablanca Variation,False,M,Male vs Male
"Marcelin, Cyril",M,124,-104,Rubinstein Opening: Classical Defense,False,M,Male vs Male
"Spichkin, Alexander",M,66,-196,Old Benoni Defense,False,M,Male vs Male
"Spichkin, Alexander",M,46,-280,Trompowsky Attack: Classical Defense,True,M,Male vs Male
"Trifonov, Denis",M,92,-178,Robatsch (Modern) Defense,False,M,Male vs Male
"Devaev, Alexander",M,90,-159,"English Opening: King's English Variation, Three Knights System",False,M,Male vs Male
"Meshkovs, Nikita",M,194,-9,"Réti Opening: Anglo-Slav Variation, Bled Variation",False,M,Male vs Male
"Meshkovs, Nikita",M,126,-155,Zukertort Opening: Kingside Fianchetto,False,M,Male vs Male
"Meshkovs, Nikita",M,56,-181,"English Opening: King's English Variation, Three Knights System",False,M,Male vs Male
"Almagro Llamas, Pablo",M,62,39,Nimzo-Larsen Attack: Modern Variation #4,True,M,Male vs Male
"Devaev, Alexander",M,54,-67,"English Opening: Symmetrical Variation, Four Knights Variation",False,M,Male vs Male
"Devaev, Alexander",M,88,-101,Benoni Defense: Classical Variation,False,M,Male vs Male
"Abrashkin, Boris",M,60,-223,Catalan Opening: Closed Variation,False,M,Male vs Male
"Devaev, Alexander",M,114,-140,Zukertort Opening: Pirc Invitation,False,M,Male vs Male
"Abrashkin, Boris",M,80,-469,Catalan Opening,False,M,Male vs Male
"Ermolaev, Andrey",M,64,-251,Queen's Pawn Game: Chigorin Variation,False,M,Male vs Male
"Fier, Alexandr",M,76,-185,Robatsch (Modern) Defense,False,M,Male vs Male
"Punin, Andrii",M,42,20,Caro-Kann Defense: Two Knights Attack,True,M,Male vs Male
"Di Benedetto, Edoardo",M,152,-25,Mieses Opening,False,M,Male vs Male
"Shchukin, Dmitry",M,128,-144,Pirc Defense: Sveshnikov System,False,M,Male vs Male
"Sambuev, Bator",M,56,118,Sicilian Defense: Keres Variation,True,M,Male vs Male
"Almiron, Antonio",M,100,154,Sicilian Defense: Open #2,True,M,Male vs Male
"Gasimov, Parviz",M,50,-110,Scandinavian Defense: Gubinsky-Melts Defense,False,M,Male vs Male
"Wisniacki, Flavio",M,80,-104,"King's Indian Defense: Fianchetto Variation, Yugoslav Variation, Advance Line",True,M,Male vs Male
"Almiron, Antonio",M,102,85,Modern Defense: Standard Defense,False,M,Male vs Male
"Viviani, Alessio",M,28,-143,Nimzo-Indian Defense: Kmoch Variation,False,M,Male vs Male
"Maier, Christian",M,80,-84,Queen's Pawn Game: Huebsch Gambit,True,M,Male vs Male
"Boor, Carl",M,50,49,Caro-Kann Defense: Panov Attack,True,M,Male vs Male
"Sulashvili, Malkhaz",M,70,2,Zukertort Opening: Sicilian Invitation,True,M,Male vs Male
"Vargas Arteaga, Alexis",M,114,-115,"French Defense: Advance Variation, Paulsen Attack",True,M,Male vs Male
"Trifonov, Denis",M,62,-318,Caro-Kann Defense: Panov Attack,True,M,Male vs Male
"Shagbazyan, Taron",M,104,-11,Benoni Defense,False,M,Male vs Male
"Zwirs, Nico",M,54,60,Benoni Defense: Weenink Variation,False,M,Male vs Male
"Posthuma, Joshua",M,62,154,Catalan Opening: Open Defense,False,M,Male vs Male
"Kalvaitis, Sigitas",M,46,-76,Scotch Game: Schmidt Variation,False,M,Male vs Male
"Devaev, Alexander",M,88,-131,Réti Opening: Advance Variation,False,M,Male vs Male
"Okike, David",M,90,-280,"Ruy Lopez: Morphy Defense, Chigorin Defense, Panov System",False,M,Male vs Male
"Servat, Roberto",M,130,-290,"Sicilian Defense: Lasker-Pelikan Variation, Sveshnikov Variation, Chelyabinsk Variation",True,M,Male vs Male
"Atanejhad, Sahebali",M,54,-188,"Queen's Gambit Declined: Ragozin Defense, Vienna Variation",True,M,Male vs Male
"Kumic, Filip",M,88,-240,"Grünfeld Defense: Exchange Variation, Modern Exchange Variation",False,M,Male vs Male
"Spichkin, Alexander",M,58,-212,Old Benoni Defense,False,M,Male vs Male
"Trifonov, Denis",M,104,-176,Trompowsky Attack,True,M,Male vs Male
"Sebenik, Matej",M,36,89,"Benko Gambit Accepted, Fully Accepted Variation",True,M,Male vs Male
"Morozov, Nichita",M,98,-78,Grünfeld Defense: Exchange Variation,False,M,Male vs Male
"Moiseenko, Vadim",M,92,-9,King's Indian Attack: Symmetrical Defense,True,M,Male vs Male
"Dvirnyy, Danyyil",M,130,-68,Grünfeld Defense: Flohr Defense,False,M,Male vs Male
"Gelman, Alexander",M,72,46,English Opening: King's English Variation,False,M,Male vs Male
"Perez, Daniel",M,104,-274,Scandinavian Defense: Mieses-Kotroc Variation,False,M,Male vs Male
"Khairat, Ahmed",M,80,-187,Pirc Defense #5,False,M,Male vs Male
"Vypkhaniuk, Ihor",M,70,201,"Italian Game: Classical Variation, Giuoco Pianissimo",False,M,Male vs Male
"Khairat, Ahmed",M,44,-163,Scandinavian Defense: Icelandic-Palme Gambit,True,M,Male vs Male
"Khairat, Ahmed",M,74,-191,Scandinavian Defense: Panov Transfer,False,M,Male vs Male
"Wisniacki, Flavio",M,118,-140,King's Indian Attack: French Variation,True,M,Male vs Male
"Devaev, Alexander",M,54,-65,Blumenfeld Countergambit #2,False,M,Male vs Male
"Genocchio, Daniele",M,60,81,Caro-Kann Defense: Exchange Variation,False,M,Male vs Male
"Shchukin, Dmitry",M,90,201,Modern Defense: Standard Defense,False,M,Male vs Male
"Spichkin, Alexander",F,36,-163,Queen's Pawn Game: Morris Countergambit,False,M,Male vs Female
"Shchukin, Dmitry",M,114,-108,French Defense: King's Indian Attack,True,M,Male vs Male
"To, Nhat Minh",M,60,-10,"King's Indian Defense: Normal Variation, Rare Defenses",True,M,Male vs Male
"Almagro Llamas, Pablo",M,126,-103,"King's Indian Defense: Fianchetto Variation, Panno Variation",True,M,Male vs Male
"Plichta, Kamil",M,54,-215,Trompowsky Attack,True,M,Male vs Male
"Zhigalko, Sergei",M,116,198,"Pterodactyl Defense: Eastern, Benoni",False,M,Male vs Male
"Plichta, Kamil",M,108,-161,Trompowsky Attack,True,M,Male vs Male
"Almiron, Antonio",M,106,-53,"French Defense: Tarrasch Variation, Guimard Defense, Main Line",False,M,Male vs Male
"Spichkin, Alexander",M,84,-229,Trompowsky Attack: Classical Defense,True,M,Male vs Male
"Lombaers, Peter",M,86,-149,"English Opening: Agincourt Defense, Tarrasch Defense",False,M,Male vs Male
"Spichkin, Alexander",M,92,-251,Horwitz Defense,False,M,Male vs Male
"Punin, Andrii",M,120,9,Caro-Kann Defense,False,M,Male vs Male
"Shchukin, Dmitry",M,102,-174,"Caro-Kann Defense: Accelerated Panov Attack, Modern Variation",True,M,Male vs Male
"Shchukin, Dmitry",M,102,-190,"King's Indian Defense: Orthodox Variation, Donner Defense",True,M,Male vs Male
"Ratkovic, Milovan",M,58,-37,Indian Game,False,M,Male vs Male
"Beradze, Irakli",M,86,148,French Defense: King's Indian Attack,True,M,Male vs Male
"Beradze, Irakli",M,48,86,Sicilian Defense: Chekhover Variation,True,M,Male vs Male
"Sanikidze, Tornike",M,122,-52,Semi-Slav Defense: Stoltz Variation,False,M,Male vs Male
"Beradze, Irakli",M,98,72,Neo-Grünfeld Defense: Ultra-delayed Exchange Variation,False,M,Male vs Male
"Mandura, Tijana",M,68,63,"Sicilian Defense: Canal Attack, Main Line",True,F,Female vs Male
"Golubev, Mikhail",F,36,-27,Four Knights Game: Italian Variation,False,M,Male vs Female
"Atanejhad, Sahebali",M,130,-14,"Queen's Indian Defense: Classical Variation, Traditional Variation, Main Line",False,M,Male vs Male
"Krykun, Yuriy",M,64,-187,Wade Defense,False,M,Male vs Male
"Ratkovic, Milovan",M,94,14,French Defense: Two Knights Variation,False,M,Male vs Male
"Shchukin, Dmitry",M,134,-43,"Caro-Kann Defense: Accelerated Panov Attack, Modern Variation",True,M,Male vs Male
"Shchukin, Dmitry",M,84,-70,"Ruy Lopez: Morphy Defense, Anderssen Variation",False,M,Male vs Male
"Vazquez, Guillermo",M,118,35,"Caro-Kann Defense: Advance Variation, Short Variation",False,M,Male vs Male
"Sanikidze, Tornike",M,120,45,King's Indian Defense: Averbakh Variation,True,M,Male vs Male
"Ratkovic, Milovan",M,84,-20,Catalan Opening: Open Defense,False,M,Male vs Male
"Sanikidze, Tornike",M,58,41,"King's Indian Defense: Averbakh Variation, Benoni Defense, Advance Variation",True,M,Male vs Male
"Sanikidze, Tornike",M,98,-5,Queen's Pawn Game: Chigorin Variation,False,M,Male vs Male
"Shchukin, Dmitry",M,92,-30,French Defense: King's Indian Attack,True,M,Male vs Male
"Kuipers, Eelco",M,38,-150,Sicilian Defense: Mengarini Variation,True,M,Male vs Male
"Kuipers, Eelco",M,122,-254,"French Defense: Horwitz Attack, Papa-Ticulat Gambit",True,M,Male vs Male
"Shchukin, Dmitry",M,138,-152,"Nimzowitsch Defense, Declined Variation",False,M,Male vs Male
"Khlebovich, Alexander",M,82,-17,Queen's Gambit Accepted: Janowski-Larsen Variation,True,M,Male vs Male
"Velten, Paul",M,73,41,Torre Attack,True,M,Male vs Male
"Sirosh, Ilja",M,92,-119,King's Indian Defense: Orthodox Variation,True,M,Male vs Male
"Khlebovich, Alexander",M,72,0,"Dutch Defense: Stonewall Variation, Modern Variation",False,M,Male vs Male
"Rzayev, Bahruz",M,78,-87,Sicilian Defense,True,M,Male vs Male
"Abdel Razik, Khaled",M,112,209,Queen's Pawn,False,M,Male vs Male
"Vargas Arteaga, Alexis",M,144,133,"Caro-Kann Defense: Advance Variation, Bayonet Attack",True,M,Male vs Male
"Jovic, Stevan",M,70,-103,"Benko Gambit Accepted, Pawn Return Variation",True,M,Male vs Male
"Marcelin, Cyril",M,124,-118,"English Opening: Anglo-Indian Defense, Hedgehog System",False,M,Male vs Male
"Marcelin, Cyril",M,146,11,"English Opening: King's English Variation, Two Knights Variation",False,M,Male vs Male
"Chandra, Akshat",M,176,103,"Sicilian Defense: Dragon Variation, Yugoslav Attack, Early Deviations",True,M,Male vs Male
"Gomez, Carlos David",M,58,-113,Pirc Defense #2,False,M,Male vs Male
"Atanejhad, Sahebali",M,42,-282,Queen's Gambit Accepted: Saduleto Variation,True,M,Male vs Male
"Atanejhad, Sahebali",M,76,-297,"Queen's Gambit Accepted: Central Variation, McDonnell Defense",True,M,Male vs Male
"Atanejhad, Sahebali",M,76,-144,Old Benoni Defense,False,M,Male vs Male
"Shchukin, Dmitry",M,120,159,Ruy Lopez: Berlin Defense #2,False,M,Male vs Male
"Atanejhad, Sahebali",M,64,-126,Old Benoni Defense,False,M,Male vs Male
"Shchukin, Dmitry",M,96,264,Modern Defense: Standard Defense,False,M,Male vs Male
"Shchukin, Dmitry",M,60,98,Ruy Lopez: Berlin Defense: Mortimer Variation,False,M,Male vs Male
"Okike, David",M,106,-261,Sicilian Defense: Lasker-Pelikan Variation,True,M,Male vs Male
"Okike, David",M,78,-205,"Sicilian Defense: Nimzowitsch Variation, Advance Variation",True,M,Male vs Male
"Shchukin, Dmitry",M,128,215,"Sicilian Defense: Sozin, not Scheveningen",True,M,Male vs Male
"Okike, David",M,84,-183,Sicilian Defense: Loewenthal Variation,True,M,Male vs Male
"Okike, David",M,102,-205,"French Defense: Winawer Variation, Advance Variation",False,M,Male vs Male
"Okike, David",M,55,-224,"French Defense: Winawer Variation, Advance Variation",False,M,Male vs Male
"Shchukin, Dmitry",M,106,233,"Sicilian Defense: Classical Variation, Fianchetto Variation",True,M,Male vs Male
"Okike, David",M,54,-200,Sicilian Defense: Lasker-Pelikan Variation,True,M,Male vs Male
"Okike, David",M,92,-221,"French Defense: Winawer Variation, Advance Variation",False,M,Male vs Male
"Okike, David",M,138,-238,"French Defense: Winawer Variation, Advance Variation",False,M,Male vs Male
"Okike, David",M,78,-206,French Defense: Paulsen Variation,False,M,Male vs Male
"Perez Ponsa, Federico",M,106,0,Sicilian Defense: Mengarini Variation,True,M,Male vs Male
"Gomez, Carlos David",M,38,-62,Scotch Game,False,M,Male vs Male
Minh Le,M,90,122,Torre Attack,True,F,Female vs Male
Minh Le,M,118,67,Modern Defense: Standard Defense,False,F,Female vs Male
Minh Le,M,64,14,"Queen's Gambit Declined: Ragozin Defense, Vienna Variation",True,F,Female vs Male
"Vargas Arteaga, Alexis",M,48,156,Modern Defense: Mongredien Defense,False,M,Male vs Male
"Miron, Lucian-Costin",M,90,121,"Nimzo-Indian Defense: Classical Variation, Noa Variation",False,M,Male vs Male
"Ratkovic, Milovan",M,136,63,Queen's Pawn Game,False,M,Male vs Male
"Babiy, Olga",M,122,-142,Modern Defense: Standard Line,False,F,Female vs Male
"Wisniacki, Flavio",M,43,-344,Queen's Gambit Declined: Three Knights Variation,True,M,Male vs Male
"Spichkin, Alexander",M,68,-137,Queen's Pawn Game: Chigorin Variation,False,M,Male vs Male
"Genocchio, Daniele",M,76,85,Van't Kruijs Opening,False,M,Male vs Male
"Sirosh, Ilja",M,36,-172,Englund Gambit,True,M,Male vs Male
"Braun, Christian",M,80,-526,Sicilian Defense,True,M,Male vs Male
"Punin, Andrii",M,142,-28,Caro-Kann Defense: Two Knights Attack,True,M,Male vs Male
"Punin, Andrii",M,162,-57,French Defense: Chigorin Variation,False,M,Male vs Male
"Punin, Andrii",M,110,253,"Alekhine Defense: Modern Variation, Larsen Variation",False,M,Male vs Male
"Gomez, Carlos David",M,120,-170,French Defense: Rubinstein Variation,False,M,Male vs Male
"Miron, Lucian-Costin",M,50,181,Dutch Defense: Rubinstein Variation,False,M,Male vs Male
"Morozov, Nichita",M,66,-212,Englund Gambit,True,M,Male vs Male
"Devaev, Alexander",M,86,-35,Indian Game: Dzindzi-Indian Defense,False,M,Male vs Male
"Genocchio, Daniele",M,44,55,"Caro-Kann Defense: Classical Variation, Main Line",False,M,Male vs Male
"Zhigalko, Sergei",M,118,194,"Caro-Kann Defense: Advance Variation, Short Variation",False,M,Male vs Male
"Ratkovic, Milovan",M,56,-141,King's Indian Attack,True,M,Male vs Male
"Ratkovic, Milovan",M,60,-169,King's Indian Attack,True,M,Male vs Male
"Ratkovic, Milovan",M,84,-195,King's Indian Attack,True,M,Male vs Male
"Perez Ponsa, Federico",M,58,120,Modern Defense,False,M,Male vs Male
"Krzyzanowski, Marcin",M,126,-88,Nimzo-Larsen Attack: Classical Variation,True,M,Male vs Male
"Spichkin, Alexander",M,96,-315,Queen's Pawn,False,M,Male vs Male
"Kumic, Filip",M,104,62,Zukertort Opening: Ware Defense,False,M,Male vs Male
"Crispin Ferreras, Darvi Abraham",M,52,-264,"French Defense: Winawer Variation, Advance Variation",False,M,Male vs Male
"Shchukin, Dmitry",M,106,273,Sicilian Defense: Paulsen Variation,True,M,Male vs Male
"Crispin Ferreras, Darvi Abraham",M,74,-235,Sicilian Defense: Lasker-Pelikan Variation,True,M,Male vs Male
"Vypkhaniuk, Ihor",M,78,92,"Benko Gambit Declined, Main Line",True,M,Male vs Male
"Krasikov, Vladislav",M,76,-58,Queen's Gambit Declined: Cambridge Springs Defense: Bogoljubov Variation,True,M,Male vs Male
"Alaimo, Riccardo",M,72,-157,"Scandinavian Defense: Main Line, Mieses Variation",False,M,Male vs Male
"Krasikov, Vladislav",M,78,-62,King's Indian Defense: Orthodox Variation,True,M,Male vs Male
"Devaev, Alexander",M,118,-165,Zukertort Opening: Slav Invitation,False,M,Male vs Male
"Ratkovic, Milovan",M,34,94,"English Opening: Anglo-Indian Defense, Queen's Knight Variation",False,M,Male vs Male
"Plenca, Julijan",M,94,-12,Modern Defense,False,M,Male vs Male
"Mortazavi, Ali",M,118,34,Bishop's Opening: Berlin Defense,False,M,Male vs Male
"Plenca, Julijan",M,42,-137,Caro-Kann Defense: Maróczy Variation,False,M,Male vs Male
"Ratkovic, Milovan",M,102,151,"Queen's Pawn Game: Torre Attack, Grünfeld Variation, Main Line",True,M,Male vs Male
Nitish Belurkar,M,70,28,Pirc Defense #4,False,M,Male vs Male
"Abrashkin, Boris",M,142,-196,Old Indian Defense: Ukrainian Variation,False,M,Male vs Male
"Gomez, Carlos David",M,48,-26,"Four Knights Game: Spanish Variation, Symmetrical Variation #4",False,M,Male vs Male
"Sirosh, Ilja",M,64,-11,Benoni Defense: Benoni Gambit Accepted,True,M,Male vs Male
"Shchukin, Dmitry",M,88,222,Modern Defense: Standard Defense,False,M,Male vs Male
"Zhigalko, Sergei",M,73,44,Sicilian Defense: Chekhover Variation,True,M,Male vs Male
"Abrashkin, Boris",M,84,-156,Tarrasch Defense: Two Knights Variation,False,M,Male vs Male
"Abrashkin, Boris",M,70,-180,Old Benoni Defense,False,M,Male vs Male
"Shchukin, Dmitry",M,62,192,Nimzowitsch Defense: Williams Variation,False,M,Male vs Male
"Shchukin, Dmitry",M,62,-3,Modern Defense,False,M,Male vs Male
"Ratkovic, Milovan",M,134,208,Mieses Opening,False,M,Male vs Male
"Kumic, Filip",M,62,-15,Nimzo-Larsen Attack: Modern Variation #4,True,M,Male vs Male
"Zhigalko, Sergei",M,72,70,"Caro-Kann Defense: Advance Variation, Short Variation",False,M,Male vs Male
"Sirosh, Ilja",M,128,72,Catalan Opening,False,M,Male vs Male
"Atanejhad, Sahebali",M,40,-152,Rat Defense: English Rat,False,M,Male vs Male
"Abrashkin, Boris",M,46,-152,Slav Defense #2,False,M,Male vs Male
"Abrashkin, Boris",M,22,-177,"Semi-Slav Defense: Marshall Gambit, Main Line",True,M,Male vs Male
"Sokolov, Andrei",M,102,189,Trompowsky Attack: Edge Variation,True,M,Male vs Male
"Abrashkin, Boris",M,68,-156,Modern Defense,False,M,Male vs Male
"Spichkin, Alexander",M,132,-182,Modern Defense,False,M,Male vs Male
"Spichkin, Alexander",M,32,-113,Trompowsky Attack: Classical Defense,True,M,Male vs Male
"Spichkin, Alexander",M,64,-132,Trompowsky Attack,True,M,Male vs Male
"Sirosh, Ilja",M,72,-133,"Sicilian Defense: Paulsen Variation, Bastrikov Variation",True,M,Male vs Male
"Sirosh, Ilja",M,82,-93,"Italian Game: Evans Gambit, Anderssen Variation, Cordel Line",True,M,Male vs Male
"Perez Ponsa, Federico",M,156,25,"Sicilian Defense: Lasker-Pelikan Variation, Sveshnikov Variation, Chelyabinsk Variation",True,M,Male vs Male
"Almagro Llamas, Pablo",M,116,-237,Nimzo-Larsen Attack,True,M,Male vs Male
"Abrashkin, Boris",M,34,-352,Nimzo-Indian Defense: Kmoch Variation,False,M,Male vs Male
"Geivondian, Arman",M,90,-11,Torre Attack,True,M,Male vs Male
"Geivondian, Arman",M,68,-30,Torre Attack,True,M,Male vs Male
"Crispin Ferreras, Darvi Abraham",M,132,-186,Sicilian Defense: Hyperaccelerated Fianchetto,True,M,Male vs Male
"Spichkin, Alexander",M,64,-261,Trompowsky Attack,True,M,Male vs Male
"Yuffa, Daniil",M,86,-110,"King's Indian Defense: Petrosian Variation, Stein Defense",True,M,Male vs Male
"Rzayev, Bahruz",M,110,33,Pirc Defense #4,False,M,Male vs Male
"Posthuma, Joshua",M,76,96,"Pirc Defense: Austrian Attack, Unzicker Attack",True,M,Male vs Male
"Trifonov, Denis",M,52,-230,Giuoco Piano,False,M,Male vs Male
"Solano Cuya, Bryan",M,54,-58,Slav Defense #2,False,M,Male vs Male
"Kushko, Dmitriy",M,128,151,"King's Indian Defense: Fianchetto Variation, Classical Main Line",True,M,Male vs Male
"Zhigalko, Sergei",M,68,255,"Caro-Kann Defense: Advance Variation, Botvinnik-Carls Defense",False,M,Male vs Male
"Jaracz, Pawel",M,66,-218,"Sicilian Defense: Lasker-Pelikan Variation, Sveshnikov Variation, Chelyabinsk Variation",True,M,Male vs Male
"Spichkin, Alexander",M,84,-366,"Trompowsky Attack: Classical Defense, Big Center Variation",True,M,Male vs Male
"Devaev, Alexander",M,52,-135,Slav Defense: Chameleon Variation,False,M,Male vs Male
"Piscopo, Pierluigi",M,62,-285,Modern Defense,False,M,Male vs Male
"Piscopo, Pierluigi",M,60,-299,Grünfeld Defense: Exchange Variation,False,M,Male vs Male
"Pascua, Haridas",M,138,26,Semi-Slav Defense,False,M,Male vs Male
"Mchedlishvili, Mikheil",M,114,-51,Giuoco Piano,False,M,Male vs Male
"Hirneise, Jens",M,124,-52,"Ruy Lopez: Open Variations, Riga Variation",False,M,Male vs Male
"Hirneise, Jens",M,104,-88,"Sicilian Defense: Paulsen Variation, Bastrikov Variation",True,M,Male vs Male
"Shchukin, Dmitry",M,156,75,French Defense: Two Knights Variation,False,M,Male vs Male
"Sirosh, Ilja",M,74,86,"Sicilian Defense: Paulsen Variation, Bastrikov Variation",True,M,Male vs Male
"Almiron, Antonio",M,66,83,"Caro-Kann Defense: Classical Variation, Main Line",False,M,Male vs Male
"Almagro Llamas, Pablo",M,50,193,Nimzo-Larsen Attack: Indian Variation,True,M,Male vs Male
"Beradze, Irakli",M,60,-58,"Slav Defense: Czech Variation, Bled Attack",True,M,Male vs Male
"Kushko, Dmitriy",M,30,22,Queen's Pawn,False,M,Male vs Male
"Genocchio, Daniele",M,110,0,Nimzo-Larsen Attack: Modern Variation #2,True,M,Male vs Male
"Gomez, Carlos David",M,60,-128,Four Knights Game: Bardeleben Variation,False,M,Male vs Male
"Shchukin, Dmitry",M,94,-150,"Sicilian Defense: Sozin Attack, Leonhardt Variation",True,M,Male vs Male
"Geivondian, Arman",M,89,-281,Queen's Gambit Accepted: Old Variation,True,M,Male vs Male
"Shchukin, Dmitry",M,110,-83,"Italian Game: Classical Variation, Giuoco Pianissimo",False,M,Male vs Male
"Ratkovic, Miloje",M,56,37,Grünfeld Defense: Three Knights Variation,False,M,Male vs Male
"Spichkin, Alexander",M,58,-153,Queen's Pawn,False,M,Male vs Male
"Vypkhaniuk, Ihor",M,68,-67,English Opening: Great Snake Variation,False,M,Male vs Male
"Velten, Paul",M,154,43,Mieses Opening: Reversed Rat,False,M,Male vs Male
"Sambuev, Bator",M,56,118,"Queen's Gambit Declined: Orthodox Defense, Rubinstein Variation",True,M,Male vs Male
"Ermolaev, Andrey",M,73,-87,French Defense: King's Indian Attack,True,M,Male vs Male
"Ali, Muhammad Lutfi",M,50,315,Sicilian Defense: Kan Variation,True,M,Male vs Male
"Abrashkin, Boris",M,76,-216,Horwitz Defense,False,M,Male vs Male
"Trushelyov, Victor",M,108,-46,"Caro-Kann Defense: Karpov Variation, Modern Variation, Kasparov Attack",True,M,Male vs Male
"Servat, Roberto",M,50,-95,"Sicilian Defense: Accelerated Dragon, Modern Bc4 Variation",True,M,Male vs Male
"Devaev, Alexander",M,96,-150,Zukertort Opening: Sicilian Invitation,True,M,Male vs Male
"Devaev, Alexander",M,56,-177,Blumenfeld Countergambit,False,M,Male vs Male
"Ratkovic, Miloje",M,67,-162,Yusupov-Rubinstein System,False,M,Male vs Male
"Sirosh, Ilja",M,62,13,Sicilian Defense: Hyperaccelerated Dragon,True,M,Male vs Male
"Nava, Roderick",M,162,13,Sicilian Defense: Grand Prix Attack,True,M,Male vs Male
"Nava, Roderick",M,104,-12,"Vienna Game: Vienna Gambit, Main Line",True,M,Male vs Male
"Sirosh, Ilja",M,146,-96,Russian Game: Nimzowitsch Attack,True,M,Male vs Male
"Ratkovic, Miloje",M,57,20,Hungarian Opening,False,M,Male vs Male
"Narvaez Ramirez, Faber Alberto",M,120,-138,French Defense: King's Indian Attack,True,M,Male vs Male
"Palencia Morales, Wilson Guillermo",M,98,151,Semi-Slav Defense Accepted,False,M,Male vs Male
"Narvaez Ramirez, Faber Alberto",M,110,-149,Philidor Defense: Morphy Gambit,True,M,Male vs Male
"Palencia Morales, Wilson Guillermo",M,102,162,Queen's Gambit Declined,True,M,Male vs Male
"Ratkovic, Miloje",M,112,-34,"King's Indian Defense: Orthodox Variation, Classical System",True,M,Male vs Male
"Plenca, Julijan",M,99,-78,"Sicilian Defense: Richter-Rauzer Variation, Neo-Modern Variation",True,M,Male vs Male
"Genocchio, Daniele",M,74,-57,"English Opening: Anglo-Indian Defense, Anglo-Grünfeld Variation #2",False,M,Male vs Male
"Sebenik, Matej",M,54,-183,English Opening: Anglo-Indian Defense,False,M,Male vs Male
"Vajic, Goran",M,70,89,Sicilian Defense: Closed Variation,True,M,Male vs Male
"Ratkovic, Miloje",M,120,44,Saragossa Opening,False,M,Male vs Male
"Ratkovic, Miloje",M,90,67,"English Opening: Symmetrical Variation, Anti-Benoni Variation",False,M,Male vs Male
"Ratkovic, Miloje",M,160,30,"King's Indian Defense: Orthodox Variation, Bayonet Attack",True,M,Male vs Male
"Srbis, Jurica",M,64,64,"Sicilian Defense: Najdorf Variation, Zagreb (Fianchetto) Variation",True,M,Male vs Male
"Drygalov, Andrey",M,170,24,Slav Defense: Quiet Variation,False,M,Male vs Male
"Spichkin, Alexander",M,62,-223,Trompowsky Attack,True,M,Male vs Male
"Abdel Razik, Khaled",M,84,-130,"Grünfeld Defense: Three Knights Variation, Petrosian System",False,M,Male vs Male
"Golizadeh, Asghar",M,114,149,Slav Defense: Modern,False,M,Male vs Male
"Abdel Razik, Khaled",M,86,-93,London System,False,M,Male vs Male
"Spichkin, Alexander",M,60,-418,Trompowsky Attack,True,M,Male vs Male
"Spichkin, Alexander",M,70,-425,Trompowsky Attack,True,M,Male vs Male
"Spichkin, Alexander",M,74,-220,Trompowsky Attack: Classical Defense,True,M,Male vs Male
"Ratkovic, Miloje",M,124,118,Caro-Kann Defense,False,M,Male vs Male
"Spichkin, Alexander",M,43,-493,Trompowsky Attack,True,M,Male vs Male
"Spichkin, Alexander",M,60,-253,Trompowsky Attack,True,M,Male vs Male
"Ermolaev, Andrey",M,36,-3,Mikenas Defense,False,M,Male vs Male
"Jarmula, Lukasz",M,104,73,Englund Gambit Complex: Hartlaub-Charlick Gambit,True,M,Male vs Male
"Punin, Andrii",M,174,-152,Saragossa Opening,False,M,Male vs Male
"Plenca, Julijan",M,82,-155,"French Defense: Tarrasch Variation, Morozevich Variation",False,M,Male vs Male
"Schitco, Ivan",M,24,21,King's Indian Attack,True,M,Male vs Male
"Wisniacki, Flavio",M,60,-115,King's Indian Attack: Symmetrical Defense,True,M,Male vs Male
"Lombaers, Peter",M,62,128,"English Opening: Symmetrical Variation, Rubinstein Variation",False,M,Male vs Male
"Wisniacki, Flavio",M,58,-101,King's Indian Attack: Symmetrical Defense,True,M,Male vs Male
"Okike, David",M,62,-288,Sicilian Defense: Open,True,M,Male vs Male
"Okike, David",M,112,-301,Barnes Defense,False,M,Male vs Male
"Krasikov, Vladislav",M,60,-47,"Benko Gambit Accepted, Fully Accepted Variation",True,M,Male vs Male
"Ratkovic, Miloje",M,74,73,Van't Kruijs Opening,False,M,Male vs Male
"Petronijevic, Zoran",M,66,-47,Caro-Kann Defense: Panov Attack,True,M,Male vs Male
"Petronijevic, Zoran",M,68,-54,Robatsch (Modern) Defense,False,M,Male vs Male
"Petronijevic, Zoran",M,158,-88,Modern Defense: Standard Line,False,M,Male vs Male
"Ratkovic, Miloje",M,64,105,"Queen's Gambit Refused: Chigorin Defense, Lazard Gambit",True,M,Male vs Male
"Petronijevic, Zoran",M,140,-77,Scandinavian Defense: Blackburne Gambit,True,M,Male vs Male
"Ratkovic, Miloje",M,160,94,"Queen's Gambit Refused: Chigorin Defense, Lazard Gambit",True,M,Male vs Male
"Petronijevic, Zoran",M,154,-68,Caro-Kann Defense: Tartakower Variation,False,M,Male vs Male
"Euler, Gerd",M,76,-105,Scotch Game: Mieses Variation,False,M,Male vs Male
"Ermolaev, Andrey",M,66,-16,"Pterodactyl Defense: Eastern, Benoni",False,M,Male vs Male
"Ratkovic, Miloje",M,78,-98,Indian Game,False,M,Male vs Male
"Ratkovic, Miloje",M,64,-130,King's Indian Attack: Wahls Defense,True,M,Male vs Male
"Ratkovic, Miloje",M,32,-158,"King's Indian Defense: Sämisch Variation, Bobotsov-Korchnoi-Petrosian Variation",True,M,Male vs Male
"Fedoseev, Vladimir",M,68,172,Caro-Kann Defense: Main Line,False,M,Male vs Male
"Plenca, Julijan",M,96,76,Scotch Game: Malaniuk Variation,False,M,Male vs Male
"Petronijevic, Zoran",M,132,-136,"Caro-Kann Defense: Panov Attack, Fianchetto Defense",True,M,Male vs Male
"Sirosh, Ilja",M,36,55,French Defense: Burn Variation,False,M,Male vs Male
"Velten, Paul",M,134,233,Queen's Pawn Game: Zukertort Variation,False,M,Male vs Male
"Chizhikov, Vladislav",M,52,-199,Caro-Kann Defense: Tartakower Variation,False,M,Male vs Male
"Jarmula, Lukasz",M,90,-46,"King's Gambit Accepted, Quade Gambit",True,M,Male vs Male
"Hosseinzadeh, Nima",M,78,65,"Alekhine Defense: Modern Variation, Alburt Variation",False,M,Male vs Male
"Geivondian, Arman",M,92,-46,"Queen's Gambit Declined: Vienna Variation, Quiet Variation",True,M,Male vs Male
"Jarmula, Lukasz",M,70,-11,Modern Defense: Standard Defense,False,M,Male vs Male
"Almagro Llamas, Pablo",M,62,151,Nimzo-Larsen Attack: Modern Variation #2,True,M,Male vs Male
"Ratkovic, Miloje",M,96,38,Mieses Opening,False,M,Male vs Male
"Moiseenko, Vadim",M,58,58,Zukertort Opening: Quiet System,False,M,Male vs Male
"Velten, Paul",M,76,-33,Queen's Pawn Game: Symmetrical Variation,False,M,Male vs Male
"Moiseenko, Vadim",M,68,52,"English Opening: Anglo-Indian Defense, King's Knight Variation",False,M,Male vs Male
"Velten, Paul",M,110,-26,"Sicilian Defense: Four Knights Variation, Exchange Variation",True,M,Male vs Male
"Moiseenko, Vadim",M,78,45,"English Opening: King's English Variation, Kramnik-Shirov Counterattack",False,M,Male vs Male
"Velten, Paul",M,132,-17,Réti Opening #2,False,M,Male vs Male
"Gelman, Alexander",M,94,62,"Sicilian Defense: Richter-Rauzer Variation, Neo-Modern Variation, Early Deviations",True,M,Male vs Male
"Gomez, Carlos David",M,122,15,"Sicilian Defense: Alapin Variation, Smith-Morra Declined",True,M,Male vs Male
"Almagro Llamas, Pablo",M,58,42,"Queen's Gambit Accepted: Central Variation, Modern Defense",True,M,Male vs Male
"Piscopo, Pierluigi",M,88,-190,Modern Defense: Bishop Attack,True,M,Male vs Male
"Karttunen, Mika",M,90,251,"Sicilian Defense: Lasker-Pelikan Variation, Sveshnikov Variation, Chelyabinsk Variation",True,M,Male vs Male
"Gomez, Carlos David",M,106,55,Sicilian Defense: Alapin Variation,True,M,Male vs Male
"Atanejhad, Sahebali",M,38,-35,Queen's Pawn Game,False,M,Male vs Male
"Gomez, Carlos David",M,110,-91,"King's Indian Defense: Four Pawns Attack, Dynamic Attack",True,M,Male vs Male
"Devaev, Alexander",M,210,-175,Benko Gambit,True,M,Male vs Male
"Devaev, Alexander",M,64,-186,King's Indian Defense: Normal Variation,True,M,Male vs Male
"Givon, Asaf",M,118,85,French Defense: Schlechter Variation,False,M,Male vs Male
"Braun, Christian",M,86,-56,Alekhine Defense: Maróczy Variation,False,M,Male vs Male
"Givon, Asaf",M,98,75,French Defense: Schlechter Variation,False,M,Male vs Male
"Vajic, Goran",M,55,-88,Scotch Gambit,True,M,Male vs Male
"Vajic, Goran",M,56,38,Sicilian Defense: Closed Variation,True,M,Male vs Male
"Lombaers, Peter",M,98,-258,English Opening: Agincourt Defense,False,M,Male vs Male
"Lombaers, Peter",M,92,-68,"English Opening: Symmetrical Variation, Botvinnik System",False,M,Male vs Male
"Tekeyev, Zaur",M,67,99,"Italian Game: Two Knights Defense, Modern Bishop's Opening",False,M,Male vs Male
"Trifonov, Denis",M,116,-70,English Opening: Great Snake Variation,False,M,Male vs Male
"Trifonov, Denis",M,118,-105,"King's Indian Defense: Fianchetto Variation, Larsen Defense",True,M,Male vs Male
"Tekeyev, Zaur",M,74,121,Indian Game: Spielmann-Indian,False,M,Male vs Male
"Marcelin, Cyril",M,48,-123,East Indian Defense,False,M,Male vs Male
"Trifonov, Denis",M,42,10,French Defense: Exchange Variation,False,M,Male vs Male
"Krasikov, Vladislav",M,60,-102,"Benko Gambit Accepted, Fully Accepted Variation",True,M,Male vs Male
"Ratkovic, Miloje",M,80,92,Benoni Defense: King's Pawn Line,False,M,Male vs Male
"Ramirez Medina, Victor",M,84,-133,Caro-Kann Defense: Panov Attack,True,M,Male vs Male
"Nava, Roderick",M,120,5,Caro-Kann Defense,False,M,Male vs Male
"Vypkhaniuk, Ihor",M,156,219,Caro-Kann Defense: Breyer Variation,False,M,Male vs Male
"Ratkovic, Miloje",M,68,-110,Grünfeld Defense: Stockholm Variation,False,M,Male vs Male
"Chigaev, Maksim",M,114,110,King's Indian Attack,True,M,Male vs Male
"Ratkovic, Miloje",M,154,-106,London System,False,M,Male vs Male
"Trifonov, Denis",M,110,-3,"Sicilian Defense: Najdorf Variation, Adams Attack",True,M,Male vs Male
"Jarmula, Lukasz",M,78,58,Russian Game: Three Knights Game,False,M,Male vs Male
"Jarmula, Lukasz",M,66,12,"King's Gambit Accepted, Fischer Defense",True,M,Male vs Male
"Bancod, Ronald",M,62,-185,Sicilian Defense: Hyperaccelerated Dragon,True,M,Male vs Male
"Atanejhad, Sahebali",M,60,-193,Mikenas Defense,False,M,Male vs Male
"Ratkovic, Milovan",M,82,30,Old Benoni Defense #2,False,M,Male vs Male
"Trifonov, Denis",M,92,-154,"French Defense: Classical Variation, Burn Variation, Morozevich Line",False,M,Male vs Male
"Moradiabadi, Elshan",M,44,167,Ruy Lopez: Cozio Defense,False,M,Male vs Male
"Almagro Llamas, Pablo",M,90,124,Nimzo-Larsen Attack: Modern Variation #4,True,M,Male vs Male
"Abdel Razik, Khaled",M,84,-13,Queen's Gambit Declined: Charousek (Petrosian) Variation,True,M,Male vs Male
"Abdel Razik, Khaled",M,82,-121,Van't Kruijs Opening,False,M,Male vs Male
"Abdel Razik, Khaled",M,118,63,Queen's Pawn,False,M,Male vs Male
"Almagro Llamas, Pablo",M,68,-7,Nimzo-Larsen Attack: Indian Variation,True,M,Male vs Male
"Ratkovic, Milovan",M,92,-216,Dutch Defense: Raphael Variation,False,M,Male vs Male
"Peng, Li Min",M,150,-75,Sicilian Defense: Closed Variation,True,M,Male vs Male
"Servat, Roberto",M,46,-135,"Caro-Kann Defense: Advance Variation, Tal Variation",False,M,Male vs Male
"Ojeda, Jesus David",M,90,-259,"King's Indian, Fianchetto, Classical Variation, 8.e4",True,M,Male vs Male
"Atanejhad, Sahebali",M,74,-12,"Benko Gambit Accepted, Fully Accepted Variation",True,M,Male vs Male
"Atanejhad, Sahebali",M,93,-50,Semi-Slav Defense: Accelerated Move Order,False,M,Male vs Male
"Yeletsky, Ivan",M,58,-91,"Sicilian Defense: Kan Variation, Maróczy Bind, Réti Variation",True,M,Male vs Male
"Golizadeh, Asghar",M,54,108,"Sicilian Defense: Dragon Variation, Yugoslav Attack",True,M,Male vs Male
"Kovalchuk, Alexey",M,122,-32,"Four Knights Game: Scotch Variation, Krause Gambit",True,M,Male vs Male
"Yeletsky, Ivan",M,56,-92,"Sicilian Defense: Kan Variation, Maróczy Bind, Réti Variation",True,M,Male vs Male
"Piliposyan, Robert",M,92,13,Italian Game: Two Knights Defense,False,M,Male vs Male
"Trifonov, Denis",M,154,10,Trompowsky Attack,True,M,Male vs Male
"Piliposyan, Robert",M,94,93,Nimzo-Indian Defense: Ragozin Variation,False,M,Male vs Male
"Trifonov, Denis",M,74,-80,"Italian Game: Two Knights Defense, Modern Bishop's Opening",False,M,Male vs Male
"Shchukin, Dmitry",M,58,-5,French Defense: King's Indian Attack,True,M,Male vs Male
"Kovalchuk, Alexey",M,124,-99,French Defense: Exchange Variation,False,M,Male vs Male
"Ratkovic, Milovan",M,68,21,Dutch Defense: Raphael Variation,False,M,Male vs Male
"Plenca, Julijan",M,40,-407,"Sicilian Defense: Kan Variation, Modern Variation",True,M,Male vs Male
"Ratkovic, Milovan",M,84,59,Old Benoni Defense #2,False,M,Male vs Male
"Shchukin, Dmitry",M,68,-172,Pirc Defense #3,False,M,Male vs Male
"Ratkovic, Miloje",M,128,136,Old Benoni Defense,False,M,Male vs Male
"Pomares Diaz, Manuel Alejandro",M,128,-132,"Sicilian Defense: Nimzowitsch Variation, Closed Variation",True,M,Male vs Male
"Pomares Diaz, Manuel Alejandro",M,114,-159,French Defense: King's Indian Attack,True,M,Male vs Male
"Grigoryan, Karen",M,17,68,Four Knights Game: Italian Variation,False,M,Male vs Male
"Grishchenko, Sergey",M,184,-36,Queen's Gambit Accepted: Janowski-Larsen Variation,True,M,Male vs Male
"Ratkovic, Miloje",M,56,56,Queen's Pawn Game: Zukertort Variation,False,M,Male vs Male
"Andonovski, Ljubisa",M,68,-352,"King's Indian Defense: Normal Variation, King's Knight Variation",True,M,Male vs Male
"Yeletsky, Ivan",M,30,-58,"Sicilian Defense: Modern Variations, Anti-Qxd4 Move Order Accepted",True,M,Male vs Male
"Yuffa, Daniil",M,102,58,"Pterodactyl Defense: Fianchetto, Queen Pteranodon",False,M,Male vs Male
"Plenca, Julijan",M,62,-69,Queen's Pawn Game: Zukertort Variation,False,M,Male vs Male
"Ratkovic, Miloje",M,134,169,Colle System,False,M,Male vs Male
"Maksimovic, Dejan",M,84,-77,Queen's Pawn Game: Zukertort Variation,False,M,Male vs Male
"Trifonov, Denis",M,62,-55,French Defense: King's Indian Attack,True,M,Male vs Male
"Maksimovic, Dejan",M,56,-110,Queen's Pawn Game: Zukertort Variation,False,M,Male vs Male
"Shchukin, Dmitry",M,96,-63,Scandinavian Defense,False,M,Male vs Male
"Almagro Llamas, Pablo",M,76,56,English Opening: Great Snake Variation,False,M,Male vs Male
"Trifonov, Denis",M,142,-50,English Opening: Caro-Kann Defensive System,False,M,Male vs Male
"Wisniacki, Flavio",M,92,35,King's Indian Attack,True,M,Male vs Male
"Yuffa, Daniil",M,90,154,"Italian Game: Classical Variation, Greco Gambit, Traditional Line",True,M,Male vs Male
"Zwirs, Nico",M,52,-122,"Caro-Kann Defense: Panov Attack, Fianchetto Defense",True,M,Male vs Male
"Trifonov, Denis",M,84,-84,Trompowsky Attack,True,M,Male vs Male
"Trifonov, Denis",M,20,-95,Trompowsky Attack,True,M,Male vs Male
"Leenhouts, Koen",M,140,102,Grünfeld Defense: Exchange Variation,False,M,Male vs Male
"Sirosh, Ilja",M,74,-11,"Caro-Kann Defense: Exchange Variation, Rubinstein Variation",False,M,Male vs Male
"Sirosh, Ilja",M,86,55,"Sicilian Defense: Lasker-Pelikan Variation, Sveshnikov Variation, Chelyabinsk Variation",True,M,Male vs Male
"Gomez, Carlos David",M,82,-32,Four Knights Game: Nimzowitsch (Paulsen),False,M,Male vs Male
"Gomez, Carlos David",M,28,-51,Sicilian Defense: Alapin Variation,True,M,Male vs Male
"Jacobsen, Mikkel Manosri",M,98,-72,Indian Game: Anti-Nimzo-Indian,False,M,Male vs Male
"Plenca, Julijan",M,162,-198,Scandinavian Defense: Mieses-Kotroc Variation,False,M,Male vs Male
"Maier, Christian",M,64,134,Sicilian Defense: Wing Gambit Deferred,True,M,Male vs Male
"Andonovski, Ljubisa",M,70,-140,Catalan Opening: Closed Variation,False,M,Male vs Male
"Macovei, Andrei",M,64,84,Sicilian Defense: Hyperaccelerated Dragon,True,M,Male vs Male
"Trifonov, Denis",M,41,17,"Italian Game: Two Knights Defense, Polerio Defense, Kieseritzky Variation",False,M,Male vs Male
"Wisniacki, Flavio",M,134,-85,"Neo-Grünfeld Defense: Classical Variation, Original Defense",False,M,Male vs Male
"Shchukin, Dmitry",M,114,77,"Caro-Kann Defense: Accelerated Panov Attack, Modern Variation",True,M,Male vs Male
"Abdel Razik, Khaled",M,138,5,"Queen's Gambit Refused: Baltic Defense, Pseudo-Slav",True,M,Male vs Male
"Trifonov, Denis",M,116,18,Queen's Pawn Game: Mason Attack,True,M,Male vs Male
"Abdel Razik, Khaled",M,58,5,"Queen's Gambit Refused: Baltic Defense, Pseudo-Slav",True,M,Male vs Male
"Trifonov, Denis",M,78,18,Scandinavian Defense: Modern Variation #2,False,M,Male vs Male
"Boros, Denes",M,40,-126,Nimzo-Indian Defense: Classical Variation,False,M,Male vs Male
"Shimanov, Aleksandr",M,138,144,King's Indian Defense: Orthodox Variation,True,M,Male vs Male
"Shimanov, Aleksandr",M,144,99,Russian Game: Cozio (Lasker) Attack,True,M,Male vs Male
"Shimanov, Aleksandr",M,124,28,Queen's Pawn Game: Mason Attack,True,M,Male vs Male
"Boros, Denes",M,78,-1,Zukertort Opening: Kingside Fianchetto,False,M,Male vs Male
"Boros, Denes",M,156,-24,"Torre Attack: Classical Defense, Nimzowitsch Variation",True,M,Male vs Male
"Shimanov, Aleksandr",M,92,46,French Defense: Exchange Variation,False,M,Male vs Male
"Boros, Denes",M,130,-20,Trompowsky Attack,True,M,Male vs Male
"Shimanov, Aleksandr",M,60,42,"Caro-Kann Defense: Advance Variation, Tal Variation",False,M,Male vs Male
"Boros, Denes",M,144,-16,King's Indian Defense,True,M,Male vs Male
"Shimanov, Aleksandr",M,76,38,Queen's Pawn Game: Levitsky Attack,True,M,Male vs Male
"Boros, Denes",M,74,-12,Queen's Pawn,False,M,Male vs Male
"Novikov, Evgenij",M,102,-36,"Grünfeld Defense: Three Knights Variation, Petrosian System",False,M,Male vs Male
"Servat, Roberto",M,88,-21,"Sicilian Defense: Dragon Variation, Classical Variation #2",True,M,Male vs Male
"Mardov, Dimitar",M,92,-103,"Sicilian Defense: Kan Variation, Modern Variation",True,M,Male vs Male
"Kantans, Toms",M,41,21,Sicilian Defense: Najdorf Variation,True,M,Male vs Male
"Kantans, Toms",M,90,-28,Sicilian Defense: Najdorf Variation,True,M,Male vs Male
"Kantans, Toms",M,78,-45,Sicilian Defense: Najdorf Variation,True,M,Male vs Male
"Jovic, Stevan",M,60,-127,Dutch Defense: Rubinstein Variation,False,M,Male vs Male
"Jacobsen, Mikkel Manosri",M,56,-147,Indian Game: Budapest Defense,False,M,Male vs Male
"Posthuma, Joshua",M,48,160,Indian Game,False,M,Male vs Male
"Jacobsen, Mikkel Manosri",M,44,-129,Indian Game: Budapest Defense,False,M,Male vs Male
"Jacobsen, Mikkel Manosri",M,84,-140,"Benko Gambit Accepted, Fully Accepted Variation",True,M,Male vs Male
"Shchukin, Dmitry",M,108,30,"Italian Game: Classical Variation, Giuoco Pianissimo",False,M,Male vs Male
"Shchukin, Dmitry",M,34,31,French Defense: King's Indian Attack,True,M,Male vs Male
"Uzcategui Rodriguez, Alejandro",M,132,-4,Sicilian Defense: Four Knights Variation,True,M,Male vs Male
"Shchukin, Dmitry",M,108,-1,"Sicilian Defense: French Variation, Open",True,M,Male vs Male
"Tomb, Maroun",M,72,-153,Sicilian Defense: Keres Variation,True,M,Male vs Male
"Devaev, Alexander",M,62,-206,"Benoni Defense: Classical Variation, New York Variation",False,M,Male vs Male
"Novikov, Evgenij",M,126,107,Ruy Lopez: Classical Variation,False,M,Male vs Male
"Devaev, Alexander",M,52,-81,"Grünfeld Defense: Three Knights Variation, Petrosian System",False,M,Male vs Male
"Sirosh, Ilja",M,68,97,Caro-Kann Defense: Exchange Variation,False,M,Male vs Male
"Devaev, Alexander",M,42,-71,"Grünfeld Defense: Three Knights Variation, Petrosian System",False,M,Male vs Male
"Srbis, Jurica",F,62,169,"Slav Defense: Quiet Variation, Pin Defense",False,M,Male vs Female
"Mandura, Tijana",M,74,-137,"Italian Game: Two Knights Defense, Modern Bishop's Opening",False,F,Female vs Male
"Mandura, Tijana",M,88,-167,"Trompowsky Attack: Classical Defense, Big Center Variation",True,F,Female vs Male
"Srbis, Jurica",F,114,180,"Slav Defense: Quiet Variation, Schallopp Defense",False,M,Male vs Female
"Mandura, Tijana",M,104,-148,Sicilian Defense: Hyperaccelerated Fianchetto,True,F,Female vs Male
"Srbis, Jurica",F,60,163,"Ruy Lopez: Berlin Defense, l'Hermet Variation",False,M,Male vs Female
"Mandura, Tijana",M,48,-132,"Caro-Kann Defense: Advance Variation, Botvinnik-Carls Defense",False,F,Female vs Male
"Shchukin, Dmitry",M,88,18,"Nimzowitsch Defense, Declined Variation",False,M,Male vs Male
"Plenca, Julijan",M,98,-55,"Sicilian Defense: Richter-Rauzer Variation, Classical Variation",True,M,Male vs Male
"Hirneise, Jens",M,88,74,Zukertort Opening: Polish Defense,False,M,Male vs Male
"Plenca, Julijan",M,62,-43,"Philidor Defense: Lion Variation, Shirov Gambit",True,M,Male vs Male
"Palencia Morales, Wilson Guillermo",M,122,-135,King's Indian Defense: Orthodox Variation,True,M,Male vs Male
"Palencia Morales, Wilson Guillermo",M,100,-140,King's Indian Defense: Orthodox Variation,True,M,Male vs Male
"Vallejo Pons, Francisco",M,144,199,English Opening: Anglo-Indian Defense,False,M,Male vs Male
"Pascua, Haridas",M,92,-140,Dutch Defense: Staunton Gambit Accepted,True,M,Male vs Male
"Plenca, Julijan",M,124,-177,"Pirc Defense: Austrian Attack, Dragon Formation",True,M,Male vs Male
"Sirosh, Ilja",M,78,-73,"Philidor Defense: Lion Variation, Shirov Gambit",True,M,Male vs Male
"Klukin, Kirill",M,130,-11,King's Indian Defense: Orthodox Variation,True,M,Male vs Male
"Palencia Morales, Wilson Guillermo",M,100,-148,"Queen's Gambit Refused: Baltic Defense, Pseudo-Slav",True,M,Male vs Male
"Wisniacki, Flavio",M,72,-101,Tarrasch Defense: Classical Variation,False,M,Male vs Male
"Kalvaitis, Sigitas",M,2,-377,King's Pawn Game,False,M,Male vs Male
"Vypkhaniuk, Ihor",M,106,-14,"English Opening: Agincourt Defense, Neo-Catalan Declined",False,M,Male vs Male
"Sharafiev, Azat",M,80,-241,Caro-Kann Defense: Advance Variation,False,M,Male vs Male
"Li, Henry",M,112,-191,"Alekhine Defense: Modern Variation, Larsen Variation",False,M,Male vs Male
"Oboladze, Luka",M,82,-95,Ruy Lopez: Classical Variation,False,M,Male vs Male
"Krasikov, Vladislav",M,48,-122,Sicilian Defense: Old Sicilian,True,M,Male vs Male
"Sebenik, Matej",M,92,185,"Grünfeld Defense: Exchange Variation, Classical Variation",False,M,Male vs Male
"Hungaski, Robert",M,108,38,English Opening: Neo-Catalan,False,M,Male vs Male
"Gomez, Carlos David",M,32,-263,"Four Knights Game: Spanish Variation, Classical Variation",False,M,Male vs Male
"Kuznecov, Mikhail",M,34,128,Mikenas Defense,False,M,Male vs Male
"Marcelin, Cyril",M,114,49,King's Indian Defense: Normal Variation,True,M,Male vs Male
"Sirosh, Ilja",M,38,-40,Grünfeld Defense: Exchange Variation,False,M,Male vs Male
"Punin, Andrii",M,114,27,French Defense: Exchange Variation,False,M,Male vs Male
"Zwirs, Nico",M,58,172,Philidor Defense: Exchange Variation,False,M,Male vs Male
"Trifonov, Denis",M,48,-140,"Italian Game: Two Knights Defense, Polerio Defense, Bishop Check Line",False,M,Male vs Male
"Beukema, Jasper",M,54,-88,King's Indian Defense: Orthodox Variation,True,M,Male vs Male
"Nogueira, Ivan Kuhlmann",M,168,-85,Ware Opening,False,M,Male vs Male
"Kashtanov, Ruslan",M,49,-82,"King's Indian Defense: Fianchetto Variation, Classical Fianchetto",True,M,Male vs Male
"Murzin, Volodar",M,88,102,Sicilian Defense: French Variation,True,M,Male vs Male
"Soysal, Serkan",M,118,8,King's Indian Attack: French Variation,True,M,Male vs Male
"Jovic, Stevan",M,92,-221,"Benko Gambit Accepted, Pawn Return Variation",True,M,Male vs Male
"Nogueira, Ivan Kuhlmann",M,124,-127,Ware Opening,False,M,Male vs Male
"Velten, Paul",M,110,216,"Queen's Gambit Refused: Chigorin Defense, Main Line",True,M,Male vs Male
"Piscopo, Pierluigi",M,98,-424,English Opening: Agincourt Defense #2,False,M,Male vs Male
"Hirneise, Jens",M,138,-23,French Defense: Steiner Variation,False,M,Male vs Male
"Hungaski, Robert",F,54,135,"Dutch Defense: Leningrad Variation, Warsaw Variation",False,M,Male vs Female
"Shchukin, Dmitry",M,130,-20,"Italian Game: Two Knights Defense, Modern Bishop's Opening",False,M,Male vs Male
"Sirosh, Ilja",M,78,-115,Caro-Kann Defense,False,M,Male vs Male
"Irizanin, Radoje",M,66,-143,Queen's Pawn Game: London System,False,M,Male vs Male
"Abrashkin, Boris",M,96,-26,Semi-Slav Defense: Marshall Gambit,True,M,Male vs Male
"Hungaski, Robert",M,44,181,Bishop's Opening: Vienna Hybrid,False,M,Male vs Male
"Devaev, Alexander",M,38,-95,Queen's Gambit Declined: Three Knights Variation,True,M,Male vs Male
"Zarnicki, Pablo",M,140,112,"Caro-Kann Defense: Advance Variation, Short Variation",False,M,Male vs Male
"Zarnicki, Pablo",M,116,56,Caro-Kann Defense: Classical Variation,False,M,Male vs Male
"Devaev, Alexander",M,108,-30,"English Opening: Anglo-Indian Defense, King's Indian Formation",True,M,Male vs Male
"Devaev, Alexander",M,64,-69,"Grünfeld Defense: Three Knights Variation, Petrosian System",False,M,Male vs Male
"Devaev, Alexander",M,102,-103,"Queen's Indian Defense: Kasparov-Petrosian Variation, Main Line",False,M,Male vs Male
"Mandura, Tijana",M,128,-51,Queen's Gambit Accepted: Normal Variation,True,F,Female vs Male
"Yanchenko, Roman",M,108,21,Dutch Defense,False,M,Male vs Male
"Hungaski, Robert",M,60,10,"French Defense: Winawer Variation, Advance Variation",False,M,Male vs Male
"Yanchenko, Roman",M,84,19,"Dutch Defense: Classical Variation, Huisl Variation",False,M,Male vs Male
"Karttunen, Mika",M,54,199,Ruy Lopez: Closed Variations,False,M,Male vs Male
"Abrashkin, Boris",M,102,-197,"King's Indian, Averbakh, Main Line",True,M,Male vs Male
"Abrashkin, Boris",M,76,-217,King's Indian Defense,True,M,Male vs Male
"Hirneise, Jens",M,50,19,French Defense: Knight Variation,False,M,Male vs Male
"Batsiashvili, Nino",M,92,-49,"Queen's Gambit Accepted: Central Variation, Modern Defense",True,F,Female vs Male
"Yanchenko, Roman",M,110,15,Nimzo-Indian Defense: Ragozin Variation,False,M,Male vs Male
"Doric, Darko",M,78,45,Trompowsky Attack,True,M,Male vs Male
"Wisniacki, Flavio",M,48,-184,"Neo-Grünfeld Defense: Classical Variation, Original Defense",False,M,Male vs Male
"Okike, David",M,58,-154,"Alekhine Defense: Modern Variation, Larsen Variation",False,M,Male vs Male
"Skliarov, Viktor",M,120,31,"French Defense: Advance Variation, Paulsen Attack",True,M,Male vs Male
"Srbis, Jurica",F,96,140,"Sicilian Defense: Najdorf Variation, Zagreb (Fianchetto) Variation",True,M,Male vs Female
"Mandura, Tijana",M,126,-109,"Pirc Defense: Classical Variation, Quiet System, Parma Defense",False,F,Female vs Male
"Mandura, Tijana",M,50,-139,Caro-Kann Defense: Advance Variation,False,F,Female vs Male
"Srbis, Jurica",F,60,153,"Danish Gambit Declined, Sorensen Defense",True,M,Male vs Female
"Mandura, Tijana",M,56,-121,Four Knights Game: Scotch Variation Accepted,False,F,Female vs Male
"Mandura, Tijana",M,130,-129,Modern Defense: Two Knights Variation,False,F,Female vs Male
"Srbis, Jurica",F,42,143,"Sicilian Defense: Alapin Variation, Barmen Defense",True,M,Male vs Female
"Mandura, Tijana",M,154,-112,Sicilian Defense: Hyperaccelerated Fianchetto,True,F,Female vs Male
"Mandura, Tijana",M,62,-108,"Pirc Defense: Classical Variation, Quiet System, Parma Defense",False,F,Female vs Male
"Gomez, Carlos David",M,76,5,"Ruy Lopez: Closed Variations, Keres Defense",False,M,Male vs Male
"Sirosh, Ilja",M,36,-75,Englund Gambit Complex: Englund Gambit,True,M,Male vs Male
"Ermolaev, Andrey",M,90,0,French Defense: Steinitz Variation #2,False,M,Male vs Male
"Ermolaev, Andrey",M,84,-44,Queen's Pawn Game: Chigorin Variation,False,M,Male vs Male
"Bryakin, Mikhail",M,38,51,Saragossa Opening,False,M,Male vs Male
"Ermolaev, Andrey",M,70,-46,Old Benoni Defense,False,M,Male vs Male
"Ermolaev, Andrey",M,86,-66,Dutch Defense: Raphael Variation,False,M,Male vs Male
"Irizanin, Radoje",M,54,-144,Sicilian Defense: Loewenthal Variation,True,M,Male vs Male
"Shchukin, Dmitry",M,132,-70,Caro-Kann Defense: Accelerated Panov Attack #2,True,M,Male vs Male
"Maier, Christian",M,140,63,Sicilian Defense: Nyezhmetdinov-Rossolimo Attack,True,M,Male vs Male
"Zimmermann, Julian",M,28,-272,Caro-Kann Defense: Bronstein-Larsen Variation,False,M,Male vs Male
"Gomez, Carlos David",M,86,-112,Four Knights Game: Double Spanish,False,M,Male vs Male
"Zwirs, Nico",M,62,-34,"Caro-Kann Defense: Panov Attack, Fianchetto Defense",True,M,Male vs Male
"Piscopo, Pierluigi",M,78,66,King's Indian Attack,True,M,Male vs Male
"Grishchenko, Sergey",M,92,17,"Grünfeld Defense: Three Knights Variation, Hungarian Attack",True,M,Male vs Male
"Kuipers, Eelco",M,70,-62,Queen's Pawn Game: Steinitz Countergambit,False,M,Male vs Male
"Chigaev, Maksim",M,66,95,Caro-Kann Defense: Exchange Variation,False,M,Male vs Male
"Juhasz, Armin",M,78,-65,"King's Indian Defense: Orthodox Variation, Glek Defense",True,M,Male vs Male
"Abrashkin, Boris",M,70,-218,"Grünfeld Defense: Brinckmann Attack, Grünfeld Gambit Accepted",True,M,Male vs Male
"Abrashkin, Boris",M,98,-229,"Grünfeld Defense: Brinckmann Attack, Grünfeld Gambit Accepted",True,M,Male vs Male
"Soysal, Serkan",M,20,-1,"Queen's Gambit Declined: Exchange Variation, Positional Variation #2",True,M,Male vs Male
"Kuznecov, Mikhail",M,66,3,Queen's Pawn Game: Mason Attack,True,M,Male vs Male
"Doric, Darko",M,94,-182,Queen's Pawn Game: Mason Attack,True,M,Male vs Male
"Kuznecov, Mikhail",M,88,4,Indian Game,False,M,Male vs Male
"Doric, Darko",M,170,-206,"Queen's Gambit Accepted: Central Variation, Alekhine System",True,M,Male vs Male
"Ermolaev, Andrey",M,50,50,Queen's Pawn Game: Chigorin Variation,False,M,Male vs Male
"Novikov, Evgenij",M,68,-25,Center Game: Berger Variation,False,M,Male vs Male
"Novikov, Evgenij",M,80,-42,French Defense: Wing Gambit,True,M,Male vs Male
"Novikov, Evgenij",M,78,-58,"English Opening: King's English Variation, Reversed Closed Sicilian",True,M,Male vs Male
"Ermolaev, Andrey",M,108,75,Queen's Pawn Game: Chigorin Variation,False,M,Male vs Male
"Almagro Llamas, Pablo",M,50,341,English Opening: Neo-Catalan Declined,False,M,Male vs Male
"Abrashkin, Boris",M,80,-181,"Queen's Pawn Game: Veresov Attack, Dutch System",True,M,Male vs Male
"Abrashkin, Boris",M,42,-203,Dutch Defense: Raphael Variation,False,M,Male vs Male
"Ratkovic, Milovan",M,104,64,Queen's Pawn Game: Levitsky Attack,True,M,Male vs Male
"Doric, Darko",M,26,-38,"Queen's Gambit Accepted: Central Variation, Modern Defense",True,M,Male vs Male
"Ratkovic, Milovan",M,124,58,Semi-Slav Defense: Accelerated Move Order,False,M,Male vs Male
"Mandura, Tijana",M,61,-55,Catalan Opening: Closed Variation,False,F,Female vs Male
"Narvaez Ramirez, Faber Alberto",M,108,-491,Queen's Pawn Game: Colle System,False,M,Male vs Male
"Beukema, Jasper",M,104,165,Nimzo-Indian Defense: Ragozin Variation,False,M,Male vs Male
"Golubka, Petro",M,58,-23,"Caro-Kann Defense: Advance Variation, Short Variation",False,M,Male vs Male
"Soysal, Serkan",M,84,45,Queen's Gambit Declined: Orthodox Defense,True,M,Male vs Male
"Vargas Arteaga, Alexis",M,92,-107,"Sicilian Defense: Richter-Rauzer Variation, Modern Variation",True,M,Male vs Male
"Bouzidi, Ahmed",M,90,-510,Sicilian Defense: Alapin Variation,True,M,Male vs Male
"Gomez, Carlos David",M,60,-123,King's Pawn Game: Maróczy Defense,False,M,Male vs Male
"Hungaski, Robert",M,70,137,Pirc Defense: Austrian Attack,True,M,Male vs Male
"Grishchenko, Sergey",M,90,38,Slav Defense: Geller Gambit,True,M,Male vs Male
"Doric, Darko",M,78,83,Semi-Benoni,False,M,Male vs Male
"Gomez, Carlos David",M,28,-36,"Sicilian Defense: Smith-Morra Gambit Accepted, Paulsen Formation",True,M,Male vs Male
"Gomez, Carlos David",M,108,-24,Sicilian Defense: Alapin Variation,True,M,Male vs Male
"Mandura, Tijana",M,82,26,Semi-Benoni,False,F,Female vs Male
"Shchukin, Dmitry",F,142,-3,"Italian Game: Two Knights Defense, Modern Bishop's Opening",False,M,Male vs Female
"Mandura, Tijana",M,82,-60,"Catalan Opening: Closed, 7.Qc2 c6 8.b3",False,F,Female vs Male
"Vachylia, Andrii",M,80,-184,"Queen's Gambit Declined: Orthodox Defense, Rubinstein Variation",True,M,Male vs Male
"Gasimov, Parviz",M,62,138,Pirc Defense #5,False,M,Male vs Male
"Colovic, Dusan",M,78,-108,Queen's Pawn Game: Chigorin Variation,False,M,Male vs Male
"Ramirez Medina, Victor",M,56,-142,Queen's Indian Defense: Capablanca Variation,False,M,Male vs Male
"Lombaers, Peter",M,64,-139,"English Opening: Agincourt Defense, Catalan Defense Accepted",False,M,Male vs Male
"Aydincelebi, Kagan",M,50,-94,Sicilian Defense: Nyezhmetdinov-Rossolimo Attack,True,M,Male vs Male
"Shchukin, Dmitry",M,74,-233,Modern Defense: Standard Line,False,M,Male vs Male
"Shchukin, Dmitry",M,158,29,"Sicilian Defense: Paulsen Variation, Szén Variation",True,M,Male vs Male
"Shchukin, Dmitry",M,64,-139,King's Indian Attack: Sicilian Variation #2,True,M,Male vs Male
"Ermolaev, Andrey",M,98,-145,Queen's Pawn Game: Chigorin Variation,False,M,Male vs Male
"Ermolaev, Andrey",M,82,-100,"Philidor Defense: Lion Variation, Shirov Gambit",True,M,Male vs Male
"Ermolaev, Andrey",M,90,-157,Queen's Pawn Game: Chigorin Variation,False,M,Male vs Male
"Ratkovic, Miloje",M,146,18,Hungarian Opening: Indian Defense,False,M,Male vs Male
"Dutina, Dario",M,104,-199,Sicilian Defense: Grand Prix Attack,True,M,Male vs Male
"Vajic, Goran",M,98,-169,Sicilian Defense: Closed Variation,True,M,Male vs Male
"Narvaez Ramirez, Faber Alberto",M,116,-206,"French Defense: Rubinstein Variation, Blackburne Defense",False,M,Male vs Male
"Kantans, Toms",M,98,-51,"Russian Game: Classical Attack, Mason-Showalter Variation",True,M,Male vs Male
"Zarnicki, Pablo",M,136,71,"English Opening: Symmetrical Variation, Mecking Variation",False,M,Male vs Male
"Kantans, Toms",M,89,-43,Russian Game: Three Knights Game,False,M,Male vs Male
"Tay, Junior",M,110,53,"Vienna Game: Stanley Variation, Reversed Spanish",False,M,Male vs Male
"Tay, Junior",M,92,-81,"Vienna Game: Stanley Variation, Reversed Spanish",False,M,Male vs Male
"Marcelin, Cyril",M,74,-161,Saragossa Opening,False,M,Male vs Male
"Marcelin, Cyril",M,88,-187,Queen's Pawn Game: London System,False,M,Male vs Male
"Marcelin, Cyril",M,64,-209,Queen's Pawn Game: Chigorin Variation,False,M,Male vs Male
"Velten, Paul",M,144,219,Queen's Pawn Game: Zukertort Variation,False,M,Male vs Male
"Blesic, Vaso",M,104,-292,"King's Indian Defense: Normal Variation, Rare Defenses",True,M,Male vs Male
"Sirosh, Ilja",M,74,-135,King's Indian Defense: Averbakh Variation,True,M,Male vs Male
"Nordahl, Helge",M,48,-242,"King's Indian Defense: Four Pawns Attack, Normal Attack",True,M,Male vs Male
"Sirosh, Ilja",M,78,-5,"King's Indian Defense: Petrosian Variation, Stein Defense",True,M,Male vs Male
"Blesic, Vaso",M,58,-257,Sicilian Defense: French Variation,True,M,Male vs Male
"Tay, Junior",M,62,11,Sicilian Defense: Chekhover Variation,True,M,Male vs Male
"Okike, David",M,66,-192,"Sicilian Defense: Nimzowitsch Variation, Closed Variation",True,M,Male vs Male
"Okike, David",M,94,-212,"Sicilian Defense: French Variation, Normal",True,M,Male vs Male
"Tay, Junior",M,50,0,Nimzowitsch Defense: Williams Variation,False,M,Male vs Male
"Velten, Paul",M,88,8,Indian Game: Gibbins-Wiedenhagen Gambit Accepted,True,M,Male vs Male
"Gomez, Carlos David",M,78,-70,"Ruy Lopez: Closed Variations, Delayed Exchange",False,M,Male vs Male
"Punin, Andrii",M,85,-18,"Alekhine Defense: Modern Variation, Main Line",False,M,Male vs Male
"Neugebauer, Martin",M,124,92,"Sicilian Defense: Najdorf Variation, Adams Attack",True,M,Male vs Male
"Rodriguez Hernandez, Luis Daniel",M,86,-85,French Defense: Schlechter Variation,False,M,Male vs Male
"Velten, Paul",M,132,58,"Queen's Pawn Game: Veresov Attack, Classical Defense",True,M,Male vs Male
"Sebenik, Matej",M,70,-67,Queen's Gambit Accepted: Old Variation,True,M,Male vs Male
"Sebenik, Matej",M,38,-102,Queen's Gambit Accepted: Janowski-Larsen Variation,True,M,Male vs Male
"Shevchenko, Danylo",M,48,-208,"Sicilian Defense: Alapin Variation, Smith-Morra Declined",True,M,Male vs Male
"Vajic, Goran",M,78,-14,Sicilian Defense: Closed Variation,True,M,Male vs Male
"Maier, Christian",M,98,-134,Russian Game: Three Knights Game,False,M,Male vs Male
"Beradze, Irakli",M,62,139,"Caro-Kann Defense: Advance Variation, Botvinnik-Carls Defense",False,M,Male vs Male
"Chylewski, Patryk",M,142,-106,Slav Indian,False,M,Male vs Male
"Geivondian, Arman",M,84,-63,"Queen's Gambit Accepted: Classical Defense, Rubinstein Variation",True,M,Male vs Male
"Shchukin, Dmitry",M,80,38,"Sicilian Defense: Kan Variation, Knight Variation",True,M,Male vs Male
"Tay, Junior",M,118,-223,Bishop's Opening: Boden-Kieseritzky Gambit,True,M,Male vs Male
"Petronijevic, Zoran",M,40,15,Scandinavian Defense: Mieses-Kotroc Variation,False,M,Male vs Male
"Ramirez Medina, Victor",M,92,-47,"King's Indian Defense: Fianchetto Variation, Uhlmann-Szabo System",True,M,Male vs Male
"Abrashkin, Boris",M,82,-256,Queen's Gambit Accepted: Old Variation,True,M,Male vs Male
"Abrashkin, Boris",M,108,-267,Queen's Gambit Accepted: Janowski-Larsen Variation,True,M,Male vs Male
"Narvaez Ramirez, Faber Alberto",M,78,-354,"English Opening: King's English Variation, Three Knights System",False,M,Male vs Male
"Narvaez Ramirez, Faber Alberto",M,48,-365,Queen's Pawn Game: London System,False,M,Male vs Male
"Narvaez Ramirez, Faber Alberto",M,46,-375,Queen's Pawn Game: London System,False,M,Male vs Male
"Narvaez Ramirez, Faber Alberto",M,94,-385,French Defense: Knight Variation,False,M,Male vs Male
"Narvaez Ramirez, Faber Alberto",M,84,-394,Queen's Pawn Game: Torre Attack,True,M,Male vs Male
"Petronijevic, Zoran",M,52,73,"Ruy Lopez: Morphy Defense, Mackenzie Variation",False,M,Male vs Male
"Ramirez Medina, Victor",M,60,36,Benoni Defense: Modern Variation,False,M,Male vs Male
"Tomb, Maroun",M,114,-74,"Sicilian Defense: Closed Variation, Chameleon Variation",True,M,Male vs Male
"Piscopo, Pierluigi",M,86,91,"King's Indian Defense: Averbakh Variation, Benoni Defense, Advance Variation",True,M,Male vs Male
"Andonovski, Ljubisa",M,62,-267,Old Benoni Defense,False,M,Male vs Male
"Ramirez Medina, Victor",M,122,-43,"Queen's Gambit Declined: Tarrasch Defense, Pseudo-Tarrasch",True,M,Male vs Male
"Ramirez Medina, Victor",M,68,-42,Benoni Defense,False,M,Male vs Male
"Sirosh, Ilja",M,110,60,"Italian Game: Evans Gambit, Tartakower Attack",True,M,Male vs Male
"Givon, Asaf",M,58,287,Russian Game: Stafford Gambit,True,M,Male vs Male
"Sirosh, Ilja",M,106,-133,"King's Indian Defense: Averbakh Variation, Modern Defense",True,M,Male vs Male
"Sirosh, Ilja",M,76,-81,Queen's Gambit Declined,True,M,Male vs Male
"Martinovic, Sasa",M,60,-71,King's Indian Attack: Spassky Variation,True,M,Male vs Male
"Martinovic, Sasa",M,63,-114,Queen's Pawn Game: Mason Attack,True,M,Male vs Male
"Martinovic, Sasa",M,122,50,Queen's Pawn Game: Steinitz Countergambit,False,M,Male vs Male
"Petronijevic, Zoran",M,60,-25,"French Defense: Exchange Variation, Monte Carlo Variation",False,M,Male vs Male
"Sirosh, Ilja",M,72,-44,King's Indian Defense: Semi-Averbakh System,True,M,Male vs Male
"Kantans, Toms",M,58,30,Alekhine Defense: Exchange Variation,False,M,Male vs Male
"Plichta, Kamil",M,70,-7,"English Opening: Anglo-Indian Defense, King's Knight Variation",False,M,Male vs Male
"Plichta, Kamil",M,54,-21,Sicilian Defense: Nimzowitsch Variation,True,M,Male vs Male
"Kantans, Toms",M,70,41,Ruy Lopez: Cozio Defense,False,M,Male vs Male
"Plichta, Kamil",M,84,-17,"Grünfeld Defense: Exchange Variation, Modern Exchange Variation",False,M,Male vs Male
"Kantans, Toms",M,88,38,Sicilian Defense: Hyperaccelerated Dragon,True,M,Male vs Male
"Plichta, Kamil",M,132,-14,Torre Attack,True,M,Male vs Male
"Plichta, Kamil",M,60,-16,Trompowsky Attack,True,M,Male vs Male
"Mihok, Oliver",M,82,36,Alekhine Defense: Exchange Variation,False,M,Male vs Male
"Kazakov, Konstantin",M,112,-94,English Defense #2,False,M,Male vs Male
"Blesic, Vaso",M,68,-52,Alekhine Defense #2,False,M,Male vs Male
"Tekeyev, Zaur",M,86,16,"Pterodactyl Defense: Western, Rhamphorhynchus",False,M,Male vs Male
"Tekeyev, Zaur",M,152,-28,"Pterodactyl Defense: Eastern, Rhamphorhynchus",False,M,Male vs Male
"Danchevski, Orce",M,90,187,Sicilian Defense: Closed,True,M,Male vs Male
"Ermolaev, Andrey",M,70,-197,"French Defense: Classical Variation, Steinitz Variation",False,M,Male vs Male
"Hungaski, Robert",M,68,208,Englund Gambit Complex: Hartlaub-Charlick Gambit,True,M,Male vs Male
"Velten, Paul",M,98,81,Benoni Defense: Old Benoni,False,M,Male vs Male
"Martinovic, Sasa",M,72,-31,Queen's Pawn Game: Levitsky Attack,True,M,Male vs Male
"Martinovic, Sasa",M,46,-68,Queen's Pawn Game: Krause Variation,False,M,Male vs Male
"Martinovic, Sasa",M,86,-90,Indian Game: Polish Variation,False,M,Male vs Male
"Velten, Paul",M,142,106,Benoni Defense: Benoni Gambit Accepted,True,M,Male vs Male
"Martinovic, Sasa",M,60,-79,Indian Game: Wade-Tartakower Defense,False,M,Male vs Male
"Martinovic, Sasa",M,135,-111,Sicilian Defense: Smith-Morra Gambit,True,M,Male vs Male
"Velten, Paul",M,112,126,Sicilian Defense,True,M,Male vs Male
"Martinovic, Sasa",M,112,-97,Old Benoni Defense,False,M,Male vs Male
"Velten, Paul",M,62,113,Benoni Defense: Old Benoni,False,M,Male vs Male
"Martinovic, Sasa",M,104,-85,Queen's Pawn Game: Anti-Torre,False,M,Male vs Male
"Doric, Darko",M,140,18,Trompowsky Attack: Classical Defense,True,M,Male vs Male
"Doric, Darko",M,100,-26,Trompowsky Attack,True,M,Male vs Male
"Doric, Darko",M,64,-60,Queen's Pawn,False,M,Male vs Male
"Jovic, Stevan",M,62,106,"Nimzo-Indian Defense: Normal Variation, Bishop Attack, Classical Defense",True,M,Male vs Male
"Martinovic, Sasa",M,90,-25,Trompowsky Attack,True,M,Male vs Male
"Moiseenko, Vadim",M,46,46,"English Opening: Anglo-Indian Defense, Anti-Anti-Grünfeld",False,M,Male vs Male
"Martinovic, Sasa",M,94,-21,Caro-Kann Defense: Exchange Variation,False,M,Male vs Male
"Moiseenko, Vadim",M,32,42,Hungarian Opening,False,M,Male vs Male
"Plenca, Julijan",M,82,-147,Sicilian Defense: Godiva Variation,True,M,Male vs Male
"Devaev, Alexander",M,96,-230,Semi-Slav Defense: Accelerated Move Order,False,M,Male vs Male
"Dvirnyy, Danyyil",M,60,22,Semi-Slav Defense: Noteboom Variation,False,M,Male vs Male
"Raicevic, Vladimir",M,132,27,Tarrasch Defense: Two Knights Variation,False,M,Male vs Male
"Vajic, Goran",M,68,-130,Sicilian Defense: Grand Prix Attack,True,M,Male vs Male
"Almagro Llamas, Pablo",M,62,284,"Semi-Slav Defense: Botvinnik System, Alatortsev System",False,M,Male vs Male
"Doric, Darko",M,15,-32,Benoni Defense: Benoni Gambit Accepted,True,M,Male vs Male
"Doric, Darko",M,28,-39,Benoni Defense: Old Benoni,False,M,Male vs Male
"Geivondian, Arman",M,100,109,Semi-Slav Defense: Accelerated Move Order,False,M,Male vs Male
"Velten, Paul",M,112,75,Old Benoni Defense,False,M,Male vs Male
"Abrashkin, Boris",M,62,-280,"Grünfeld Defense: Three Knights Variation, Hungarian Variation",False,M,Male vs Male
"Jovic, Stevan",M,46,-61,Grünfeld Defense,False,M,Male vs Male
"Andonovski, Ljubisa",M,140,-117,Queen's Pawn,False,M,Male vs Male
"Sirosh, Ilja",M,80,-42,"King's Indian, Averbakh, Main Line",True,M,Male vs Male
"Doric, Darko",M,148,4,Trompowsky Attack,True,M,Male vs Male
"Kantans, Toms",M,98,215,Russian Game: Classical Attack,True,M,Male vs Male
"Mihok, Oliver",M,132,-38,"Sicilian Defense: Richter-Rauzer Variation, Modern Variation",True,M,Male vs Male
"Moiseenko, Vadim",M,107,-22,Réti Opening: Réti Accepted,False,M,Male vs Male
"Azarov, Sergei",M,110,22,"Russian Game: Classical Attack, Staunton Variation",True,M,Male vs Male
"Ratkovic, Milovan",M,150,-14,Trompowsky Attack: Classical Defense,True,M,Male vs Male
"Tekeyev, Zaur",M,108,-58,Caro-Kann Defense: Tartakower Variation,False,M,Male vs Male
"Sokolov, Andrei",M,72,161,Queen's Gambit Declined: Semmering Variation,True,M,Male vs Male
"Genocchio, Daniele",M,28,-34,"English Opening: Symmetrical Variation, Normal Variation",False,M,Male vs Male
"Mihok, Oliver",M,156,23,French Defense: Burn Variation,False,M,Male vs Male
"Mandura, Tijana",M,94,-40,Catalan Opening: Open Defense,False,F,Female vs Male
"Mihok, Oliver",M,126,-69,Caro-Kann Defense: Modern Variation,False,M,Male vs Male
"Doric, Darko",M,44,-91,Semi-Benoni,False,M,Male vs Male
"Doric, Darko",M,72,-110,Queen's Pawn Game: Steinitz Countergambit,False,M,Male vs Male
"Abrashkin, Boris",M,106,-565,Catalan Opening,False,M,Male vs Male
"Chylewski, Patryk",M,148,-15,"Grünfeld Defense: Exchange Variation, Modern Exchange Variation",False,M,Male vs Male
"Volovich, Vasily",M,66,-69,Sicilian Defense: Delayed Alapin,True,M,Male vs Male
"Volovich, Vasily",M,174,-91,Caro-Kann Defense: Two Knights Attack,True,M,Male vs Male
"Lombaers, Peter",M,126,-102,King's Indian Defense: Orthodox Variation,True,M,Male vs Male
"Sirosh, Ilja",M,74,-48,Hungarian Opening: Indian Defense,False,M,Male vs Male
"Andonovski, Ljubisa",M,92,-143,Queen's Pawn,False,M,Male vs Male
"Shchukin, Dmitry",M,101,-184,French Defense: King's Indian Attack,True,M,Male vs Male
"Okike, David",M,144,-167,Caro-Kann Defense: Advance Variation,False,M,Male vs Male
"Doric, Darko",M,34,53,Queen's Pawn Game: Mason Attack,True,M,Male vs Male
"Ratkovic, Miloje",M,82,-29,Semi-Slav Defense: Noteboom Variation,False,M,Male vs Male
"Ratkovic, Miloje",M,46,-48,"Caro-Kann Defense: Advance Variation, Tal Variation",False,M,Male vs Male
"Doric, Darko",M,42,65,Trompowsky Attack,True,M,Male vs Male
"Doric, Darko",M,82,64,Queen's Pawn Game: Steinitz Countergambit,False,M,Male vs Male
"Lombaers, Peter",M,88,81,Slav Defense: Modern Line,False,M,Male vs Male
"Shchukin, Dmitry",M,116,-141,Scandinavian Defense,False,M,Male vs Male
"Sydoryka, Vladyslav",M,134,-72,English Opening: King's English Variation,False,M,Male vs Male
"Persson, Richard",M,96,-232,"Sicilian Defense: Canal-Sokolsky Attack, Sokolsky Variation",True,M,Male vs Male
"Abrashkin, Boris",M,96,-146,Old Benoni Defense,False,M,Male vs Male
"Abrashkin, Boris",M,92,-177,Old Indian Defense,False,M,Male vs Male
"Rosen, Eric",M,106,-22,Dutch Defense: Senechaud Gambit,True,M,Male vs Male
"Rosen, Eric",M,116,-36,King's Pawn Game: Busch-Gass Gambit,True,M,Male vs Male
"Plotkin, Mark",M,42,55,Queen's Pawn Game: Symmetrical Variation,False,M,Male vs Male
"Almagro Llamas, Pablo",M,38,256,English Opening: King's English Variation,False,M,Male vs Male
"Doric, Darko",M,106,31,Semi-Benoni,False,M,Male vs Male
"Abrashkin, Boris",M,54,-284,"King's Indian, Averbakh, Main Line",True,M,Male vs Male
"Jovic, Stevan",M,82,117,Semi-Slav Defense: Accelerated Move Order,False,M,Male vs Male
"Lombaers, Peter",M,62,158,"Nimzo-Indian Defense: Normal Variation, Bishop Attack, Classical Defense",True,M,Male vs Male
"Andonovski, Ljubisa",M,104,-109,"Benoni Defense: Classical Variation, Averbakh-Grivas Attack",True,M,Male vs Male
"Blesic, Vaso",M,122,-57,Caro-Kann Defense: Two Knights Attack,True,M,Male vs Male
"Shchukin, Dmitry",M,90,97,French Defense: King's Indian Attack,True,M,Male vs Male
"Ermolaev, Andrey",M,68,11,Old Benoni Defense #2,False,M,Male vs Male
"Shchukin, Dmitry",M,84,57,King's Indian Attack,True,M,Male vs Male
"Abrashkin, Boris",M,54,-77,Semi-Slav Defense: Chigorin Defense,False,M,Male vs Male
"Jovic, Stevan",M,40,74,Nimzo-Indian Defense: Hübner Variation,False,M,Male vs Male
"Doric, Darko",M,72,4,Trompowsky Attack: Classical Defense,True,M,Male vs Male
"Andersen, Gunnar",M,78,17,Caro-Kann Defense,False,M,Male vs Male
"Andersen, Gunnar",M,56,-24,"Caro-Kann Defense: Two Knights Attack, Mindeno Variation, Exchange Line",True,M,Male vs Male
"Doric, Darko",M,80,44,Lion Defense: Lion's Jaw,False,M,Male vs Male
"Sirosh, Ilja",M,126,-104,Hungarian Opening,False,M,Male vs Male
"Doric, Darko",M,54,-20,Lion Defense: Lion's Jaw,False,M,Male vs Male
"Perez, Daniel",M,42,-1,Sicilian Defense: Kramnik Variation,True,M,Male vs Male
"Reshetnikov, Alexey",M,74,261,Queen's Gambit Declined,True,M,Male vs Male
"Rodriguez Hernandez, Luis Daniel",M,68,107,"Caro-Kann Defense: Exchange Variation, Rubinstein Variation",False,M,Male vs Male
"Ermolaev, Andrey",M,62,-186,"French Defense: Classical Variation, Steinitz Variation",False,M,Male vs Male
"Ermolaev, Andrey",M,28,-207,Queen's Pawn Game: Chigorin Variation,False,M,Male vs Male
"Andersen, Gunnar",M,54,-16,Owen Defense,False,M,Male vs Male
"Andersen, Gunnar",M,19,-53,Sicilian Defense: Old Sicilian,True,M,Male vs Male
"Abrashkin, Boris",M,64,-237,Old Indian Defense,False,M,Male vs Male
"Doric, Darko",M,98,-68,Queen's Pawn Game: Mason Attack,True,M,Male vs Male
"Velten, Paul",M,126,85,Queen's Pawn Game: Zukertort Variation,False,M,Male vs Male
"Abrashkin, Boris",M,2,-261,Mieses Opening: Reversed Rat,False,M,Male vs Male
"Andersen, Gunnar",M,34,-210,Sicilian Defense: Mengarini Variation,True,M,Male vs Male
"Okike, David",M,100,-109,"Ruy Lopez: Open, 6.d4",False,M,Male vs Male
"Nordahl, Helge",M,60,-120,King's Indian Defense: Four Pawns Attack,True,M,Male vs Male
"Sirosh, Ilja",M,50,-40,Hungarian Opening,False,M,Male vs Male
"Rodriguez Hernandez, Luis Daniel",F,158,20,French Defense: Schlechter Variation,False,M,Male vs Female
"Rodriguez Hernandez, Luis Daniel",M,104,-132,Sicilian Defense: Najdorf Variation,True,M,Male vs Male
"Devaev, Alexander",M,102,-64,"Benko Gambit Accepted, Fully Accepted Variation",True,M,Male vs Male
"Plenca, Julijan",M,78,-140,"King's Gambit Accepted, Bonsch-Osmolovsky Variation",True,M,Male vs Male
"Bouvier, Bruno",M,90,-222,"French Defense: Advance Variation, Nimzowitsch System",False,M,Male vs Male
"Hua, Eugene",M,96,-115,Nimzowitsch Defense: French Connection,False,M,Male vs Male
"Hua, Eugene",M,30,-147,"Italian Game: Two Knights Defense, Ulvestad Variation",False,M,Male vs Male
"Rodrigue-Lemieux, Shawn",M,114,161,Hungarian Opening: Sicilian Invitation,True,M,Male vs Male
"Hua, Eugene",M,68,-115,Philidor Defense: Lion Variation,False,M,Male vs Male
"Hua, Eugene",M,96,-144,Sicilian Defense: Smith-Morra Gambit #2,True,M,Male vs Male
"Rodrigue-Lemieux, Shawn",M,64,157,"Sicilian Defense: Closed Variation, Fianchetto Variation",True,M,Male vs Male
"Reshetnikov, Alexey",M,78,-11,"Grünfeld Defense: Exchange Variation, Classical Variation",False,M,Male vs Male
"Plenca, Julijan",M,41,17,Italian Game: Rosentreter Gambit,True,M,Male vs Male
"Mahdavirad, Mehdi",M,128,-53,Nimzo-Larsen Attack: Classical Variation,True,M,Male vs Male
"Raicevic, Vladimir",F,52,49,Slav Defense #2,False,M,Male vs Female
"Andonovski, Ljubisa",M,88,-65,Torre Attack,True,M,Male vs Male
"Andonovski, Ljubisa",M,80,-97,Robatsch (Modern) Defense,False,M,Male vs Male
"Palu, Andres",M,32,-302,Caro-Kann Defense: Breyer Variation,False,M,Male vs Male
"Plichta, Kamil",M,68,-57,"Queen's Gambit Accepted: Central Variation, McDonnell Defense",True,M,Male vs Male
"Plichta, Kamil",M,62,-89,Queen's Gambit Declined: Exchange Variation,True,M,Male vs Male
"Chandra, Akshat",M,118,74,East Indian Defense,False,M,Male vs Male
"Plichta, Kamil",M,56,-48,Trompowsky Attack: Raptor Variation,True,M,Male vs Male
"Almagro Llamas, Pablo",M,92,193,"King's Indian Defense: Fianchetto Variation, Uhlmann-Szabo System",True,M,Male vs Male
"Ratkovic, Milovan",M,77,-48,Semi-Slav Defense: Accelerated Move Order,False,M,Male vs Male
"Doric, Darko",M,68,-59,"King's Indian Defense: Sämisch Variation, Panno Formation",True,M,Male vs Male
"Plichta, Kamil",M,84,75,"Semi-Slav Defense: Marshall Gambit, Main Line",True,M,Male vs Male
"Doric, Darko",M,156,-51,Trompowsky Attack,True,M,Male vs Male
"Doric, Darko",M,82,-84,"King's Indian Defense: Sämisch Variation, Panno Formation",True,M,Male vs Male
"Plenca, Julijan",M,126,156,"Alekhine Defense: Modern Variation, Main Line",False,M,Male vs Male
"Martinovic, Sasa",M,58,-60,King's Indian Attack,True,M,Male vs Male
"Velten, Paul",M,70,68,Old Benoni Defense,False,M,Male vs Male
"Martinovic, Sasa",M,130,-40,Trompowsky Attack,True,M,Male vs Male
"Velten, Paul",M,122,58,Old Benoni Defense,False,M,Male vs Male
"Kantans, Toms",M,138,77,Caro-Kann Defense: Classical Variation,False,M,Male vs Male
"Almagro Llamas, Pablo",M,82,-48,English Opening: Agincourt Defense,False,M,Male vs Male
"Jovic, Stevan",M,98,-176,Modern Defense,False,M,Male vs Male
"Givon, Asaf",M,84,186,"Caro-Kann Defense: Panov Attack, Modern Defense",True,M,Male vs Male
"Li, Henry",M,72,-175,"Sicilian Defense: Closed Variation, Traditional",True,M,Male vs Male
"Doric, Darko",M,102,-90,"King's Indian Defense: Sämisch Variation, Panno Formation",True,M,Male vs Male
"Velten, Paul",M,143,43,"Old Indian Defense: Janowski Variation, Fianchetto Variation #2",False,M,Male vs Male
"Moiseenko, Vadim",F,82,170,Slav Defense: Chameleon Variation,False,M,Male vs Female
"Krasikov, Vladislav",M,104,-127,Caro-Kann Defense: Classical Variation,False,M,Male vs Male
"Kashtanov, Ruslan",M,40,140,King's Indian Attack: Symmetrical Defense,True,M,Male vs Male
"Krasikov, Vladislav",M,78,-112,"King's Indian, Orthodox, 7...Nbd7 8.Re1",True,M,Male vs Male
"Perez, Daniel",M,84,-9,"French Defense: Rubinstein Variation, Blackburne Defense",False,M,Male vs Male
"Okike, David",M,86,-233,"French Defense: Rubinstein Variation, Capablanca Line",False,M,Male vs Male
"Soysal, Serkan",M,126,-77,Zukertort Opening: Reversed Mexican Defense,False,M,Male vs Male
"Jovic, Stevan",M,34,63,Queen's Gambit Refused: Austrian Defense,True,M,Male vs Male
"Doric, Darko",M,62,-39,Trompowsky Attack,True,M,Male vs Male
"Velten, Paul",M,142,171,Torre Attack,True,M,Male vs Male
"Almagro Llamas, Pablo",M,98,-41,English Opening: Caro-Kann Defensive System,False,M,Male vs Male
"Mihok, Oliver",M,120,-151,Caro-Kann Defense: Tartakower Variation,False,M,Male vs Male
"Abrashkin, Boris",M,92,-49,"King's Indian Defense: Averbakh Variation, Flexible Defense",True,M,Male vs Male
"Devaev, Alexander",M,32,-214,Benko Gambit Accepted,True,M,Male vs Male
"Devaev, Alexander",M,38,-232,Zukertort Opening: Pirc Invitation,False,M,Male vs Male
"Devaev, Alexander",M,102,-250,Queen's Gambit Declined: Three Knights Variation,True,M,Male vs Male
"Soysal, Serkan",M,68,-10,Nimzowitsch-Larsen Attack,True,M,Male vs Male
"Doric, Darko",M,30,41,Trompowsky Attack,True,M,Male vs Male
"Djordjevic, Vuk",M,90,-19,Queen's Pawn Game: Steinitz Countergambit,False,M,Male vs Male
"Doric, Darko",M,76,38,Indian Game,False,M,Male vs Male
"Doric, Darko",M,96,-6,Trompowsky Attack: Classical Defense,True,M,Male vs Male
"Djordjevic, Vuk",M,108,25,Semi-Slav Defense: Noteboom Variation,False,M,Male vs Male
"Mihok, Oliver",M,92,-74,Caro-Kann Defense: Modern Variation,False,M,Male vs Male
"Plichta, Kamil",M,138,44,Semi-Slav Defense: Marshall Gambit,True,M,Male vs Male
"Sokolov, Andrei",M,84,16,Queen's Gambit Declined,True,M,Male vs Male
"Mihok, Oliver",M,138,-68,Caro-Kann Defense: Classical Variation,False,M,Male vs Male
"Mihok, Oliver",M,74,-100,Caro-Kann Defense: Classical Variation,False,M,Male vs Male
"Meshkovs, Nikita",M,42,3,Queen's Gambit Accepted: Janowski-Larsen Variation,True,M,Male vs Male
"Segarra, Randy",M,56,-208,Giuoco Piano,False,M,Male vs Male
Hunter Klotz-Burwell,F,118,37,Dutch Defense: Rubinstein Variation,False,M,Male vs Female
"Mahdavirad, Mehdi",M,58,-274,Nimzo-Larsen Attack: Indian Variation,True,M,Male vs Male
"Mammadova, Gulnar",M,56,-63,French Defense: Chigorin Variation,False,F,Female vs Male
"Plichta, Kamil",M,53,-87,Trompowsky Attack,True,M,Male vs Male
"Chandra, Akshat",M,98,102,"King's Indian Defense: Fianchetto Variation, Double Fianchetto Attack",True,M,Male vs Male
"Plichta, Kamil",M,106,-70,Caro-Kann Defense: Gurgenidze System,False,M,Male vs Male
"Chandra, Akshat",M,70,86,King's Indian Defense: Orthodox Variation,True,M,Male vs Male
"Mahdavirad, Mehdi",M,76,-45,Nimzo-Larsen Attack: English Variation,True,M,Male vs Male
"Gomez, Carlos David",M,80,-3,"Sicilian Defense: Alapin Variation, Barmen Defense",True,M,Male vs Male
"Ratkovic, Milovan",M,114,72,Hungarian Opening,False,M,Male vs Male
"Gomez, Carlos David",M,120,-227,Sicilian Defense: Alapin Variation,True,M,Male vs Male
"Marcelin, Cyril",M,128,32,English Opening: Caro-Kann Defensive System,False,M,Male vs Male
"Ratkovic, Milovan",M,104,-10,Trompowsky Attack: Classical Defense,True,M,Male vs Male
"Ratkovic, Milovan",M,46,29,Queen's Gambit Declined: Barmen Variation,True,M,Male vs Male
"Ratkovic, Milovan",M,72,6,Queen's Pawn Game: Levitsky Attack,True,M,Male vs Male
"Mazanchenko, Dmitry",M,120,-122,"Scotch Game: Scotch Gambit, Advance Variation",True,M,Male vs Male
"Mazanchenko, Dmitry",M,118,-148,Vienna Game: Mieses Variation,False,M,Male vs Male
"Pomares Diaz, Manuel Alejandro",M,44,-91,Scandinavian Defense: Modern Variation #2,False,M,Male vs Male
"Kozlov, Stanislav",M,96,14,Pirc Defense #3,False,M,Male vs Male
"Marcelin, Cyril",M,72,12,"English Opening: Anglo-Indian Defense, Queen's Knight Variation",False,M,Male vs Male
"Atanejhad, Sahebali",M,74,-207,"King's Indian Defense: Sämisch Variation, Panno Formation",True,M,Male vs Male
Nitish Belurkar,M,28,126,"Caro-Kann Defense: Advance Variation, Tal Variation",False,M,Male vs Male
"Ratkovic, Milovan",M,90,6,Semi-Slav Defense: Accelerated Meran Variation,False,M,Male vs Male
"Ramirez Medina, Victor",M,142,-27,"Slav Defense: Quiet Variation, Pin Defense",False,M,Male vs Male
"Abrashkin, Boris",M,126,-222,Catalan Opening: Closed Variation,False,M,Male vs Male
"Abrashkin, Boris",M,106,-240,Nimzo-Indian Defense #2,False,M,Male vs Male
"Abrashkin, Boris",M,46,-256,Slav Indian,False,M,Male vs Male
"Almagro Llamas, Pablo",M,132,25,"English Opening: Symmetrical Variation, Symmetrical Variation",False,M,Male vs Male
"Abrashkin, Boris",M,76,-150,Slav Defense #2,False,M,Male vs Male
"Okike, David",M,80,-247,"Sicilian Defense: Paulsen Variation, Normal Variation",True,M,Male vs Male
"Ramirez Medina, Victor",M,36,-101,Réti Opening: Advance Variation,False,M,Male vs Male
"Andonovski, Ljubisa",M,74,-65,Slav Defense: Modern,False,M,Male vs Male
"Mazanchenko, Dmitry",M,46,-293,Caro-Kann Defense: Two Knights Attack,True,M,Male vs Male
"Abrashkin, Boris",M,94,-112,Catalan Opening: Open Defense,False,M,Male vs Male
"Abrashkin, Boris",M,76,-119,Nimzo-Indian Defense: Kmoch Variation,False,M,Male vs Male
"Abrashkin, Boris",M,110,-146,Catalan Opening,False,M,Male vs Male
"Abrashkin, Boris",M,50,-170,Nimzo-Indian Defense: Spielmann Variation,False,M,Male vs Male
"Ramirez Medina, Victor",M,46,-26,"English Opening: Anglo-Indian Defense, King's Indian Formation",True,M,Male vs Male
"Ramirez Medina, Victor",M,148,-62,"English Opening: Anglo-Indian Defense, King's Indian Formation",True,M,Male vs Male
"Abrashkin, Boris",M,110,-360,Catalan Opening,False,M,Male vs Male
"Sirosh, Ilja",M,54,-58,Old Indian Defense,False,M,Male vs Male
"Sirosh, Ilja",M,72,-71,Pirc Defense #5,False,M,Male vs Male
"Krzyzanowski, Marcin",M,126,87,East Indian Defense,False,M,Male vs Male
"Aukhatov, Roman",M,120,-105,"King's Indian Defense: Orthodox Variation, Modern System",True,M,Male vs Male
"Khlebovich, Alexander",M,54,-32,Mikenas Defense,False,M,Male vs Male
"Abrashkin, Boris",M,60,-372,Modern Defense,False,M,Male vs Male
"Ratkovic, Miloje",F,98,120,Slav Defense: Quiet Variation,False,M,Male vs Female
"Ratkovic, Miloje",F,78,69,"English Opening: King's English Variation, Taimanov Variation",False,M,Male vs Female
"Khlebovich, Alexander",M,140,-53,"Queen's Pawn Game: Symmetrical Variation, Pseudo-Catalan",False,M,Male vs Male
"Reshetnikov, Alexey",M,120,69,"Queen's Gambit Refused: Albin Countergambit, Normal Line",True,M,Male vs Male
"Khlebovich, Alexander",M,94,-46,Sicilian Defense: Old Sicilian,True,M,Male vs Male
"Khlebovich, Alexander",M,90,-52,Caro-Kann Defense: Maróczy Variation,False,M,Male vs Male
"Posthuma, Joshua",M,46,-104,"Grünfeld Defense: Exchange Variation, Nadanian Attack",True,M,Male vs Male
"Mihok, Oliver",M,74,-15,Caro-Kann Defense: Classical Variation,False,M,Male vs Male
"Ramirez Medina, Victor",M,46,-18,Réti Opening: Réti Accepted,False,M,Male vs Male
"Plenca, Julijan",M,48,36,Ponziani Opening: Jaenisch Counterattack,False,M,Male vs Male
"Ramirez Medina, Victor",M,76,-14,Neo-Grünfeld Defense: Delayed Exchange Variation,False,M,Male vs Male
"Plenca, Julijan",M,64,33,Torre Attack #2,True,M,Male vs Male
"Doric, Darko",M,144,-204,Queen's Pawn Game: Mason Attack,True,M,Male vs Male
"Doric, Darko",M,128,-222,Queen's Pawn Game: Mason Attack,True,M,Male vs Male
"Okara, Andrey",M,108,103,"Ruy Lopez: Exchange Variation, Normal Variation",False,M,Male vs Male
"Posthuma, Joshua",M,94,16,Slav Defense: Geller Gambit,True,M,Male vs Male
"Krasikov, Vladislav",M,108,4,Dutch Defense: Semi-Leningrad Variation,False,M,Male vs Male
"Pfreundt, Jakob",M,90,59,French Defense: Exchange Variation,False,M,Male vs Male
"Needleman, Alejandro",M,50,-125,Caro-Kann Defense: Bronstein-Larsen Variation,False,M,Male vs Male
"Ermolaev, Andrey",M,62,-121,"Pirc Defense: Austrian Attack, Kurajica Variation",True,M,Male vs Male
"Plichta, Kamil",M,92,127,"English Opening: King's English Variation, Reversed Closed Sicilian",True,M,Male vs Male
"Plichta, Kamil",M,88,74,English Opening: King's English Variation,False,M,Male vs Male
"Almeida Quintana, Omar",M,82,-50,Englund Gambit Complex: Englund Gambit,True,M,Male vs Male
"Almeida Quintana, Omar",M,52,-75,Grob Opening,False,M,Male vs Male
"Plichta, Kamil",M,36,51,Czech Defense,False,M,Male vs Male
"Plichta, Kamil",M,98,69,Queen's Pawn Game: Anglo-Slav Opening,False,M,Male vs Male
"Almeida Quintana, Omar",M,52,-35,"King's Indian Defense: Normal Variation, King's Knight Variation",True,M,Male vs Male
"Almeida Quintana, Omar",M,172,-70,Polish Opening,False,M,Male vs Male
"Abrashkin, Boris",M,110,-75,Slav Defense #2,False,M,Male vs Male
"Doric, Darko",M,28,-265,Queen's Pawn Game: Steinitz Countergambit,False,M,Male vs Male
"Mazanchenko, Dmitry",M,42,-172,"Russian Game: Modern Attack, Symmetrical Variation #2",True,M,Male vs Male
"Velten, Paul",M,116,127,Zukertort Opening: Old Indian Attack,True,M,Male vs Male
"Wisniacki, Flavio",M,140,-5,Queen's Gambit Declined: Barmen Variation,True,M,Male vs Male
"Jovic, Stevan",M,74,-139,"Nimzo-Indian Defense: Normal Variation, Bishop Attack",True,M,Male vs Male
"Posthuma, Joshua",M,108,-317,Modern Defense: Pseudo-Austrian Attack,True,M,Male vs Male
"Beradze, Irakli",M,118,-135,"French Defense: Tarrasch Variation, Closed Variation, Main Line",False,M,Male vs Male
"Beradze, Irakli",M,46,-159,Caro-Kann Defense: Panov Attack,True,M,Male vs Male
"Velten, Paul",M,60,171,"French Defense: Classical Variation, Burn Variation, Main Line",False,M,Male vs Male
"Velten, Paul",M,80,-3,Nimzo-Indian Defense: Ragozin Variation,False,M,Male vs Male
"Plotkin, Mark",M,104,-282,"English Opening: King's English Variation, Four Knights Variation, Quiet Line #3",False,M,Male vs Male
"Khlebovich, Alexander",M,60,10,Slav Defense: Modern Line,False,M,Male vs Male
"Doric, Darko",M,64,11,Trompowsky Attack,True,M,Male vs Male
"Blesic, Vaso",M,70,-97,Caro-Kann Defense: Two Knights Attack,True,M,Male vs Male
"Blesic, Vaso",M,76,85,"Caro-Kann Defense: Two Knights Attack, Mindeno Variation, Retreat Line",True,M,Male vs Male
"Ermolaev, Andrey",M,28,83,"French Defense: Rubinstein Variation, Blackburne Defense",False,M,Male vs Male
"Trifonov, Denis",M,120,-106,"Benko Gambit Declined, Main Line",True,M,Male vs Male
"Perez Ponsa, Federico",M,98,123,Sicilian Defense: Chekhover Variation,True,M,Male vs Male
"Abrashkin, Boris",M,84,-135,King's Indian Defense: Averbakh Variation,True,M,Male vs Male
"Abrashkin, Boris",M,42,-160,King's Indian Defense: Smyslov Variation,True,M,Male vs Male
"Velten, Paul",M,128,187,"Queen's Pawn Game: Veresov Attack, Classical Defense",True,M,Male vs Male
"Ratkovic, Miloje",M,174,-148,French Defense: Paulsen Variation,False,M,Male vs Male
"Ratkovic, Miloje",M,76,-172,"Nimzo-Indian Defense: Normal Variation, Gligoric System, Bernstein Defense",False,M,Male vs Male
"Ratkovic, Miloje",M,66,-122,"Caro-Kann Defense: Panov Attack, Fianchetto Defense, Fianchetto Gambit",True,M,Male vs Male
"Velten, Paul",M,108,-12,"Queen's Pawn Game: Torre Attack, Gossip Variation",True,M,Male vs Male
"Sanikidze, Tornike",M,60,4,Queen's Gambit Declined,True,M,Male vs Male
"Velten, Paul",M,122,16,Zukertort Opening: Pirc Invitation,False,M,Male vs Male
"Velten, Paul",M,92,-5,Rat Defense: English Rat,False,M,Male vs Male
"Sanikidze, Tornike",M,92,25,Old Benoni Defense,False,M,Male vs Male
"Velten, Paul",M,61,16,"Torre Attack: Classical Defense, Nimzowitsch Variation",True,M,Male vs Male
"Sanikidze, Tornike",M,70,5,"Queen's Gambit Accepted: Central Variation, McDonnell Defense",True,M,Male vs Male
"Velten, Paul",M,72,32,Torre Attack,True,M,Male vs Male
"Sanikidze, Tornike",M,56,-11,"Queen's Gambit Accepted: Central Variation, McDonnell Defense",True,M,Male vs Male
"Velten, Paul",M,80,30,Queen's Pawn Game: Torre Attack,True,M,Male vs Male
"Velten, Paul",M,93,-12,Rat Defense: Antal Defense,False,M,Male vs Male
"Sanikidze, Tornike",M,164,27,Queen's Gambit Accepted: Janowski-Larsen Variation,True,M,Male vs Male
"Velten, Paul",M,146,-5,Modern Defense,False,M,Male vs Male
"Velten, Paul",M,50,-44,Mieses Opening,False,M,Male vs Male
"Ratkovic, Miloje",M,94,116,French Defense: Knight Variation,False,M,Male vs Male
"Tay, Junior",M,32,-225,"Sicilian Defense: French Variation, Open",True,M,Male vs Male
"Neugebauer, Martin",M,76,-91,French Defense: King's Indian Attack,True,M,Male vs Male
"Trifonov, Denis",M,66,-141,"Sicilian Defense: Najdorf Variation, Adams Attack",True,M,Male vs Male
"Sanikidze, Tornike",M,140,140,King's Indian Defense: Averbakh Variation,True,M,Male vs Male
"Ratkovic, Miloje",M,70,-108,"Queen's Gambit Declined: Vienna Variation, Quiet Variation",True,M,Male vs Male
"Sanikidze, Tornike",M,84,123,"King's Indian Defense: Fianchetto Variation, Uhlmann-Szabo System",True,M,Male vs Male
"Sanikidze, Tornike",M,80,101,Trompowsky Attack,True,M,Male vs Male
"Sanikidze, Tornike",M,90,79,Pirc Defense: Austrian Attack,True,M,Male vs Male
"Ratkovic, Miloje",M,70,-62,Modern Defense,False,M,Male vs Male
"Sanikidze, Tornike",M,70,73,Trompowsky Attack,True,M,Male vs Male
"Ratkovic, Miloje",M,92,-56,"Englund Gambit Declined, Reversed Brooklyn",True,M,Male vs Male
"Sanikidze, Tornike",M,74,68,King's Indian Defense: Averbakh Variation,True,M,Male vs Male
"Ratkovic, Miloje",M,60,-48,"Nimzo-Indian Defense: Normal Variation, Gligoric System, Exchange at c4",False,M,Male vs Male
"Sanikidze, Tornike",M,44,55,Queen's Pawn Game: Levitsky Attack,True,M,Male vs Male
"Sanikidze, Tornike",M,58,23,Queen's Gambit Declined: 4.Bg5 Be7,True,M,Male vs Male
"Mammadova, Gulnar",M,144,243,Alekhine Defense: Exchange Variation,False,F,Female vs Male
"Pomares Diaz, Manuel Alejandro",M,52,-128,"French Defense: Rubinstein Variation, Blackburne Defense",False,M,Male vs Male
"Pomares Diaz, Manuel Alejandro",M,80,-120,"Sicilian Defense: Najdorf Variation, Zagreb (Fianchetto) Variation",True,M,Male vs Male
"Plenca, Julijan",M,44,83,"Sicilian Defense: Najdorf Variation, Zagreb (Fianchetto) Variation",True,M,Male vs Male
"Neugebauer, Martin",M,82,179,"Ruy Lopez: Open Variations, Bernstein Variation",False,M,Male vs Male
"Plenca, Julijan",M,76,-17,French Defense: Two Knights Variation,False,M,Male vs Male
Nitish Belurkar,M,30,33,Sicilian Defense: Old Sicilian,True,M,Male vs Male
"Plenca, Julijan",M,130,-15,"King's Indian Defense: Fianchetto Variation, Classical Fianchetto",True,M,Male vs Male
"Gomez, Carlos David",M,60,-158,French Defense: Tarrasch Variation,False,M,Male vs Male
"Gomez, Carlos David",M,56,-183,"Alekhine Defense: Two Pawn Attack, Lasker Variation",True,M,Male vs Male
"Abrashkin, Boris",M,42,-122,Catalan Opening: Closed Variation,False,M,Male vs Male
"Almeida Quintana, Omar",M,90,-77,Queen's Gambit Accepted: Janowski-Larsen Variation,True,M,Male vs Male
"Almeida Quintana, Omar",M,106,-99,Queen's Gambit Accepted: Janowski-Larsen Variation,True,M,Male vs Male
"Velten, Paul",M,132,110,Queen's Pawn,False,M,Male vs Male
"Almeida Quintana, Omar",M,156,-90,"Réti Opening: Réti Gambit, Keres Variation",True,M,Male vs Male
"Abrashkin, Boris",M,88,-148,"King's Indian, Averbakh, Main Line",True,M,Male vs Male
"Abrashkin, Boris",M,54,-165,King's Indian Defense,True,M,Male vs Male
"Cabrera Pando, Ramiro",M,58,-386,Zukertort Opening: Nimzo-Larsen Variation,False,M,Male vs Male
"Martinovic, Sasa",M,74,-26,"English Opening: Symmetrical Variation, Symmetrical Variation",False,M,Male vs Male
"Zubritskiy, Artyom",M,128,44,English Opening: Caro-Kann Defensive System,False,M,Male vs Male
"Martinovic, Sasa",M,70,37,Zukertort Opening: Kingside Fianchetto,False,M,Male vs Male
"Sanikidze, Tornike",M,98,-20,Benoni Defense: Old Benoni,False,M,Male vs Male
"Sanikidze, Tornike",M,76,-49,Old Benoni Defense,False,M,Male vs Male
"Martinovic, Sasa",M,92,62,"Trompowsky Attack: Classical Defense, Big Center Variation",True,M,Male vs Male
"Sanikidze, Tornike",M,134,-45,Benoni Defense: Old Benoni,False,M,Male vs Male
"Plenca, Julijan",M,96,25,"Caro-Kann Defense: Panov Attack, Fianchetto Defense",True,M,Male vs Male
"Sulashvili, Malkhaz",M,132,-79,"Queen's Indian Defense: Kasparov-Petrosian Variation, Classical Variation",False,M,Male vs Male
"Djordjevic, Vuk",M,110,95,Semi-Benoni,False,M,Male vs Male
"Djordjevic, Vuk",M,142,66,Scandinavian Defense: Bronstein Variation,False,M,Male vs Male
"Sulashvili, Malkhaz",M,102,-43,Indian Game: Anti-Nimzo-Indian,False,M,Male vs Male
"Vajic, Goran",M,72,64,Pirc Defense #3,False,M,Male vs Male
"Banawa, Joel",M,130,126,Indian Game,False,M,Male vs Male
"Kuznecov, Mikhail",M,86,-174,Indian Game,False,M,Male vs Male
"Doric, Darko",M,90,89,Queen's Pawn Game: Mason Attack,True,M,Male vs Male
"Tay, Junior",M,110,-93,"Pirc Defense: Classical Variation, Schlechter Variation",False,M,Male vs Male
"Devaev, Alexander",M,66,-32,King's Indian Defense: Normal Variation,True,M,Male vs Male
"Mortazavi, Ali",M,100,45,Réti Opening #2,False,M,Male vs Male
"Abrashkin, Boris",M,44,-351,Queen's Gambit Accepted: Old Variation,True,M,Male vs Male
"Plenca, Julijan",M,68,-32,East Indian Defense,False,M,Male vs Male
"Sirosh, Ilja",M,30,46,Englund Gambit Complex: Soller Gambit Deferred,True,M,Male vs Male
"Almeida Quintana, Omar",M,162,29,Nimzo-Larsen Attack: Classical Variation,True,M,Male vs Male
"Doric, Darko",M,87,0,Modern Defense,False,M,Male vs Male
"Almeida Quintana, Omar",M,52,14,Queen's Pawn Game: Zukertort Variation,False,M,Male vs Male
"Doric, Darko",M,50,1,Queen's Pawn Game: Mason Attack,True,M,Male vs Male
"Pomares Diaz, Manuel Alejandro",M,84,-131,"Sicilian Defense: Modern Variations, Main Line",True,M,Male vs Male
"Almeida Quintana, Omar",M,136,13,Slav Defense: Modern Line,False,M,Male vs Male
"Doric, Darko",M,98,1,Modern Defense: Averbakh Variation,False,M,Male vs Male
"Almeida Quintana, Omar",M,50,13,Queen's Pawn Game: Krause Variation,False,M,Male vs Male
"Sanikidze, Tornike",F,118,70,Slav Defense: Exchange Variation,False,M,Male vs Female
"Abrashkin, Boris",M,56,-86,"King's Indian Defense: Averbakh Variation, Benoni Defense, Advance Variation",True,M,Male vs Male
"Sanikidze, Tornike",M,90,-9,Queen's Gambit Declined: Three Knights Variation,True,M,Male vs Male
"Osmak, Yuliia",M,36,-224,Queen's Pawn Game: Mason Attack,True,F,Female vs Male
"Sirosh, Ilja",M,74,-114,Catalan Opening: Closed Variation,False,M,Male vs Male
"Bancod, Ronald",M,72,-199,Sicilian Defense: Nyezhmetdinov-Rossolimo Attack,True,M,Male vs Male
"Hirneise, Jens",M,82,3,"French Defense: Winawer Variation, Positional Variation",False,M,Male vs Male
"Djordjevic, Vuk",M,136,207,"Sicilian Defense: Closed Variation, Fianchetto Variation",True,M,Male vs Male
"Mchedlishvili, Mikheil",M,122,-70,"Trompowsky Attack: Classical Defense, Big Center Variation",True,M,Male vs Male
"Yuffa, Daniil",M,78,87,Sicilian Defense: Najdorf Variation,True,M,Male vs Male
"Yuffa, Daniil",M,76,40,Sicilian Defense: Najdorf Variation,True,M,Male vs Male
"Yuffa, Daniil",M,44,0,"French Defense: Winawer Variation, Retreat Variation, Armenian Line",False,M,Male vs Male
"Krasikov, Vladislav",M,72,-134,French Defense: Schlechter Variation,False,M,Male vs Male
"Krasikov, Vladislav",M,112,-138,Scandinavian Defense: Gubinsky-Melts Defense,False,M,Male vs Male
"Krasikov, Vladislav",M,128,-155,French Defense: Schlechter Variation,False,M,Male vs Male
"Gasimov, Parviz",M,132,-210,"French Defense: Tarrasch Variation, Morozevich Variation",False,M,Male vs Male
"Gasimov, Parviz",M,76,7,Ruy Lopez: Fianchetto Defense,False,M,Male vs Male
"Chernov, Mikhail",M,34,-105,Sicilian Defense: Four Knights Variation,True,M,Male vs Male
"Atanejhad, Sahebali",M,94,-11,Slav Defense: Modern Line,False,M,Male vs Male
"Sirosh, Ilja",M,80,-3,"English Opening: Agincourt Defense, Wimpy System",False,M,Male vs Male
"Gomez, Carlos David",M,110,17,"Sicilian Defense: Smith-Morra Gambit Accepted, Paulsen Formation",True,M,Male vs Male
"Almagro Llamas, Pablo",M,78,-46,"King's Indian Defense: Fianchetto Variation, Hungarian Variation",True,M,Male vs Male
"Gomez, Carlos David",M,52,-142,"Caro-Kann Defense: Panov Attack, Modern Defense",True,M,Male vs Male
"Drygalov, Andrey",M,58,203,"French Defense: Steinitz Variation, Boleslavsky Variation",False,M,Male vs Male
"Bouzidi, Ahmed",M,42,-264,Scandinavian Defense: Gubinsky-Melts Defense,False,M,Male vs Male
"Okike, David",M,90,-143,"Caro-Kann Defense: Advance Variation, Tal Variation",False,M,Male vs Male
"Wisniacki, Flavio",M,96,-203,King's Indian Attack: Symmetrical Defense,True,M,Male vs Male
"Ratkovic, Miloje",M,152,155,Semi-Slav Defense: Noteboom Variation,False,M,Male vs Male
"Trifonov, Denis",M,52,13,Sicilian Defense,True,M,Male vs Male
"Mchedlishvili, Mikheil",M,60,-61,Queen's Gambit Declined: Exchange Variation,True,M,Male vs Male
"Gomez, Carlos David",M,76,-73,"French Defense: Tarrasch Variation, Closed Variation",False,M,Male vs Male
"Blesic, Vaso",M,42,-48,"French Defense: Classical Variation, Steinitz Variation",False,M,Male vs Male
"Miron, Lucian-Costin",M,44,25,"Benko Gambit Accepted, Fully Accepted Variation",True,M,Male vs Male
"Mortazavi, Ali",M,26,-135,King's Indian Attack: Wahls Defense,True,M,Male vs Male
"Devaev, Alexander",M,48,-448,Tarrasch Defense: Two Knights Variation,False,M,Male vs Male
"Shchukin, Dmitry",M,128,104,Nimzowitsch Defense: Williams Variation,False,M,Male vs Male
"Plenca, Julijan",M,62,-120,Sicilian Defense: Four Knights Variation,True,M,Male vs Male
"Abrashkin, Boris",M,32,-243,Catalan Opening: Open Defense,False,M,Male vs Male
"Leenhouts, Koen",M,88,-122,Alekhine Defense: Exchange Variation,False,M,Male vs Male
"Loiacono, Leonardo",M,62,-4,Semi-Slav Defense: Stoltz Variation,False,M,Male vs Male
"Loiacono, Leonardo",M,62,-40,Nimzo-Indian Defense: Classical Variation,False,M,Male vs Male
"Mejia, Cherry Ann",M,38,-267,"Sicilian Defense: Closed Variation, Korchnoi Defense",True,F,Female vs Male
"Falcon, Benjamin",M,72,-141,"English Opening: King's English Variation, Four Knights Variation, Quiet Line #3",False,M,Male vs Male
"Kuipers, Stefan",M,142,27,French Defense: Normal Variation,False,M,Male vs Male
"Bancod, Ronald",M,108,-54,Pirc Defense #4,False,M,Male vs Male
"Viviani, Alessio",M,76,-193,Nimzo-Indian Defense: Kmoch Variation,False,M,Male vs Male
"Rodriguez Hernandez, Luis Daniel",M,44,-61,Ruy Lopez: Morphy Defense,False,M,Male vs Male
"Mejia, Cherry Ann",M,104,-314,"Pterodactyl Defense: Western, Pterodactyl",False,F,Female vs Male
"Ramirez Medina, Victor",M,80,53,Slav Defense: Modern,False,M,Male vs Male
"Okike, David",M,92,-178,"Ruy Lopez: Closed Variations, Keres Defense",False,M,Male vs Male
"Mammadova, Gulnar",M,130,143,Alekhine Defense: Exchange Variation,False,F,Female vs Male
"Bouvier, Bruno",M,116,-109,"Ruy Lopez: Morphy Defense, Breyer Defense, Quiet Variation",False,M,Male vs Male
"Mejia, Cherry Ann",M,90,-300,Caro-Kann Defense: Bronstein-Larsen Variation,False,F,Female vs Male
"Trifonov, Denis",M,60,-85,Trompowsky Attack,True,M,Male vs Male
"Abrashkin, Boris",M,24,-217,Slav Defense #2,False,M,Male vs Male
"Plenca, Julijan",M,43,156,"Alekhine Defense: Four Pawns Attack, Main Line",True,M,Male vs Male
"Abrashkin, Boris",M,66,-136,"King's Indian Defense: Averbakh Variation, Flexible Defense",True,M,Male vs Male
"Haug, Johannes",M,64,-128,Trompowsky Attack,True,M,Male vs Male
"Sirosh, Ilja",M,80,76,"Sicilian Defense: Nimzowitsch Variation, Closed Variation",True,M,Male vs Male
"Perez, Daniel",M,124,-120,Philidor Defense #3,False,M,Male vs Male
"Andonovski, Ljubisa",M,60,-77,"King's Indian Defense: Normal Variation, Rare Defenses",True,M,Male vs Male
"Plenca, Julijan",M,70,-153,"Caro-Kann Defense: Panov Attack, Fianchetto Defense, Fianchetto Gambit",True,M,Male vs Male
"Plenca, Julijan",M,156,-170,"French Defense: Tarrasch Variation, Closed Variation, Main Line",False,M,Male vs Male
"Velten, Paul",M,138,163,"King's Indian Defense: Normal Variation, Standard Development",True,M,Male vs Male
"Plenca, Julijan",M,48,-133,Caro-Kann Defense: Main Line,False,M,Male vs Male
"Ghersinich, Enrico",M,76,-74,King's Indian Defense: Semi-Averbakh System,True,M,Male vs Male
"Almagro Llamas, Pablo",M,90,-42,Philidor Defense: Lion Variation,False,M,Male vs Male
"Pomares Diaz, Manuel Alejandro",M,78,-126,"Ruy Lopez: Morphy Defense, Breyer Defense, Zaitsev Hybrid",False,M,Male vs Male
"Abrashkin, Boris",M,62,-186,King's Indian Defense: Normal Variation,True,M,Male vs Male
"Kozhuharov, Spas",M,92,-13,"Queen's Gambit Declined: Exchange Variation, Positional Variation",True,M,Male vs Male
"Kozhuharov, Spas",M,114,-35,Old Indian Defense,False,M,Male vs Male
"Abrashkin, Boris",M,88,-114,"Queen's Gambit Declined: Semi-Tarrasch Defense, Main Line",True,M,Male vs Male
"Velten, Paul",M,110,-11,Torre Attack,True,M,Male vs Male
"Shchukin, Dmitry",M,84,240,Alekhine Defense: Balogh Variation,False,M,Male vs Male
"Trifonov, Denis",M,45,24,"Caro-Kann Defense: Panov Attack, Fianchetto Defense",True,M,Male vs Male
"Mortazavi, Ali",M,78,-9,Bishop's Opening: Berlin Defense,False,M,Male vs Male
"Plenca, Julijan",M,32,15,"Sicilian Defense: Nimzowitsch Variation, Main Line",True,M,Male vs Male
"Plenca, Julijan",M,60,-70,Caro-Kann Defense: Maróczy Variation,False,M,Male vs Male
"Grishchenko, Sergey",M,110,81,Dutch Defense: Queen's Knight Variation,False,M,Male vs Male
"Trifonov, Denis",M,84,30,Sicilian Defense,True,M,Male vs Male
"Grishchenko, Sergey",M,50,-111,Queen's Gambit Accepted: Janowski-Larsen Variation,True,M,Male vs Male
"Grishchenko, Sergey",M,94,-131,Queen's Gambit Accepted: Bogoljubov Defense,True,M,Male vs Male
"Velten, Paul",M,62,140,Torre Attack,True,M,Male vs Male
"Grishchenko, Sergey",M,70,-120,Queen's Gambit Accepted: Old Variation,True,M,Male vs Male
"Grishchenko, Sergey",M,75,-138,Queen's Gambit Accepted: Janowski-Larsen Variation,True,M,Male vs Male
"Abrashkin, Boris",M,106,-281,King's Indian Defense: Averbakh Variation,True,M,Male vs Male
"Pulpan, Jakub",M,28,-190,Caro-Kann Defense,False,M,Male vs Male
"Plenca, Julijan",M,50,8,Italian Game: Evans Gambit,True,M,Male vs Male
"Neugebauer, Martin",M,88,-94,Ruy Lopez: Berlin Defense #2,False,M,Male vs Male
"Neugebauer, Martin",M,64,-148,Ruy Lopez: Open Berlin Defense: l'Hermet Variation,False,M,Male vs Male
"Plenca, Julijan",M,148,-133,"Italian Game: Classical Variation, Giuoco Pianissimo",False,M,Male vs Male
"Plenca, Julijan",M,94,-4,Modern Defense,False,M,Male vs Male
"Plenca, Julijan",M,106,-18,Robatsch (Modern) Defense,False,M,Male vs Male
"Marcelin, Cyril",M,92,34,Mieses Opening,False,M,Male vs Male
"Plenca, Julijan",M,42,-31,Modern Defense,False,M,Male vs Male
"Plenca, Julijan",M,40,-241,Caro-Kann Defense: Panov Attack,True,M,Male vs Male
"Plenca, Julijan",M,72,-221,Sicilian Defense: Paulsen Variation,True,M,Male vs Male
"Plenca, Julijan",M,60,-153,"Italian Game: Classical Variation, Greco Gambit",True,M,Male vs Male
"Devaev, Alexander",M,62,-85,"Benoni Defense: Classical Variation, New York Variation",False,M,Male vs Male
"Sevostianov, Vladimir",M,58,96,"Caro-Kann Defense: Classical Variation, Main Line",False,M,Male vs Male
"Devaev, Alexander",M,86,-81,King's Indian Defense: Normal Variation,True,M,Male vs Male
"Blesic, Vaso",M,46,-147,Sicilian Defense: Paulsen Variation,True,M,Male vs Male
"Martinovic, Sasa",M,78,82,Indian Game: Wade-Tartakower Defense,False,M,Male vs Male
"Devaev, Alexander",M,43,-74,"King's Indian Defense: Normal Variation, Rare Defenses",True,M,Male vs Male
"Okara, Andrey",M,86,86,"Nimzo-Indian Defense: Panov Attack, Main Line",True,M,Male vs Male
"Devaev, Alexander",M,84,-68,"King's Indian Defense: Sämisch Variation, Closed Variation",True,M,Male vs Male
"Martinovic, Sasa",M,130,66,Queen's Pawn Game: Levitsky Attack,True,M,Male vs Male
"Posthuma, Joshua",M,64,0,"Neo-Grünfeld Defense: Classical Variation, Modern Defense",False,M,Male vs Male
"Guven, Oguz Kagan",M,52,21,"Pirc Defense: Classical Variation, Quiet System",False,M,Male vs Male
"Gomez, Carlos David",M,66,-206,"Sicilian Defense: Smith-Morra Gambit Declined, Center Formation",True,M,Male vs Male
"Gomez, Carlos David",M,78,-64,French Defense: King's Indian Attack,True,M,Male vs Male
"Blesic, Vaso",M,124,-112,"Caro-Kann Defense: Advance Variation, Botvinnik-Carls Defense",False,M,Male vs Male
"Sevostianov, Vladimir",M,50,62,"French Defense: Winawer Variation, Poisoned Pawn Variation",False,M,Male vs Male
"Viviani, Alessio",M,48,-46,Trompowsky Attack,True,M,Male vs Male
"Obgolts, Erik",M,84,47,Queen's Pawn Game: Zukertort Variation,False,M,Male vs Male
"Marcelin, Cyril",M,126,-23,Mieses Opening,False,M,Male vs Male
"Marcelin, Cyril",M,76,-32,Mieses Opening,False,M,Male vs Male
"Atanejhad, Sahebali",M,54,-260,Old Benoni Defense,False,M,Male vs Male
"Ramirez Medina, Victor",M,56,-92,"Tarrasch Defense: Classical Variation, Spassky Variation",False,M,Male vs Male
"Shimanov, Aleksandr",M,142,242,Sicilian Defense: Classical Variation,True,M,Male vs Male
"Shimanov, Aleksandr",M,112,196,Indian Game,False,M,Male vs Male
Mafaaz Khalid,M,46,-211,"Benko Gambit Accepted, Fully Accepted Variation",True,M,Male vs Male
"Almagro Llamas, Pablo",M,46,-5,English Opening: King's English Variation,False,M,Male vs Male
"Kozhuharov, Spas",M,48,-18,English Opening: Mikenas-Carls Variation,False,M,Male vs Male
"Kanakaris, Georgios",M,66,-29,Semi-Slav Defense: Accelerated Move Order,False,M,Male vs Male
"Okike, David",M,52,-104,"Ruy Lopez: Morphy Defense, Modern Steinitz Defense",False,M,Male vs Male
"Okike, David",M,70,-115,"Ruy Lopez: Closed Variations, Chigorin Defense",False,M,Male vs Male
"Okike, David",M,124,-134,"Ruy Lopez: Closed Variations, Chigorin Defense",False,M,Male vs Male
"Okara, Andrey",M,126,143,Sicilian Defense: Classical Variation,True,M,Male vs Male
Mafaaz Khalid,M,56,-311,Old Benoni Defense,False,M,Male vs Male
"Schut, Han",M,41,-300,Sicilian Defense: Kramnik Variation,True,M,Male vs Male
"Shchukin, Dmitry",M,118,8,Philidor Defense #3,False,M,Male vs Male
"Trifonov, Denis",F,88,-115,Queen's Pawn Game: Levitsky Attack,True,M,Male vs Female
"Gabdrakhmanov, Azat",M,60,-28,Ruy Lopez: Schliemann Defense,False,M,Male vs Male
"Velten, Paul",M,68,136,Pirc Defense #5,False,M,Male vs Male
"Velten, Paul",M,76,98,Rat Defense: English Rat,False,M,Male vs Male
"Sevostianov, Vladimir",M,90,-26,Alekhine Defense: Maróczy Variation,False,M,Male vs Male
"Gomez, Carlos David",M,80,-117,Nimzo-Indian Defense: Reshevsky Variation,False,M,Male vs Male
"Shagbazyan, Taron",M,55,28,"Caro-Kann Defense: Advance Variation, Botvinnik-Carls Defense",False,M,Male vs Male
"Grishchenko, Sergey",M,70,-9,Nimzo-Indian Defense: Reshevsky Variation,False,M,Male vs Male
"Perez, Daniel",M,138,-152,Scandinavian Defense: Mieses-Kotroc Variation,False,M,Male vs Male
"Grishchenko, Sergey",M,56,-56,Queen's Gambit Accepted,True,M,Male vs Male
"Gorodetzky, David",M,88,-30,"Ruy Lopez: Morphy Defense, Anderssen Variation",False,M,Male vs Male
"Martinovic, Sasa",M,136,54,King's Indian Attack: French Variation,True,M,Male vs Male
"Mammadova, Gulnar",M,44,-101,Caro-Kann Defense: Main Line,False,F,Female vs Male
"Klekowski, Maciej",M,100,-68,Semi-Slav Defense: Stoltz Variation,False,M,Male vs Male
"Martinovic, Sasa",M,52,81,Dutch Defense: Hopton Attack,True,M,Male vs Male
"Klekowski, Maciej",M,134,-60,Queen's Gambit Declined: Barmen Variation,True,M,Male vs Male
"Martinovic, Sasa",M,42,74,"Dutch Defense: Staunton Gambit, Alekhine Variation",True,M,Male vs Male
"Shagbazyan, Taron",M,96,213,"Ruy Lopez: Morphy Defense, Modern Steinitz Defense",False,M,Male vs Male
"Boros, Denes",M,76,9,Dutch Defense,False,M,Male vs Male
"Marcelin, Cyril",M,52,-8,"King's Pawn Game: Tayler Opening, Inverted Hanham",False,M,Male vs Male
"Velten, Paul",M,74,-10,Indian Game: Spielmann-Indian,False,M,Male vs Male
"Posthuma, Joshua",M,60,24,Queen's Gambit Accepted: Janowski-Larsen Variation,True,M,Male vs Male
"Kozhuharov, Spas",M,106,-76,"English Opening: King's English Variation, Three Knights System",False,M,Male vs Male
"Soysal, Serkan",F,158,83,Modern Defense,False,M,Male vs Female
"Kozhuharov, Spas",M,44,-105,"English Opening: King's English Variation, Four Knights Variation, Fianchetto Line",False,M,Male vs Male
"Martinovic, Sasa",M,50,-13,Caro-Kann Defense: Two Knights Attack,True,M,Male vs Male
"Soysal, Serkan",M,122,48,"Queen's Pawn Game: Barry Attack, Grünfeld Variation",True,M,Male vs Male
"Jovic, Stevan",M,112,-36,Indian Game: Wade-Tartakower Defense,False,M,Male vs Male
"Kovalchuk, Alexey",M,40,-98,French Defense: Exchange Variation,False,M,Male vs Male
"Soysal, Serkan",M,78,111,"Ruy Lopez: Exchange Variation, Gligoric Variation",False,M,Male vs Male
"Jovic, Stevan",M,50,-87,Old Benoni Defense,False,M,Male vs Male
"Vidonyak, Roman",M,76,-427,Nimzo-Indian Defense: Reshevsky Variation,False,M,Male vs Male
"Vidonyak, Roman",M,92,-105,Slav Defense: Exchange Variation,False,M,Male vs Male
"Marcelin, Cyril",M,86,-82,King's Indian Attack: Sicilian Variation #2,True,M,Male vs Male
"Marcelin, Cyril",M,72,-104,French Defense: Chigorin Variation,False,M,Male vs Male
"Marcelin, Cyril",M,42,-125,Queen's Pawn Game,False,M,Male vs Male
"Hirneise, Jens",M,128,-154,"Ruy Lopez: Open, 6.d4",False,M,Male vs Male
"Shchukin, Dmitry",M,62,9,Scandinavian Defense,False,M,Male vs Male
"Vajic, Goran",M,62,26,"Caro-Kann Defense: Advance Variation, Bronstein Variation",False,M,Male vs Male
"Shchukin, Dmitry",M,76,-42,Scandinavian Defense,False,M,Male vs Male
"Shagbazyan, Taron",M,124,106,"King's Indian Defense: Fianchetto Variation, Immediate Fianchetto",True,M,Male vs Male
"Dutina, Dario",M,156,-141,Scandinavian Defense: Gubinsky-Melts Defense,False,M,Male vs Male
"Shchukin, Dmitry",M,96,-59,"Italian Game: Classical Variation, Greco Gambit",True,M,Male vs Male
"Gomez, Carlos David",M,50,-298,"Queen's Indian Defense: Kasparov-Petrosian Variation, Hedgehog Variation",False,M,Male vs Male
"Devaev, Alexander",M,106,-184,"King's Indian Defense: Normal Variation, Rare Defenses",True,M,Male vs Male
"Ratkovic, Miloje",M,84,7,Indian Game,False,M,Male vs Male
"Jovic, Stevan",M,108,183,Englund Gambit Complex: Hartlaub-Charlick Gambit,True,M,Male vs Male
"Vajic, Goran",M,50,-96,"Caro-Kann Defense: Advance Variation, Bronstein Variation",False,M,Male vs Male
"Cabrera Pando, Ramiro",M,80,42,"Semi-Slav Defense: Marshall Gambit, Main Line",True,M,Male vs Male
"Lombaers, Peter",M,84,-6,Queen's Gambit Declined: Exchange Variation,True,M,Male vs Male
"Vukcevic, Nemanja",M,106,-75,"Sicilian Defense: Paulsen Variation, Bastrikov Variation",True,M,Male vs Male
"Cabrera Pando, Ramiro",M,52,77,"Queen's Gambit Declined: Semi-Tarrasch Defense, Pillsbury Variation",True,M,Male vs Male
"Plenca, Julijan",M,63,-188,Sicilian Defense: Four Knights Variation,True,M,Male vs Male
"Plenca, Julijan",M,122,-204,Sicilian Defense: French Variation,True,M,Male vs Male
"Plenca, Julijan",M,86,-217,Sicilian Defense: Four Knights Variation,True,M,Male vs Male
"Martinovic, Sasa",M,62,-105,"Trompowsky Attack: Classical Defense, Big Center Variation",True,M,Male vs Male
"Martinovic, Sasa",M,90,-116,Horwitz Defense,False,M,Male vs Male
"Martinovic, Sasa",M,50,-125,King's Indian Attack: Keres Variation,True,M,Male vs Male
"Shimanov, Aleksandr",M,150,135,Nimzo-Larsen Attack: Classical Variation,True,M,Male vs Male
"Radlovacki, Jovan",M,64,107,Modern Defense: Standard Defense,False,M,Male vs Male
"Trifonov, Denis",M,142,-161,Trompowsky Attack,True,M,Male vs Male
"Doric, Darko",M,102,37,Trompowsky Attack,True,M,Male vs Male
"Plenca, Julijan",M,86,-21,"Nimzo-Indian Defense: Panov Attack, Main Line",True,M,Male vs Male
"Aliavdin, Nikolai",M,52,69,"Caro-Kann Defense: Advance Variation, Short Variation",False,M,Male vs Male
"Blesic, Vaso",M,100,-51,"Sicilian Defense: Najdorf Variation, Adams Attack",True,M,Male vs Male
"Raicevic, Vladimir",M,116,-66,King's Indian Defense: Sämisch Variation,True,M,Male vs Male
"Raicevic, Vladimir",M,44,-80,"Queen's Gambit Accepted: Central Variation, Modern Defense",True,M,Male vs Male
"Martinovic, Sasa",M,92,-164,King's Indian Attack: French Variation,True,M,Male vs Male
"Plenca, Julijan",M,84,-11,Italian Game: Giuoco Piano,False,M,Male vs Male
"Wisniacki, Flavio",M,54,-279,Zukertort Opening: Dutch Variation,False,M,Male vs Male
"Abrashkin, Boris",M,116,-54,"Queen's Gambit Declined: Exchange Variation, Positional Variation",True,M,Male vs Male
"Abrashkin, Boris",M,54,-77,"Queen's Gambit Declined: Exchange Variation, Positional Variation #2",True,M,Male vs Male
"Kozlov, Stanislav",M,122,75,Queen's Pawn Game: Mason Attack,True,M,Male vs Male
"Abrashkin, Boris",M,34,-57,Catalan Opening: Open Defense,False,M,Male vs Male
"Abrashkin, Boris",M,52,-60,Catalan Opening: Closed Variation,False,M,Male vs Male
"Abrashkin, Boris",M,74,-84,Catalan Opening: Closed Variation,False,M,Male vs Male
"Mortazavi, Ali",M,53,-39,King's Indian Attack,True,M,Male vs Male
"Mortazavi, Ali",M,76,-100,King's Indian Attack: Keres Variation #2,True,M,Male vs Male
"Wisniacki, Flavio",M,98,-23,King's Indian Attack,True,M,Male vs Male
"Shchukin, Dmitry",M,66,-123,"French Defense: Winawer Variation, Advance Variation",False,M,Male vs Male
"Beradze, Irakli",M,18,-97,"Sicilian Defense: Richter-Rauzer Variation, Modern Variation",True,M,Male vs Male
"Doric, Darko",M,98,108,Trompowsky Attack: Classical Defense,True,M,Male vs Male
"Volovich, Vasily",M,170,-48,Caro-Kann Defense: Two Knights Attack,True,M,Male vs Male
"Wang, Kevin",M,94,122,"Alekhine Defense: Modern Variation, Alburt Variation",False,M,Male vs Male
"Piscopo, Pierluigi",M,90,-64,"Sicilian Defense: Paulsen Variation, Bastrikov Variation",True,M,Male vs Male
"Almagro Llamas, Pablo",M,62,69,"Dutch Defense: Leningrad Variation, Matulovic Variation",False,M,Male vs Male
"Mihok, Oliver",M,96,111,Elephant Gambit,True,M,Male vs Male
"Plenca, Julijan",M,80,-89,"Sicilian Defense: Paulsen Variation, Bastrikov Variation, English Attack",True,M,Male vs Male
"Mihok, Oliver",M,70,102,"Sicilian Defense: Dragon Variation, Yugoslav Attack",True,M,Male vs Male
"Plenca, Julijan",M,64,-81,Sicilian Defense: French Variation,True,M,Male vs Male
"Mihok, Oliver",M,116,94,Zukertort Opening: Pirc Invitation,False,M,Male vs Male
"Plenca, Julijan",M,38,-68,Modern Defense,False,M,Male vs Male
"Perera Alfonso, Rene Humberto",M,62,-123,"Sicilian Defense: Accelerated Dragon, Modern Bc4 Variation",True,M,Male vs Male
"Raicevic, Vladimir",M,52,146,Old Benoni Defense,False,M,Male vs Male
"Blesic, Vaso",M,76,-125,"Sicilian Defense: Lasker-Pelikan Variation, Sveshnikov Variation, Chelyabinsk Variation",True,M,Male vs Male
"Doric, Darko",M,130,45,Trompowsky Attack: Classical Defense,True,M,Male vs Male
"Posthuma, Joshua",M,94,-29,Queen's Gambit Declined,True,M,Male vs Male
"Posthuma, Joshua",M,78,-38,Queen's Gambit Declined,True,M,Male vs Male
"Posthuma, Joshua",M,108,-59,English Opening: Symmetrical Variation,False,M,Male vs Male
"Doric, Darko",M,138,64,Trompowsky Attack,True,M,Male vs Male
"Blesic, Vaso",M,52,38,Ruy Lopez: Schliemann Defense,False,M,Male vs Male
"Givon, Asaf",M,54,-65,"Sicilian Defense: Kan Variation, Maróczy Bind, Réti Variation",True,M,Male vs Male
"Velten, Paul",M,60,-61,"Queen's Pawn Game: Torre Attack, Gossip Variation",True,M,Male vs Male
"Nozdrachev, Vladislav",M,38,78,Sicilian Defense: Paulsen Variation,True,M,Male vs Male
"Mihok, Oliver",M,78,-61,"Ruy Lopez: Morphy Defense, Mackenzie Variation",False,M,Male vs Male
"Shchukin, Dmitry",M,50,25,"Italian Game: Classical Variation, Greco Gambit",True,M,Male vs Male
"Devaev, Alexander",M,14,-110,Bogo-Indian Defense: Vitolins Variation,False,M,Male vs Male
"Ratkovic, Miloje",M,100,31,Pirc Defense #2,False,M,Male vs Male
"Korobkin, Maxim",M,86,-15,Englund Gambit,True,M,Male vs Male
"Ratkovic, Miloje",M,124,29,Pirc Defense #2,False,M,Male vs Male
"Korobkin, Maxim",M,48,39,"Dutch Defense: Leningrad Variation, Matulovic Variation",False,M,Male vs Male
"Korobkin, Maxim",M,132,147,Semi-Slav Defense: Accelerated Move Order,False,M,Male vs Male
"Abrashkin, Boris",M,50,-57,Slav Defense: Exchange Variation,False,M,Male vs Male
"Abrashkin, Boris",M,40,-278,Nimzo-Indian Defense: Kmoch Variation,False,M,Male vs Male
"Almagro Llamas, Pablo",M,144,-82,"Modern Defense: Averbakh System, Kotov Variation",False,M,Male vs Male
"Shchukin, Dmitry",M,90,18,French Defense: King's Indian Attack,True,M,Male vs Male
"Radzhabov, Rodion",M,118,-139,"Sicilian Defense: Kan Variation, Knight Variation",True,M,Male vs Male
"Velten, Paul",M,54,147,"Torre Attack: Classical Defense, Nimzowitsch Variation",True,M,Male vs Male
"Ermolaev, Andrey",M,70,-52,Dutch Defense: Raphael Variation,False,M,Male vs Male
"Ermolaev, Andrey",M,50,-13,Sicilian Defense: Classical Variation,True,M,Male vs Male
"Ermolaev, Andrey",M,114,-110,Scotch Game: Mieses Variation,False,M,Male vs Male
"Gomez, Carlos David",M,40,3,French Defense: Chigorin Variation,False,M,Male vs Male
"Doric, Darko",M,40,58,Trompowsky Attack,True,M,Male vs Male
"Trifonov, Denis",M,166,-189,Sicilian Defense: Paulsen Variation,True,M,Male vs Male
"Marcelin, Cyril",M,106,-77,Nimzo-Larsen Attack: Indian Variation,True,M,Male vs Male
"Mardov, Dimitar",M,66,66,Englund Gambit Complex: Hartlaub-Charlick Gambit,True,M,Male vs Male
"Trifonov, Denis",M,58,8,Queen's Pawn Game: Levitsky Attack,True,M,Male vs Male
"Aliavdin, Nikolai",M,76,-45,"Sicilian Defense: Kan Variation, Maróczy Bind, Réti Variation",True,M,Male vs Male
"Aliavdin, Nikolai",M,114,-76,"Sicilian Defense: Kan Variation, Maróczy Bind, Réti Variation",True,M,Male vs Male
"Aliavdin, Nikolai",M,79,-102,"Sicilian Defense: Kan Variation, Maróczy Bind, Réti Variation",True,M,Male vs Male
"Loiacono, Leonardo",M,46,-40,Old Indian Defense,False,M,Male vs Male
"Mardov, Dimitar",M,58,41,Russian Game: Nimzowitsch Attack,True,M,Male vs Male
"Abrashkin, Boris",M,34,-69,"King's Indian Defense: Averbakh Variation, Flexible Defense",True,M,Male vs Male
"Mardov, Dimitar",M,66,-157,Scotch Game: Schmidt Variation,False,M,Male vs Male
"Almagro Llamas, Pablo",M,76,-56,English Opening: King's English Variation,False,M,Male vs Male
"Abrashkin, Boris",M,46,-156,"Queen's Gambit Declined: Exchange Variation, Positional Variation #2",True,M,Male vs Male
"Abrashkin, Boris",M,60,-159,Catalan Opening: Closed Variation,False,M,Male vs Male
"Jere, Daniel",M,108,-7,English Opening: King's English Variation,False,M,Male vs Male
"Plichta, Kamil",M,54,31,King's Indian Attack: Sicilian Variation #2,True,M,Male vs Male
"Plenca, Julijan",M,56,-180,"Caro-Kann Defense: Panov Attack, Modern Defense",True,M,Male vs Male
"Moiseenko, Vadim",M,92,189,"Sicilian Defense: Alapin Variation, Barmen Defense",True,M,Male vs Male
"Batsiashvili, Nino",M,86,-137,"Queen's Gambit Refused: Albin Countergambit, Modern Line",True,F,Female vs Male
"Ermolaev, Andrey",M,50,21,Queen's Pawn Game: Chigorin Variation,False,M,Male vs Male
"Loiacono, Leonardo",M,44,60,Englund Gambit Complex: Soller Gambit Deferred,True,M,Male vs Male
"Bancod, Ronald",M,94,-236,Caro-Kann Defense: Exchange Variation,False,M,Male vs Male
"Bancod, Ronald",M,42,-288,"Sicilian Defense: Canal Attack, Main Line",True,M,Male vs Male
"Khairat, Ahmed",M,88,-204,Caro-Kann Defense: von Hennig Gambit,True,M,Male vs Male
"Bacallao Alonso, Yusnel",M,56,212,"Ruy Lopez: Schliemann Defense, Dyckhoff Variation",False,M,Male vs Male
"Nozdrachev, Vladislav",M,38,-146,Caro-Kann Defense: Tartakower Variation,False,M,Male vs Male
"Atanejhad, Sahebali",M,86,-31,Old Benoni Defense,False,M,Male vs Male
"Plenca, Julijan",M,86,-162,"Italian Game: Classical Variation, Greco Gambit",True,M,Male vs Male
"Nozdrachev, Vladislav",M,68,170,"Sicilian Defense: Dragon Variation, Classical Variation, Tartakower Line",True,M,Male vs Male
"Plenca, Julijan",M,104,-143,Nimzowitsch-Larsen Attack,True,M,Male vs Male
"Plenca, Julijan",M,14,-160,"King's Gambit, Falkbeer Countergambit, Modern Transfer",True,M,Male vs Male
"Shchukin, Dmitry",M,64,-173,"Caro-Kann Defense: Accelerated Panov Attack, Modern Variation",True,M,Male vs Male
"Osmak, Yuliia",M,126,-298,Indian Game,False,F,Female vs Male
"Osmak, Yuliia",M,56,-308,Trompowsky Attack,True,F,Female vs Male
"Osmak, Yuliia",M,74,-317,Indian Game,False,F,Female vs Male
"Osmak, Yuliia",M,68,-326,Polish Opening: Symmetrical Variation,False,F,Female vs Male
"Osmak, Yuliia",M,92,-334,Indian Game,False,F,Female vs Male
"Moiseenko, Vadim",F,56,338,Queen's Pawn Game: Zukertort Variation,False,M,Male vs Female
"Plotkin, Mark",M,204,-34,"Vienna Game: Vienna Gambit, Paulsen Attack",True,M,Male vs Male
"Posthuma, Joshua",M,78,-126,"Grünfeld Defense: Exchange Variation, Nadanian Attack",True,M,Male vs Male
"Khairat, Ahmed",M,112,-2,"Sicilian Defense: Accelerated Dragon, Modern Bc4 Variation",True,M,Male vs Male
"Singh, Arvinder Preet",M,52,-172,"French Defense: Rubinstein Variation, Blackburne Defense",False,M,Male vs Male
"Shagbazyan, Taron",M,212,-71,Queen's Gambit Accepted: Old Variation,True,M,Male vs Male
"Velten, Paul",M,122,82,Indian Game: Spielmann-Indian,False,M,Male vs Male
"Piscopo, Pierluigi",M,122,-100,"Caro-Kann Defense: Panov Attack, Fianchetto Defense, Fianchetto Gambit",True,M,Male vs Male
"Gomez, Carlos David",M,38,-95,"Caro-Kann Defense: Panov Attack, Modern Defense",True,M,Male vs Male
"Khairat, Ahmed",M,62,-22,"King's Gambit, Falkbeer Countergambit, Nimzowitsch-Marshall Countergambit",True,M,Male vs Male
"Plenca, Julijan",M,146,-56,"Sicilian Defense: Canal Attack, Main Line",True,M,Male vs Male
"Plenca, Julijan",M,66,-79,Sicilian Defense: Kupreichik Variation,True,M,Male vs Male
"Khairat, Ahmed",M,68,-160,Sicilian Defense: Loewenthal Variation,True,M,Male vs Male
"Khairat, Ahmed",M,66,-166,Caro-Kann Defense: von Hennig Gambit,True,M,Male vs Male
"Blesic, Vaso",M,74,-14,"French Defense: Tarrasch Variation, Chistyakov Defense",False,M,Male vs Male
"Ermolaev, Andrey",M,94,-112,Queen's Pawn Game: Chigorin Variation,False,M,Male vs Male
"Shchukin, Dmitry",F,100,-98,French Defense: King's Indian Attack,True,M,Male vs Female
"Sevostianov, Vladimir",M,88,-56,English Opening: King's English Variation,False,M,Male vs Male
"Jere, Daniel",M,118,-145,English Opening: Anglo-Indian Defense,False,M,Male vs Male
"Gomez, Carlos David",M,76,-93,"English Opening: Symmetrical Variation, Botvinnik System",False,M,Male vs Male
"Piscopo, Pierluigi",M,54,-26,"Sicilian Defense: Nyezhmetdinov-Rossolimo Attack, Fianchetto Variation",True,M,Male vs Male
"Mammadova, Gulnar",M,66,-19,"Sicilian Defense: Nyezhmetdinov-Rossolimo Attack, Fianchetto Variation",True,F,Female vs Male
"Mortazavi, Ali",M,32,-98,King's Indian Attack,True,M,Male vs Male
"Galchenko, Matvey",M,72,-28,"English Opening: Symmetrical Variation, Two Knights Line",False,M,Male vs Male
"Sokolov, Andrei",M,134,43,Indian Game: Spielmann-Indian,False,M,Male vs Male
"Neugebauer, Martin",M,88,-276,"Sicilian Defense: Najdorf Variation, Adams Attack",True,M,Male vs Male
"Neugebauer, Martin",M,50,-267,"Sicilian Defense: Closed Variation, Traditional",True,M,Male vs Male
"Neugebauer, Martin",M,44,-34,Robatsch (Modern) Defense,False,M,Male vs Male
"Neugebauer, Martin",M,88,-46,Modern Defense: Standard Line,False,M,Male vs Male
"Devaev, Alexander",M,54,-269,Semi-Slav Defense,False,M,Male vs Male
"Ermolaev, Andrey",F,110,-46,"French Defense: Winawer Variation, Advance Variation #2",False,M,Male vs Female
"Soysal, Serkan",M,54,20,"Englund Gambit Declined, Reversed Krebs",True,M,Male vs Male
"Vajic, Goran",M,124,-268,"French Defense: Winawer Variation, Bogoljubov Variation",False,M,Male vs Male
"Bouvier, Bruno",M,54,-25,Blackmar-Diemer Gambit: Ziegler Defense,True,M,Male vs Male
"Wisniacki, Flavio",M,76,-59,King's Indian Attack: Symmetrical Defense,True,M,Male vs Male
"Klukin, Kirill",M,62,124,Zukertort Opening: Dutch Variation,False,M,Male vs Male
"Dedebas, Emre Emin",M,20,-131,King's Indian Attack: Symmetrical Defense,True,M,Male vs Male
"Perera Alfonso, Rene Humberto",M,35,144,"Ruy Lopez: Schliemann Defense, Schoenemann Attack",True,M,Male vs Male
"Jovic, Stevan",M,82,-123,Benoni Defense: Benoni Gambit Accepted,True,M,Male vs Male
"Devaev, Alexander",M,84,-347,Queen's Gambit Declined: Three Knights Variation,True,M,Male vs Male
"Ermolaev, Andrey",M,110,2,Dutch Defense,False,M,Male vs Male
"Perera Alfonso, Rene Humberto",M,60,-73,"Sicilian Defense: Kan Variation, Polugaevsky Variation",True,M,Male vs Male
"Doric, Darko",M,56,-89,Pirc Defense #5,False,M,Male vs Male
"Doric, Darko",M,94,-110,Trompowsky Attack,True,M,Male vs Male
"Yeletsky, Ivan",M,84,120,Caro-Kann Defense: Breyer Variation,False,M,Male vs Male
"Doric, Darko",M,60,-94,Trompowsky Attack: Classical Defense,True,M,Male vs Male
"Yeletsky, Ivan",M,150,95,Caro-Kann Defense: Breyer Variation,False,M,Male vs Male
"Doric, Darko",M,50,-78,Queen's Pawn,False,M,Male vs Male
"Yeletsky, Ivan",M,74,81,Semi-Slav Defense: Accelerated Move Order,False,M,Male vs Male
"Doric, Darko",M,48,-63,Trompowsky Attack,True,M,Male vs Male
"Yeletsky, Ivan",M,156,50,"Caro-Kann Defense: Advance Variation, Short Variation",False,M,Male vs Male
"Doric, Darko",M,94,-33,Trompowsky Attack: Classical Defense,True,M,Male vs Male
"Khairat, Ahmed",M,68,-132,Sicilian Defense: Najdorf Variation,True,M,Male vs Male
"Velten, Paul",M,96,58,Torre Attack,True,M,Male vs Male
"Ratkovic, Miloje",M,228,-6,Torre Attack #2,True,M,Male vs Male
"Jere, Daniel",M,62,-57,English Opening: Anglo-Indian Defense,False,M,Male vs Male
"Velten, Paul",M,84,69,Torre Attack,True,M,Male vs Male
"Khairat, Ahmed",M,60,-216,"Sicilian Defense: Paulsen Variation, Bastrikov Variation",True,M,Male vs Male
"Perez, Daniel",M,112,-49,"French Defense: Classical Variation, Alapin Variation",False,M,Male vs Male
"Perera Alfonso, Rene Humberto",M,146,28,Modern Defense: Standard Defense,False,M,Male vs Male
"Khairat, Ahmed",M,88,-54,"Sicilian Defense: Lasker-Pelikan Variation, Sveshnikov Variation, Chelyabinsk Variation",True,M,Male vs Male
"Jarmula, Lukasz",M,54,-14,"Sicilian Defense: Canal Attack, Main Line",True,M,Male vs Male
"Jere, Daniel",M,62,-72,"English Opening: Symmetrical Variation, Botvinnik System Reversed",False,M,Male vs Male
"Lombaers, Peter",M,51,-144,Old Indian Defense,False,M,Male vs Male
"Dedebas, Emre Emin",M,66,115,"King's Indian Defense: Normal Variation, Rare Defenses",True,M,Male vs Male
"Dedebas, Emre Emin",M,54,58,Nimzo-Larsen Attack: Classical Variation,True,M,Male vs Male
"Jere, Daniel",M,92,-61,English Opening: Anglo-Indian Defense,False,M,Male vs Male
"Plenca, Julijan",M,144,-51,Sicilian Defense: Accelerated Dragon,True,M,Male vs Male
"Wisniacki, Flavio",M,70,-8,Zukertort Opening: Queenside Fianchetto Variation,False,M,Male vs Male
"Vidonyak, Roman",M,72,-43,English Defense,False,M,Male vs Male
"Osmak, Yuliia",M,126,59,Nimzo-Indian Defense: Kmoch Variation,False,F,Female vs Male
"Saya, Ethan",F,142,-43,French Defense: King's Indian Attack,True,M,Male vs Female
"Shevelev, Dmitri",M,50,44,Queen's Pawn Game: Symmetrical Variation,False,M,Male vs Male
"Rodriguez Hernandez, Luis Daniel",M,70,-162,"Sicilian Defense: Accelerated Dragon, Modern Bc4 Variation",True,M,Male vs Male
"Jere, Daniel",M,144,-101,English Opening: Caro-Kann Defensive System,False,M,Male vs Male
"Shchukin, Dmitry",M,66,84,"Caro-Kann Defense: Accelerated Panov Attack, Modern Variation",True,M,Male vs Male
"Shchukin, Dmitry",M,54,77,"Caro-Kann Defense: Accelerated Panov Attack, Modern Variation",True,M,Male vs Male
"Bancod, Ronald",M,156,-187,"Sicilian Defense: Accelerated Dragon, Modern Bc4 Variation",True,M,Male vs Male
"Jarmula, Lukasz",M,56,-144,Queen's Gambit Declined,True,M,Male vs Male
"Jarmula, Lukasz",M,34,24,Semi-Benoni,False,M,Male vs Male
"Jarmula, Lukasz",M,30,-92,"Sicilian Defense: Nyezhmetdinov-Rossolimo Attack, Fianchetto Variation",True,M,Male vs Male
"Velten, Paul",M,124,32,Indian Game: Spielmann-Indian,False,M,Male vs Male
"Jovic, Stevan",M,112,-126,King's Indian Defense: Orthodox Variation,True,M,Male vs Male
"Ratkovic, Milovan",M,92,52,Nimzo-Indian Defense: Sämisch Variation,False,M,Male vs Male
"Devaev, Alexander",M,40,-36,Queen's Gambit Accepted: Alekhine Defense,True,M,Male vs Male
"Ratkovic, Milovan",M,91,48,Trompowsky Attack: Raptor Variation,True,M,Male vs Male
"Ratkovic, Miloje",M,87,5,Zukertort Opening: Black Mustang Defense,False,M,Male vs Male
"Aghasaryan, Robert",M,71,-131,"Old Indian: Czech Variation, with Nc3",False,M,Male vs Male
"Wisniacki, Flavio",M,76,-242,Zukertort Opening: Pirc Invitation,False,M,Male vs Male
"Ratkovic, Miloje",M,68,34,Semi-Benoni,False,M,Male vs Male
"Ratkovic, Miloje",M,52,4,Queen's Gambit Accepted: Janowski-Larsen Variation,True,M,Male vs Male
"Ratkovic, Miloje",M,66,-23,Slav Defense: Geller Gambit,True,M,Male vs Male
"Yeletsky, Ivan",M,56,220,Indian Game: Przepiorka Variation,False,M,Male vs Male
"Velten, Paul",M,54,37,Caro-Kann Defense,False,M,Male vs Male
"Abrashkin, Boris",M,70,-119,Englund Gambit Complex: Englund Gambit,True,M,Male vs Male
"Gomez, Carlos David",M,45,-151,Réti Opening: Advance Variation,False,M,Male vs Male
"Plenca, Jadranko",M,78,1,Philidor Defense: Lion Variation,False,M,Male vs Male
"Sevdimaliyev, Urfan",M,130,-69,English Opening: Anglo-Indian Defense,False,M,Male vs Male
"Vajic, Goran",M,134,14,Modern Defense: Standard Line,False,M,Male vs Male
"Jere, Daniel",M,134,6,English Opening: Anglo-Indian Defense,False,M,Male vs Male
"Plotkin, Mark",M,54,-86,"English Opening: Anglo-Indian Defense, Hedgehog System",False,M,Male vs Male
"Marcelin, Cyril",M,72,-15,Torre Attack #2,True,M,Male vs Male
"Mortazavi, Ali",M,124,-71,Modern Defense: Standard Line,False,M,Male vs Male
"Yelisieiev, Yevhenii",M,86,-78,Indian Game: Wade-Tartakower Defense,False,M,Male vs Male
"Khairat, Ahmed",M,118,-76,"French Defense: Winawer Variation, Advance Variation",False,M,Male vs Male
"Jarmula, Lukasz",M,44,-245,English Opening: Agincourt Defense,False,M,Male vs Male
"Jovic, Stevan",M,50,-17,Tarrasch Defense: Two Knights Variation,False,M,Male vs Male
"Yeletsky, Ivan",M,74,6,Benoni Defense: Benoni Gambit Accepted,True,M,Male vs Male
"Tay, Junior",M,48,62,"Sicilian Defense: Najdorf Variation, Amsterdam Variation",True,M,Male vs Male
"Velten, Paul",M,150,160,King's Pawn Game: Napoleon Attack,True,M,Male vs Male
"Zakhartsov, Vladimir",M,84,-4,"Benoni Defense: Modern Variation, Snake Variation",False,M,Male vs Male
"Doric, Darko",M,56,92,Trompowsky Attack,True,M,Male vs Male
"Ratkovic, Milovan",M,82,-74,Queen's Pawn Game: Levitsky Attack,True,M,Male vs Male
"Raicevic, Vladimir",M,46,-176,Benko Gambit,True,M,Male vs Male
"Kezin, Roman",M,164,39,King's Indian Attack: Double Fianchetto,True,M,Male vs Male
"Shagbazyan, Taron",M,144,114,"Nimzo-Indian Defense: Normal Variation, Schlechter Defense",False,M,Male vs Male
"Trifonov, Denis",M,102,-28,Sicilian Defense: French Variation,True,M,Male vs Male
"Gomez, Carlos David",M,102,-38,"English Opening: Anglo-Indian Defense, Queen's Indian Formation",False,M,Male vs Male
"Yeletsky, Ivan",M,80,133,Queen's Gambit Declined: Exchange Variation,True,M,Male vs Male
"Ortega Amarelle, Mariano",M,66,-108,"Caro-Kann Defense: Advance Variation, Tal Variation",False,M,Male vs Male
"Loiacono, Leonardo",M,48,0,"Nimzo-Indian Defense: Classical, Noa Variation, 5.cxd5 exd5",False,M,Male vs Male
"Doric, Darko",M,122,8,Trompowsky Attack,True,M,Male vs Male
"Shchukin, Dmitry",M,88,-81,"Caro-Kann Defense: Accelerated Panov Attack, Modern Variation",True,M,Male vs Male
"Shchukin, Dmitry",M,98,-121,"Caro-Kann Defense: Accelerated Panov Attack, Modern Variation",True,M,Male vs Male
"Plenca, Julijan",M,114,-17,Modern Defense,False,M,Male vs Male
"Sokolov, Andrei",M,84,164,"Queen's Gambit Declined: Exchange Variation, Positional Variation",True,M,Male vs Male
"Madrigal, Mariano",M,110,-117,"Sicilian Defense: French Variation, Westerinen Attack",True,M,Male vs Male
"Aliavdin, Nikolai",M,79,-112,"Sicilian Defense: Paulsen Variation, Bastrikov Variation",True,M,Male vs Male
"Narvaez Ramirez, Faber Alberto",M,117,-180,Sicilian Defense: Delayed Alapin,True,M,Male vs Male
"Genocchio, Daniele",M,126,60,"French Defense: Rubinstein Variation, Blackburne Defense",False,M,Male vs Male
"Doric, Darko",M,112,-12,Queen's Pawn Game: Mason Attack,True,M,Male vs Male
"Jarmula, Lukasz",M,110,26,Semi-Slav Defense: Accelerated Move Order,False,M,Male vs Male
"Doric, Darko",M,30,-10,Nimzo-Indian Defense: Ragozin Variation,False,M,Male vs Male
"Jarmula, Lukasz",M,44,24,Semi-Slav Defense: Accelerated Move Order,False,M,Male vs Male
"Mortazavi, Ali",M,62,-105,King's Indian Attack: Symmetrical Defense,True,M,Male vs Male
"Velten, Paul",M,100,123,Sicilian Defense: Najdorf Variation,True,M,Male vs Male
"Atanejhad, Sahebali",M,78,-30,Queen's Pawn,False,M,Male vs Male
"Velten, Paul",M,54,125,Sicilian Defense: Classical Variation,True,M,Male vs Male
"Plenca, Julijan",M,12,-105,French Defense: Paulsen Variation,False,M,Male vs Male
"Plenca, Julijan",M,72,-126,"French Defense: Tarrasch Variation, Guimard Defense",False,M,Male vs Male
"Plenca, Julijan",M,46,-144,French Defense: Exchange Variation,False,M,Male vs Male
"Plenca, Julijan",M,132,-161,"French Defense: Classical Variation, Svenonius Variation",False,M,Male vs Male
"Velten, Paul",M,86,169,King's Indian Defense: Larsen Variation,True,M,Male vs Male
"Plenca, Julijan",M,68,-149,"French Defense: Tarrasch Variation, Closed Variation, Main Line",False,M,Male vs Male
"Plenca, Julijan",M,70,-165,"French Defense: Rubinstein Variation, Blackburne Defense",False,M,Male vs Male
"Velten, Paul",M,52,167,Philidor Defense: Lion Variation,False,M,Male vs Male
"Krasikov, Vladislav",M,106,128,Ruy Lopez: Morphy Defense,False,M,Male vs Male
"Yelisieiev, Yevhenii",M,54,-147,Queen's Gambit Accepted: Janowski-Larsen Variation,True,M,Male vs Male
"Velten, Paul",M,62,155,"Queen's Gambit Declined: Ragozin Defense, Vienna Variation",True,M,Male vs Male
"Yelisieiev, Yevhenii",M,100,-135,Queen's Gambit Accepted: Showalter Variation,True,M,Male vs Male
"Velten, Paul",M,78,144,Anderssen Opening,False,M,Male vs Male
"Yelisieiev, Yevhenii",M,92,-124,Queen's Gambit Accepted: Janowski-Larsen Variation,True,M,Male vs Male
"Yelisieiev, Yevhenii",M,76,-143,"Queen's Gambit Accepted: Classical Defense, Steinitz Variation, Exchange Variation",True,M,Male vs Male
"Shevchenko, Danylo",M,136,-250,"Sicilian Defense: Smith-Morra Gambit Declined, Push Variation",True,M,Male vs Male
"Ratkovic, Miloje",M,90,-5,Pirc Defense #4,False,M,Male vs Male
"Zelbel, Patrick",M,94,-136,Sicilian Defense: Canal-Sokolsky Attack,True,M,Male vs Male
"Martin Duque, Jesus",M,64,-194,King's Indian Attack: Symmetrical Defense,True,M,Male vs Male
"Shagbazyan, Taron",M,46,52,Tarrasch Defense,False,M,Male vs Male
"Shchukin, Dmitry",M,68,-68,Caro-Kann Defense: Accelerated Panov Attack,True,M,Male vs Male
"Narvaez Ramirez, Faber Alberto",M,52,-133,Sicilian Defense: Old Sicilian,True,M,Male vs Male
"Jarmula, Lukasz",M,26,-80,Semi-Slav Defense: Accelerated Move Order,False,M,Male vs Male
"Posthuma, Joshua",M,82,-104,Queen's Gambit Accepted: Janowski-Larsen Variation,True,M,Male vs Male
"Posthuma, Joshua",M,170,-123,Catalan Opening: Closed Variation,False,M,Male vs Male
"Velten, Paul",M,100,133,"Benoni Defense: Benoni-Indian Defense, Kingside Move Order",False,M,Male vs Male
"Posthuma, Joshua",M,48,-113,Queen's Gambit Accepted: Bogoljubov Defense,True,M,Male vs Male
"Posthuma, Joshua",M,116,-133,Nimzo-Larsen Attack: Modern Variation #4,True,M,Male vs Male
"Velten, Paul",M,72,142,English Defense #2,False,M,Male vs Male
"Posthuma, Joshua",M,78,-122,Queen's Pawn Game: London System,False,M,Male vs Male
"Velten, Paul",M,136,132,"Benoni Defense: Benoni-Indian Defense, Kingside Move Order",False,M,Male vs Male
"Posthuma, Joshua",M,110,-112,Queen's Pawn Game: London System,False,M,Male vs Male
"Posthuma, Joshua",M,87,-113,"English Opening: King's English Variation, Reversed Closed Sicilian",True,M,Male vs Male
"Wisniacki, Flavio",M,54,33,"Neo-Grünfeld Defense: Classical Variation, Original Defense",False,M,Male vs Male
"Wisniacki, Flavio",M,96,-92,English Opening: Great Snake Variation,False,M,Male vs Male
"Khairat, Ahmed",M,82,-88,"Sicilian Defense: Kan Variation, Maróczy Bind, Réti Variation",True,M,Male vs Male
"Jarmula, Lukasz",M,82,-129,"King's Indian, Averbakh, Main Line",True,M,Male vs Male
"Jarmula, Lukasz",M,40,-140,"King's Indian Defense: Averbakh Variation, Modern Defense",True,M,Male vs Male
"Yuffa, Daniil",M,126,150,Catalan Opening: Closed Variation,False,M,Male vs Male
"Jarmula, Lukasz",M,146,-128,Modern Defense: Beefeater Variation,False,M,Male vs Male
"Jovic, Stevan",M,88,-63,"King's Indian Defense: Orthodox Variation, Glek Defense",True,M,Male vs Male
"Plenca, Julijan",M,44,-233,"Italian Game: Classical Variation, Greco Gambit",True,M,Male vs Male
"Ballecer, Dino",M,68,-242,French Defense: King's Indian Attack,True,M,Male vs Male
"Shagbazyan, Taron",M,128,-177,Queen's Gambit Accepted: Old Variation,True,M,Male vs Male
"Atanejhad, Sahebali",M,114,-26,Indian Game,False,M,Male vs Male
"Almagro Llamas, Pablo",M,72,-49,"Queen's Gambit Declined: Semi-Tarrasch Defense, Exchange Variation",True,M,Male vs Male
"Ramirez Medina, Victor",M,32,-62,Nimzowitsch-Larsen Attack,True,M,Male vs Male
"Shchukin, Dmitry",M,108,131,Pirc Defense #3,False,M,Male vs Male
"Almagro Llamas, Pablo",M,114,103,English Opening: Anglo-Indian Defense,False,M,Male vs Male
"Khairat, Ahmed",M,88,-231,"French Defense: Winawer Variation, Advance Variation",False,M,Male vs Male
"Doric, Darko",M,64,-19,Trompowsky Attack: Classical Defense,True,M,Male vs Male
"Doric, Darko",M,48,-46,Indian Game: East Indian Defense,False,M,Male vs Male
"Jarmula, Lukasz",M,110,-55,"English Opening: King's English Variation, Three Knights System",False,M,Male vs Male
"Raicevic, Vladimir",M,54,-149,Queen's Gambit Refused: Albin Countergambit,True,M,Male vs Male
"Ratkovic, Miloje",M,70,160,Old Benoni Defense,False,M,Male vs Male
"Velten, Paul",M,116,17,Torre Attack,True,M,Male vs Male
"Sanikidze, Tornike",M,90,-71,Slav Defense: Exchange Variation,False,M,Male vs Male
"Ratkovic, Milovan",M,80,101,Semi-Slav Defense: Accelerated Move Order,False,M,Male vs Male
"Posthuma, Joshua",M,94,327,"Nimzowitsch Defense: Kennedy Variation, Hammer Gambit",True,M,Male vs Male
"Blesic, Vaso",M,66,-181,English Opening: Anglo-Dutch Defense,False,M,Male vs Male
"Okike, David",M,144,-352,"Caro-Kann Defense: Advance Variation, Botvinnik-Carls Defense",False,M,Male vs Male
"Okike, David",M,138,-359,"Caro-Kann Defense: Advance Variation, Botvinnik-Carls Defense",False,M,Male vs Male
"Wisniacki, Flavio",M,146,-5,English Opening: Great Snake Variation,False,M,Male vs Male
"Volovich, Vasily",M,60,-82,Caro-Kann Defense: Two Knights Attack,True,M,Male vs Male
"Volovich, Vasily",M,92,-110,Zukertort Opening: Slav Invitation,False,M,Male vs Male
"Almagro Llamas, Pablo",M,44,-66,Nimzo-Larsen Attack: Modern Variation #2,True,M,Male vs Male
"Cabrera Pando, Ramiro",M,100,101,Zukertort Opening: Nimzo-Larsen Variation,False,M,Male vs Male
"Trifonov, Denis",M,42,-34,Indian Game,False,M,Male vs Male
"Devaev, Alexander",M,42,-172,"Benko Gambit Accepted, Fully Accepted Variation",True,M,Male vs Male
"Yeletsky, Ivan",M,89,-133,"Sicilian Defense: Najdorf Variation, Adams Attack",True,M,Male vs Male
"Yeletsky, Ivan",M,58,-151,Caro-Kann Defense: Tartakower Variation,False,M,Male vs Male
"Oragwu, Chukwunonso",M,78,-162,"Sicilian Defense: Richter-Rauzer Variation, Neo-Modern Variation",True,M,Male vs Male
"Doric, Darko",M,114,79,Trompowsky Attack,True,M,Male vs Male
"Zelbel, Patrick",M,68,89,Sicilian Defense: French Variation,True,M,Male vs Male
"Okas, Walter",M,102,-116,Colle System,False,M,Male vs Male
"Okike, David",M,132,-213,Ruy Lopez: Closed Variations,False,M,Male vs Male
"Miron, Lucian-Costin",M,102,-18,King's Indian Attack: Spassky Variation,True,M,Male vs Male
"Koutsin, Sergey",M,84,-19,"Queen's Gambit Declined: Semi-Tarrasch Defense, Exchange Variation",True,M,Male vs Male
"Rodrigue-Lemieux, Shawn",M,56,-290,Sicilian Defense: Nyezhmetdinov-Rossolimo Attack,True,M,Male vs Male
"Narvaez Ramirez, Faber Alberto",M,116,-18,"Scandinavian Defense: Main Line, Leonhardt Gambit",True,M,Male vs Male
"Narvaez Ramirez, Faber Alberto",M,80,-45,"Scandinavian Defense: Main Line, Mieses Variation",False,M,Male vs Male
"Saya, Ethan",M,132,5,Queen's Pawn Game: Mason Attack,True,M,Male vs Male
"Velten, Paul",M,74,201,Dutch Defense: Hopton Attack,True,M,Male vs Male
"Tekeyev, Zaur",M,74,110,"Italian Game: Giuoco Pianissimo, Normal",False,M,Male vs Male
"Oragwu, Chukwunonso",M,74,-153,"Sicilian Defense: Four Knights Variation, Exchange Variation",True,M,Male vs Male
"Christie, Joshua",M,76,155,Pirc Defense: Classical Variation,False,M,Male vs Male
"Koutsin, Sergey",M,80,7,Modern Defense,False,M,Male vs Male
"Oragwu, Chukwunonso",M,58,-48,Sicilian Defense: Dragon Variation,True,M,Male vs Male
"Oragwu, Chukwunonso",M,120,-217,"Ruy Lopez: Morphy Defense, Modern Steinitz Defense",False,M,Male vs Male
"Oragwu, Chukwunonso",M,178,-231,"Ruy Lopez: Morphy Defense, Anderssen Variation",False,M,Male vs Male
"Aliavdin, Nikolai",M,120,-65,"Caro-Kann Defense: Classical Variation, Main Line",False,M,Male vs Male
"Raicevic, Vladimir",M,98,0,"Benoni Defense: Classical Variation, Argentine Counterattack",False,M,Male vs Male
"Okike, David",M,62,-153,French Defense: King's Indian Attack,True,M,Male vs Male
"Wieczorek, Oskar",M,84,98,Four Knights Game: Gunsberg Variation,False,M,Male vs Male
"Jarmula, Lukasz",M,100,1,Sicilian Defense: Canal-Sokolsky Attack,True,M,Male vs Male
"Wieczorek, Oskar",M,158,13,Sicilian Defense: Classical Variation,True,M,Male vs Male
"Wieczorek, Oskar",M,16,-15,"Sicilian Defense: Richter-Rauzer Variation, Neo-Modern Variation, Early Deviations",True,M,Male vs Male
"Khairat, Ahmed",M,60,-213,Sicilian Defense: Najdorf Variation,True,M,Male vs Male
"Osmak, Yuliia",M,44,-189,Queen's Gambit Accepted: Old Variation,True,F,Female vs Male
"Osmak, Yuliia",M,66,-189,"French Defense: Advance Variation, Main Line",False,F,Female vs Male
"Moiseenko, Vadim",F,56,197,"English Opening: Agincourt Defense, Neo-Catalan Declined",False,M,Male vs Female
"Posthuma, Joshua",M,148,-186,Queen's Gambit Accepted: Janowski-Larsen Variation,True,M,Male vs Male
"Osmak, Yuliia",M,76,-176,Scandinavian Defense: Gubinsky-Melts Defense,False,F,Female vs Male
"Osmak, Yuliia",M,40,-184,"Russian Game: Damiano Variation, Kholmov Gambit",True,F,Female vs Male
"Osmak, Yuliia",M,92,-198,French Defense: Mediterranean Defense,False,F,Female vs Male
"Osmak, Yuliia",M,50,-212,"Italian Game: Giuoco Pianissimo, Normal",False,F,Female vs Male
"Osmak, Yuliia",M,86,-225,"Sicilian Defense: Najdorf Variation, Adams Attack",True,F,Female vs Male
"Doric, Darko",M,70,22,"Benoni Defense: Modern Variation, Snake Variation",False,M,Male vs Male
"Osmak, Yuliia",M,38,-238,Philidor Defense: Hanham Variation,False,F,Female vs Male
"Osmak, Yuliia",M,64,-249,"Nimzowitsch Defense: Kennedy Variation, Linksspringer Variation",False,F,Female vs Male
"Narvaez Ramirez, Faber Alberto",M,54,-84,Sicilian Defense: Dragon Variation,True,M,Male vs Male
"Plenca, Julijan",M,60,-110,Modern Defense: Mongredien Defense,False,M,Male vs Male
"Sanikidze, Tornike",M,122,120,"Sicilian Defense: Richter-Rauzer Variation, Neo-Modern Variation",True,M,Male vs Male
"Plenca, Julijan",M,56,-101,"French Defense: Tarrasch Variation, Closed Variation, Main Line",False,M,Male vs Male
"Sanikidze, Tornike",M,128,111,Nimzo-Larsen Attack: Modern Variation #4,True,M,Male vs Male
"Rodriguez Hernandez, Luis Daniel",M,80,-56,Sicilian Defense: Four Knights Variation,True,M,Male vs Male
"Wisniacki, Flavio",M,46,-123,English Opening: King's English Variation,False,M,Male vs Male
"Jovic, Stevan",M,53,-26,Modern Defense,False,M,Male vs Male
"Trifonov, Denis",M,108,-17,Scandinavian Defense: Modern Variation #2,False,M,Male vs Male
"Raicevic, Vladimir",M,122,133,Englund Gambit Complex: Soller Gambit Deferred,True,M,Male vs Male
"Moiseenko, Vadim",M,68,99,"Queen's Pawn Game: Torre Attack, Gossip Variation",True,M,Male vs Male
"Jarmula, Lukasz",M,62,-81,Caro-Kann Defense: Two Knights Attack,True,M,Male vs Male
"Jarmula, Lukasz",M,84,-110,Caro-Kann Defense: Two Knights Attack,True,M,Male vs Male
"Jarmula, Lukasz",M,48,-121,Caro-Kann Defense: Two Knights Attack,True,M,Male vs Male
"Posthuma, Joshua",M,60,-231,Queen's Gambit Accepted: Janowski-Larsen Variation,True,M,Male vs Male
"Posthuma, Joshua",M,136,-227,Old Benoni Defense,False,M,Male vs Male
"Jarmula, Lukasz",M,60,-209,Caro-Kann Defense: Two Knights Attack,True,M,Male vs Male
"Jarmula, Lukasz",M,42,-222,"French Defense: Tarrasch Variation, Closed Variation, Main Line",False,M,Male vs Male
"Jarmula, Lukasz",M,108,-220,"French Defense: Tarrasch Variation, Closed Variation, Main Line",False,M,Male vs Male
"Jarmula, Lukasz",M,88,-233,"French Defense: Tarrasch Variation, Closed Variation #2",False,M,Male vs Male
"Jarmula, Lukasz",M,54,-245,"French Defense: Tarrasch Variation, Closed Variation #2",False,M,Male vs Male
"Jarmula, Lukasz",M,84,-256,"French Defense: Tarrasch Variation, Closed Variation #2",False,M,Male vs Male
"Obgolts, Erik",M,58,-47,Queen's Pawn Game: London System,False,M,Male vs Male
"Obgolts, Erik",M,50,-71,"Ruy Lopez: Exchange Variation, King's Bishop Variation",False,M,Male vs Male
"Trifonov, Denis",M,56,-186,"Ruy Lopez: Morphy Defense, Duras Variation",False,M,Male vs Male
"Plenca, Jadranko",M,62,141,"Sicilian Defense: Canal Attack, Main Line",True,M,Male vs Male
"Narvaez Ramirez, Faber Alberto",M,92,-69,Scotch Game: Classical Variation,False,M,Male vs Male
"Christie, Joshua",M,92,-49,"English Opening: Anglo-Indian Defense, King's Indian Formation",True,M,Male vs Male
"Atanejhad, Sahebali",M,54,17,Queen's Gambit Declined: Janowski Variation,True,M,Male vs Male
"Atanejhad, Sahebali",M,62,-12,"Benoni Defense: Benoni-Indian Defense, Kingside Move Order",False,M,Male vs Male
"Narvaez Ramirez, Faber Alberto",M,94,-143,Sicilian Defense: Old Sicilian,True,M,Male vs Male
"Devaev, Alexander",M,118,-95,"Grünfeld Defense: Three Knights Variation, Petrosian System",False,M,Male vs Male
"Crispin Ferreras, Darvi Abraham",M,78,-95,Benoni Defense: Benoni Gambit Accepted,True,M,Male vs Male
"Yuffa, Daniil",M,68,14,Semi-Slav Defense: Botvinnik System,False,M,Male vs Male
"Plenca, Julijan",M,86,5,"Sicilian Defense: Richter-Rauzer Variation, Neo-Modern Variation",True,M,Male vs Male
"Viviani, Alessio",M,72,-133,"King's Indian Defense: Normal Variation, Rare Defenses",True,M,Male vs Male
"Schut, Han",M,60,-291,Alekhine Defense: Exchange Variation,False,M,Male vs Male
"Trifonov, Denis",M,88,-53,English Opening: Symmetrical Variation,False,M,Male vs Male
"Shymanskyi, Oleksandr",M,46,-180,Sicilian Defense: Delayed Alapin Variation,True,M,Male vs Male
"Jarmula, Lukasz",M,104,8,Scandinavian Defense: Schiller-Pytel Variation,False,M,Male vs Male
"Chylewski, Patryk",M,56,106,Zukertort Opening: Quiet System,False,M,Male vs Male
"Raicevic, Vladimir",M,68,10,Lion Defense: Lion's Jaw,False,M,Male vs Male
"Turqueza, Mari Joseph",M,92,10,"Queen's Indian Defense: Classical Variation, Polugaevsky Gambit",True,M,Male vs Male
"Miron, Lucian-Costin",M,50,92,Wade Defense,False,M,Male vs Male
"Dutina, Dario",M,58,-74,"Ruy Lopez: Exchange Variation, Keres Variation",False,M,Male vs Male
"Jovic, Stevan",M,88,133,Semi-Slav Defense: Main Line,False,M,Male vs Male
"Okara, Andrey",M,108,-91,"Sicilian Defense: Accelerated Dragon, Maróczy Bind",True,M,Male vs Male
"Palu, Andres",M,118,-54,"Caro-Kann Defense: Advance Variation, Short Variation",False,M,Male vs Male
"Okara, Andrey",M,83,2,"Ruy Lopez: Morphy Defense, Cozio Defense",False,M,Male vs Male
"Schekachikhin, Maksim",M,86,-20,"Sicilian Defense: Najdorf Variation, Opocensky Variation",True,M,Male vs Male
"Schekachikhin, Maksim",M,84,12,French Defense: Exchange Variation,False,M,Male vs Male
"Aliavdin, Nikolai",M,102,-177,Caro-Kann Defense: Tartakower Variation,False,M,Male vs Male
"Aliavdin, Nikolai",M,94,-192,Caro-Kann Defense: Exchange Variation,False,M,Male vs Male
"Aliavdin, Nikolai",M,62,-206,Caro-Kann Defense: Exchange Variation,False,M,Male vs Male
"Aliavdin, Nikolai",M,52,-220,Semi-Slav Defense: Accelerated Meran Variation,False,M,Male vs Male
"Obgolts, Erik",M,64,28,Hungarian Opening: Symmetrical Variation,False,M,Male vs Male
"Palchuk, Andrii",M,66,-240,"Trompowsky Attack: Classical Defense, Big Center Variation",True,M,Male vs Male
"Obgolts, Erik",M,102,-22,"Caro-Kann Defense: Accelerated Panov Attack, Open Variation",True,M,Male vs Male
"Obgolts, Erik",M,142,-48,Queen's Pawn Game: Zukertort Variation,False,M,Male vs Male
"Doric, Darko",M,68,55,Trompowsky Attack,True,M,Male vs Male
"Obgolts, Erik",M,154,-39,Queen's Pawn Game: Krause Variation,False,M,Male vs Male
"Doric, Darko",M,170,52,Rat Defense: Antal Defense,False,M,Male vs Male
"Doric, Darko",M,36,32,Indian Game,False,M,Male vs Male
"Limontaite, Simona",M,104,-134,Tarrasch Defense: Symmetrical Variation,False,F,Female vs Male
"Vidonyak, Roman",M,82,-96,"King's Indian Defense: Orthodox Variation, Glek Defense",True,M,Male vs Male
"Koutsin, Sergey",M,108,-76,"King's Indian Defense: Fianchetto Variation, Long Variation",True,M,Male vs Male
"Khairat, Ahmed",M,44,-148,"Sicilian Defense: Richter-Rauzer, 6...e6",True,M,Male vs Male
"Khairat, Ahmed",M,82,-158,"Sicilian Defense: Richter-Rauzer, 6...e6",True,M,Male vs Male
"Segarra, Randy",M,74,-7,"Pirc Defense: Austrian Attack, Unzicker Attack",True,M,Male vs Male
"Wisniacki, Flavio",M,110,-9,"English Opening: King's English Variation, Nimzowitsch Variation",False,M,Male vs Male
"Yeletsky, Ivan",M,76,140,Lion Defense: Lion's Jaw,False,M,Male vs Male
"Volovich, Vasily",M,152,43,Zukertort Opening: Pirc Invitation,False,M,Male vs Male
"Posthuma, Joshua",M,32,-27,"Grünfeld Defense: Exchange Variation, Nadanian Attack",True,M,Male vs Male
"Volovich, Vasily",M,116,36,Caro-Kann Defense: Two Knights Attack,True,M,Male vs Male
"Wisniacki, Flavio",M,60,80,English Opening: King's English Variation,False,M,Male vs Male
"Ghersinich, Enrico",M,84,1,King's Indian Defense: Semi-Averbakh System,True,M,Male vs Male
"Hadzovic, Amir",M,67,15,Sicilian Defense: Closed Variation,True,M,Male vs Male
"Wisniacki, Flavio",M,148,-97,English Opening: King's English Variation,False,M,Male vs Male
"Quiroga Jaquez, Angel Ivan",M,82,-8,Old Benoni Defense,False,M,Male vs Male
"Shchukin, Dmitry",M,112,22,Caro-Kann Defense: Accelerated Panov Attack,True,M,Male vs Male
"Palu, Andres",M,24,-41,"Pirc Defense: Austrian Attack, Dragon Formation",True,M,Male vs Male
"Saya, Ethan",M,66,-130,Pirc Defense #3,False,M,Male vs Male
"Ermolaev, Andrey",M,62,-5,French Defense: Marshall Variation,False,M,Male vs Male
"Raicevic, Vladimir",M,72,114,"Slav Defense: Exchange Variation, Symmetrical Line",False,M,Male vs Male
"Posthuma, Joshua",M,110,132,"King's Indian Defense: Sämisch Variation, Orthodox Variation",True,M,Male vs Male
"Okara, Andrey",M,52,-113,Scandinavian Defense: Mieses-Kotroc Variation,False,M,Male vs Male
"Okara, Andrey",M,60,-133,"Caro-Kann Defense: Panov Attack, Modern Defense, Czerniak Line",True,M,Male vs Male
"Okara, Andrey",M,58,-136,"Caro-Kann Defense: Advance Variation, Botvinnik-Carls Defense",False,M,Male vs Male
"Posthuma, Joshua",M,138,145,"Ruy Lopez: Morphy Defense, Modern Steinitz Defense #2",False,M,Male vs Male
"Okara, Andrey",M,50,-124,"Caro-Kann Defense: Advance Variation, Botvinnik-Carls Defense",False,M,Male vs Male
"Triapishko, Alexandr",M,122,-63,Caro-Kann Defense,False,M,Male vs Male
"Khairat, Ahmed",M,118,-240,Sicilian Defense: Najdorf Variation,True,M,Male vs Male
"Jovic, Stevan",M,60,-2,Indian Game: East Indian Defense,False,M,Male vs Male
"Atanejhad, Sahebali",M,22,-155,Queen's Gambit Refused: Baltic Defense,True,M,Male vs Male
"Osmak, Yuliia",M,2,264,Indian Game,False,F,Female vs Male
"Trifonov, Denis",M,64,24,Semi-Slav Defense: Bogoljubov Variation,False,M,Male vs Male
"Raicevic, Vladimir",M,128,-15,Slav Defense: Exchange Variation,False,M,Male vs Male
"Shoker, Samy",M,102,215,King's Indian Attack: Sicilian Variation #2,True,M,Male vs Male
"Koutsin, Sergey",M,94,-45,Slav Defense: Exchange Variation,False,M,Male vs Male
Mafaaz Khalid,M,50,-271,Semi-Slav Defense: Anti-Moscow Gambit,True,M,Male vs Male
"Jovic, Stevan",M,46,-46,"Nimzo-Indian Defense: 4.e3 e8g8, 5.Nf3, without ...d5",False,M,Male vs Male
Mafaaz Khalid,M,62,-222,Old Benoni Defense,False,M,Male vs Male
"Korkmaz, Necmettin",M,105,-91,"Italian Game: Scotch Gambit, Anderssen Attack",True,M,Male vs Male
"Narvaez Ramirez, Faber Alberto",M,88,-108,"Sicilian Defense: Nimzowitsch Variation, Closed Variation",True,M,Male vs Male
"Narvaez Ramirez, Faber Alberto",M,72,-128,"Sicilian Defense: Nimzowitsch Variation, Closed Variation",True,M,Male vs Male
"Trifonov, Denis",M,88,-49,Sicilian Defense: Classical Variation,True,M,Male vs Male
"Tekeyev, Zaur",M,90,29,"French Defense: Tarrasch Variation, Modern System",False,M,Male vs Male
"Golubev, Mikhail",M,56,81,Four Knights Game,False,M,Male vs Male
"Jovic, Stevan",M,148,42,Old Benoni Defense,False,M,Male vs Male
"Oragwu, Chukwunonso",M,92,-192,Alekhine Defense: Normal Variation,False,M,Male vs Male
"Jovic, Stevan",M,71,8,Modern Defense,False,M,Male vs Male
"Jarmula, Lukasz",M,152,22,Sicilian Defense: Closed Variation,True,M,Male vs Male
"Loiacono, Leonardo",M,72,174,Semi-Slav Defense: Stoltz Variation,False,M,Male vs Male
"Chylewski, Patryk",M,66,-12,Zukertort Opening: Kingside Fianchetto,False,M,Male vs Male
"Plichta, Kamil",M,52,9,Queen's Gambit Declined: Janowski Variation,True,M,Male vs Male
"Khairat, Ahmed",M,78,-78,Caro-Kann Defense: von Hennig Gambit,True,M,Male vs Male
"Juhasz, Armin",M,90,-17,Old Indian: Czech Variation,False,M,Male vs Male
"Narvaez Ramirez, Faber Alberto",M,42,-187,"Caro-Kann Defense: Two Knights Attack, Mindeno Variation, Exchange Line",True,M,Male vs Male
"Marcelin, Cyril",M,40,37,Indian Game: Spielmann-Indian,False,M,Male vs Male
"Cabrera Pando, Ramiro",M,66,87,Benko Gambit,True,M,Male vs Male
"Palu, Andres",M,24,36,Englund Gambit,True,M,Male vs Male
"Gwaze, Robert",M,126,85,Van't Kruijs Opening,False,M,Male vs Male
"Abasov, Nijat",M,148,59,Caro-Kann Defense: Exchange Variation,False,M,Male vs Male
The Sunshine,M,152,-44,"Ruy Lopez: Morphy Defense, Chigorin Defense, Panov System",False,F,Female vs Male
"Andersen, Gunnar",M,50,87,Sicilian Defense: Najdorf Variation,True,M,Male vs Male
The Sunshine,M,48,-12,"Ruy Lopez: Open Variations, Dilworth Variation",False,F,Female vs Male
The Sunshine,M,120,-278,"Ruy Lopez: Morphy Defense, Fianchetto Defense Deferred",False,F,Female vs Male
"Shchukin, Dmitry",M,100,76,"Sicilian Defense: Sozin Attack, Leonhardt Variation",True,M,Male vs Male
"Jarmula, Lukasz",M,58,-7,"Sicilian Defense: Paulsen Variation, Bastrikov Variation",True,M,Male vs Male
"Andersen, Gunnar",M,34,-28,"Italian Game: Two Knights Defense, Modern Bishop's Opening",False,M,Male vs Male
"Sevostianov, Vladimir",M,104,-215,Zukertort Opening: Sicilian Invitation,True,M,Male vs Male
"Sevostianov, Vladimir",M,82,-228,"Ruy Lopez: Morphy Defense, Arkhangelsk Variation",False,M,Male vs Male
"Sevostianov, Vladimir",M,80,-240,Indian Game: London System,False,M,Male vs Male
"Shchukin, Dmitry",M,44,52,"Sicilian Defense: Paulsen Variation, Szén Variation",True,M,Male vs Male
"Aliavdin, Nikolai",M,40,36,"Sicilian Defense: Dragon Variation, Yugoslav Attack, Panov Variation",True,M,Male vs Male
"Sebenik, Matej",M,68,-20,"Grünfeld Defense: Three Knights Variation, Burille Variation, Reversed Tarrasch",False,M,Male vs Male
"Aliavdin, Nikolai",M,92,34,Indian Game,False,M,Male vs Male
"Aliavdin, Nikolai",M,66,3,Queen's Pawn Game: London System,False,M,Male vs Male
"Bouvier, Bruno",M,74,-51,"Alekhine Defense: Modern Variation, Alburt Variation",False,M,Male vs Male
"Jovic, Stevan",M,96,36,Queen's Gambit Refused: Marshall Defense,True,M,Male vs Male
"Shchukin, Dmitry",F,124,122,"Sicilian Defense: Kan Variation, Wing Attack, Fianchetto Variation",True,M,Male vs Female
The Sunshine,M,66,-170,"Sicilian Defense: Accelerated Dragon, Modern Bc4 Variation",True,F,Female vs Male
"Dutina, Dario",M,66,21,"Alekhine Defense: Four Pawns Attack, Main Line",True,M,Male vs Male
"Vibbert, Sean",M,94,40,Sicilian Defense: Closed Variation,True,M,Male vs Male
"Devaev, Alexander",M,72,-89,Mikenas Defense,False,M,Male vs Male
"Volovich, Vasily",M,88,139,Sicilian Defense: Delayed Alapin,True,M,Male vs Male
"Dutina, Dario",M,94,-136,Sicilian Defense: Grand Prix Attack,True,M,Male vs Male
"Jarmula, Lukasz",M,84,-131,Pirc Defense: 150 Attack,True,M,Male vs Male
"Palu, Andres",M,66,-82,Indian Game: Przepiorka Variation,False,M,Male vs Male
"Bacallao Alonso, Yusnel",M,68,41,English Opening: Caro-Kann Defensive System,False,M,Male vs Male
"Mardov, Dimitar",M,72,39,"Sicilian Defense: Lasker-Pelikan Variation, Schlechter Variation",True,M,Male vs Male
"Almagro Llamas, Pablo",M,78,136,Torre Attack,True,M,Male vs Male
"ADU, Oladapo",M,100,4,Sicilian Defense: Kalashnikov Variation,True,M,Male vs Male
"ADU, Oladapo",M,114,-30,Alekhine Defense: Maróczy Variation,False,M,Male vs Male
"ADU, Oladapo",M,98,-21,Saragossa Opening,False,M,Male vs Male
"Jarmula, Lukasz",M,50,35,Modern Defense: Standard Defense,False,M,Male vs Male
"Ratkovic, Milovan",M,88,-88,"King's Indian Defense: Sämisch Variation, Bobotsov-Korchnoi-Petrosian Variation",True,M,Male vs Male
"Jarmula, Lukasz",M,70,4,Modern Defense: Standard Defense,False,M,Male vs Male
"Aponte Ramos, Argimiro",M,102,-159,Sicilian Defense: French Variation,True,M,Male vs Male
"Plenca, Julijan",M,40,-68,"Sicilian Defense: Dragon Variation, Yugoslav Attack, Modern Line",True,M,Male vs Male
"Gelman, Alexander",M,84,-121,"Sicilian Defense: Wing Gambit, Marshall Variation",True,M,Male vs Male
"Shchukin, Dmitry",M,44,131,Scandinavian Defense,False,M,Male vs Male
"Gelman, Alexander",M,58,-92,French Defense: Wing Gambit,True,M,Male vs Male
"Shchukin, Dmitry",M,62,103,"Sicilian Defense: French Variation, Open",True,M,Male vs Male
"Dvirnyy, Danyyil",M,92,141,Benoni Defense: Fianchetto Variation,False,M,Male vs Male
"ADU, Oladapo",M,120,-284,Saragossa Opening,False,M,Male vs Male
"Draskovic, Luka",M,86,-26,Hungarian Opening: Slav Formation,False,M,Male vs Male
"Nuri, Murad",M,60,49,"English Opening: King's English Variation, Three Knights System",False,M,Male vs Male
"Draskovic, Luka",M,122,-23,King's Indian Attack: Yugoslav Variation,True,M,Male vs Male
"Nuri, Murad",M,102,44,"English Opening: King's English Variation, Kramnik-Shirov Counterattack",False,M,Male vs Male
"Irizanin, Radoje",M,92,-256,Indian Game: Spielmann-Indian,False,M,Male vs Male
"Neugebauer, Martin",M,94,-82,"Sicilian Defense: Richter-Rauzer Variation, Modern Variation",True,M,Male vs Male
"Doric, Darko",M,108,93,Trompowsky Attack,True,M,Male vs Male
"Ambartsumova, Karina",M,178,-130,Indian Game: Czech-Indian,False,F,Female vs Male
"Segarra, Randy",M,152,-82,Nimzo-Larsen Attack: Classical Variation,True,M,Male vs Male
"Segarra, Randy",M,116,-89,Nimzo-Larsen Attack: Classical Variation,True,M,Male vs Male
"Devaev, Alexander",M,54,-132,Queen's Gambit Declined: Exchange Variation,True,M,Male vs Male
"Strikovic, Aleksa",M,100,58,"Caro-Kann Defense: Accelerated Panov Attack, Modern Variation",True,M,Male vs Male
"Korchmar, Vasiliy",M,78,-3,Queen's Pawn Game: London System,False,M,Male vs Male
"Punin, Andrii",M,74,3,Sicilian Defense: Najdorf Variation,True,M,Male vs Male
"Blesic, Vaso",M,62,-192,"Sicilian Defense: Najdorf Variation, Adams Attack",True,M,Male vs Male
"Nozdrachev, Vladislav",M,88,145,"Sicilian Defense: Canal Attack, Main Line",True,M,Male vs Male
"Bakhmatsky, Vladislav",M,84,-6,"Sicilian Defense: Richter-Rauzer Variation, Neo-Modern Variation, Early Deviations",True,M,Male vs Male
"Gomez, Carlos David",M,56,-124,"Sicilian Defense: Kan Variation, Modern Variation",True,M,Male vs Male
"Palu, Andres",M,72,-226,"Italian Game: Classical Variation, Greco Gambit",True,M,Male vs Male
"Doric, Darko",M,118,44,Queen's Pawn Game: Mason Attack,True,M,Male vs Male
"Perez, Daniel",M,61,-45,"Ruy Lopez: Morphy Defense, Modern Steinitz Defense #2",False,M,Male vs Male
"Christie, Joshua",M,112,-127,"French Defense: Tarrasch Variation, Open System, Euwe-Keres Line",False,M,Male vs Male
"Strikovic, Aleksa",M,132,-2,English Opening: Agincourt Defense #2,False,M,Male vs Male
"Doric, Darko",M,70,28,Queen's Pawn,False,M,Male vs Male
"Cabrera Pando, Ramiro",M,56,115,Zukertort Opening: Herrstrom Gambit,True,M,Male vs Male
"Bouvier, Bruno",M,48,-194,Sicilian Defense: Kramnik Variation,True,M,Male vs Male
"Shchukin, Dmitry",M,94,198,"Sicilian Defense: Dragon Variation, Levenfish Variation",True,M,Male vs Male
"Palu, Andres",M,56,-56,"Queen's Pawn Game: Symmetrical Variation, Pseudo-Catalan",False,M,Male vs Male
"Palu, Andres",M,84,-67,Sicilian Defense: Closed Variation,True,M,Male vs Male
"Ermolaev, Andrey",M,102,-226,Queen's Pawn Game: Chigorin Variation,False,M,Male vs Male
"Piscopo, Pierluigi",M,76,39,Nimzo-Indian Defense: St. Petersburg Variation,False,M,Male vs Male
"Ermolaev, Andrey",M,74,-238,Queen's Pawn Game: Chigorin Variation,False,M,Male vs Male
"Zhigalko, Sergei",M,90,244,"French Defense: Steinitz Variation, Boleslavsky Variation",False,M,Male vs Male
"Ermolaev, Andrey",M,72,-221,Queen's Pawn Game: Chigorin Variation,False,M,Male vs Male
"Ermolaev, Andrey",M,54,-233,Queen's Pawn Game: Chigorin Variation,False,M,Male vs Male
"Ermolaev, Andrey",M,44,-245,Alekhine Defense: Sämisch Attack,True,M,Male vs Male
"Ermolaev, Andrey",M,60,-257,Queen's Pawn Game: Chigorin Variation,False,M,Male vs Male
"Korchmar, Vasiliy",M,126,26,Queen's Pawn Game: London System,False,M,Male vs Male
"Jere, Daniel",M,78,83,English Opening: King's English Variation,False,M,Male vs Male
"Shchukin, Dmitry",M,114,-66,"Sicilian Defense: Accelerated Dragon, Modern Variation",True,M,Male vs Male
"Gomez, Carlos David",M,126,-94,French Defense: Schlechter Variation,False,M,Male vs Male
"Nordahl, Helge",M,104,-23,"Sicilian Defense: Lasker-Pelikan Variation, Sveshnikov Variation #2",True,M,Male vs Male
"Sevostianov, Vladimir",M,96,-89,"Pirc Defense: Classical Variation, Schlechter Variation",False,M,Male vs Male
"Maier, Christian",M,34,-36,"French Defense: Winawer Variation, Advance Variation #3",False,M,Male vs Male
"Bouvier, Bruno",M,58,59,Pirc Defense: Chinese Variation,False,M,Male vs Male
"Piscopo, Pierluigi",M,76,8,Old Benoni Defense,False,M,Male vs Male
"Gwaze, Robert",M,108,5,"French Defense: Advance Variation, Lputian Variation",False,M,Male vs Male
"Gomez, Carlos David",M,80,-22,Sicilian Defense: Paulsen Variation,True,M,Male vs Male
"Kozlov, Stanislav",M,94,-100,Sicilian Defense: Old Sicilian,True,M,Male vs Male
"Shchukin, Dmitry",M,68,-33,"Caro-Kann Defense: Accelerated Panov Attack, Open Variation",True,M,Male vs Male
"Devaev, Alexander",M,76,-22,Old Benoni Defense,False,M,Male vs Male
"Devaev, Alexander",M,80,-49,Old Benoni Defense,False,M,Male vs Male
"Shchukin, Dmitry",M,92,61,Caro-Kann Defense: Accelerated Panov Attack #2,True,M,Male vs Male
"Jovic, Stevan",M,70,-38,Old Benoni Defense,False,M,Male vs Male
"Jovic, Stevan",M,82,-67,Tarrasch Defense: Two Knights Variation,False,M,Male vs Male
"Gwaze, Robert",M,106,295,"Italian Game: Evans Gambit, Anderssen Variation",True,M,Male vs Male
"Shchukin, Dmitry",M,90,43,Scandinavian Defense,False,M,Male vs Male
"Doric, Darko",M,37,48,Trompowsky Attack,True,M,Male vs Male
"Doric, Darko",M,84,-49,"King's Indian Defense: Orthodox Variation, Gligoric-Taimanov System",True,M,Male vs Male
"Leenhouts, Koen",M,120,-3,"Sicilian Defense: Richter-Rauzer Variation, Modern Variation",True,M,Male vs Male
"Leenhouts, Koen",M,82,-30,"Caro-Kann Defense: Advance Variation, Short Variation",False,M,Male vs Male
"Leenhouts, Koen",M,68,10,"French Defense: Tarrasch Variation, Open System, Main Line",False,M,Male vs Male
"Ermolaev, Andrey",M,45,19,Sicilian Defense: Kupreichik Variation,True,M,Male vs Male
"Shchukin, Dmitry",M,140,-45,"Sicilian Defense: Najdorf, Lipnitsky Attack",True,M,Male vs Male
"Yeletsky, Ivan",M,46,204,"Englund Gambit Declined, Reversed Krebs",True,M,Male vs Male
"Ermolaev, Andrey",M,90,-182,Queen's Pawn Game: Chigorin Variation,False,M,Male vs Male
"Shchukin, Dmitry",M,120,-79,Sicilian Defense: Kupreichik Variation,True,M,Male vs Male
"Yeletsky, Ivan",M,158,196,"Neo-Grünfeld Defense: Classical Variation, Original Defense",False,M,Male vs Male
"Yeletsky, Ivan",M,106,75,Caro-Kann Defense,False,M,Male vs Male
"Doric, Darko",M,72,-58,Trompowsky Attack,True,M,Male vs Male
"Yeletsky, Ivan",M,68,70,"Queen's Gambit Accepted: Alekhine Defense, Haberditz Variation",True,M,Male vs Male
"Doric, Darko",M,64,-52,Trompowsky Attack,True,M,Male vs Male
"Doric, Darko",M,56,-62,"Trompowsky Attack: Classical Defense, Big Center Variation",True,M,Male vs Male
"Doric, Darko",M,73,-71,"Nimzo-Indian Defense: Classical Variation, Milner-Barry Variation",False,M,Male vs Male
"Yeletsky, Ivan",M,96,83,Caro-Kann Defense,False,M,Male vs Male
"Yeletsky, Ivan",M,101,48,Queen's Pawn Game: Zukertort Variation,False,M,Male vs Male
"Doric, Darko",M,102,-32,Queen's Pawn,False,M,Male vs Male
"Yeletsky, Ivan",M,117,64,Caro-Kann Defense,False,M,Male vs Male
"Doric, Darko",M,114,-44,French Defense: Exchange Variation,False,M,Male vs Male
"Jovic, Stevan",M,54,75,Queen's Gambit Accepted,True,M,Male vs Male
"Genocchio, Daniele",M,28,69,Semi-Slav Defense: Noteboom Variation,False,M,Male vs Male
"Mortazavi, Ali",M,48,83,Sicilian Defense: Closed Variation,True,M,Male vs Male
"Devaev, Alexander",M,46,-89,"Benoni Defense: Benoni-Indian Defense, Kingside Move Order",False,M,Male vs Male
"Needleman, Alejandro",M,98,97,"Ruy Lopez: Closed, 7...O-O",False,M,Male vs Male
"Piscopo, Pierluigi",M,54,-25,Nimzo-Indian Defense: Hübner Variation,False,M,Male vs Male
"Genocchio, Daniele",M,100,38,Sicilian Defense: Alapin Variation,True,M,Male vs Male
"Klukin, Kirill",M,58,101,East Indian Defense,False,M,Male vs Male
"Klukin, Kirill",M,62,101,Tarrasch Defense: Two Knights Variation,False,M,Male vs Male
"Atanejhad, Sahebali",M,64,-16,"Slav Defense: Czech Variation, Classical System, Main Line",False,M,Male vs Male
"Atanejhad, Sahebali",M,78,-67,Indian Game,False,M,Male vs Male
"Gwaze, Robert",M,90,131,"Italian Game: Classical Variation, Giuoco Pianissimo",False,M,Male vs Male
"Lombaers, Peter",M,93,28,Slav Defense: Three Knights Variation,False,M,Male vs Male
"Jovic, Stevan",M,92,83,Budapest Defense: Rubinstein Variation,False,M,Male vs Male
"Neugebauer, Martin",M,47,107,Ruy Lopez: Open Berlin Defense: l'Hermet Variation,False,M,Male vs Male
"Devaev, Alexander",M,66,-119,"King's Indian Defense: Normal Variation, Rare Defenses",True,M,Male vs Male
"Bouzidi, Ahmed",M,84,35,"Sicilian Defense: Alapin Variation, Smith-Morra Declined",True,M,Male vs Male
"Ghersinich, Enrico",M,166,21,Queen's Pawn,False,M,Male vs Male
"Bouzidi, Ahmed",M,52,-4,Sicilian Defense: Alapin Variation,True,M,Male vs Male
"Ermolaev, Andrey",M,82,-74,Queen's Pawn Game: Chigorin Variation,False,M,Male vs Male
"Zamorano, Jorge",M,48,78,"Sicilian Defense: Scheveningen Variation, English Attack #2",True,M,Male vs Male
"Jarmula, Lukasz",M,70,27,"Sicilian Defense: Nimzowitsch Variation, Exchange Variation",True,M,Male vs Male
"Genocchio, Daniele",M,112,-16,"Grünfeld Defense: Brinckmann Attack, Grünfeld Gambit",True,M,Male vs Male
"Jarmula, Lukasz",M,112,29,Goldsmith Defense,False,M,Male vs Male
"Neugebauer, Martin",M,46,-60,Modern Defense: Pseudo-Austrian Attack,True,M,Male vs Male
"Chylewski, Patryk",M,130,72,"Queen's Indian Defense: Petrosian Variation, Farago Defense",False,M,Male vs Male
"Neugebauer, Martin",M,66,-51,"Sicilian Defense: Accelerated Dragon, Modern Bc4 Variation",True,M,Male vs Male
"Gwaze, Robert",M,80,113,"Sicilian Defense: French Variation, Normal",True,M,Male vs Male
"Narvaez Ramirez, Faber Alberto",M,54,-95,"King's Indian Defense: Fianchetto Variation, Debrecen Defense",True,M,Male vs Male
"Jarmula, Lukasz",M,50,8,Caro-Kann Defense: Two Knights Attack,True,M,Male vs Male
"Atanejhad, Sahebali",M,120,-41,Indian Game,False,M,Male vs Male
"Ghorbani, Hadi",M,148,-11,"Sicilian Defense: Najdorf Variation, English Attack",True,M,Male vs Male
"Narvaez Ramirez, Faber Alberto",M,96,-122,Nimzo-Larsen Attack: Symmetrical Variation,True,M,Male vs Male
"Turqueza, Mari Joseph",M,122,-16,Indian Game: Anti-Nimzo-Indian,False,M,Male vs Male
"Narvaez Ramirez, Faber Alberto",M,100,-144,East Indian Defense,False,M,Male vs Male
"Aliavdin, Nikolai",M,72,-148,Pirc Defense,False,M,Male vs Male
"Lombaers, Peter",M,56,-72,Semi-Benoni,False,M,Male vs Male
"Shchukin, Dmitry",M,100,-26,"Caro-Kann Defense: Accelerated Panov Attack, Open Variation",True,M,Male vs Male
"Genocchio, Daniele",M,82,38,Old Benoni Defense,False,M,Male vs Male
"Aliavdin, Nikolai",M,52,-44,"Ruy Lopez: Morphy Defense, Wormald Attack",True,M,Male vs Male
"Shchukin, Dmitry",M,90,-47,"Sicilian Defense: Najdorf, Lipnitsky Attack",True,M,Male vs Male
"Atanejhad, Sahebali",M,80,-59,Queen's Pawn Game: Mason Attack,True,M,Male vs Male
"Atanejhad, Sahebali",M,60,-89,Indian Game,False,M,Male vs Male
"Perera Alfonso, Rene Humberto",M,126,-27,"Sicilian Defense: Kan Variation, Polugaevsky Variation",True,M,Male vs Male
"Sturt, Raven",M,70,-227,Philidor Defense: Lion Variation,False,M,Male vs Male
"Sirosh, Ilja",F,96,-1,Modern Defense: Averbakh Variation,False,M,Male vs Female
"Devaev, Alexander",M,94,-148,"Queen's Gambit Declined: Modern Variation, Heral Variation",True,M,Male vs Male
"Mihok, Oliver",M,68,-39,Caro-Kann Defense: Classical Variation,False,M,Male vs Male
"Doric, Darko",M,66,54,Trompowsky Attack,True,M,Male vs Male
"Mihok, Oliver",M,64,-35,Caro-Kann Defense: Classical Variation,False,M,Male vs Male
"Volovich, Vasily",M,148,18,Sicilian Defense: Delayed Alapin,True,M,Male vs Male
"Pascua, Haridas",M,164,-3,"French Defense: Winawer Variation, Poisoned Pawn Variation",False,M,Male vs Male
"Volovich, Vasily",M,156,15,Nimzo-Larsen Attack: Classical Variation,True,M,Male vs Male
"Okas, Walter",M,126,-77,King's Indian Attack: Keres Variation #2,True,M,Male vs Male
"Doric, Darko",M,152,8,Trompowsky Attack,True,M,Male vs Male
"Doric, Darko",M,110,-21,Trompowsky Attack,True,M,Male vs Male
"Yuffa, Daniil",M,82,35,Semi-Slav Defense: Noteboom Variation,False,M,Male vs Male
"Gomez, Carlos David",M,112,-93,Bird Opening: Dutch Variation,False,M,Male vs Male
"Sirosh, Ilja",M,68,60,Queen's Pawn Game: Mason Attack,True,M,Male vs Male
"Margana, Adhy",M,104,-76,Benoni Defense,False,M,Male vs Male
"Strikovic, Aleksa",M,150,20,"English Opening: King's English Variation, Three Knights System",False,M,Male vs Male
"Loiacono, Leonardo",M,90,92,Nimzo-Indian Defense #2,False,M,Male vs Male
"Okike, David",M,130,-244,"Caro-Kann Defense: Advance Variation, Botvinnik-Carls Defense",False,M,Male vs Male
"Koutsin, Sergey",M,76,-46,Queen's Pawn,False,M,Male vs Male
"Wisniacki, Flavio",M,104,21,English Opening: Anglo-Indian Defense,False,M,Male vs Male
"Khairat, Ahmed",M,68,-259,Sicilian Defense: Paulsen Variation,True,M,Male vs Male
"Khairat, Ahmed",M,66,-252,Alekhine Defense: Exchange Variation,False,M,Male vs Male
"Khairat, Ahmed",M,112,-262,"Sicilian Defense: Accelerated Dragon, Modern Bc4 Variation",True,M,Male vs Male
"Khairat, Ahmed",M,60,-273,"Sicilian Defense: Accelerated Dragon, Modern Bc4 Variation",True,M,Male vs Male
"Khairat, Ahmed",M,110,-283,"King's Gambit Accepted, Abbazia Defense",True,M,Male vs Male
"Khairat, Ahmed",M,38,-287,"Sicilian Defense: Najdorf Variation, Polugaevsky Variation",True,M,Male vs Male
"Khairat, Ahmed",M,42,-297,"Sicilian Defense: Najdorf Variation, Polugaevsky Variation",True,M,Male vs Male
"Khairat, Ahmed",M,74,-305,Sicilian Defense: Modern Variations,True,M,Male vs Male
"Khairat, Ahmed",M,106,-314,"Sicilian Defense: Najdorf Variation, Polugaevsky Variation",True,M,Male vs Male
"Khairat, Ahmed",M,104,-322,"Sicilian Defense: Najdorf Variation, Polugaevsky Variation",True,M,Male vs Male
"Khairat, Ahmed",M,106,-309,"Sicilian Defense: Kan Variation, Maróczy Bind, Réti Variation",True,M,Male vs Male
"Khairat, Ahmed",M,92,-317,King's Gambit,True,M,Male vs Male
"Margana, Adhy",M,44,-6,Modern Defense,False,M,Male vs Male
"Krasikov, Vladislav",M,46,29,"Ruy Lopez: Closed Variations, Rosen Attack",True,M,Male vs Male
"Mwenya, Oscar",M,108,-14,"Sicilian Defense: Najdorf Variation, Main Line",True,M,Male vs Male
"Krasikov, Vladislav",M,98,28,"King's Indian Defense: Orthodox Variation, Classical System, Neo-Classical Line",True,M,Male vs Male
"Strikovic, Aleksa",M,87,85,"English Opening: King's English Variation, Four Knights Variation, Quiet Line",False,M,Male vs Male
"Banawa, Joel",M,58,-67,Indian Game: Wade-Tartakower Defense,False,M,Male vs Male
Minh Le,M,60,68,Pirc Defense #4,False,F,Female vs Male
Minh Le,M,144,63,Queen's Pawn Game: London System,False,F,Female vs Male
"Drygalov, Andrey",M,92,137,"Caro-Kann Defense: Advance Variation, Short Variation",False,M,Male vs Male
"Murzin, Volodar",M,106,-102,King's Indian Attack: Symmetrical Defense,True,M,Male vs Male
"Murzin, Volodar",M,140,-119,King's Indian Attack: Symmetrical Defense,True,M,Male vs Male
"Drygalov, Andrey",M,118,134,Caro-Kann Defense: Exchange Variation,False,M,Male vs Male
"Murzin, Volodar",M,152,-105,King's Indian Attack: Wahls Defense,True,M,Male vs Male
"Hapaku, Charles",M,134,10,Caro-Kann Defense: Accelerated Panov Attack #2,True,M,Male vs Male
"Campbell, Charles",M,116,4,Slav Defense: Exchange Variation,False,M,Male vs Male
"Campbell, Charles",M,98,-25,Slav Defense: Exchange Variation,False,M,Male vs Male
"Hapaku, Charles",M,82,37,Nimzo-Indian Defense: Classical Variation,False,M,Male vs Male
"Hapaku, Charles",M,56,6,Nimzo-Indian Defense: Classical Variation,False,M,Male vs Male
"Sirosh, Ilja",M,86,13,Indian Game,False,M,Male vs Male
"Rodrigue-Lemieux, Shawn",M,78,-123,English Opening: Symmetrical Variation,False,M,Male vs Male
"Plichta, Kamil",M,30,15,Rat Defense: English Rat,False,M,Male vs Male
"Strikovic, Aleksa",M,104,1,King's Indian Defense: Steiner Attack,True,M,Male vs Male
"Plichta, Kamil",M,98,14,Rat Defense: English Rat,False,M,Male vs Male
"Plichta, Kamil",M,38,-15,Queen's Pawn,False,M,Male vs Male
"Strikovic, Aleksa",M,72,29,King's Indian Defense: Steiner Attack,True,M,Male vs Male
"Plichta, Kamil",M,58,-13,Old Benoni Defense,False,M,Male vs Male
"Quesada Vera, Liordis",M,36,32,Zukertort Opening: Kingside Fianchetto,False,M,Male vs Male
"Quesada Vera, Liordis",M,66,2,Robatsch (Modern) Defense,False,M,Male vs Male
"Quesada Vera, Liordis",M,38,-27,Sicilian Defense: Hyperaccelerated Pterodactyl,True,M,Male vs Male
"Plichta, Kamil",M,110,39,Dutch Defense: Krejcik Gambit,True,M,Male vs Male
"Plichta, Kamil",M,52,8,Dutch Defense: Krejcik Gambit,True,M,Male vs Male
"Mardov, Dimitar",M,62,-162,Pirc Defense #2,False,M,Male vs Male
"Plichta, Kamil",M,102,-18,French Defense: Schlechter Variation,False,M,Male vs Male
"Plichta, Kamil",M,78,-45,French Defense: King's Indian Attack,True,M,Male vs Male
"Nuri, Murad",M,84,9,"English Opening: King's English Variation, Three Knights System",False,M,Male vs Male
"Silva Lucena, Cristian",M,84,-38,Zukertort Opening: Dutch Variation,False,M,Male vs Male
"Todorov, Todor",M,40,-203,"King's Indian Defense: Fianchetto Variation, Uhlmann-Szabo System",True,M,Male vs Male
"Sirosh, Ilja",M,72,-138,Indian Game,False,M,Male vs Male
"Li, Henry",M,118,-328,Sicilian Defense: Closed Variation,True,M,Male vs Male
"Gattass, Allan",M,112,-100,Ruy Lopez: Classical Variation,False,M,Male vs Male
"Ratkovic, Miloje",M,135,95,Dutch Defense: Korchnoi Attack,True,M,Male vs Male
"Euler, Gerd",M,40,-15,"Slav Defense: Quiet Variation, Pin Defense",False,M,Male vs Male
"Wisniacki, Flavio",M,86,-116,English Opening: King's English Variation,False,M,Male vs Male
"Aliavdin, Nikolai",M,64,-125,Sicilian Defense: Boleslavsky Variation,True,M,Male vs Male
"Gwaze, Robert",M,58,-82,"Italian Game: Giuoco Pianissimo, Normal",False,M,Male vs Male
"Nozdrachev, Vladislav",M,36,94,"Sicilian Defense: French Variation, Westerinen Attack",True,M,Male vs Male
"Meshkovs, Nikita",M,136,-144,Grünfeld Defense: Stockholm Variation,False,M,Male vs Male
"Aliavdin, Nikolai",M,55,-118,Sicilian Defense: Richter-Rauzer Variation,True,M,Male vs Male
"Aliavdin, Nikolai",M,44,-142,"Sicilian Defense: Classical Variation, Anti-Sozin Variation",True,M,Male vs Male
"Aliavdin, Nikolai",M,68,-146,Sicilian Defense: Richter-Rauzer Variation,True,M,Male vs Male
"Aliavdin, Nikolai",M,50,-166,Sicilian Defense: Richter-Rauzer Variation,True,M,Male vs Male
"Aliavdin, Nikolai",M,68,-184,Sicilian Defense: Richter-Rauzer Variation,True,M,Male vs Male
"Ermolaev, Andrey",M,94,14,Queen's Pawn Game: Chigorin Variation,False,M,Male vs Male
"Givon, Asaf",M,86,0,St. George Defense: Polish Variation,False,M,Male vs Male
"Ermolaev, Andrey",M,82,14,Indian Game,False,M,Male vs Male
"Ermolaev, Andrey",M,54,-10,"Modern Defense: Two Knights Variation, Suttles Variation",False,M,Male vs Male
"Marcelin, Cyril",M,84,24,Hungarian Opening,False,M,Male vs Male
"Ermolaev, Andrey",M,72,35,Old Benoni Defense,False,M,Male vs Male
"Perez, Daniel",M,76,-75,"French Defense: MacCutcheon Variation, Janowski Variation",False,M,Male vs Male
"Jovic, Stevan",M,78,-335,Rat Defense: English Rat,False,M,Male vs Male
"Genocchio, Daniele",M,94,60,"English Opening: Anglo-Indian Defense, Queen's Knight Variation",False,M,Male vs Male
"Strikovic, Aleksa",M,124,91,Old Indian Defense: Two Knights Variation,False,M,Male vs Male
"Wisniacki, Flavio",M,58,67,"English Opening: King's English Variation, Nimzowitsch Variation",False,M,Male vs Male
"Plichta, Kamil",M,82,35,Trompowsky Attack,True,M,Male vs Male
"Genocchio, Daniele",M,88,-99,Alekhine Defense: Exchange Variation,False,M,Male vs Male
"Todorov, Todor",M,150,-42,Four Knights Game,False,M,Male vs Male
"Jere, Daniel",M,108,-80,English Opening,False,M,Male vs Male
"Shchukin, Dmitry",M,90,19,King's Pawn,False,M,Male vs Male
"Trifonov, Denis",M,56,25,Tarrasch Defense,False,M,Male vs Male
"Euler, Gerd",M,114,-11,Slav Defense: Modern Line,False,M,Male vs Male
"Trifonov, Denis",M,120,-290,"Sicilian Defense: Nyezhmetdinov-Rossolimo Attack, Fianchetto Variation",True,M,Male vs Male
"Sirosh, Ilja",M,57,28,Indian Game: West Indian Defense,False,M,Male vs Male
"Sokolov, Andrei",M,114,167,Indian Game: Spielmann-Indian,False,M,Male vs Male
"Strikovic, Aleksa",M,98,321,"Dutch Defense: Leningrad Variation, Warsaw Variation",False,M,Male vs Male
"Ermolaev, Andrey",M,64,39,Queen's Pawn Game: Chigorin Variation,False,M,Male vs Male
"Schuh, Dirk",M,56,-88,English Opening: King's English Variation,False,M,Male vs Male
"Pascua, Haridas",M,50,-32,"Sicilian Defense: Kan Variation, Wing Attack",True,M,Male vs Male
"Volovich, Vasily",M,96,6,Nimzowitsch-Larsen Attack,True,M,Male vs Male
"Yeletsky, Ivan",M,114,280,"English Opening: Symmetrical Variation, Symmetrical Variation",False,M,Male vs Male
"Hungaski, Robert",M,148,94,Nimzo-Indian Defense: Classical Variation,False,M,Male vs Male
"Ratkovic, Milovan",M,90,-122,Old Benoni Defense,False,M,Male vs Male
"Chylewski, Patryk",M,78,98,"King's Indian Defense: Fianchetto Variation, Simagin Variation",True,M,Male vs Male
"Yeletsky, Ivan",M,90,21,Indian Game: Anti-Nimzo-Indian,False,M,Male vs Male
"Drygalov, Andrey",M,66,-8,"Sicilian Defense: Najdorf Variation, English Attack",True,M,Male vs Male
"Yeletsky, Ivan",M,80,17,English Opening: Anglo-Indian Defense,False,M,Male vs Male
"Yeletsky, Ivan",M,132,-9,"Sicilian Defense: Closed Variation, Traditional",True,M,Male vs Male
"Martinovic, Sasa",M,56,-29,Torre Attack,True,M,Male vs Male
"Yeletsky, Ivan",M,158,42,"French Defense: Winawer Variation, Advance Variation",False,M,Male vs Male
"Yeletsky, Ivan",M,96,26,Scandinavian Defense: Gubinsky-Melts Defense,False,M,Male vs Male
"Ratkovic, Miloje",M,78,42,Nimzo-Indian Defense: Ragozin Variation,False,M,Male vs Male
"Ambartsumova, Karina",M,96,-304,"Sicilian Defense: Kan, Gipslis Variation",True,F,Female vs Male
"Schuh, Dirk",M,84,-16,"English Opening: Symmetrical Variation, Symmetrical Variation",False,M,Male vs Male
"Mortazavi, Ali",M,32,106,Sicilian Defense: Closed Variation,True,M,Male vs Male
"Todorov, Todor",M,96,106,French Defense: Steinitz Attack,True,M,Male vs Male
"Loiacono, Leonardo",M,112,-15,"King's Indian Defense: Orthodox Variation, Bayonet Attack",True,M,Male vs Male
"Todorov, Todor",M,71,-102,Four Knights Game,False,M,Male vs Male
"Ratkovic, Miloje",M,66,132,East Indian Defense,False,M,Male vs Male
"Todorov, Todor",M,134,-115,Three Knights Opening,False,M,Male vs Male
"Strikovic, Aleksa",M,62,66,King's Indian Defense: Steiner Attack,True,M,Male vs Male
"Obgolts, Erik",M,70,-49,Zukertort Opening: Pirc Invitation,False,M,Male vs Male
"Egorov, Evgeny",M,78,-204,Bishop's Opening: Berlin Defense,False,M,Male vs Male
"Saya, Ethan",M,96,-12,King's Knight Opening: Normal Variation,False,M,Male vs Male
"Bacallao Alonso, Yusnel",M,90,206,English Opening: Symmetrical Variation,False,M,Male vs Male
"Gomez Sanchez, Jorge Marcos",M,44,-26,King's Indian Attack: Symmetrical Defense,True,M,Male vs Male
"Gomez Sanchez, Jorge Marcos",M,64,-38,Sicilian Defense,True,M,Male vs Male
"Segarra, Randy",M,46,74,"Caro-Kann Defense: Two Knights Attack, Mindeno Variation, Exchange Line",True,M,Male vs Male
"Mwenya, Oscar",M,112,-37,"Ruy Lopez: Marshall Attack, Modern Main Line",True,M,Male vs Male
"Skrondal, Inge Sandstad",F,112,49,Sicilian Defense: Nyezhmetdinov-Rossolimo Attack,True,M,Male vs Female
"Trifonov, Denis",M,82,73,Sicilian Defense: Sozin Attack,True,M,Male vs Male
"Vidonyak, Roman",M,30,-21,"Queen's Gambit Accepted: Central Variation, Alekhine System",True,M,Male vs Male
"Loiacono, Leonardo",M,66,39,"Queen's Gambit Accepted: Classical Defense, Rubinstein Variation",True,M,Male vs Male
"Doric, Darko",M,170,-94,King's Indian Defense: Semi-Averbakh System,True,M,Male vs Male
"Dvirnyy, Danyyil",M,182,104,English Opening: Symmetrical Variation,False,M,Male vs Male
"Viviani, Alessio",M,46,-38,Réti Opening,False,M,Male vs Male
"Doric, Darko",M,46,-87,"Grünfeld Defense: Brinckmann Attack, Grünfeld Gambit",True,M,Male vs Male
"Doric, Darko",M,42,-93,"Semi-Slav Defense: Marshall Gambit, Main Line",True,M,Male vs Male
"Sevostianov, Vladimir",M,42,-78,King's Indian Attack,True,M,Male vs Male
"Karttunen, Mika",M,44,4,"Caro-Kann Defense: Advance Variation, Tal Variation",False,M,Male vs Male
"Belov, Vladimir",M,72,9,"Grünfeld Defense: Exchange Variation, Modern Exchange Variation",False,M,Male vs Male
"Peng, Li Min",M,76,-49,"French Defense: Advance Variation, Euwe Variation",False,M,Male vs Male
"Almagro Llamas, Pablo",M,72,276,Semi-Slav Defense,False,M,Male vs Male
"Schuh, Dirk",M,112,152,Torre Attack #2,True,M,Male vs Male
"Lombaers, Peter",M,108,-66,"Indian Game: Anti-Grünfeld, Alekhine Variation",False,M,Male vs Male
"Aliavdin, Nikolai",M,50,86,Benoni Defense: Modern Variation,False,M,Male vs Male
"Aliavdin, Nikolai",M,65,-43,Philidor Defense: Lion Variation,False,M,Male vs Male
"Aliavdin, Nikolai",M,40,61,Queen's Gambit Refused: Austrian Defense,True,M,Male vs Male
"Posthuma, Joshua",M,121,69,Rat Defense: English Rat,False,M,Male vs Male
"Strikovic, Aleksa",M,92,-53,"English Opening: King's English Variation, Three Knights System",False,M,Male vs Male
"Posthuma, Joshua",M,60,64,Nimzo-Larsen Attack,True,M,Male vs Male
"Chumpitaz, Ann",M,76,-176,Benoni Defense: Fianchetto Variation,False,F,Female vs Male
"Schuh, Dirk",M,130,88,Queen's Pawn,False,M,Male vs Male
"Wisniacki, Flavio",M,72,-56,English Opening: Symmetrical Variation,False,M,Male vs Male
"Piscopo, Pierluigi",M,50,-7,Polish Defense: Spassky Gambit Accepted,True,M,Male vs Male
"Wisniacki, Flavio",M,70,-38,"English Opening: King's English Variation, Four Knights Variation, Flexible Line",False,M,Male vs Male
"Strikovic, Aleksa",M,68,54,English Opening: Great Snake Variation,False,M,Male vs Male
"Strikovic, Aleksa",M,76,31,English Opening: Agincourt Defense #2,False,M,Male vs Male
"Husbands, Orlando",M,46,117,Caro-Kann Defense: Bronstein-Larsen Variation,False,M,Male vs Male
"Cupid, Kevin",M,72,-91,"English Opening: Agincourt Defense, Neo-Catalan Declined",False,M,Male vs Male
"Husbands, Orlando",M,56,105,"Scotch Game: Scotch Gambit, Advance Variation",True,M,Male vs Male
"Cupid, Kevin",M,68,-80,Sicilian Defense: Lasker-Dunne Attack,True,M,Male vs Male
"Gomez Sanchez, Jorge Marcos",M,62,-163,King's Indian Attack,True,M,Male vs Male
"Shchukin, Dmitry",M,80,171,"Sicilian Defense: Accelerated Dragon, Modern Variation",True,M,Male vs Male
"Chernov, Mikhail",M,86,-63,"Sicilian Defense: Smith-Morra Gambit Accepted, Paulsen Formation",True,M,Male vs Male
"Singh, Arvinder Preet",M,48,-176,Sicilian Defense: Loewenthal Variation,True,M,Male vs Male
"Schuh, Dirk",M,76,83,"Neo-Grünfeld Defense: Classical Variation, Polgar Variation",False,M,Male vs Male
"Schuh, Dirk",M,50,-74,Indian Game: Przepiorka Variation,False,M,Male vs Male
"Cupid, Kevin",M,128,-121,"English Opening: Agincourt Defense, Neo-Catalan Declined",False,M,Male vs Male
"Leenhouts, Koen",M,86,7,English Opening: Anglo-Indian Defense,False,M,Male vs Male
"Cupid, Kevin",M,102,-143,"English Opening: Agincourt Defense, Neo-Catalan Declined",False,M,Male vs Male
"Bouzidi, Ahmed",M,88,-96,"Sicilian Defense: Alapin Variation, Stoltz Attack, Ivanchuk Line",True,M,Male vs Male
"Leenhouts, Koen",M,86,7,"Sicilian Defense: Smith-Morra Gambit Accepted, Classical Formation",True,M,Male vs Male
"Aliavdin, Nikolai",M,64,18,English Opening,False,M,Male vs Male
"Leenhouts, Koen",M,107,-4,Kadas Opening,False,M,Male vs Male
"Schuh, Dirk",M,144,26,Four Knights Game: Janowski Variation,False,M,Male vs Male
"Ermolaev, Andrey",M,88,28,"French Defense: Winawer Variation, Advance Variation",False,M,Male vs Male
"Trifonov, Denis",M,34,35,Caro-Kann Defense: Two Knights Attack,True,M,Male vs Male
"Mihok, Oliver",M,104,268,Sicilian Defense: Old Sicilian,True,M,Male vs Male
"Lombaers, Peter",M,60,-109,Semi-Benoni,False,M,Male vs Male
"Singh, Arvinder Preet",M,122,-147,Caro-Kann Defense,False,M,Male vs Male
"Bacallao Alonso, Yusnel",M,76,184,Sicilian Defense: Nyezhmetdinov-Rossolimo Attack,True,M,Male vs Male
"Wisniacki, Flavio",M,46,17,English Opening: King's English Variation,False,M,Male vs Male
"Chizhikov, Vladislav",M,132,11,"Sicilian Defense: French Variation, Westerinen Attack",True,M,Male vs Male
"Pascua, Haridas",M,50,120,"French Defense: Steinitz Variation, Boleslavsky Variation",False,M,Male vs Male
"Todorov, Todor",M,54,-96,Hungarian Opening,False,M,Male vs Male
"Leenhouts, Koen",M,90,-45,Benoni Defense: Fianchetto Variation,False,M,Male vs Male
"Strikovic, Aleksa",M,48,-46,"English Opening: King's English Variation, Four Knights Variation #2",False,M,Male vs Male
"Piscopo, Pierluigi",M,78,78,Slav Defense: Modern Line,False,M,Male vs Male
"Papayan, Oleg",M,48,-116,"Sicilian Defense: Accelerated Dragon, Maróczy Bind, Breyer Variation",True,M,Male vs Male
"Papayan, Oleg",M,85,-133,"Sicilian Defense: Accelerated Dragon, Maróczy Bind, Breyer Variation",True,M,Male vs Male
"Solano Cuya, Bryan",M,90,-191,Indian Game: Wade-Tartakower Defense,False,M,Male vs Male
"Trifonov, Denis",M,80,-155,"Sicilian Defense: Najdorf Variation, Adams Attack",True,M,Male vs Male
"Okike, David",M,144,-148,Sicilian Defense: Old Sicilian,True,M,Male vs Male
"Okike, David",M,68,-153,"Sicilian Defense: Accelerated Dragon, Exchange Variation",True,M,Male vs Male
"Gomez Sanchez, Jorge Marcos",M,142,161,Sicilian Defense: Old Sicilian,True,M,Male vs Male
"Mortazavi, Ali",M,58,-80,Bishop's Opening,False,M,Male vs Male
"Banawa, Joel",M,118,35,Indian Game,False,M,Male vs Male
"Nuri, Murad",M,124,-21,"English Opening: Four Knights System, Nimzowitsch Variation",False,M,Male vs Male
"Trifonov, Denis",M,70,-38,"Italian Game: Classical Variation, Albin Gambit",True,M,Male vs Male
"Sirosh, Ilja",M,94,48,Queen's Pawn Game: Steinitz Countergambit,False,M,Male vs Male
"Shchukin, Dmitry",M,74,-26,Pirc Defense #2,False,M,Male vs Male
"Mortazavi, Ali",M,72,-25,Caro-Kann Defense: Two Knights Attack,True,M,Male vs Male
"Shevchenko, Kirill",M,146,-75,"Caro-Kann Defense: Classical Variation, Main Line",False,M,Male vs Male
"Todorov, Todor",M,82,-47,"Sicilian Defense: Najdorf Variation, Amsterdam Variation",True,M,Male vs Male
"Alvarado, Carlos",M,68,-180,Modern Defense,False,M,Male vs Male
"Shymanskyi, Oleksandr",M,50,-170,Nimzo-Larsen Attack: Modern Variation,True,M,Male vs Male
"Shymanskyi, Oleksandr",M,48,-186,Nimzo-Larsen Attack: Modern Variation,True,M,Male vs Male
"Shymanskyi, Oleksandr",M,42,-201,Nimzo-Larsen Attack: Dutch Variation,True,M,Male vs Male
"Shymanskyi, Oleksandr",M,70,-164,Nimzo-Larsen Attack,True,M,Male vs Male
"Shymanskyi, Oleksandr",M,130,-137,Nimzo-Larsen Attack: Symmetrical Variation,True,M,Male vs Male
"Gomez, Carlos David",M,48,-154,"Sicilian Defense: Kan, Gipslis Variation",True,M,Male vs Male
"Sevostianov, Vladimir",M,50,-247,Indian Game: Spielmann-Indian,False,M,Male vs Male
"Mortazavi, Ali",M,75,181,French Defense: King's Indian Attack,True,M,Male vs Male
"Jovic, Stevan",M,72,-200,Benoni Defense,False,M,Male vs Male
"Bancod, Ronald",M,60,-153,Center Game: Berger Variation,False,M,Male vs Male
"Vidonyak, Roman",M,56,-108,Old Benoni Defense,False,M,Male vs Male
"Shchukin, Dmitry",M,100,86,Pirc Defense,False,M,Male vs Male
"Ratkovic, Miloje",M,102,11,Hungarian Opening: Sicilian Invitation,True,M,Male vs Male
"Ratkovic, Miloje",M,80,15,Sicilian Defense: Najdorf Variation,True,M,Male vs Male
"Mortazavi, Ali",M,60,-87,Caro-Kann Defense: Breyer Variation,False,M,Male vs Male
"Perera Alfonso, Rene Humberto",M,144,23,Scotch Game: Potter Variation,False,M,Male vs Male
"Devaev, Alexander",M,56,-177,Dutch Defense: Classical Variation,False,M,Male vs Male
"Schuh, Dirk",M,80,44,"Sicilian Defense: Alapin Variation, Barmen Defense",True,M,Male vs Male
"Gomez, Carlos David",M,64,-38,Three Knights Opening: Steinitz-Rosenthal Variation,False,M,Male vs Male
"Gheng, Josef",M,88,-71,"French Defense: Tarrasch Variation, Closed Variation",False,M,Male vs Male
"Shchukin, Dmitry",M,84,82,Philidor Defense,False,M,Male vs Male
"ADU, Oladapo",M,38,-47,Pirc Defense,False,M,Male vs Male
"Devaev, Alexander",M,92,2,Modern Defense: Averbakh System,False,M,Male vs Male
"ADU, Oladapo",M,82,12,Caro-Kann Defense: Two Knights Attack,True,M,Male vs Male
"Martinovic, Sasa",M,58,59,Trompowsky Attack,True,M,Male vs Male
"Sychev, Klementy",M,78,-32,Owen Defense,False,M,Male vs Male
"Martinovic, Sasa",M,116,49,Australian Defense,False,M,Male vs Male
"Ermolaev, Andrey",M,100,23,Caro-Kann Defense: De Bruycker Defense,False,M,Male vs Male
"Strikovic, Aleksa",M,72,-34,English Opening,False,M,Male vs Male
"Schuh, Dirk",M,20,34,Pirc Defense,False,M,Male vs Male
"Kozlov, Roman",M,150,-137,French Defense: Exchange Variation,False,M,Male vs Male
"Rodriguez Hernandez, Luis Daniel",M,66,-259,Philidor Defense: Lion Variation,False,M,Male vs Male
"Nuri, Murad",M,75,-33,"English Opening: Anglo-Indian Defense, Queen's Knight Variation",False,M,Male vs Male
"Sevostianov, Vladimir",M,118,-182,French Defense: Exchange Variation,False,M,Male vs Male
"Sevostianov, Vladimir",M,130,-13,Caro-Kann Defense: Exchange Variation,False,M,Male vs Male
"Yeke, Serkan",F,60,75,Sicilian Defense: Nyezhmetdinov-Rossolimo Attack,True,M,Male vs Female
"Martinovic, Sasa",M,134,114,"Trompowsky Attack: Classical Defense, Big Center Variation",True,M,Male vs Male
"Martinovic, Sasa",M,78,-15,Robatsch (Modern) Defense,False,M,Male vs Male
"Sychev, Klementy",M,72,28,Bird Opening: Dutch Variation,False,M,Male vs Male
"Martinovic, Sasa",M,80,-13,Caro-Kann Defense: De Bruycker Defense,False,M,Male vs Male
"Martinovic, Sasa",M,42,-25,Robatsch (Modern) Defense,False,M,Male vs Male
"Martinovic, Sasa",M,160,-50,Queen's Pawn Game: Mason Attack,True,M,Male vs Male
"Martinovic, Sasa",M,122,-68,French Defense: Normal Variation,False,M,Male vs Male
"Martinovic, Sasa",M,78,-69,"Dutch Defense: Staunton Gambit, Chigorin Variation",True,M,Male vs Male
"Aliavdin, Nikolai",M,70,-93,"Caro-Kann Defense: Classical Variation, Main Line",False,M,Male vs Male
"Vibbert, Sean",M,68,-90,"Sicilian Defense: Closed Variation, Korchnoi Defense",True,M,Male vs Male
"Aliavdin, Nikolai",M,96,13,Sicilian Defense: Lasker-Pelikan Variation,True,M,Male vs Male
"Almagro Llamas, Pablo",M,60,152,English Opening: Anglo-Indian Defense,False,M,Male vs Male
"Gheng, Josef",M,86,-278,English Opening: Symmetrical Variation,False,M,Male vs Male
"Milchev, Nikolay",M,84,1,"English Opening: Anglo-Indian Defense, King's Indian Formation",True,M,Male vs Male
"Schuh, Dirk",M,88,9,"English Opening: King's English Variation, Four Knights Variation, Quiet Line",False,M,Male vs Male
"Jovic, Stevan",M,126,94,Slav Defense,False,M,Male vs Male
"Wisniacki, Flavio",M,94,51,"English Opening: Anglo-Indian Defense, King's Indian Formation",True,M,Male vs Male
"Gheng, Josef",M,92,-37,Pirc Defense,False,M,Male vs Male
"Wisniacki, Flavio",M,72,44,"English Opening: Anglo-Indian Defense, King's Indian Formation",True,M,Male vs Male
"Wisniacki, Flavio",M,80,-231,English Opening: Symmetrical Variation,False,M,Male vs Male
"Quesada Vera, Liordis",M,78,44,Zukertort Opening: Sicilian Invitation,True,M,Male vs Male
"Segarra, Randy",M,106,-10,French Defense: Schlechter Variation,False,M,Male vs Male
"Sambuev, Bator",M,94,23,"King's Indian Defense: Orthodox Variation, Glek Defense",True,M,Male vs Male
"Sambuev, Bator",M,76,-5,"King's Indian Defense: Orthodox Variation, Donner Defense",True,M,Male vs Male
"Segarra, Randy",M,52,17,French Defense: Schlechter Variation,False,M,Male vs Male
"Jovic, Stevan",M,102,-63,Queen's Gambit Accepted,True,M,Male vs Male
"Lombaers, Peter",M,70,35,Neo-Grünfeld Defense: Goglidze Attack,True,M,Male vs Male
"Chumpitaz, Ann",M,60,-24,"Sicilian Defense: Najdorf Variation, Adams Attack",True,F,Female vs Male
"Ghorbani, Hadi",M,100,-267,Pirc Defense,False,M,Male vs Male
"Strikovic, Aleksa",M,88,53,"Caro-Kann Defense: Accelerated Panov Attack, Modern Variation",True,M,Male vs Male
"Krzyzanowski, Marcin",M,54,51,Nimzo-Larsen Attack: Modern Variation,True,M,Male vs Male
"Ermolaev, Andrey",M,46,-28,English Defense,False,M,Male vs Male
"Ermolaev, Andrey",M,46,-66,Dutch Defense: Raphael Variation,False,M,Male vs Male
"Falcon, Benjamin",M,62,-133,Caro-Kann Defense: Two Knights Attack,True,M,Male vs Male
"Marcelin, Cyril",M,66,-99,Saragossa Opening,False,M,Male vs Male
"Aliavdin, Nikolai",M,51,-7,"French Defense: Winawer Variation, Alekhine-Maróczy Gambit",True,M,Male vs Male
"Atanejhad, Sahebali",M,114,-40,Grünfeld Defense: Exchange Variation,False,M,Male vs Male
"Leenhouts, Koen",M,76,52,King's Indian Defense: Steiner Attack,True,M,Male vs Male
"Shevchenko, Danylo",M,60,-242,"Philidor Defense: Lion Variation, Shirov Gambit",True,M,Male vs Male
"Hnydiuk, Aleksander",M,152,-37,Indian Game,False,M,Male vs Male
"Shevchenko, Kirill",M,60,122,"French Defense: Steinitz Variation, Boleslavsky Variation",False,M,Male vs Male
"Campbell, Charles",M,190,-6,Slav Defense: Exchange Variation,False,M,Male vs Male
"Rodriguez Hernandez, Luis Daniel",M,82,-79,Sicilian Defense: Nyezhmetdinov-Rossolimo Attack,True,M,Male vs Male
"Devaev, Alexander",M,64,-59,Benoni Defense,False,M,Male vs Male
"Burmakin, Evgeniy",M,41,-204,"French Defense: Tarrasch Variation, Open System, Main Line",False,M,Male vs Male
"Trifonov, Denis",M,78,-160,"English Opening: King's English Variation, Closed System",False,M,Male vs Male
"Shchukin, Dmitry",M,60,-9,"Caro-Kann Defense: Accelerated Panov Attack, Modern Variation",True,M,Male vs Male
"Strikovic, Aleksa",M,88,12,"English Opening: Symmetrical Variation, Anti-Benoni Variation, Spielmann Defense",False,M,Male vs Male
"Martinovic, Sasa",M,100,68,Indian Game: Wade-Tartakower Defense,False,M,Male vs Male
"Strikovic, Aleksa",M,58,-53,English Opening,False,M,Male vs Male
"Jarmula, Lukasz",M,54,-28,"Sicilian Defense: Closed Variation, Traditional",True,M,Male vs Male
"Chylewski, Patryk",M,68,-70,Old Benoni Defense,False,M,Male vs Male
"Martinovic, Sasa",M,152,80,Queen's Pawn Game: London System,False,M,Male vs Male
"Chylewski, Patryk",M,96,-65,Benoni Defense: Old Benoni,False,M,Male vs Male
"Jarmula, Lukasz",M,28,-82,"Pterodactyl Defense: Sicilian, Pteranodon",True,M,Male vs Male
"Jarmula, Lukasz",M,116,-101,Robatsch (Modern) Defense,False,M,Male vs Male
"Strikovic, Aleksa",M,44,-86,Modern Defense: Averbakh System,False,M,Male vs Male
"Doric, Darko",M,140,12,Trompowsky Attack,True,M,Male vs Male
"Piscopo, Pierluigi",M,94,10,"French Defense: Tarrasch Variation, Chistyakov Defense",False,M,Male vs Male
"Doric, Darko",M,121,-13,"King's Indian Defense: Sämisch Variation, Yates Defense",True,M,Male vs Male
"Doric, Darko",M,178,-24,"King's Indian Defense: Sämisch Variation, Yates Defense",True,M,Male vs Male
"Martinovic, Sasa",M,98,110,Trompowsky Attack,True,M,Male vs Male
"Jarmula, Lukasz",M,110,-93,"French Defense: Tarrasch Variation, Botvinnik Variation",False,M,Male vs Male
"Jarmula, Lukasz",M,32,-99,"French Defense: Tarrasch Variation, Botvinnik Variation",False,M,Male vs Male
"Jarmula, Lukasz",M,30,-110,French Defense: Steinitz Variation,False,M,Male vs Male
"Strikovic, Aleksa",M,46,-111,"English Opening: King's English Variation, Three Knights System",False,M,Male vs Male
"Quesada Vera, Liordis",M,92,-67,King's Indian Attack: Pachman System,True,M,Male vs Male
"Jarmula, Lukasz",M,96,-40,Pirc Defense,False,M,Male vs Male
"Strikovic, Aleksa",M,68,47,"Réti Opening: Anglo-Slav Variation, New York System",False,M,Male vs Male
"Strikovic, Aleksa",M,126,61,"English Opening: King's English Variation, Four Knights Variation, Quiet Line",False,M,Male vs Male
"Okara, Andrey",M,105,-50,"Ruy Lopez: Exchange Variation, Keres Variation",False,M,Male vs Male
"Sirosh, Ilja",M,78,60,Indian Game,False,M,Male vs Male
The Sunshine,M,46,-52,"Pirc Defense: Austrian Attack, Weiss Variation",True,F,Female vs Male
The Sunshine,M,82,-221,Sicilian Defense: Hyperaccelerated Fianchetto,True,F,Female vs Male
"Piscopo, Pierluigi",M,58,84,"King's Indian, Averbakh, Main Line",True,M,Male vs Male
"Jovic, Stevan",M,62,28,"Nimzo-Indian Defense: Normal Variation, Gligoric System, Exchange at c4",False,M,Male vs Male
"Zamorano, Jorge",M,72,5,"King's Indian Defense: Sämisch Variation, Normal Defense",True,M,Male vs Male
"Mwenya, Oscar",M,68,-92,"French Defense: Rubinstein Variation, Fort Knox Variation",False,M,Male vs Male
"Zamorano, Jorge",M,90,-21,King's Indian Defense: Orthodox Variation,True,M,Male vs Male
Kudakwashe Sibanda,M,48,-158,King's Indian Defense: Orthodox Variation,True,M,Male vs Male
"Jovic, Stevan",M,63,-118,Vulture Defense,False,M,Male vs Male
"Andersen, Gunnar",M,86,-120,Sicilian Defense: Mengarini Variation,True,M,Male vs Male
"Trifonov, Denis",M,154,-2,"English Opening: King's English Variation, Reversed Closed Sicilian",True,M,Male vs Male
"Khairat, Ahmed",M,64,-283,"Sicilian Defense: Richter-Rauzer, 6... e6",True,M,Male vs Male
"Schuh, Dirk",M,126,-137,Zukertort Opening: Dutch Variation,False,M,Male vs Male
"Draskovic, Luka",M,64,236,"Neo-Grünfeld Defense: Classical Variation, Modern Defense",False,M,Male vs Male
"Voinikonis, Nikita",M,40,-10,Philidor Defense: Exchange Variation,False,M,Male vs Male
"Sturt, Raven",M,114,11,Sicilian Defense: Najdorf Variation,True,M,Male vs Male
"Kantans, Toms",M,104,75,"Sicilian Defense: Dragon Variation, Fianchetto Variation",True,M,Male vs Male
"Aliavdin, Nikolai",M,48,1,Scandinavian Defense: Bronstein Variation,False,M,Male vs Male
"Sturt, Raven",M,154,11,"Sicilian Defense: Smith-Morra Gambit Accepted, Classical Formation",True,M,Male vs Male
"Aliavdin, Nikolai",M,56,1,Caro-Kann Defense: Exchange Variation,False,M,Male vs Male
"Aliavdin, Nikolai",M,29,-22,"Ruy Lopez: Closed, Anti-Marshall 8. a4",False,M,Male vs Male
"Loiacono, Leonardo",M,68,-76,"Semi-Slav Defense: Stoltz Variation, Shabalov Attack",True,M,Male vs Male
"Strikovic, Aleksa",M,128,-17,English Opening: Agincourt Defense,False,M,Male vs Male
"Geivondian, Arman",M,116,-114,Semi-Slav Defense: Accelerated Move Order,False,M,Male vs Male
"Sokolov, Andrei",M,110,-24,Indian Game: Przepiorka Variation,False,M,Male vs Male
"Strikovic, Aleksa",M,82,154,English Opening: Symmetrical Variation,False,M,Male vs Male
"Piscopo, Pierluigi",M,42,-25,French Defense: Tarrasch Variation,False,M,Male vs Male
"Ratkovic, Miloje",M,122,61,"Lion Defense: Anti-Philidor, Lion's Cave",False,M,Male vs Male
"Strikovic, Aleksa",M,170,-110,"English Opening: Symmetrical Variation, Anti-Benoni Variation",False,M,Male vs Male
"Strikovic, Aleksa",M,38,-127,"English Opening: Symmetrical Variation, Two Knights Variation",False,M,Male vs Male
"Galchenko, Matvey",M,234,-27,"Caro-Kann Defense: Accelerated Panov Attack, Modern Variation",True,M,Male vs Male
"Ratkovic, Miloje",M,68,40,"Benoni Defense: Classical Variation, New York Variation",False,M,Male vs Male
"Wisniacki, Flavio",M,50,44,Sicilian Defense: Boleslavsky Variation,True,M,Male vs Male
"Jovic, Stevan",M,104,-17,Semi-Slav Defense: Stoltz Variation,False,M,Male vs Male
"Ermolaev, Andrey",M,86,-80,Queen's Pawn Game: Chigorin Variation,False,M,Male vs Male
"Khlebovich, Alexander",M,46,-6,Saragossa Opening,False,M,Male vs Male
"Beradze, Irakli",M,46,-4,"Sicilian Defense: Scheveningen Variation, English Attack",True,M,Male vs Male
"Khlebovich, Alexander",M,110,78,Queen's Pawn,False,M,Male vs Male
"Strikovic, Aleksa",M,108,126,"English Opening: King's English Variation, Four Knights Variation, Quiet Line",False,M,Male vs Male
"Strikovic, Aleksa",M,86,114,French Defense: King's Indian Attack,True,M,Male vs Male
"Khlebovich, Alexander",M,110,76,Queen's Pawn,False,M,Male vs Male
"Soysal, Serkan",M,42,-10,Indian Game: Wade-Tartakower Defense,False,M,Male vs Male
"Narvaez Ramirez, Faber Alberto",M,70,-78,Queen's Pawn Game: Mason Attack,True,M,Male vs Male
"Viviani, Alessio",M,28,-111,Nimzo-Larsen Attack: Modern Variation,True,M,Male vs Male
"Graif, William",M,78,229,"Sicilian Defense: Closed Variation, Traditional",True,M,Male vs Male
"Mortazavi, Ali",M,158,0,"Nimzowitsch Defense, Declined Variation",False,M,Male vs Male
"Herrera, Martin",M,28,-388,English Defense,False,M,Male vs Male
"Palu, Andres",M,70,-128,"Nimzowitsch Defense: Scandinavian Variation, Advance Variation",False,M,Male vs Male
"Mortazavi, Ali",M,69,223,"Italian Game: Classical Variation, Giuoco Pianissimo",False,M,Male vs Male
"Ghersinich, Enrico",M,122,-110,"Queen's Gambit Declined: Exchange Variation, Positional Variation",True,M,Male vs Male
"Piscopo, Pierluigi",M,116,-48,"Sicilian Defense: Canal Attack, Main Line",True,M,Male vs Male
"Piscopo, Pierluigi",M,62,-68,Sicilian Defense: Najdorf Variation,True,M,Male vs Male
"Shymanskyi, Oleksandr",M,54,-52,Nimzo-Larsen Attack: Symmetrical Variation,True,M,Male vs Male
"Jarmula, Lukasz",M,92,-3,"Italian Game: Classical Variation, Greco Gambit",True,M,Male vs Male
"Mortazavi, Ali",M,50,5,Sicilian Defense: Nyezhmetdinov-Rossolimo Attack,True,M,Male vs Male
"Khairat, Ahmed",M,110,-165,"Sicilian Defense: Kan Variation, Maróczy Bind, Réti Variation",True,M,Male vs Male
"Shchukin, Dmitry",M,64,-82,French Defense: King's Indian Attack,True,M,Male vs Male
"Strikovic, Aleksa",M,108,-65,"English Opening: Symmetrical Variation, Anti-Benoni Variation, Spielmann Defense",False,M,Male vs Male
"Bouvier, Bruno",M,90,81,"Sicilian Defense: Nyezhmetdinov-Rossolimo Attack, Fianchetto Variation",True,M,Male vs Male
"Khairat, Ahmed",M,116,-120,"Sicilian Defense: Kan Variation, Maróczy Bind, Bronstein Variation",True,M,Male vs Male
"Khairat, Ahmed",M,92,-129,"Sicilian Defense: Kan Variation, Maróczy Bind, Bronstein Variation",True,M,Male vs Male
"Strikovic, Aleksa",M,46,59,"English Opening: King's English Variation, Four Knights Variation, Quiet Line",False,M,Male vs Male
"Viviani, Alessio",M,54,-101,"Grünfeld Defense: Russian Variation, Smyslov Variation",False,M,Male vs Male
"Leenhouts, Koen",M,46,110,"Grünfeld Defense: Exchange Variation, Spassky Variation",False,M,Male vs Male
"Strikovic, Aleksa",M,62,74,"Queen's Gambit Declined: Tarrasch Defense, Pseudo-Tarrasch",True,M,Male vs Male
"Sirosh, Ilja",M,42,-8,Benoni Defense: Benoni Gambit Accepted,True,M,Male vs Male
"Christie, Joshua",M,100,82,Mieses Opening,False,M,Male vs Male
"Schuh, Dirk",M,30,-48,"Sicilian Defense: Alapin Variation, Barmen Defense",True,M,Male vs Male
"Arslanov, Shamil",M,50,-30,"Italian Game: Two Knights Defense, Perreux Variation",False,M,Male vs Male
"Chumpitaz, Ann",M,128,32,"Pirc Defense: Austrian Attack, Dragon Formation",True,F,Female vs Male
"Quesada Vera, Liordis",M,72,-213,English Opening: King's English Variation,False,M,Male vs Male
"Quesada Vera, Liordis",M,65,-224,English Opening: King's English Variation,False,M,Male vs Male
"Trifonov, Denis",M,82,-50,"French Defense: Winawer Variation, Delayed Exchange Variation",False,M,Male vs Male
"Sambuev, Bator",M,122,60,Semi-Slav Defense: Quiet Variation,False,M,Male vs Male
"Trifonov, Denis",M,73,-46,French Defense: King's Indian Attack,True,M,Male vs Male
"Trifonov, Denis",M,58,-55,Horwitz Defense,False,M,Male vs Male
"Trifonov, Denis",M,60,-63,Trompowsky Attack,True,M,Male vs Male
"Sambuev, Bator",M,92,72,"Queen's Gambit Declined: Orthodox Defense, Rubinstein Variation",True,M,Male vs Male
"Sambuev, Bator",M,124,44,"Grünfeld Defense: Exchange Variation, Spassky Variation",False,M,Male vs Male
"Trifonov, Denis",M,98,-32,French Defense: Exchange Variation,False,M,Male vs Male
"Sambuev, Bator",M,76,47,English Defense,False,M,Male vs Male
"Trifonov, Denis",M,114,-33,Dutch Defense: Raphael Variation,False,M,Male vs Male
"Trifonov, Denis",M,110,-54,"English Opening: King's English Variation, Taimanov Variation",False,M,Male vs Male
"Sevostianov, Vladimir",M,66,-78,"Sicilian Defense: Canal Attack, Main Line",True,M,Male vs Male
"Devaev, Alexander",M,108,-218,"King's Indian Defense: Normal Variation, Rare Defenses",True,M,Male vs Male
"Zamorano, Jorge",M,40,40,Philidor Defense: Lion Variation,False,M,Male vs Male
"Nikolashvili, Giorgi",M,58,-67,Nimzo-Larsen Attack,True,M,Male vs Male
"Trifonov, Denis",M,128,-72,Old Benoni Defense,False,M,Male vs Male
"Piscopo, Pierluigi",M,110,-58,Old Benoni Defense,False,M,Male vs Male
"Nikolashvili, Giorgi",M,82,-116,Nimzo-Larsen Attack: Classical Variation,True,M,Male vs Male
"Viviani, Alessio",M,82,-54,"English Opening: Anglo-Indian Defense, Anti-Anti-Grünfeld",False,M,Male vs Male
"Schekachikhin, Maksim",M,78,-42,English Opening: Great Snake Variation,False,M,Male vs Male
"Boros, Denes",M,76,244,Nimzo-Larsen Attack: Classical Variation,True,M,Male vs Male
"Herrera, Martin",M,44,-373,"Benko Gambit Accepted, Fully Accepted Variation",True,M,Male vs Male
"Strikovic, Aleksa",M,72,-51,"Caro-Kann Defense: Accelerated Panov Attack, Modern Variation",True,M,Male vs Male
"Strikovic, Aleksa",M,36,130,Polish Opening,False,M,Male vs Male
"Strikovic, Aleksa",M,54,-54,"Caro-Kann Defense: Accelerated Panov Attack, Modern Variation",True,M,Male vs Male
"Ortega Amarelle, Mariano",M,62,-152,Polish Defense,False,M,Male vs Male
"Ortega Amarelle, Mariano",M,76,-170,Sicilian Defense: Delayed Alapin,True,M,Male vs Male
"Blesic, Vaso",M,106,-6,Sicilian Defense: Four Knights Variation,True,M,Male vs Male
"Singh, Arvinder Preet",M,80,-366,"Sicilian Defense: Accelerated Dragon, Maróczy Bind",True,M,Male vs Male
"Ortega Amarelle, Mariano",M,50,-172,"Neo-Grünfeld Defense: Classical Variation, Original Defense",False,M,Male vs Male
"Yglesias Herrera, Michel",M,98,-266,"King's Indian Defense: Fianchetto Variation, Classical Fianchetto",True,M,Male vs Male
"Strikovic, Aleksa",M,122,-29,English Opening,False,M,Male vs Male
"Trifonov, Denis",M,81,-46,Caro-Kann Defense: Forgacs Variation,False,M,Male vs Male
"Mortazavi, Ali",M,108,56,Bishop's Opening: Berlin Defense,False,M,Male vs Male
"Krasikov, Vladislav",M,126,16,"Ruy Lopez: Exchange Variation, Gligoric Variation",False,M,Male vs Male
"Viviani, Alessio",M,56,-48,Philidor Defense: Lion Variation,False,M,Male vs Male
"Viviani, Alessio",M,52,-68,Nimzo-Larsen Attack,True,M,Male vs Male
"Ortega Amarelle, Mariano",M,46,-230,Catalan Opening: Open Defense,False,M,Male vs Male
"Raicevic, Vladimir",M,72,-12,Slav Defense,False,M,Male vs Male
"Quesada Vera, Liordis",M,80,27,Zukertort Opening: Kingside Fianchetto,False,M,Male vs Male
"Trifonov, Denis",M,30,-3,Trompowsky Attack,True,M,Male vs Male
"Quesada Vera, Liordis",M,70,15,English Opening: Caro-Kann Defensive System,False,M,Male vs Male
"Trifonov, Denis",M,34,-3,Trompowsky Attack,True,M,Male vs Male
"Khlebovich, Alexander",M,108,27,Modern Defense,False,M,Male vs Male
"Almagro Llamas, Pablo",M,88,73,English Opening: Anglo-Indian Defense,False,M,Male vs Male
"Khlebovich, Alexander",M,176,-64,"King's Indian Defense: Normal Variation, King's Knight Variation",True,M,Male vs Male
"Strikovic, Aleksa",M,78,-76,"English Opening: Symmetrical Variation, Anti-Benoni Variation, Spielmann Defense",False,M,Male vs Male
"Mortazavi, Ali",M,38,31,Zukertort Opening: Pirc Invitation,False,M,Male vs Male
"Kovalchuk, Alexey",M,92,-68,Franco-Benoni Defense,False,M,Male vs Male
"Neugebauer, Martin",M,68,-33,"Grünfeld Defense: Three Knights Variation, Petrosian System",False,M,Male vs Male
"Khlebovich, Alexander",M,122,40,Sicilian Defense: Smith-Morra Gambit,True,M,Male vs Male
"Tekeyev, Zaur",M,68,-28,"Sicilian Defense: Nyezhmetdinov-Rossolimo Attack, Fianchetto Variation",True,M,Male vs Male
"Khlebovich, Alexander",M,96,31,French Defense: Exchange Variation,False,M,Male vs Male
"Viviani, Alessio",M,98,-38,Nimzo-Larsen Attack: Classical Variation,True,M,Male vs Male
"Khlebovich, Alexander",M,132,17,"Sicilian Defense: Wing Gambit, Marshall Variation",True,M,Male vs Male
"Khlebovich, Alexander",M,86,5,Bird Opening,False,M,Male vs Male
"Viviani, Alessio",M,36,-101,"Nimzo-Indian Defense: Sämisch, Romanovsky Variation",False,M,Male vs Male
"Viviani, Alessio",M,72,-38,Modern Defense: Standard Defense,False,M,Male vs Male
"Tekeyev, Zaur",M,104,6,"French Defense: Advance Variation, Paulsen Attack",True,M,Male vs Male
"Khlebovich, Alexander",M,152,6,Sicilian Defense: Alapin Variation,True,M,Male vs Male
"Tekeyev, Zaur",M,88,7,Scandinavian Defense: Modern Variation,False,M,Male vs Male
"Khlebovich, Alexander",M,100,5,Sicilian Defense: Old Sicilian,True,M,Male vs Male
"ADU, Oladapo",M,70,64,Slav Defense: Quiet Variation,False,M,Male vs Male
"Viviani, Alessio",M,82,-50,English Defense,False,M,Male vs Male
"Viviani, Alessio",M,64,-70,Modern Defense: Standard Defense,False,M,Male vs Male
"Strikovic, Aleksa",M,84,60,"English Opening: King's English Variation, Three Knights System",False,M,Male vs Male
"Nordahl, Helge",M,138,-25,Dutch Defense: Krejcik Gambit,True,M,Male vs Male
"Viviani, Alessio",M,94,-289,Grünfeld Defense: Exchange Variation,False,M,Male vs Male
"Bancod, Ronald",M,102,-35,French Defense: King's Indian Attack,True,M,Male vs Male
"Guzman, Christopher",M,124,47,French Defense: Exchange Variation,False,M,Male vs Male
"Doric, Darko",M,78,-237,Queen's Pawn Game: Mason Attack,True,M,Male vs Male
"Loiacono, Leonardo",M,77,-122,Pirc Defense,False,M,Male vs Male
"Khlebovich, Alexander",M,78,-62,"Sicilian Defense: Canal Attack, Main Line",True,M,Male vs Male
"Doric, Darko",M,88,-9,Trompowsky Attack,True,M,Male vs Male
"Khlebovich, Alexander",M,74,20,"Queen's Gambit Declined: Semi-Slav, Abrahams Variation",True,M,Male vs Male
"Guven, Oguz Kagan",M,74,-181,"King's Indian Defense: Fianchetto Variation, Lesser Simagin (Spassky)",True,M,Male vs Male
"Viviani, Alessio",M,50,-77,Nimzo-Indian Defense: Kmoch Variation,False,M,Male vs Male
"Guzman, Christopher",M,42,4,"Sicilian Defense: Najdorf Variation, Opocensky Variation",True,M,Male vs Male
"Jovic, Stevan",M,98,-70,"King's Indian Defense: Orthodox Variation, Classical System",True,M,Male vs Male
"Mortazavi, Ali",M,96,53,"Sicilian Defense: Alapin Variation, Barmen Defense, Modern Line",True,M,Male vs Male
"Mikhailov, Viacheslav",M,122,-101,English Opening: Symmetrical Variation,False,M,Male vs Male
"Strikovic, Aleksa",M,96,-119,"English Opening: King's English Variation, Four Knights Variation, Quiet Line",False,M,Male vs Male
"Strikovic, Aleksa",M,124,67,"English Opening: Anglo-Indian Defense, Queen's Knight Variation",False,M,Male vs Male
"Vidonyak, Roman",M,62,-83,Rat Defense: English Rat,False,M,Male vs Male
"Strikovic, Aleksa",M,82,37,"English Opening: Symmetrical Variation, Two Knights Variation",False,M,Male vs Male
"Soysal, Serkan",M,106,-50,"Sicilian Defense: Accelerated Dragon, Modern Bc4 Variation",True,M,Male vs Male
"Blesic, Vaso",M,110,95,Ruy Lopez: Fianchetto Defense,False,M,Male vs Male
"Dutina, Dario",M,80,-310,Sicilian Defense: Grand Prix Attack,True,M,Male vs Male
"Guzman, Christopher",M,98,-163,French Defense: Exchange Variation,False,M,Male vs Male
"Polo, Victor Ramon",M,100,-139,Zukertort Opening: Sicilian Invitation,True,M,Male vs Male
"Ortega Amarelle, Mariano",M,56,-59,Catalan Opening: Open Defense,False,M,Male vs Male
"Trifonov, Denis",M,118,-135,"English Opening: King's English Variation, Two Knights Variation, Smyslov System",False,M,Male vs Male
"Trifonov, Denis",M,112,-94,"Tarrasch Defense: Prague Variation, Main Line",False,M,Male vs Male
"Ermolaev, Andrey",M,102,137,Queen's Pawn Game: Chigorin Variation,False,M,Male vs Male
"Shchukin, Dmitry",M,126,124,"Sicilian Defense: Najdorf, Lipnitsky Attack",True,M,Male vs Male
"Quesada Vera, Liordis",M,80,-10,"French Defense: Winawer Variation, Advance Variation",False,M,Male vs Male
"Guzman, Christopher",M,86,1,Italian Game: Two Knights Defense,False,M,Male vs Male
"Guzman, Christopher",M,54,-21,Pirc Defense,False,M,Male vs Male
"Tay, Junior",M,114,22,Sicilian Defense: Closed Variation,True,M,Male vs Male
"Strikovic, Aleksa",M,44,133,"English Opening: King's English Variation, Four Knights Variation",False,M,Male vs Male
"Trifonov, Denis",M,84,-117,"English Opening: Symmetrical Variation, Two Knights Line",False,M,Male vs Male
"Gheng, Josef",M,92,-195,"Sicilian Defense: Modern Variations, Main Line",True,M,Male vs Male
"Ortega Amarelle, Mariano",M,56,-147,"Sicilian Defense: Najdorf Variation, Amsterdam Variation",True,M,Male vs Male
"Kovalchuk, Alexey",M,124,-227,Caro-Kann Defense: Two Knights Attack,True,M,Male vs Male
"Kovalchuk, Alexey",M,80,23,Four Knights Game: Scotch Variation Accepted,False,M,Male vs Male
"Sambuev, Bator",F,84,250,Queen's Gambit Declined: Lasker Defense,True,M,Male vs Female
"Ambartsumova, Karina",M,48,-240,"Queen's Gambit Declined: Harrwitz Attack, Two Knights Defense",True,F,Female vs Male
"Ortega Amarelle, Mariano",M,78,-177,"Italian Game: Two Knights Defense, Modern Bishop's Opening",False,M,Male vs Male
"Ortega Amarelle, Mariano",M,98,-190,Benoni Defense,False,M,Male vs Male
"Khlebovich, Alexander",M,142,-48,"King's Indian Defense: Normal Variation, King's Knight Variation",True,M,Male vs Male
"Mikhailov, Viacheslav",M,104,-39,"Neo-Grünfeld Defense: Classical Variation, Original Defense",False,M,Male vs Male
"Mortazavi, Ali",M,84,119,"Sicilian Defense: Alapin Variation, Barmen Defense",True,M,Male vs Male
"Mikhailov, Viacheslav",M,76,-112,King's Indian Attack: Keres Variation,True,M,Male vs Male
"Dutina, Dario",M,48,-218,Sicilian Defense: Closed,True,M,Male vs Male
"Quesada Vera, Liordis",M,40,-74,Zukertort Opening: Nimzo-Larsen Variation,False,M,Male vs Male
"Ghorbani, Hadi",M,44,-115,Elephant Gambit,True,M,Male vs Male
"Chylewski, Patryk",M,60,-108,Grünfeld Defense: Exchange Variation,False,M,Male vs Male
"Chylewski, Patryk",M,164,-124,"King's Indian Defense: Orthodox Variation, Aronin-Taimanov Defense",True,M,Male vs Male
"Khlebovich, Alexander",M,104,103,"King's Indian Defense: Normal Variation, King's Knight Variation",True,M,Male vs Male
"Stelmaszyk, Nico",M,122,-121,Italian Game: Hungarian Defense,False,M,Male vs Male
"Herrera, Martin",M,84,-490,"Benoni Defense: Classical Variation, New York Variation",False,M,Male vs Male
"Okike, David",M,86,-19,Caro-Kann Defense: Two Knights Attack,True,M,Male vs Male
"Devaev, Alexander",M,40,7,"King's Indian Defense: Normal Variation, Rare Defenses",True,M,Male vs Male
"Ghersinich, Enrico",M,86,18,"Queen's Gambit Declined: Exchange Variation, Positional Variation",True,M,Male vs Male
"Almagro Llamas, Pablo",M,114,162,Nimzo-Larsen Attack: Classical Variation,True,M,Male vs Male
"Gwaze, Robert",M,46,60,Sicilian Defense: Najdorf Variation,True,M,Male vs Male
"Schekachikhin, Maksim",M,74,-44,"English Opening: Anglo-Indian Defense, Flohr-Mikenas-Carls Variation, Nei Gambit",True,M,Male vs Male
"Khlebovich, Alexander",M,82,-53,"Benoni Defense: Benoni-Indian Defense, Kingside Move Order",False,M,Male vs Male
"Khlebovich, Alexander",M,102,-46,Queen's Pawn Game: Symmetrical Variation,False,M,Male vs Male
"Jarmula, Lukasz",M,54,-20,Pirc Defense,False,M,Male vs Male
"Sturt, Raven",M,82,148,"Ruy Lopez: Berlin Defense, l'Hermet Variation",False,M,Male vs Male
"Balazs, Gabor",M,76,-69,Old Benoni Defense,False,M,Male vs Male
"Mortazavi, Ali",M,100,-146,King's Indian Attack: Wahls Defense,True,M,Male vs Male
"Ambartsumova, Karina",M,68,-92,Grünfeld Defense: Three Knights Variation,False,F,Female vs Male
"Mikhailov, Viacheslav",M,82,-21,King's Indian Attack: Double Fianchetto,True,M,Male vs Male
"Strikovic, Aleksa",M,124,-31,"English Opening: King's English Variation, Four Knights Variation, Quiet Line",False,M,Male vs Male
"Schuh, Dirk",M,126,77,"French Defense: Tarrasch Variation, Closed Variation",False,M,Male vs Male
"Nuri, Murad",M,81,-63,Robatsch (Modern) Defense,False,M,Male vs Male
"Shchukin, Dmitry",M,96,34,"Sicilian Defense: Sozin Attack, Leonhardt Variation",True,M,Male vs Male
"Grinev, Valeriy",M,70,-95,Grünfeld Defense: Exchange Variation,False,M,Male vs Male
"Piscopo, Pierluigi",M,56,17,"Caro-Kann Defense: Advance Variation, Botvinnik-Carls Defense",False,M,Male vs Male
"Schuh, Dirk",M,82,-90,Réti Opening,False,M,Male vs Male
"Neugebauer, Martin",M,42,165,Caro-Kann Defense: Two Knights Attack,True,M,Male vs Male
"Krasikov, Vladislav",M,90,67,"Ruy Lopez: Exchange Variation, Normal Variation",False,M,Male vs Male
"Ramirez Medina, Victor",M,54,-54,"English Opening: Anglo-Indian Defense, King's Indian Formation",True,M,Male vs Male
"Aliavdin, Nikolai",M,102,58,"French Defense: Winawer Variation, Advance Variation",False,M,Male vs Male
"Narvaez Ramirez, Faber Alberto",M,78,-194,Queen's Pawn,False,M,Male vs Male
"Aliavdin, Nikolai",M,86,-18,Philidor Defense: Lion Variation,False,M,Male vs Male
"Strikovic, Aleksa",M,102,28,King's Indian Defense: Steiner Attack,True,M,Male vs Male
"Perez, Daniel",M,92,60,"Caro-Kann Defense: Exchange Variation, Rubinstein Variation",False,M,Male vs Male
"Ghersinich, Enrico",M,102,-162,Tarrasch Defense: Classical Variation,False,M,Male vs Male
"Amaro Alfonso, Raynner",M,64,-179,King's Indian Defense: Orthodox Variation,True,M,Male vs Male
"Shchukin, Dmitry",M,128,100,Sicilian Defense: Lasker-Pelikan Variation,True,M,Male vs Male
"Maksimovic, Dejan",M,94,-59,Queen's Pawn Game: Krause Variation,False,M,Male vs Male
"Shchukin, Dmitry",M,34,-110,Scandinavian Defense,False,M,Male vs Male
"Gomez, Carlos David",M,96,-122,King's Indian Attack,True,M,Male vs Male
"Falcon, Benjamin",M,44,-14,English Opening: Agincourt Defense,False,M,Male vs Male
"Gomez, Carlos David",M,52,-42,Queen's Pawn Game: Zukertort Variation,False,M,Male vs Male
"Shchukin, Dmitry",M,116,65,Italian Game: Hungarian Defense,False,M,Male vs Male
"Falcon, Benjamin",M,58,-26,French Defense: Chigorin Variation,False,M,Male vs Male
"Shchukin, Dmitry",M,70,-127,French Defense: King's Indian Attack,True,M,Male vs Male
"Shchukin, Dmitry",M,68,59,"Italian Game: Classical Variation, Giuoco Pianissimo, Main Line",False,M,Male vs Male
"Bacallao Alonso, Yusnel",M,68,93,Zukertort Opening: Kingside Fianchetto,False,M,Male vs Male
"Atanejhad, Sahebali",M,108,-40,Benoni Defense,False,M,Male vs Male
"Schuh, Dirk",M,88,50,King's Indian Defense: Semi-Classical Variation,True,M,Male vs Male
"Schuh, Dirk",M,112,13,Zukertort Opening: Kingside Fianchetto,False,M,Male vs Male
"Trifonov, Denis",M,47,3,English Opening: Great Snake Variation,False,M,Male vs Male
"Khlebovich, Alexander",M,112,22,Neo-Grünfeld Defense: Delayed Exchange Variation,False,M,Male vs Male
"Khlebovich, Alexander",M,46,-8,Indian Game: Spielmann-Indian,False,M,Male vs Male
"Khlebovich, Alexander",M,66,-19,Queen's Indian Defense,False,M,Male vs Male
"Moiseenko, Vadim",M,114,9,Caro-Kann Defense: Exchange Variation,False,M,Male vs Male
"Segarra, Randy",M,140,-46,"Ruy Lopez: Open Variations, Open Variation",False,M,Male vs Male
"Polo, Victor Ramon",M,56,-159,"English Opening: Symmetrical Variation, Hedgehog Defense",False,M,Male vs Male
"Givon, Asaf",M,106,104,"Scandinavian Defense: Modern Variation, Gipslis Variation",False,M,Male vs Male
"Bouzidi, Ahmed",M,36,-82,"French Defense: Winawer Variation, Delayed Exchange Variation",False,M,Male vs Male
"Vajic, Goran",M,58,-10,"French Defense: Winawer Variation, Bogoljubov Variation",False,M,Male vs Male
"Ratkovic, Milovan",M,88,-105,Queen's Gambit Accepted: Alekhine Defense,True,M,Male vs Male
"Stelmaszyk, Nico",M,46,-53,Scandinavian Defense: Modern Variation,False,M,Male vs Male
"Drygalov, Andrey",M,76,-48,Sicilian Defense: Nyezhmetdinov-Rossolimo Attack,True,M,Male vs Male
"Drygalov, Andrey",M,76,-68,Sicilian Defense: Nyezhmetdinov-Rossolimo Attack,True,M,Male vs Male
"Mortazavi, Ali",M,78,-135,Van't Kruijs Opening,False,M,Male vs Male
"Piscopo, Pierluigi",M,58,-31,"French Defense: Tarrasch Variation, Guimard Defense, Main Line",False,M,Male vs Male
"Gomez, Carlos David",M,90,-92,"Caro-Kann Defense: Panov Attack, Modern Defense, Mieses Line",True,M,Male vs Male
"Karttunen, Mika",M,92,141,"Sicilian Defense: Dragon Variation, Yugoslav Attack, Main Line",True,M,Male vs Male
"Tay, Junior",M,96,112,Sicilian Defense: Chekhover Variation,True,M,Male vs Male
"Aliavdin, Nikolai",M,77,52,Philidor Defense: Lion Variation,False,M,Male vs Male
"Ratkovic, Miloje",M,62,32,"Sicilian Defense: Najdorf Variation, English Attack",True,M,Male vs Male
"Kozlov, Stanislav",M,122,-84,Sicilian Defense: Closed,True,M,Male vs Male
"Obgolts, Erik",M,78,110,Queen's Pawn Game: Krause Variation,False,M,Male vs Male
"Rzayev, Bahruz",M,70,2,"Sicilian Defense: French Variation, Westerinen Attack",True,M,Male vs Male
"Mikhailov, Viacheslav",M,45,15,Queen's Pawn Game: Chigorin Variation,False,M,Male vs Male
"Sychev, Klementy",M,154,-89,Sicilian Defense: Lasker-Pelikan Variation,True,M,Male vs Male
"Vysochin, Spartak",M,86,12,"Caro-Kann Defense: Exchange Variation, Rubinstein Variation",False,M,Male vs Male
"Zhigalko, Sergei",M,48,98,"Ruy Lopez: Closed, Anti-Marshall 8. a4",False,M,Male vs Male
"Sychev, Klementy",M,132,-82,Sicilian Defense: Lasker-Pelikan Variation,True,M,Male vs Male
"Rzayev, Bahruz",M,112,53,"French Defense: Tarrasch Variation, Closed Variation",False,M,Male vs Male
"Ratkovic, Miloje",M,34,-1,Queen's Pawn Game,False,M,Male vs Male
"Vysochin, Spartak",M,80,12,"Caro-Kann Defense: Advance Variation, Short Variation",False,M,Male vs Male
"Zhigalko, Sergei",M,128,92,"Ruy Lopez: Closed Variations, Martinez Variation",False,M,Male vs Male
"Sychev, Klementy",M,164,-76,"Sicilian Defense: Lasker-Pelikan Variation, Sveshnikov Variation, Novosibirsk Variation",True,M,Male vs Male
"Gomez, Carlos David",M,70,-33,King's Indian Attack: Wahls Defense,True,M,Male vs Male
"Euler, Gerd",M,64,-167,Lion Defense: Lion's Jaw,False,M,Male vs Male
"Grinev, Valeriy",M,56,39,"Queen's Gambit Declined: Exchange Variation, Positional Variation",True,M,Male vs Male
"Vysochin, Spartak",M,66,12,"Sicilian Defense: Alapin Variation, Barmen Defense, Modern Line",True,M,Male vs Male
"Rzayev, Bahruz",M,72,-23,"Sicilian Defense: Kan Variation, Knight Variation",True,M,Male vs Male
"Rzayev, Bahruz",M,104,-47,Sicilian Defense: French Variation,True,M,Male vs Male
"Grinev, Valeriy",M,140,58,Queen's Gambit Declined,True,M,Male vs Male
"Rzayev, Bahruz",M,54,-43,Alekhine Defense: Four Pawns Attack,True,M,Male vs Male
"Stelmaszyk, Nico",M,112,-27,Sicilian Defense: Old Sicilian,True,M,Male vs Male
"Perez, Daniel",M,68,-39,"French Defense: Rubinstein Variation, Blackburne Defense",False,M,Male vs Male
"Ghorbani, Hadi",M,112,-27,"Sicilian Defense: Four Knights Variation, Exchange Variation",True,M,Male vs Male
"Almagro Llamas, Pablo",M,62,41,English Opening: Symmetrical Variation,False,M,Male vs Male
"Svane, Rasmus",M,114,0,Caro-Kann Defense: Exchange Variation,False,M,Male vs Male
"Quiroga Jaquez, Angel Ivan",M,108,13,Semi-Slav Defense: Meran Variation,False,M,Male vs Male
"Koutsin, Sergey",M,60,-101,Benko Gambit,True,M,Male vs Male
"Amaro Alfonso, Raynner",M,54,-120,Sicilian Defense: Najdorf Variation,True,M,Male vs Male
"Koutsin, Sergey",M,116,-65,Semi-Benoni,False,M,Male vs Male
"Quiroga Jaquez, Angel Ivan",M,72,-71,Zukertort Opening: Nimzo-Larsen Variation,False,M,Male vs Male
"Mortazavi, Ali",M,66,80,"Italian Game: Two Knights Defense, Modern Bishop's Opening",False,M,Male vs Male
"Devaev, Alexander",M,12,-112,Queen's Indian Defense: Kasparov-Petrosian Variation,False,M,Male vs Male
"Mortazavi, Ali",M,54,32,Bishop's Opening: Berlin Defense,False,M,Male vs Male
"Perez, Daniel",M,40,-114,Scotch Game: Mieses Variation,False,M,Male vs Male
"Trifonov, Denis",M,164,-14,Trompowsky Attack: Classical Defense,True,M,Male vs Male
"Neugebauer, Martin",M,74,56,"Benko Gambit Accepted, Pawn Return Variation",True,M,Male vs Male
"Sirosh, Ilja",M,100,-48,Indian Game,False,M,Male vs Male
"Langheinrich, Ferenc",M,74,-43,Queen's Gambit Declined: Cambridge Springs Defense: Rubinstein Variation,True,M,Male vs Male
"Raicevic, Vladimir",M,52,-6,Slav Defense: Exchange Variation,False,M,Male vs Male
"Herrera, Martin",M,56,-261,Queen's Gambit Refused: Austrian Defense,True,M,Male vs Male
"Doric, Darko",M,123,22,Modern Defense,False,M,Male vs Male
"Strikovic, Aleksa",M,80,141,"English Opening: Anglo-Indian Defense, Queen's Knight Variation",False,M,Male vs Male
"Perez, Daniel",M,88,154,Sicilian Defense: Prins Variation,True,M,Male vs Male
"Aliavdin, Nikolai",M,72,-124,"Sicilian Defense: Scheveningen Variation, English Attack",True,M,Male vs Male
"Aliavdin, Nikolai",M,42,122,"Caro-Kann Defense: Advance Variation, Tal Variation",False,M,Male vs Male
"Devaev, Alexander",M,58,-98,Tarrasch Defense: Two Knights Variation,False,M,Male vs Male
"Mortazavi, Ali",M,66,-168,Sicilian Defense: Closed Variation,True,M,Male vs Male
"Viviani, Alessio",M,48,-163,"Benko Gambit Accepted, Pawn Return Variation",True,M,Male vs Male
"Krasikov, Vladislav",M,52,170,French Defense: Schlechter Variation,False,M,Male vs Male
"Aliavdin, Nikolai",M,40,-12,"Philidor Defense: Lion Variation, Sozin Variation",False,M,Male vs Male
"Aydincelebi, Kagan",M,60,31,Philidor Defense: Exchange Variation,False,M,Male vs Male
"Trifonov, Denis",M,102,-17,Queen's Pawn Game: Levitsky Attack,True,M,Male vs Male
"Vysochin, Spartak",M,170,24,"Caro-Kann Defense: Exchange Variation, Rubinstein Variation",False,M,Male vs Male
"Doric, Darko",M,74,-12,Queen's Pawn Game: Levitsky Attack,True,M,Male vs Male
"Trifonov, Denis",M,128,-70,Semi-Benoni,False,M,Male vs Male
"Vysochin, Spartak",M,104,24,Sicilian Defense: Alapin Variation,True,M,Male vs Male
"Doric, Darko",M,90,-11,Queen's Pawn Game: Steinitz Countergambit,False,M,Male vs Male
"Viviani, Alessio",M,82,-156,Nimzo-Indian Defense: Kmoch Variation,False,M,Male vs Male
"Hulka, Valentyn",M,50,-182,Sicilian Defense: Nyezhmetdinov-Rossolimo Attack,True,M,Male vs Male
"Gedajlovic, Max",M,102,301,Old Benoni Defense,False,M,Male vs Male
"Krasikov, Vladislav",M,120,14,Sicilian Defense: Old Sicilian,True,M,Male vs Male
"Krasikov, Vladislav",M,104,-16,Pirc Defense,False,M,Male vs Male
"Strikovic, Aleksa",M,68,27,King's Indian Defense: Steiner Attack,True,M,Male vs Male
"Sturt, Raven",M,46,0,"French Defense: Advance Variation, Paulsen Attack",True,M,Male vs Male
"Cabrera Pando, Ramiro",M,78,46,Sicilian Defense: French Variation,True,M,Male vs Male
"Geivondian, Arman",M,120,-48,Torre Attack,True,M,Male vs Male
"Doric, Darko",M,93,-70,Trompowsky Attack,True,M,Male vs Male
"Shevchenko, Kirill",M,92,79,"Caro-Kann Defense: Advance Variation, Tal Variation",False,M,Male vs Male
"Doric, Darko",M,114,-65,Trompowsky Attack,True,M,Male vs Male
"Narvaez Ramirez, Faber Alberto",F,156,-75,Sicilian Defense: Paulsen Variation,True,M,Male vs Female
"Beradze, Irakli",M,72,-19,"Nimzo-Indian Defense: Panov Attack, Main Line",True,M,Male vs Male
"Schuh, Dirk",M,80,131,Caro-Kann Defense: Two Knights Attack,True,M,Male vs Male
"Koutsin, Sergey",M,54,31,"Nimzo-Indian Defense: Normal Variation, Bishop Attack",True,M,Male vs Male
"Loiacono, Leonardo",M,60,-84,Queen's Gambit Declined: Janowski Variation,True,M,Male vs Male
"Sturt, Raven",M,98,11,Scandinavian Defense,False,M,Male vs Male
"Yeletsky, Ivan",M,86,34,"Benko Gambit Accepted, Fully Accepted Variation",True,M,Male vs Male
"Posthuma, Joshua",M,68,-20,Catalan Opening,False,M,Male vs Male
"Khlebovich, Alexander",M,102,-91,"Queen's Indian Defense: Fianchetto Variation, Nimzowitsch Variation",False,M,Male vs Male
"Shevchenko, Kirill",M,100,30,"Grünfeld Defense: Exchange Variation, Modern Exchange Variation",False,M,Male vs Male
"Khlebovich, Alexander",M,166,-28,"King's Indian Defense: Fianchetto Variation, Classical Main Line",True,M,Male vs Male
"Ghorbani, Hadi",M,102,-26,"Sicilian Defense: Dragon Variation, Yugoslav Attack, Modern Line",True,M,Male vs Male
"Sirosh, Ilja",M,44,20,Tarrasch Defense: Prague Variation,False,M,Male vs Male
"Zelbel, Patrick",M,102,10,"Italian Game: Classical Variation, Greco Gambit, Moeller-Therkatz Attack",True,M,Male vs Male
"Juhasz, Armin",M,114,-72,Slav Defense: Exchange Variation,False,M,Male vs Male
"Viviani, Alessio",M,50,-116,Tarrasch Defense: Classical Variation,False,M,Male vs Male
"Leenhouts, Koen",M,112,78,King's Indian Defense: Steiner Attack,True,M,Male vs Male
"Banzea, Alexandru-Bogdan",M,94,-64,Four Knights Game: Scotch Variation Accepted,False,M,Male vs Male
"Leenhouts, Koen",M,62,72,English Opening: Anglo-Dutch Defense,False,M,Male vs Male
"Leenhouts, Koen",M,72,45,Queen's Gambit Declined,True,M,Male vs Male
"Nordahl, Helge",M,146,84,"Queen's Indian Defense: Kasparov-Petrosian Variation, Main Line",False,M,Male vs Male
"Campbell, Charles",M,130,-70,"King's Indian Defense: Fianchetto Variation, Yugoslav System, without Nc3",True,M,Male vs Male
"Nordahl, Helge",M,100,80,Queen's Indian Defense: Kasparov-Petrosian Variation,False,M,Male vs Male
"Mikhailov, Viacheslav",M,120,35,Queen's Pawn Game,False,M,Male vs Male
"Mikhailov, Viacheslav",M,32,22,Canard Opening,False,M,Male vs Male
"Kalvaitis, Sigitas",M,66,-2,Scotch Game: Schmidt Variation,False,M,Male vs Male
"Trifonov, Denis",M,90,-54,Sicilian Defense: Najdorf Variation,True,M,Male vs Male
"Schuh, Dirk",M,48,76,Zukertort Opening: Pirc Invitation,False,M,Male vs Male
"Trifonov, Denis",M,134,-16,"Caro-Kann Defense: Panov Attack, Modern Defense",True,M,Male vs Male
"Guzman, Christopher",M,122,26,Scotch Game: Schmidt Variation,False,M,Male vs Male
"Boros, Denes",M,130,88,Sicilian Defense: Closed Variation,True,M,Male vs Male
"Hafiz, Arif Abdul",M,112,70,Sicilian Defense: Closed Variation,True,M,Male vs Male
"Galchenko, Matvey",M,88,-50,Hungarian Opening: Indian Defense,False,M,Male vs Male
"Viviani, Alessio",M,72,-70,Philidor Defense: Lion Variation,False,M,Male vs Male
"Gomez, Carlos David",M,132,-60,King's Indian Attack,True,M,Male vs Male
"Viviani, Alessio",M,56,-188,Nimzo-Larsen Attack,True,M,Male vs Male
"Gomez, Carlos David",M,74,-169,King's Indian Attack: Keres Variation,True,M,Male vs Male
"Narvaez Ramirez, Faber Alberto",M,114,-197,"Modern Defense: Two Knights Variation, Suttles Variation",False,M,Male vs Male
"Shchukin, Dmitry",M,92,-63,"Sicilian Defense: Sozin Attack, Leonhardt Variation",True,M,Male vs Male
"Krasikov, Vladislav",M,128,4,Pirc Defense,False,M,Male vs Male
"Doric, Darko",M,84,102,Trompowsky Attack: Classical Defense,True,M,Male vs Male
"Sadykov, Ramil",M,28,38,"Sicilian Defense: Kan Variation, Wing Attack, Spraggett Attack",True,M,Male vs Male
"Shchukin, Dmitry",M,104,-26,Pirc Defense,False,M,Male vs Male
"Strikovic, Aleksa",M,128,-60,"Sicilian Defense: Accelerated Dragon, Maróczy Bind, Breyer Variation",True,M,Male vs Male
"Doric, Darko",M,86,69,Queen's Pawn,False,M,Male vs Male
"Doric, Darko",M,48,41,Philidor Defense: Lion Variation,False,M,Male vs Male
"Doric, Darko",M,66,16,Queen's Pawn,False,M,Male vs Male
"Strikovic, Aleksa",M,102,-4,"Sicilian Defense: Accelerated Dragon, Maróczy Bind",True,M,Male vs Male
"Perez, Daniel",M,26,-335,"Sicilian Defense: Prins Variation, Venice Attack",True,M,Male vs Male
"Perez, Daniel",M,136,-143,"Sicilian Defense: Accelerated Dragon, Maróczy Bind, Breyer Variation",True,M,Male vs Male
"Viviani, Alessio",M,88,-192,"Queen's Gambit Declined: Harrwitz Attack, Main Line",True,M,Male vs Male
"Dutina, Dario",M,100,24,"Caro-Kann Defense: Hillbilly Attack, Schaeffer Gambit",True,M,Male vs Male
"Palu, Andres",M,47,24,"Caro-Kann Defense: Advance Variation, Short Variation",False,M,Male vs Male
"Narvaez Ramirez, Faber Alberto",M,124,-103,Caro-Kann Defense: Two Knights Attack,True,M,Male vs Male
"Mortazavi, Ali",M,138,233,"Italian Game: Two Knights Defense, Modern Bishop's Opening",False,M,Male vs Male
"Gomez, Carlos David",M,78,-173,Indian Game: Spielmann-Indian,False,M,Male vs Male
"Beradze, Irakli",M,120,241,"Caro-Kann Defense: Panov Attack, Modern Defense, Mieses Line",True,M,Male vs Male
"Jovic, Stevan",M,88,-220,Trompowsky Attack,True,M,Male vs Male
"Strikovic, Aleksa",M,88,-35,English Opening: Symmetrical Variation,False,M,Male vs Male
"Schuh, Dirk",M,92,-178,Zukertort Opening: Sicilian Invitation,True,M,Male vs Male
"Milchev, Nikolay",M,110,16,"Old Indian Defense: Janowski Variation, Fianchetto Variation",False,M,Male vs Male
"Ghersinich, Enrico",M,98,-154,King's Indian Defense: 3. Nc3,True,M,Male vs Male
"Devaev, Alexander",M,54,-59,"Benko Gambit Accepted, Fianchetto Variation",True,M,Male vs Male
"Palchuk, Andrii",M,113,69,"Caro-Kann Defense: Advance Variation, Short Variation",False,M,Male vs Male
"Viviani, Alessio",M,70,-123,Benoni Defense: Hromádka System,False,M,Male vs Male
"Strikovic, Aleksa",M,76,-29,"English Opening: Symmetrical Variation, Anti-Benoni Variation, Spielmann Defense",False,M,Male vs Male
"Sebenik, Matej",M,82,24,"English Opening: Anglo-Indian Defense, Scandinavian Defense, Exchange Variation",False,M,Male vs Male
"Trifonov, Denis",M,86,-12,Queen's Pawn Game: Levitsky Attack,True,M,Male vs Male
"Trifonov, Denis",M,108,-31,"Italian Game: Two Knights Defense, Polerio Defense, Bishop Check Line",False,M,Male vs Male
"Campbell, Charles",M,88,-28,"King's Indian Defense: Fianchetto Variation, Panno Variation",True,M,Male vs Male
"Hapaku, Charles",M,40,38,English Opening: Mikenas-Carls Variation,False,M,Male vs Male
"Drygalov, Andrey",M,112,119,Pirc Defense,False,M,Male vs Male
"Viviani, Alessio",M,58,-117,"English Opening: Anglo-Indian Defense, King's Knight Variation",False,M,Male vs Male
"Piscopo, Pierluigi",M,50,-46,Scotch Game: Mieses Variation,False,M,Male vs Male
"Ratkovic, Miloje",M,64,-13,Nimzo-Larsen Attack: Indian Variation,True,M,Male vs Male
"Obad, Andrija",M,134,92,"Caro-Kann Defense: Classical Variation, Flohr Variation",False,M,Male vs Male
"Hapaku, Charles",M,88,-208,English Opening: Agincourt Defense,False,M,Male vs Male
"Jovic, Stevan",M,34,-142,"Nimzo-Indian Defense: Normal Variation, Gligoric System, Keres Variation",False,M,Male vs Male
"Mikhailov, Viacheslav",M,50,-138,Zukertort Opening: Sicilian Invitation,True,M,Male vs Male
"Trifonov, Denis",M,78,-14,Englund Gambit Complex: Hartlaub-Charlick Gambit,True,M,Male vs Male
"Khlebovich, Alexander",M,74,80,"English Opening: Symmetrical Variation, Anti-Benoni Variation",False,M,Male vs Male
"Zivkovic, Nemanja",M,66,57,"Sicilian Defense: Lasker-Pelikan Variation, Sveshnikov Variation, Chelyabinsk Variation",True,M,Male vs Male
"Kavyev, Ruslan",M,36,-56,Benoni Defense,False,M,Male vs Male
"Hapaku, Charles",M,46,-73,"English Opening: Symmetrical Variation, Four Knights Variation",False,M,Male vs Male
"Schuh, Dirk",M,108,-2,Sicilian Defense: Alapin Variation,True,M,Male vs Male
"Raicevic, Vladimir",M,74,16,King's Indian Defense: Sämisch Variation,True,M,Male vs Male
"Ratkovic, Milovan",M,80,-37,Benoni Defense,False,M,Male vs Male
"Ratkovic, Milovan",M,112,-55,Nimzo-Indian Defense: Reshevsky Variation,False,M,Male vs Male
"Segarra, Randy",M,142,36,Scandinavian Defense: Modern Variation,False,M,Male vs Male
"Palu, Andres",M,46,-83,Sicilian Defense: Closed Variation,True,M,Male vs Male
"Plotkin, Mark",M,38,73,"Ruy Lopez: Open Variations, Open Variation",False,M,Male vs Male
"Sirosh, Ilja",M,60,-154,"Grünfeld Defense: Exchange Variation, Spassky Variation",False,M,Male vs Male
"Khlebovich, Alexander",M,116,118,"King's Indian Defense: Fianchetto Variation, Karlsbad Variation",True,M,Male vs Male
"Banikas, Hristos",M,64,122,Sicilian Defense: Prins Variation,True,M,Male vs Male
"Strikovic, Aleksa",M,116,224,English Opening: Symmetrical Variation,False,M,Male vs Male
"Sirosh, Ilja",M,82,69,"Benko Gambit Accepted, Fully Accepted Variation",True,M,Male vs Male
"Doric, Darko",M,140,-64,Trompowsky Attack: Classical Defense,True,M,Male vs Male
"Doric, Darko",M,62,-82,"Queen's Gambit Declined: Exchange Variation, Positional Variation",True,M,Male vs Male
"Sevostianov, Vladimir",M,64,-225,"Italian Game: Two Knights Defense, Modern Bishop's Opening",False,M,Male vs Male
"Sturt, Raven",M,64,99,"King's Indian Defense: Fianchetto Variation, Panno Variation",True,M,Male vs Male
"Banzea, Alexandru-Bogdan",M,130,-74,Scandinavian Defense: Bronstein Variation,False,M,Male vs Male
"Sturt, Raven",M,106,78,Sicilian Defense: Old Sicilian,True,M,Male vs Male
"Banzea, Alexandru-Bogdan",M,22,-63,Nimzo-Indian Defense: Classical Variation,False,M,Male vs Male
"Sturt, Raven",M,36,28,"French Defense: Advance Variation, Main Line",False,M,Male vs Male
"Shchukin, Dmitry",M,48,-114,Zukertort Opening: Sicilian Invitation,True,M,Male vs Male
"Oparin, Grigoriy",M,47,130,Neo-Grünfeld Defense: Delayed Exchange Variation,False,M,Male vs Male
"Oparin, Grigoriy",M,114,317,"English Opening: Agincourt Defense, Catalan Defense Accepted",False,M,Male vs Male
"Trifonov, Denis",M,98,-325,"Ruy Lopez: Morphy Defense, Neo-Arkhangelsk Variation",False,M,Male vs Male
"Moiseenko, Vadim",M,70,13,Sicilian Defense: Najdorf Variation,True,M,Male vs Male
"Trifonov, Denis",M,114,-129,Trompowsky Attack,True,M,Male vs Male
"Juhasz, Armin",M,120,-168,"English Opening: Symmetrical Variation, Four Knights Variation",False,M,Male vs Male
"Wisniacki, Flavio",M,126,-155,Bird Opening,False,M,Male vs Male
"Krykun, Yuriy",M,99,58,Réti Opening,False,M,Male vs Male
"Cupid, Kevin",M,84,-168,Colle System,False,M,Male vs Male
"Ratkovic, Milovan",M,62,52,Englund Gambit Complex: Hartlaub-Charlick Gambit,True,M,Male vs Male
"Posthuma, Joshua",M,54,-92,Indian Game: Spielmann-Indian,False,M,Male vs Male
"Juhasz, Armin",M,64,135,"English Opening: Anglo-Indian Defense, King's Knight Variation",False,M,Male vs Male
"Baskakov, Egor",M,68,85,French Defense: Queen's Knight,False,M,Male vs Male
"Strikovic, Aleksa",M,122,10,"Caro-Kann Defense: Accelerated Panov Attack, Modern Variation",True,M,Male vs Male
"Doric, Darko",M,128,2,Queen's Pawn,False,M,Male vs Male
"Aliavdin, Nikolai",M,33,-46,"French Defense: Steinitz Variation, Boleslavsky Variation",False,M,Male vs Male
"Khlebovich, Alexander",M,134,61,"Queen's Indian Defense: Fianchetto Variation, Nimzowitsch Variation",False,M,Male vs Male
"Khlebovich, Alexander",M,114,44,"Queen's Indian Defense: Fianchetto Variation, Nimzowitsch Variation",False,M,Male vs Male
"Aliavdin, Nikolai",M,38,-187,"French Defense: Classical Variation, Burn Variation, Main Line",False,M,Male vs Male
"Khlebovich, Alexander",M,66,59,Slav Defense: Modern Line,False,M,Male vs Male
"Khlebovich, Alexander",M,44,40,French Defense: Exchange Variation,False,M,Male vs Male
"Boros, Denes",M,74,7,Sicilian Defense: Nimzowitsch Variation,True,M,Male vs Male
"Chumpitaz, Ann",M,102,-246,"Caro-Kann Defense: Panov Attack, Modern Defense, Mieses Line",True,F,Female vs Male
"Strikovic, Aleksa",M,54,-133,English Opening: Agincourt Defense,False,M,Male vs Male
"Aliavdin, Nikolai",M,104,-103,Sicilian Defense: Nimzowitsch Variation,True,M,Male vs Male
"Popovic, Dusan",M,60,60,"Sicilian Defense: Kan Variation, Wing Attack",True,M,Male vs Male
"Datu, Alcon John",M,32,-47,"Queen's Indian Defense: Classical Variation, Polugaevsky Gambit",True,M,Male vs Male
"Guzman, Christopher",M,176,61,Scotch Game: Blumenfeld Attack,True,M,Male vs Male
"ADU, Oladapo",M,78,-203,Sicilian Defense: Chekhover Variation,True,M,Male vs Male
Minh Le,M,116,28,Torre Attack,True,F,Female vs Male
"Khlebovich, Alexander",M,118,25,Queen's Pawn Game: Zukertort Variation,False,M,Male vs Male
"Tekeyev, Zaur",M,68,-13,Sicilian Defense: Najdorf Variation,True,M,Male vs Male
"Tekeyev, Zaur",M,46,-35,Sicilian Defense: Canal-Sokolsky Attack,True,M,Male vs Male
"Khlebovich, Alexander",M,166,45,"King's Indian Defense: Fianchetto Variation, Karlsbad Variation",True,M,Male vs Male
"Khlebovich, Alexander",M,60,20,English Opening: King's English Variation,False,M,Male vs Male
"Tekeyev, Zaur",M,144,-8,Sicilian Defense: Canal-Sokolsky Attack,True,M,Male vs Male
"Tekeyev, Zaur",M,82,-29,"King's Indian Defense: Normal Variation, King's Knight Variation",True,M,Male vs Male
"Tekeyev, Zaur",M,70,-49,"King's Indian Defense: Normal Variation, King's Knight Variation",True,M,Male vs Male
"Tekeyev, Zaur",M,68,-68,Zukertort Opening: Nimzo-Larsen Variation,False,M,Male vs Male
"Tekeyev, Zaur",M,66,-86,"Sicilian Defense: Najdorf Variation, English Attack",True,M,Male vs Male
"ADU, Oladapo",M,62,-6,Van't Kruijs Opening,False,M,Male vs Male
"Mortazavi, Ali",M,72,149,Bishop's Opening: Berlin Defense,False,M,Male vs Male
"Trifonov, Denis",M,68,-136,Pirc Defense,False,M,Male vs Male
"Trifonov, Denis",M,52,-37,Tarrasch Defense: Schara Gambit,True,M,Male vs Male
"Euler, Gerd",M,98,47,Slav Defense: Modern Line,False,M,Male vs Male
"Tekeyev, Zaur",M,70,25,"Sicilian Defense: Nimzowitsch Variation, Main Line",True,M,Male vs Male
"Baskakov, Egor",M,56,-13,Vienna Game: Mieses Variation,False,M,Male vs Male
"Kantans, Toms",M,88,29,"Sicilian Defense: Najdorf Variation, Main Line",True,M,Male vs Male
"Mikaelyan, Arman",M,38,-33,"Sicilian Defense: Nimzowitsch Variation, Closed Variation",True,M,Male vs Male
"Graif, William",M,62,-26,"Italian Game: Classical Variation, Giuoco Pianissimo",False,M,Male vs Male
"Trifonov, Denis",M,142,-95,Queen's Pawn Game: Levitsky Attack,True,M,Male vs Male
"Sebenik, Matej",M,42,34,Benoni Defense: Taimanov Variation,False,M,Male vs Male
"Drygalov, Andrey",M,136,-74,Sicilian Defense: Nyezhmetdinov-Rossolimo Attack,True,M,Male vs Male
"Drygalov, Andrey",M,68,-93,Sicilian Defense: Nyezhmetdinov-Rossolimo Attack,True,M,Male vs Male
"Zhigalko, Sergei",M,76,101,"Sicilian Defense: French Variation, Westerinen Attack",True,M,Male vs Male
"Drygalov, Andrey",M,112,-86,Alekhine Defense: Exchange Variation,False,M,Male vs Male
"Zhigalko, Sergei",M,126,95,"Sicilian Defense: Kan Variation, Modern Variation",True,M,Male vs Male
"Drygalov, Andrey",M,66,-80,"Sicilian Defense: Scheveningen Variation, English Attack",True,M,Male vs Male
"Wisniacki, Flavio",M,102,-122,Nimzo-Larsen Attack,True,M,Male vs Male
"Genocchio, Daniele",M,90,-30,Alekhine Defense: Exchange Variation,False,M,Male vs Male
"Villegas, Franco",F,88,-94,"Sicilian Defense: Paulsen Variation, Szén Variation",True,M,Male vs Female
"Chumpitaz, Ann",M,74,-258,Scandinavian Defense: Classical Variation,False,F,Female vs Male
"Strikovic, Aleksa",M,68,-165,"English Opening: King's English Variation, Three Knights System",False,M,Male vs Male
"Schuh, Dirk",M,90,106,Four Knights Game: Nimzowitsch (Paulsen),False,M,Male vs Male
"Loiacono, Leonardo",M,66,-43,Benoni Defense,False,M,Male vs Male
"Falcon, Benjamin",M,76,-137,"French Defense: Tarrasch Variation, Pawn Center Variation",False,M,Male vs Male
"Ratkovic, Miloje",M,50,-3,Nimzo-Larsen Attack: Modern Variation,True,M,Male vs Male
"Aliavdin, Nikolai",M,82,-75,"Caro-Kann Defense: Advance Variation, Tal Variation",False,M,Male vs Male
"Sambuev, Bator",M,116,13,Caro-Kann Defense: Exchange Variation,False,M,Male vs Male
"Ratkovic, Miloje",M,72,0,Semi-Slav Defense: Noteboom Variation,False,M,Male vs Male
"Tay, Junior",M,72,128,"Bishop's Opening: Vienna Hybrid, Spielmann Attack",True,M,Male vs Male
"Khlebovich, Alexander",M,82,-49,Modern Defense,False,M,Male vs Male
"Saric, Ivan",M,102,60,King's Indian Defense,True,M,Male vs Male
"Khlebovich, Alexander",M,98,-43,Modern Defense,False,M,Male vs Male
"Denisenko, Denis",M,80,46,Queen's Pawn,False,M,Male vs Male
"Koutsin, Sergey",M,70,51,"King's Indian Defense: Orthodox Variation, Glek Defense",True,M,Male vs Male
"Shchukin, Dmitry",M,100,-135,"Italian Game: Classical Variation, Greco Gambit, Traditional Line",True,M,Male vs Male
"Shchukin, Dmitry",M,104,-144,"Sicilian Defense: Lasker-Pelikan Variation, Sveshnikov Variation",True,M,Male vs Male
"La Villa Rivas, Marlon Javier",M,64,-454,"French Defense: Tarrasch Variation, Pawn Center Variation",False,M,Male vs Male
"Sambuev, Bator",M,80,35,Pirc Defense,False,M,Male vs Male
"Baskakov, Egor",M,166,-56,Sicilian Defense: Najdorf Variation,True,M,Male vs Male
Minh Le,M,78,137,"King's Indian Defense: Fianchetto Variation, Classical Fianchetto",True,F,Female vs Male
"Wisniacki, Flavio",M,102,9,"English Opening: Symmetrical Variation, Anti-Benoni Variation",False,M,Male vs Male
"Trifonov, Denis",M,154,3,Queen's Pawn Game: Levitsky Attack,True,M,Male vs Male
"Reshetnikov, Alexey",M,24,224,"Queen's Gambit Refused: Chigorin Defense, Main Line",True,M,Male vs Male
"Shevchenko, Danylo",M,46,-199,French Defense: Advance Variation,False,M,Male vs Male
"Reshetnikov, Alexey",M,60,206,"English Opening: King's English Variation, Three Knights System",False,M,Male vs Male
"Sambuev, Bator",M,76,-15,Queen's Gambit Declined: Lasker Defense,True,M,Male vs Male
"Baskakov, Egor",M,152,27,French Defense: Queen's Knight,False,M,Male vs Male
"Givon, Asaf",M,68,-65,"French Defense: Tarrasch Variation, Pawn Center Variation",False,M,Male vs Male
"Saya, Ethan",M,118,-237,Ruy Lopez: Berlin Defense,False,M,Male vs Male
"Gomez, Carlos David",M,44,-120,Semi-Slav Defense: Accelerated Move Order,False,M,Male vs Male
"Bersamina, Paulo",M,96,-65,French Defense: Wing Gambit,True,M,Male vs Male
"Mammadov, Zaur",M,86,-145,Sicilian Defense: Alapin Variation,True,M,Male vs Male
"Ramirez Medina, Victor",M,96,-32,"Queen's Pawn Game: Symmetrical Variation, Pseudo-Catalan",False,M,Male vs Male
"Baskakov, Egor",M,92,134,Vienna Game: Mieses Variation,False,M,Male vs Male
"Krasikov, Vladislav",M,124,-13,French Defense: Schlechter Variation,False,M,Male vs Male
"Sambuev, Bator",M,44,25,"Caro-Kann Defense: Panov-Botvinnik, Herzog Defense",False,M,Male vs Male
"Krasikov, Vladislav",M,150,-11,"Semi-Slav Defense: Marshall Gambit, Forgotten Variation",True,M,Male vs Male
"Krasikov, Vladislav",M,34,-34,French Defense: Schlechter Variation,False,M,Male vs Male
"Sirosh, Ilja",M,40,-110,Queen's Gambit Declined,True,M,Male vs Male
"Egorov, Evgeny",M,86,-89,"French Defense: Advance Variation, Lputian Variation",False,M,Male vs Male
"Egorov, Evgeny",M,58,-99,"French Defense: Advance Variation, Lputian Variation",False,M,Male vs Male
"Sambuev, Bator",M,80,108,Zukertort Opening: Dutch Variation,False,M,Male vs Male
"Egorov, Evgeny",M,108,-93,"French Defense: Advance Variation, Lputian Variation",False,M,Male vs Male
"Egorov, Evgeny",M,62,-92,Semi-Slav Defense: Noteboom Variation,False,M,Male vs Male
"Hafiz, Arif Abdul",M,54,-89,Sicilian Defense: Canal-Sokolsky Attack,True,M,Male vs Male
"Shevchenko, Kirill",M,70,98,Scandinavian Defense: Mieses-Kotroc Variation,False,M,Male vs Male
"Plenca, Jadranko",M,74,-29,Philidor Defense: Lion Variation,False,M,Male vs Male
"Ghorbani, Hadi",M,26,-151,Russian Game: Stafford Gambit,True,M,Male vs Male
"Plenca, Jadranko",M,70,35,Sicilian Defense: Delayed Alapin Variation,True,M,Male vs Male
"Baskakov, Egor",M,62,-60,Sicilian Defense: Najdorf Variation,True,M,Male vs Male
"Okara, Andrey",M,80,-66,"Ruy Lopez: Morphy Defense, Wormald Attack",True,M,Male vs Male
"Gheng, Josef",M,80,-11,"Ruy Lopez: Morphy Defense, Cozio Defense",False,M,Male vs Male
"Ermolaev, Andrey",M,60,-192,Queen's Pawn Game: Chigorin Variation,False,M,Male vs Male
"Strikovic, Aleksa",M,94,152,"Sicilian Defense: Accelerated Dragon, Maróczy Bind, Breyer Variation",True,M,Male vs Male
"Solano Cuya, Bryan",M,62,-169,"King's Indian Defense: Normal Variation, King's Knight Variation",True,M,Male vs Male
"Cabrera Pando, Ramiro",M,86,-183,Queen's Gambit Accepted: Janowski-Larsen Variation,True,M,Male vs Male
"Shevchenko, Danylo",M,92,-89,Alekhine Defense: Scandinavian Variation,False,M,Male vs Male
"Sambuev, Bator",M,136,119,King's Indian Defense: Orthodox Variation,True,M,Male vs Male
"Mikhailov, Viacheslav",M,92,-104,King's Indian Attack: Keres Variation,True,M,Male vs Male
"Mikhailov, Viacheslav",M,102,-110,"English Opening: King's English Variation, Closed System",False,M,Male vs Male
"Tomb, Maroun",M,100,-189,"French Defense: Tarrasch Variation, Pawn Center Variation",False,M,Male vs Male
"Aliavdin, Nikolai",M,30,-3,"Sicilian Defense: Scheveningen Variation, Tal Variation",True,M,Male vs Male
"Khlebovich, Alexander",M,118,81,Catalan Opening: Closed Variation,False,M,Male vs Male
"Dutina, Dario",M,76,-90,"Ruy Lopez: Exchange Variation, Keres Variation",False,M,Male vs Male
"Palu, Andres",M,116,-52,"Neo-Grünfeld Defense: Classical Variation, Modern Defense",False,M,Male vs Male
"Gedajlovic, Max",M,50,47,"Queen's Indian Defense: Fianchetto Variation, Nimzowitsch Variation",False,M,Male vs Male
"Gedajlovic, Max",M,78,-6,Indian Game: Pseudo-Benko,False,M,Male vs Male
"Devaev, Alexander",M,94,0,Slav Defense: Exchange Variation,False,M,Male vs Male
"Trifonov, Denis",M,114,12,Trompowsky Attack: Edge Variation,True,M,Male vs Male
"Devaev, Alexander",M,52,0,"Old Indian Defense: Janowski Variation, Main Line",False,M,Male vs Male
"Trifonov, Denis",M,46,11,Trompowsky Attack,True,M,Male vs Male
"Khlebovich, Alexander",M,98,32,"King's Indian Defense: Normal Variation, King's Knight Variation",True,M,Male vs Male
"Raicevic, Vladimir",M,138,16,King's Indian Defense: Normal Variation,True,M,Male vs Male
"Dutina, Dario",M,32,-44,"Caro-Kann Defense: Hillbilly Attack, Schaeffer Gambit",True,M,Male vs Male
"Aliavdin, Nikolai",M,55,-2,Sicilian Defense: Scheveningen Variation,True,M,Male vs Male
"Schuh, Dirk",M,48,7,"French Defense: Tarrasch Variation, Open System, Süchting Line",False,M,Male vs Male
"Strikovic, Aleksa",M,68,-83,English Opening: Agincourt Defense,False,M,Male vs Male
"Schippers, Maurice",M,118,-17,Sicilian Defense: Brick Variation,True,M,Male vs Male
"Shchukin, Dmitry",M,90,-161,"Sicilian Defense: Nimzowitsch Variation, Advance Variation",True,M,Male vs Male
"Krasikov, Vladislav",M,84,20,French Defense: Schlechter Variation,False,M,Male vs Male
"Trifonov, Denis",M,40,56,Trompowsky Attack,True,M,Male vs Male
"Sambuev, Bator",M,44,129,"Benko Gambit Accepted, Fully Accepted Variation",True,M,Male vs Male
"Euler, Gerd",M,108,-8,"Semi-Slav Defense: Stoltz Variation, Shabalov Attack",True,M,Male vs Male
"Doric, Darko",M,94,69,Queen's Pawn,False,M,Male vs Male
"Doric, Darko",M,162,94,Trompowsky Attack,True,M,Male vs Male
"Segarra, Randy",M,94,-14,Caro-Kann Defense: Two Knights Attack,True,M,Male vs Male
"Mammadov, Zaur",M,136,104,"Caro-Kann Defense: Accelerated Panov Attack, Modern Variation",True,M,Male vs Male
"Sambuev, Bator",M,56,133,"Grünfeld Defense: Three Knights Variation, Burille Variation, Reversed Tarrasch",False,M,Male vs Male
"Obad, Andrija",M,96,-61,London System,False,M,Male vs Male
"Atanejhad, Sahebali",M,96,-28,Budapest Defense,False,M,Male vs Male
"Jarmula, Lukasz",M,74,-61,Scandinavian Defense: Mieses-Kotroc Variation,False,M,Male vs Male
"Leenhouts, Koen",M,46,-16,Catalan Opening: Open Defense,False,M,Male vs Male
"Sambuev, Bator",M,108,26,"English Opening: Anglo-Indian Defense, King's Indian Formation",True,M,Male vs Male
"Hafiz, Arif Abdul",M,72,-12,"French Defense: Winawer Variation, Bogoljubov Variation",False,M,Male vs Male
"Sambuev, Bator",M,50,24,King's Indian Defense: Orthodox Variation,True,M,Male vs Male
"Baskakov, Egor",M,190,74,Alekhine Defense: Normal Variation,False,M,Male vs Male
"Obad, Andrija",M,86,-25,Italian Game: Giuoco Piano,False,M,Male vs Male
"Adasme Fredes, Mauricio",M,106,-57,Benoni Defense: Benoni-Indian Defense,False,M,Male vs Male
"Sambuev, Bator",M,70,184,Zukertort Opening: Sicilian Invitation,True,M,Male vs Male
"Aliavdin, Nikolai",M,78,34,"Caro-Kann Defense: Advance Variation, Tal Variation",False,M,Male vs Male
"Burmakin, Evgeniy",M,84,-68,"Sicilian Defense: Kan Variation, Maróczy Bind, Réti Variation",True,M,Male vs Male
"Aliavdin, Nikolai",M,80,9,"Caro-Kann Defense: Advance Variation, Tal Variation",False,M,Male vs Male
"Ratkovic, Milovan",M,92,3,Benoni Defense: King's Pawn Line,False,M,Male vs Male
"Aliavdin, Nikolai",M,102,14,Sicilian Defense: Lasker-Pelikan Variation,True,M,Male vs Male
"Aliavdin, Nikolai",M,58,-2,"Sicilian Defense: Scheveningen Variation, Matanovic Attack",True,M,Male vs Male
"Datu, Alcon John",M,35,-82,Queen's Gambit Refused: Marshall Defense,True,M,Male vs Male
"Hafiz, Arif Abdul",M,62,92,Queen's Pawn Game: London System,False,M,Male vs Male
"Khlebovich, Alexander",M,180,9,"Queen's Indian Defense: Fianchetto Variation, Nimzowitsch Variation",False,M,Male vs Male
"Datu, Alcon John",M,66,-73,Queen's Gambit Refused: Marshall Defense,True,M,Male vs Male
"Ohanyan, Emin",M,100,-99,"Vienna Game: Vienna Gambit, Main Line",True,M,Male vs Male
"Baskakov, Egor",M,198,17,"Caro-Kann Defense: Advance Variation, Botvinnik-Carls Defense",False,M,Male vs Male
"Nozdrachev, Vladislav",M,60,6,Caro-Kann Defense: Exchange Variation,False,M,Male vs Male
"Sambuev, Bator",M,56,114,"Sicilian Defense: Kan Variation, Modern Variation",True,M,Male vs Male
"Rzayev, Bahruz",M,88,-121,"French Defense: Horwitz Attack, Papa-Ticulat Gambit",True,M,Male vs Male
"Mammadov, Zaur",M,56,120,Sicilian Defense: Alapin Variation,True,M,Male vs Male
"Rzayev, Bahruz",M,58,-104,"French Defense: Horwitz Attack, Papa-Ticulat Gambit",True,M,Male vs Male
"Mammadov, Zaur",M,98,112,Sicilian Defense: Alapin Variation,True,M,Male vs Male
"Rzayev, Bahruz",M,68,-98,Caro-Kann Defense: Two Knights Attack,True,M,Male vs Male
"Rzayev, Bahruz",M,96,-28,"Philidor Defense: Lion Variation, Forcing Line",False,M,Male vs Male
"Baskakov, Egor",M,66,78,Rat Defense: Harmonist,False,M,Male vs Male
"Sariego Figueredo, Wilfredo",M,40,14,Queen's Pawn,False,M,Male vs Male
"Leenhouts, Koen",M,124,1,Kadas Opening,False,M,Male vs Male
"Sariego Figueredo, Wilfredo",M,90,13,Queen's Pawn,False,M,Male vs Male
"ADU, Oladapo",M,38,-6,"French Defense: Winawer Variation, Alekhine-Maróczy Gambit",True,M,Male vs Male
"ADU, Oladapo",M,52,-24,Saragossa Opening,False,M,Male vs Male
"Husbands, Orlando",M,116,35,"Modern Defense: Two Knights Variation, Suttles Variation",False,M,Male vs Male
"Sambuev, Bator",M,40,133,Queen's Pawn Game: Chigorin Variation,False,M,Male vs Male
"Rzayev, Bahruz",M,76,-118,"French Defense: Horwitz Attack, Papa-Ticulat Gambit",True,M,Male vs Male
"Shchukin, Dmitry",M,86,-36,"Italian Game: Classical Variation, Giuoco Pianissimo, Main Line",False,M,Male vs Male
"Aliavdin, Nikolai",M,36,-131,"French Defense: Winawer Variation, Advance Variation",False,M,Male vs Male
"Aliavdin, Nikolai",M,52,-147,"French Defense: Winawer Variation, Winckelmann-Riemer Gambit",True,M,Male vs Male
"Aliavdin, Nikolai",M,74,-163,"French Defense: Winawer Variation, Advance Variation",False,M,Male vs Male
"Aliavdin, Nikolai",M,59,-166,"French Defense: Winawer Variation, Advance Variation",False,M,Male vs Male
"Aliavdin, Nikolai",M,96,-168,"French Defense: Winawer Variation, Advance Variation",False,M,Male vs Male
"Schuh, Dirk",M,78,22,"French Defense: Tarrasch Variation, Open System, Süchting Line",False,M,Male vs Male
"Aliavdin, Nikolai",M,74,49,Sicilian Defense: Four Knights Variation,True,M,Male vs Male
"Jovic, Stevan",M,72,20,Tarrasch Defense: Symmetrical Variation,False,M,Male vs Male
"Shchukin, Dmitry",M,90,-36,"Sicilian Defense: Najdorf, Lipnitsky Attack",True,M,Male vs Male
"Shchukin, Dmitry",M,102,-96,"Sicilian Defense: Nimzowitsch Variation, Advance Variation",True,M,Male vs Male
"Raicevic, Vladimir",M,122,-79,Benko Gambit,True,M,Male vs Male
"Hafiz, Arif Abdul",M,70,-23,"Sicilian Defense: Nimzowitsch Variation, Advance Variation",True,M,Male vs Male
"Raicevic, Vladimir",M,22,-3,"Queen's Gambit Declined: Exchange Variation, Positional Variation",True,M,Male vs Male
"Sambuev, Bator",M,106,173,"Slav Defense: Quiet Variation, Pin Defense",False,M,Male vs Male
"Pfreundt, Jakob",M,112,-33,Semi-Slav Defense: Accelerated Move Order,False,M,Male vs Male
"Ambartsumova, Karina",M,54,-153,"Ruy Lopez: Morphy Defense, Neo-Arkhangelsk Variation",False,F,Female vs Male
"Gedajlovic, Max",M,144,-53,Semi-Slav Defense: Noteboom Variation,False,M,Male vs Male
"Gedajlovic, Max",M,72,-60,Queen's Pawn Game: Zukertort Variation,False,M,Male vs Male
"Ambartsumova, Karina",M,88,-33,"Sicilian Defense: Accelerated Fianchetto, Maróczy Bind, 5... Bg7",True,F,Female vs Male
"Shevchenko, Danylo",M,112,10,Vienna Game: Mengarini Variation,False,M,Male vs Male
"Atanejhad, Sahebali",M,40,1,"Queen's Gambit Refused: Chigorin Defense, Main Line",True,M,Male vs Male
"Atanejhad, Sahebali",M,110,-21,"Queen's Gambit Refused: Chigorin Defense, Modern Gambit",True,M,Male vs Male
"Sambuev, Bator",M,74,-41,"English Opening: Anglo-Indian Defense, Anti-Anti-Grünfeld",False,M,Male vs Male
"Khlebovich, Alexander",M,96,45,"Queen's Gambit Accepted: Classical Defense, Steinitz Variation, Exchange Variation",True,M,Male vs Male
"Ambartsumova, Karina",M,60,-176,Queen's Pawn Game: Krause Variation,False,F,Female vs Male
"Ambartsumova, Karina",M,88,-214,Zukertort Opening: Kingside Fianchetto,False,F,Female vs Male
"Ambartsumova, Karina",M,64,-161,Zukertort Opening: Quiet System,False,F,Female vs Male
"Baskakov, Egor",M,140,45,French Defense: Queen's Knight,False,M,Male vs Male
"Shchukin, Dmitry",M,134,-127,"Sicilian Defense: Nimzowitsch Variation, Advance Variation",True,M,Male vs Male
"Perez Marimon, Jorge De Jesus",M,114,-231,Alekhine Defense: Exchange Variation,False,M,Male vs Male
"Blesic, Vaso",M,92,-69,"Sicilian Defense: Nimzowitsch Variation, Advance Variation",True,M,Male vs Male
"Almagro Llamas, Pablo",M,64,-144,English Opening: Agincourt Defense,False,M,Male vs Male
"Givon, Asaf",M,72,-20,"Sicilian Defense: Nimzowitsch Variation, Advance Variation",True,M,Male vs Male
"Krasikov, Vladislav",M,104,-147,"Ruy Lopez: Closed Variations, Bogoljubov Variation",False,M,Male vs Male
"Krasikov, Vladislav",M,38,-161,French Defense: Schlechter Variation,False,M,Male vs Male
"Krasikov, Vladislav",M,64,-175,Horwitz Defense,False,M,Male vs Male
"Aliavdin, Nikolai",M,88,-87,"Sicilian Defense: Nimzowitsch Variation, Closed Variation",True,M,Male vs Male
"Turqueza, Mari Joseph",M,80,-37,"Dutch Defense: Classical Variation, Huisl Variation",False,M,Male vs Male
"Aliavdin, Nikolai",M,168,49,"Sicilian Defense: Najdorf, Lipnitsky Attack",True,M,Male vs Male
"Turqueza, Mari Joseph",M,72,-33,King's Indian Defense: Semi-Averbakh System,True,M,Male vs Male
"Ghorbani, Hadi",M,80,116,"Sicilian Defense: Dragon Variation, Yugoslav Attack, Modern Line",True,M,Male vs Male
"Sariego Figueredo, Wilfredo",M,76,-33,Trompowsky Attack,True,M,Male vs Male
"Baskakov, Egor",M,56,-44,Sicilian Defense: Najdorf Variation,True,M,Male vs Male
"Krasikov, Vladislav",M,48,-204,Horwitz Defense,False,M,Male vs Male
"Krasikov, Vladislav",M,58,-216,"Queen's Gambit Declined: Modern, Knight Defense",True,M,Male vs Male
"Shevchenko, Kirill",M,68,80,"Sicilian Defense: Nimzowitsch Variation, Main Line",True,M,Male vs Male
"Akselrod, Vladislav",M,113,121,Sicilian Defense: French Variation,True,M,Male vs Male
"Leenhouts, Koen",M,90,-26,"Queen's Gambit Declined: Tarrasch Defense, Pseudo-Tarrasch",True,M,Male vs Male
"Almagro Llamas, Pablo",M,74,15,Old Benoni Defense,False,M,Male vs Male
"Khlebovich, Alexander",M,110,-155,"King's Indian Defense: Normal Variation, King's Knight Variation",True,M,Male vs Male
"Sariego Figueredo, Wilfredo",M,20,148,Trompowsky Attack: Raptor Variation,True,M,Male vs Male
"Viviani, Alessio",M,34,-124,"Queen's Gambit Refused: Chigorin Defense, Exchange Variation",True,M,Male vs Male
"Akselrod, Vladislav",M,158,-52,Sicilian Defense,True,M,Male vs Male
"Christie, Joshua",M,90,-10,King's Indian Defense: Normal Variation,True,M,Male vs Male
"Segarra, Randy",M,200,21,"French Defense: Tarrasch Variation, Closed Variation",False,M,Male vs Male
"Christie, Joshua",M,98,-20,"King's Indian Defense: Fianchetto Variation, Uhlmann-Szabo System",True,M,Male vs Male
"Schnaider, Ilan",M,90,-122,"Sicilian Defense: Najdorf Variation, English Attack",True,M,Male vs Male
"Atanejhad, Sahebali",M,84,-70,Nimzo-Indian Defense: Reshevsky Variation,False,M,Male vs Male
"Atanejhad, Sahebali",M,162,-89,Nimzo-Indian Defense: Reshevsky Variation,False,M,Male vs Male
"Mandura, Tijana",M,64,-107,Queen's Pawn,False,F,Female vs Male
"Denisenko, Denis",M,74,51,Indian Game,False,M,Male vs Male
"Stelmaszyk, Nico",M,54,-69,Sicilian Defense: Najdorf Variation,True,M,Male vs Male
"Schippers, Maurice",M,62,-179,"French Defense: Tarrasch Variation, Morozevich Variation",False,M,Male vs Male
"Artemiev, Vladislav",M,86,-48,Queen's Gambit Declined,True,M,Male vs Male
"Sambuev, Bator",M,110,63,"English Opening: Anglo-Indian Defense, King's Indian Formation",True,M,Male vs Male
"Schekachikhin, Maksim",M,142,-73,"English Opening: King's English Variation, Reversed Sicilian",True,M,Male vs Male
"Plenca, Jadranko",M,76,-76,Modern Defense,False,M,Male vs Male
"Sambuev, Bator",M,124,102,Sicilian Defense: Nyezhmetdinov-Rossolimo Attack,True,M,Male vs Male
"Wu, Derek",M,130,-100,Franco-Benoni Defense,False,M,Male vs Male
"Akselrod, Vladislav",M,94,-184,Englund Gambit Complex: Englund Gambit,True,M,Male vs Male
"Alvarez Pedraza, Aramis",M,46,-88,"Semi-Slav Defense: Noteboom Variation, Anti-Noteboom Gambit",True,M,Male vs Male
"Segarra, Randy",M,48,-90,Caro-Kann Defense,False,M,Male vs Male
"Krasikov, Vladislav",M,38,26,"French Defense: Winawer Variation, Advance Variation",False,M,Male vs Male
"Medina Paz, Miguel",M,34,-101,"Sicilian Defense: Four Knights Variation, Exchange Variation",True,M,Male vs Male
"Medina Paz, Miguel",M,98,-119,Caro-Kann Defense,False,M,Male vs Male
"Strikovic, Aleksa",M,110,-75,"English Opening: Symmetrical Variation, Anti-Benoni Variation, Spielmann Defense",False,M,Male vs Male
"Sirosh, Ilja",M,64,-127,Wade Defense,False,M,Male vs Male
"Isajevsky, Anton",M,56,-91,English Opening: King's English Variation,False,M,Male vs Male
"Sambuev, Bator",M,64,115,Queen's Gambit Declined: Tartakower Defense,True,M,Male vs Male
"Doric, Darko",M,96,-184,"King's Indian Defense: Sämisch Variation, Normal Defense",True,M,Male vs Male
"Saric, Ivan",M,90,190,"Caro-Kann Defense: Advance Variation, Short Variation",False,M,Male vs Male
"Jarmula, Lukasz",M,86,-144,"Sicilian Defense: Closed Variation, Traditional",True,M,Male vs Male
"Doric, Darko",M,70,-173,Trompowsky Attack,True,M,Male vs Male
"Baskakov, Egor",M,76,152,French Defense: Queen's Knight,False,M,Male vs Male
"Doric, Darko",M,94,-186,Trompowsky Attack,True,M,Male vs Male
"Strikovic, Aleksa",M,84,-36,English Opening: Agincourt Defense,False,M,Male vs Male
"Neugebauer, Martin",M,114,71,Alekhine Defense: Brooklyn Variation,False,M,Male vs Male
"Genocchio, Daniele",M,92,-58,Trompowsky Attack: Classical Defense,True,M,Male vs Male
"Boros, Denes",M,92,54,Sicilian Defense: Snyder Variation,True,M,Male vs Male
"Tilicheev, Viacheslav",M,60,-41,Semi-Slav Defense: Main Line,False,M,Male vs Male
"Genocchio, Daniele",M,92,-125,Saragossa Opening,False,M,Male vs Male
"Sambuev, Bator",M,93,-7,Queen's Gambit Declined: Barmen Variation,True,M,Male vs Male
"Gheng, Josef",M,140,-17,Sicilian Defense: Old Sicilian,True,M,Male vs Male
"Lombaers, Peter",M,36,28,Neo-Grünfeld Defense: Goglidze Attack,True,M,Male vs Male
"Sambuev, Bator",M,76,80,"King's Indian Defense: Orthodox Variation, Classical System, Neo-Classical Line",True,M,Male vs Male
"Lambrechts, Koen",M,38,-156,Queen's Pawn Game: Krause Variation,False,M,Male vs Male
"Jarmula, Lukasz",M,86,-65,French Defense: King's Indian Attack,True,M,Male vs Male
"Jarmula, Lukasz",M,80,9,"Sicilian Defense: Closed Variation, Traditional",True,M,Male vs Male
"Sambuev, Bator",M,56,81,King's Indian Defense: Orthodox Variation,True,M,Male vs Male
"Khlebovich, Alexander",M,106,107,Queen's Gambit Accepted: Furman Variation,True,M,Male vs Male
"Shevchenko, Danylo",M,56,-70,"Sicilian Defense: Alapin Variation, Smith-Morra Declined",True,M,Male vs Male
"Ratkovic, Milovan",M,84,-100,Semi-Slav Defense: Accelerated Move Order,False,M,Male vs Male
"Khlebovich, Alexander",M,140,48,Indian Game: Anti-Nimzo-Indian,False,M,Male vs Male
"Baskakov, Egor",M,32,-35,Sicilian Defense: Najdorf Variation,True,M,Male vs Male
"Shchukin, Dmitry",M,118,60,"Semi-Slav Defense: Meran Variation, Old Variation",False,M,Male vs Male
"Wisniacki, Flavio",M,112,34,"English Opening: Agincourt Defense, Neo-Catalan Declined",False,M,Male vs Male
"Sambuev, Bator",M,50,86,Queen's Gambit Declined: Tartakower Defense,True,M,Male vs Male
"Martinovic, Sasa",M,98,56,King's Indian Attack,True,M,Male vs Male
"Shchukin, Dmitry",M,78,74,French Defense: King's Indian Attack,True,M,Male vs Male
"Doric, Darko",M,46,-43,Benoni Defense: Old Benoni,False,M,Male vs Male
"Martinovic, Sasa",M,84,54,King's Indian Attack,True,M,Male vs Male
"Doric, Darko",M,152,-40,Benoni Defense: Old Benoni,False,M,Male vs Male
"Martinovic, Sasa",M,126,50,King's Indian Attack,True,M,Male vs Male
"Strikovic, Aleksa",M,66,48,"English Opening: Symmetrical Variation, Anti-Benoni Variation, Spielmann Defense",False,M,Male vs Male
"Neugebauer, Martin",M,96,-25,"French Defense: Tarrasch Variation, Open System, Main Line",False,M,Male vs Male
"Jarmula, Lukasz",M,52,36,"Sicilian Defense: Dragon Variation, Yugoslav Attack, Modern Line",True,M,Male vs Male
"Sambuev, Bator",M,78,29,"Sicilian Defense: Kan Variation, Modern Variation",True,M,Male vs Male
"Khlebovich, Alexander",M,104,43,Slav Defense: Modern Line,False,M,Male vs Male
"Gomez, Carlos David",M,78,-140,Indian Game,False,M,Male vs Male
"Koutsin, Sergey",M,88,-118,King's Indian Defense: Orthodox Variation,True,M,Male vs Male
"Khlebovich, Alexander",M,110,52,Slav Defense: Modern Line,False,M,Male vs Male
"Abrashkin, Boris",M,116,-33,"King's Indian Defense: Averbakh Variation, Flexible Defense",True,M,Male vs Male
"Gomez, Carlos David",M,42,-107,Catalan Opening: Open Defense,False,M,Male vs Male
"Hungaski, Robert",M,98,116,"Caro-Kann Defense: Panov Attack, Modern Defense",True,M,Male vs Male
"Perez, Daniel",M,158,160,Sicilian Defense: Classical Variation,True,M,Male vs Male
"Gomez, Carlos David",M,66,-98,Sicilian Defense: McDonnell Attack,True,M,Male vs Male
"Hungaski, Robert",M,38,100,Four Knights Game: Scotch Variation Accepted,False,M,Male vs Male
"Gomez, Carlos David",M,92,-78,"Nimzo-Indian Defense: Normal Variation, Gligoric System",False,M,Male vs Male
"Abrashkin, Boris",M,96,-125,Queen's Gambit Refused: Austrian Defense,True,M,Male vs Male
"Aliavdin, Nikolai",M,90,105,"Grünfeld Defense: Russian Variation, Hungarian Variation",False,M,Male vs Male
"Almagro Llamas, Pablo",M,42,-200,Nimzo-Larsen Attack: Modern Variation,True,M,Male vs Male
"Kuipers, Stefan",M,62,9,Caro-Kann Defense: Exchange Variation,False,M,Male vs Male
"Doric, Darko",M,56,-52,Nimzo-Indian Defense: Kmoch Variation,False,M,Male vs Male
"Martinovic, Sasa",M,66,69,Hungarian Opening: Slav Formation,False,M,Male vs Male
"Chernov, Mikhail",M,114,-52,Pirc Defense,False,M,Male vs Male
"Doric, Darko",M,136,-55,English Opening,False,M,Male vs Male
"Martinovic, Sasa",M,118,65,Amar Opening,False,M,Male vs Male
"Molaei, Mohammadamin",M,102,-8,Dutch Defense: Normal Variation,False,M,Male vs Male
"Neugebauer, Martin",M,150,-23,Pirc Defense,False,M,Male vs Male
"Jarmula, Lukasz",M,144,-109,"French Defense: Tarrasch Variation, Closed Variation",False,M,Male vs Male
"Jarmula, Lukasz",M,76,-126,"French Defense: Tarrasch Variation, Closed Variation",False,M,Male vs Male
"Sambuev, Bator",M,80,132,"King's Indian Defense: Orthodox Variation, Classical System",True,M,Male vs Male
"Jarmula, Lukasz",M,72,-117,"French Defense: Tarrasch Variation, Closed Variation",False,M,Male vs Male
"Sambuev, Bator",M,130,125,"King's Indian Defense: Orthodox Variation, Classical System",True,M,Male vs Male
"Jarmula, Lukasz",M,148,-96,"French Defense: Tarrasch Variation, Closed Variation",False,M,Male vs Male
"Blesic, Vaso",M,116,319,"Italian Game: Two Knights Defense, Modern Bishop's Opening",False,M,Male vs Male
"Sirosh, Ilja",M,50,-26,"King's Indian Defense: Averbakh Variation, Flexible Defense",True,M,Male vs Male
"Ratkovic, Milovan",M,84,37,Benoni Defense,False,M,Male vs Male
"Zimmermann, Julian",M,58,-176,"French Defense: Exchange, Bogoljubov Variation",False,M,Male vs Male
"Trifonov, Denis",M,72,-195,Benoni Defense: Benoni-Indian Defense,False,M,Male vs Male
"Khlebovich, Alexander",M,74,40,Slav Defense: Modern Line,False,M,Male vs Male
"Daeschler, Florian",M,56,160,Catalan Opening: Closed Variation,False,M,Male vs Male
"Baskakov, Egor",M,126,69,"Sicilian Defense: Closed Variation, Korchnoi Defense",True,M,Male vs Male
"Baskakov, Egor",M,122,27,Sicilian Defense: Najdorf Variation,True,M,Male vs Male
"Khlebovich, Alexander",M,68,-3,Indian Game: Anti-Nimzo-Indian,False,M,Male vs Male
"Jarmula, Lukasz",M,40,-110,"Sicilian Defense: Nimzowitsch Variation, Main Line",True,M,Male vs Male
"Boros, Denes",M,83,-135,"Sicilian Defense: Closed Variation, Traditional",True,M,Male vs Male
"Hafiz, Arif Abdul",M,34,67,"Vienna Game: Vienna Gambit, Main Line",True,M,Male vs Male
"Baskakov, Egor",M,66,36,Sicilian Defense: Hyperaccelerated Fianchetto,True,M,Male vs Male
"Hafiz, Arif Abdul",M,72,-23,Sicilian Defense: Grand Prix Attack,True,M,Male vs Male
"Hafiz, Arif Abdul",M,56,-30,"French Defense: Classical Variation, Burn Variation, Morozevich Line",False,M,Male vs Male
"Baskakov, Egor",M,80,41,Alekhine Defense: Normal Variation,False,M,Male vs Male
"Hafiz, Arif Abdul",M,46,-28,"Sicilian Defense: Nimzowitsch Variation, Advance Variation",True,M,Male vs Male
"Hafiz, Arif Abdul",M,42,-49,"French Defense: Classical Variation, Burn Variation, Morozevich Line",False,M,Male vs Male
"Baskakov, Egor",M,104,59,Alekhine Defense: Normal Variation,False,M,Male vs Male
"Baskakov, Egor",M,116,40,Vienna Game,False,M,Male vs Male
"Hafiz, Arif Abdul",M,74,-26,"Sicilian Defense: Nimzowitsch Variation, Advance Variation",True,M,Male vs Male
"Hafiz, Arif Abdul",M,84,-47,"Sicilian Defense: Nimzowitsch Variation, Closed Variation",True,M,Male vs Male
"Baskakov, Egor",M,70,43,"Caro-Kann Defense: Advance Variation, Botvinnik-Carls Defense",False,M,Male vs Male
"Jarmula, Lukasz",M,64,-111,"Sicilian Defense: Nimzowitsch Variation, Main Line",True,M,Male vs Male
"Chernov, Mikhail",M,44,-83,"Sicilian Defense: O'Kelly Variation, Normal System, Smith-Morra Line",True,M,Male vs Male
"Denisenko, Denis",M,60,-23,Queen's Pawn,False,M,Male vs Male
"Sirosh, Ilja",M,54,-140,Catalan Opening,False,M,Male vs Male
"Molaei, Mohammadamin",M,118,91,Queen's Gambit Accepted: Alekhine Defense,True,M,Male vs Male
"Baskakov, Egor",M,102,36,Scandinavian Defense: Mieses-Kotroc Variation,False,M,Male vs Male
"Shchukin, Dmitry",M,90,-172,"Sicilian Defense: Nimzowitsch Variation, Closed Variation",True,M,Male vs Male
"Zografos, Achilleas",M,96,-111,"French Defense: Horwitz Attack, Papa-Ticulat Gambit",True,M,Male vs Male
"Ambartsumova, Karina",M,60,-63,"English Opening: Anglo-Indian Defense, King's Indian Formation",True,F,Female vs Male
"Zivkovic, Nemanja",M,118,10,"English Opening: Symmetrical Variation, Symmetrical Variation",False,M,Male vs Male
"Doric, Darko",M,34,-86,Benoni Defense: Old Benoni,False,M,Male vs Male
"Martinovic, Sasa",M,42,95,Amar Opening,False,M,Male vs Male
"Doric, Darko",M,124,-80,Zukertort Opening: Sicilian Invitation,True,M,Male vs Male
"Martinovic, Sasa",M,52,90,King's Indian Attack: French Variation,True,M,Male vs Male
"Martinovic, Sasa",M,124,61,Amar Opening,False,M,Male vs Male
"Martinovic, Sasa",M,92,45,Amar Opening,False,M,Male vs Male
"Doric, Darko",M,78,-33,Benoni Defense: Old Benoni,False,M,Male vs Male
"Doric, Darko",M,72,-54,Benoni Defense: Old Benoni,False,M,Male vs Male
"Sambuev, Bator",M,94,66,"English Opening: Anglo-Indian Defense, Anti-Anti-Grünfeld",False,M,Male vs Male
"Hafiz, Arif Abdul",M,86,-52,"French Defense: Winawer Variation, Bogoljubov Variation",False,M,Male vs Male
"Shchukin, Dmitry",M,90,-68,Pirc Defense,False,M,Male vs Male
"Sambuev, Bator",M,58,62,"English Opening: Anglo-Indian Defense, King's Indian Formation",True,M,Male vs Male
"Strikovic, Aleksa",M,64,26,"English Opening: King's English Variation, Kramnik-Shirov Counterattack",False,M,Male vs Male
"Jarmula, Lukasz",M,160,-97,"Sicilian Defense: Nyezhmetdinov-Rossolimo Attack, Fianchetto Variation",True,M,Male vs Male
"Jarmula, Lukasz",M,156,-121,"Sicilian Defense: Nyezhmetdinov-Rossolimo Attack, Gurgenidze Variation",True,M,Male vs Male
"Popovic, Dusan",M,56,13,"Sicilian Defense: Nimzowitsch Variation, Advance Variation",True,M,Male vs Male
"Popovic, Dusan",M,94,-2,"Sicilian Defense: Nyezhmetdinov-Rossolimo Attack, Fianchetto Variation, Gufeld Gambit",True,M,Male vs Male
"Gomez, Carlos David",M,142,-29,Dutch Defense: Hopton Attack,True,M,Male vs Male
"Baskakov, Egor",M,34,57,Alekhine Defense: Normal Variation,False,M,Male vs Male
"Shevchenko, Danylo",M,54,-85,Four Knights Game: Gunsberg Variation,False,M,Male vs Male
"Sambuev, Bator",M,62,-21,Queen's Gambit Declined: Three Knights Variation,True,M,Male vs Male
"Wisniacki, Flavio",M,60,122,Sicilian Defense: Classical Variation,True,M,Male vs Male
"Baskakov, Egor",M,84,34,French Defense: Queen's Knight,False,M,Male vs Male
"Lorparizangeneh, Shahin",M,128,-97,French Defense: King's Indian Attack,True,M,Male vs Male
"Aliakbarov, Anar",M,80,193,King's Indian Defense: Orthodox Variation,True,M,Male vs Male
"Denisenko, Denis",M,94,-14,Indian Game,False,M,Male vs Male
"Plenca, Jadranko",M,62,-53,"Sicilian Defense: Nimzowitsch Variation, Advance Variation",True,M,Male vs Male
"Mwenya, Oscar",M,66,-86,"Sicilian Defense: Nimzowitsch Variation, Closed Variation",True,M,Male vs Male
"Aukhatov, Roman",M,94,96,"King's Indian Defense: Orthodox Variation, Modern System",True,M,Male vs Male
"Abrashkin, Boris",M,34,-82,"Benko Gambit: Zaitsev Variation, Nescafe Frappe Attack",True,M,Male vs Male
"Ratkovic, Miloje",M,42,23,Philidor Defense: Lion Variation,False,M,Male vs Male
"Ratkovic, Miloje",M,44,-15,Indian Game: Wade-Tartakower Defense,False,M,Male vs Male
"Baskakov, Egor",M,164,73,"Caro-Kann Defense: Advance Variation, Bronstein Variation",False,M,Male vs Male
"Strikovic, Aleksa",M,50,116,"English Opening: King's English Variation, Kramnik-Shirov Counterattack",False,M,Male vs Male
"Sambuev, Bator",M,136,-76,Queen's Gambit Declined: Three Knights Variation,True,M,Male vs Male
"Martinovic, Sasa",M,95,85,Queen's Pawn Game: Chigorin Variation,False,M,Male vs Male
"Hafiz, Arif Abdul",M,92,-41,Benoni Defense: Benoni Gambit Accepted,True,M,Male vs Male
"Martinovic, Sasa",M,82,52,Trompowsky Attack,True,M,Male vs Male
"Martinovic, Sasa",M,90,56,Amar Opening,False,M,Male vs Male
"Doric, Darko",M,70,-43,King's Indian Attack: Keres Variation,True,M,Male vs Male
"Doric, Darko",M,46,-63,Horwitz Defense,False,M,Male vs Male
"Doric, Darko",M,70,-82,Zukertort Opening: Kingside Fianchetto,False,M,Male vs Male
"Sambuev, Bator",M,118,-43,King's Indian Defense: Orthodox Variation,True,M,Male vs Male
"Hafiz, Arif Abdul",M,64,53,Queen's Pawn Game: Chigorin Variation,False,M,Male vs Male
"Sambuev, Bator",M,91,-24,Queen's Gambit Declined: Three Knights Variation,True,M,Male vs Male
"Chandra, Akshat",M,70,32,Queen's Gambit Declined,True,M,Male vs Male
"Shchukin, Dmitry",M,108,123,"Italian Game: Classical Variation, Giuoco Pianissimo, Main Line",False,M,Male vs Male
"Sambuev, Bator",M,130,21,"Sicilian Defense: Nyezhmetdinov-Rossolimo Attack, Fianchetto Variation",True,M,Male vs Male
"Posthuma, Joshua",M,148,3,Queen's Pawn Game: Krause Variation,False,M,Male vs Male
"Akselrod, Vladislav",M,92,8,Sicilian Defense,True,M,Male vs Male
"Posthuma, Joshua",M,83,-30,French Defense: Knight Variation,False,M,Male vs Male
"Sambuev, Bator",M,84,41,Sicilian Defense: Nyezhmetdinov-Rossolimo Attack,True,M,Male vs Male
"Trifonov, Denis",M,71,-7,King's Indian Defense,True,M,Male vs Male
"Karim, Ismael",M,62,-7,Vienna Game,False,M,Male vs Male
"Hafiz, Arif Abdul",M,46,-55,Sicilian Defense: Grand Prix Attack,True,M,Male vs Male
"Baskakov, Egor",M,112,65,Modern Defense,False,M,Male vs Male
"Hafiz, Arif Abdul",M,100,-51,Queen's Pawn Game: Chigorin Variation,False,M,Male vs Male
"Baskakov, Egor",M,42,61,Alekhine Defense: Normal Variation,False,M,Male vs Male
"Hafiz, Arif Abdul",M,130,-48,"Sicilian Defense: Nimzowitsch Variation, Advance Variation",True,M,Male vs Male
"Hafiz, Arif Abdul",M,60,-67,Sicilian Defense: Grand Prix Attack,True,M,Male vs Male
"Akselrod, Vladislav",M,104,-152,"French Defense: Exchange Variation, Monte Carlo Variation",False,M,Male vs Male
"Aliavdin, Nikolai",M,88,-84,Modern Defense: Averbakh System,False,M,Male vs Male
"Aliavdin, Nikolai",M,134,-84,Robatsch (Modern) Defense,False,M,Male vs Male
"Aliavdin, Nikolai",M,54,-101,Robatsch (Modern) Defense,False,M,Male vs Male
"Abrashkin, Boris",M,104,-21,"Queen's Gambit Declined: Exchange Variation, Positional Variation",True,M,Male vs Male
Mushini Ajay,M,96,32,Queen's Gambit Declined,True,M,Male vs Male
"Sambuev, Bator",M,104,31,King's Indian Defense: Orthodox Variation,True,M,Male vs Male
"Hafiz, Arif Abdul",M,60,177,Sicilian Defense: Closed,True,M,Male vs Male
"Hafiz, Arif Abdul",M,64,-30,Richter-Veresov Attack,True,M,Male vs Male
"Lorparizangeneh, Shahin",M,108,43,Sicilian Defense: Hyperaccelerated Dragon,True,M,Male vs Male
"Hafiz, Arif Abdul",M,182,-31,Trompowsky Attack,True,M,Male vs Male
"Bachmann, Axel",M,64,-118,Alekhine Defense: Exchange Variation,False,M,Male vs Male
"Atanejhad, Sahebali",M,58,-6,"Semi-Slav Defense: Botvinnik System, Alatortsev System",False,M,Male vs Male
"Gomez, Carlos David",M,52,28,"Sicilian Defense: Smith-Morra Gambit Accepted, Classical Formation",True,M,Male vs Male
"Saya, Ethan",M,126,-95,Nimzo-Larsen Attack: Indian Variation,True,M,Male vs Male
"Martinovic, Sasa",M,94,87,Queen's Pawn Game: Chigorin Variation,False,M,Male vs Male
"Martinovic, Sasa",M,142,59,Queen's Pawn Game: Mason Attack,True,M,Male vs Male
"Ghorbani, Hadi",M,114,-158,"French Defense: Rubinstein Variation, Fort Knox Variation",False,M,Male vs Male
"Martinovic, Sasa",M,60,44,Queen's Gambit Declined: Exchange Variation,True,M,Male vs Male
"Shchukin, Dmitry",M,110,-80,French Defense: King's Indian Attack,True,M,Male vs Male
"Olsson, William",M,56,-17,"English Opening: King's English Variation, Kramnik-Shirov Counterattack",False,M,Male vs Male
"Martinovic, Sasa",M,50,-30,"Trompowsky Attack: Classical Defense, Big Center Variation",True,M,Male vs Male
"Martinovic, Sasa",M,38,-37,Zukertort Opening: Sicilian Invitation,True,M,Male vs Male
"Martinovic, Sasa",M,60,-58,Nimzo-Larsen Attack: Indian Variation,True,M,Male vs Male
"Gomez, Carlos David",M,62,-129,Queen's Pawn Game: Zukertort Variation,False,M,Male vs Male
"Adly, Ahmed",M,86,-102,King's Indian Attack: Keres Variation,True,M,Male vs Male
"Sambuev, Bator",M,76,113,Réti Opening: Advance Variation,False,M,Male vs Male
"Adly, Ahmed",M,66,-93,King's Indian Attack: Keres Variation,True,M,Male vs Male
"Sambuev, Bator",M,114,104,Semi-Slav Defense,False,M,Male vs Male
"Tomb, Maroun",M,62,-7,Sicilian Defense,True,M,Male vs Male
"Sambuev, Bator",M,136,60,Réti Opening: Advance Variation,False,M,Male vs Male
"Sambuev, Bator",M,63,27,Réti Opening: Advance Variation,False,M,Male vs Male
"Bouvier, Bruno",M,70,57,"Caro-Kann Defense: Advance Variation, Tal Variation",False,M,Male vs Male
"Okara, Andrey",M,72,12,Sicilian Defense: Classical Variation,True,M,Male vs Male
"Koutsin, Sergey",M,92,88,Slav Defense: Exchange Variation,False,M,Male vs Male
"Beukema, Jasper",M,30,-98,Grünfeld Defense: Stockholm Variation,False,M,Male vs Male
"Khlebovich, Alexander",M,102,-76,Neo-Grünfeld Defense: Delayed Exchange Variation,False,M,Male vs Male
"Doric, Darko",M,66,-33,Benoni Defense: Old Benoni,False,M,Male vs Male
"Doric, Darko",M,84,-54,Benoni Defense: Old Benoni,False,M,Male vs Male
"Cheparinov, Ivan",M,106,117,Old Indian Defense: Normal Variation,False,M,Male vs Male
"Strikovic, Aleksa",M,64,-95,"English Opening: Symmetrical Variation, Anti-Benoni Variation, Spielmann Defense",False,M,Male vs Male
"Sambuev, Bator",M,94,-33,"English Opening: Symmetrical Variation, Duchamp Variation",False,M,Male vs Male
"Perez, Daniel",M,104,14,Pirc Defense: Austrian Attack,True,M,Male vs Male
"Strikovic, Aleksa",M,104,-12,"English Opening: Symmetrical Variation, Anti-Benoni Variation, Spielmann Defense",False,M,Male vs Male
"Khlebovich, Alexander",M,58,8,Neo-Grünfeld Defense: Ultra-delayed Exchange Variation,False,M,Male vs Male
"Artemiev, Vladislav",M,118,-12,"Grünfeld Defense: Three Knights Variation, Petrosian System",False,M,Male vs Male
"Strikovic, Aleksa",M,42,-45,"English Opening: King's English Variation, Four Knights Variation, Quiet Line",False,M,Male vs Male
"Khlebovich, Alexander",M,60,-1,"King's Indian Defense: Normal Variation, King's Knight Variation",True,M,Male vs Male
"Okara, Andrey",M,114,-241,"Sicilian Defense: Paulsen Variation, Szén Variation",True,M,Male vs Male
"Khlebovich, Alexander",M,64,-24,"Scotch Game: Scotch Gambit, Kingside Variation",True,M,Male vs Male
"Falcon, Benjamin",M,94,-182,Pirc Defense,False,M,Male vs Male
"Strikovic, Aleksa",M,54,-34,"English Opening: Symmetrical Variation, Anti-Benoni Variation, Spielmann Defense",False,M,Male vs Male
"Ratkovic, Miloje",M,78,-65,Queen's Gambit Declined: Three Knights Variation,True,M,Male vs Male
"Baskakov, Egor",M,156,19,Sicilian Defense: Najdorf Variation,True,M,Male vs Male
"Khlebovich, Alexander",M,94,36,"King's Indian Defense: Normal Variation, King's Knight Variation",True,M,Male vs Male
"Khlebovich, Alexander",M,84,-46,Modern Defense,False,M,Male vs Male
"Abrashkin, Boris",M,56,-63,"Semi-Slav Defense: Meran Variation, Wade Variation",False,M,Male vs Male
"Hafiz, Arif Abdul",M,62,-37,"Trompowsky Attack: Classical Defense, Big Center Variation",True,M,Male vs Male
"Hafiz, Arif Abdul",M,48,-42,"French Defense: Classical Variation, Burn Variation, Morozevich Line",False,M,Male vs Male
"Baskakov, Egor",M,78,37,Alekhine Defense: Sämisch Attack,True,M,Male vs Male
"Jarmula, Lukasz",M,100,-122,"French Defense: Tarrasch Variation, Closed Variation",False,M,Male vs Male
"Baskakov, Egor",M,56,24,Modern Defense,False,M,Male vs Male
"Sambuev, Bator",M,32,121,Queen's Gambit Declined: Semi-Tarrasch Defense,True,M,Male vs Male
"Jarmula, Lukasz",M,130,-105,"French Defense: Tarrasch Variation, Closed Variation",False,M,Male vs Male
"Jarmula, Lukasz",M,78,-121,"French Defense: Tarrasch Variation, Closed Variation",False,M,Male vs Male
"Jarmula, Lukasz",M,52,-137,"French Defense: Tarrasch Variation, Closed Variation",False,M,Male vs Male
"Schitco, Ivan",M,106,15,Giuoco Piano,False,M,Male vs Male
"Sirosh, Ilja",M,146,2,Queen's Gambit Accepted: Alekhine Defense,True,M,Male vs Male
"Shevchenko, Kirill",M,106,195,"French Defense: Winawer Variation, Alekhine Gambit, Kan Variation",True,M,Male vs Male
"Mchedlishvili, Mikheil",M,58,-10,Modern Defense: Averbakh System,False,M,Male vs Male
"Golizadeh, Asghar",M,90,25,Sicilian Defense: Canal-Sokolsky Attack,True,M,Male vs Male
"Mchedlishvili, Mikheil",M,110,-10,"Sicilian Defense: Accelerated Dragon, Modern Bc4 Variation",True,M,Male vs Male
"Golizadeh, Asghar",M,94,24,Sicilian Defense: French Variation,True,M,Male vs Male
"Mchedlishvili, Mikheil",M,106,29,"Trompowsky Attack: Classical Defense, Big Center Variation",True,M,Male vs Male
"Baskakov, Egor",M,72,-17,"Sicilian Defense: Dragon Variation, Fianchetto Variation",True,M,Male vs Male
"Mchedlishvili, Mikheil",M,138,27,"Sicilian Defense: Closed Variation, Traditional",True,M,Male vs Male
"Baskakov, Egor",M,96,-15,Modern Defense,False,M,Male vs Male
"Jarmula, Lukasz",M,50,-139,"French Defense: Tarrasch Variation, Open System, Euwe-Keres Line",False,M,Male vs Male
"Baskakov, Egor",M,100,-37,Rat Defense: Harmonist,False,M,Male vs Male
"Sambuev, Bator",M,30,145,Queen's Gambit Declined: Semi-Tarrasch Defense,True,M,Male vs Male
"Jarmula, Lukasz",M,70,-122,"French Defense: Tarrasch Variation, Open System, Euwe-Keres Line",False,M,Male vs Male
"Baskakov, Egor",M,136,-107,Sicilian Defense: Old Sicilian,True,M,Male vs Male
"Jarmula, Lukasz",M,48,-117,"French Defense: Tarrasch Variation, Open System, Euwe-Keres Line",False,M,Male vs Male
"Jarmula, Lukasz",M,34,-133,Semi-Slav Defense: Accelerated Move Order,False,M,Male vs Male
"Kantans, Toms",M,78,-49,Scotch Game: Mieses Variation,False,M,Male vs Male
"Tekeyev, Zaur",M,92,59,"Sicilian Defense: Nimzowitsch Variation, Main Line",True,M,Male vs Male
"Kantans, Toms",M,100,-42,"Sicilian Defense: Nyezhmetdinov-Rossolimo Attack, Fianchetto Variation",True,M,Male vs Male
"Wisniacki, Flavio",M,110,82,"Semi-Slav Defense: Meran Variation, Wade Variation",False,M,Male vs Male
"Gomez, Carlos David",M,62,-3,Indian Game: Tartakower Attack,True,M,Male vs Male
"Fernandez Mazzetti, Ignacio",M,68,58,Catalan Opening: Open Defense,False,M,Male vs Male
"Fernandez Mazzetti, Ignacio",M,38,42,Tarrasch Defense: Symmetrical Variation,False,M,Male vs Male
"Saya, Ethan",M,68,-54,Alekhine Defense: Exchange Variation,False,M,Male vs Male
"Devaev, Alexander",M,108,-127,"King's Indian Defense: Normal Variation, King's Knight Variation",True,M,Male vs Male
"Mammadov, Zaur",M,152,-38,Four Knights Game,False,M,Male vs Male
"Shchukin, Dmitry",M,98,-136,"Sicilian Defense: Nimzowitsch Variation, Advance Variation",True,M,Male vs Male
"Ermolaev, Andrey",M,98,-157,French Defense: Paulsen Variation,False,M,Male vs Male
"Boros, Denes",M,106,37,"Sicilian Defense: Closed Variation, Chameleon Variation",True,M,Male vs Male
"Shchukin, Dmitry",M,112,47,French Defense: King's Indian Attack,True,M,Male vs Male
"Fernandez Mazzetti, Ignacio",M,30,-65,Dutch Defense: Staunton Gambit,True,M,Male vs Male
"Svane, Rasmus",M,72,10,"French Defense: Advance Variation, Paulsen Attack",True,M,Male vs Male
"Sambuev, Bator",M,76,-10,Queen's Gambit Declined: Three Knights Variation,True,M,Male vs Male
"Sambuev, Bator",M,60,-33,Queen's Gambit Declined: Three Knights Variation,True,M,Male vs Male
"Sambuev, Bator",M,84,-53,"King's Indian Defense: Orthodox Variation, Donner Defense",True,M,Male vs Male
"Tekeyev, Zaur",M,92,-31,"Alekhine Defense: Modern Variation, Schmid Variation",False,M,Male vs Male
"Aliavdin, Nikolai",M,108,-198,"Caro-Kann Defense: Advance Variation, Tal Variation",False,M,Male vs Male
"Strikovic, Aleksa",F,82,186,King's Indian Defense: Steiner Attack,True,M,Male vs Female
"Demidov, Mikhail",M,121,0,"English Opening: Agincourt Defense, Neo-Catalan Declined",False,M,Male vs Male
"Sambuev, Bator",M,84,10,Sicilian Defense: French Variation,True,M,Male vs Male
"Lorparizangeneh, Shahin",F,84,78,"Sicilian Defense: French Variation, Open",True,M,Male vs Female
"Lorparizangeneh, Shahin",M,2,126,Queen's Pawn Game,False,M,Male vs Male
"Lorparizangeneh, Shahin",M,3,134,Bird Opening: Dutch Variation,False,M,Male vs Male
"Jarmula, Lukasz",M,86,69,"Italian Game: Classical Variation, Greco Gambit",True,M,Male vs Male
"Kobo, Ori",M,54,113,Benoni Defense: Taimanov Variation,False,M,Male vs Male
"Aliavdin, Nikolai",M,40,-89,"Sicilian Defense: Four Knights Variation, Cobra Variation",True,M,Male vs Male
"Ambartsumova, Karina",M,80,-205,Queen's Pawn Game: Krause Variation,False,F,Female vs Male
"Jarmula, Lukasz",M,66,31,"Sicilian Defense: Najdorf Variation, Poisoned Pawn Variation",True,M,Male vs Male
"Ambartsumova, Karina",M,62,-119,English Opening: Agincourt Defense,False,F,Female vs Male
"Blesic, Vaso",M,52,126,Alekhine Defense: Exchange Variation,False,M,Male vs Male
"Trkulja, Goran",M,174,-87,Scandinavian Defense: Lasker Variation,False,M,Male vs Male
"Saya, Ethan",M,84,95,French Defense: Exchange Variation,False,M,Male vs Male
"Cabrera Pando, Ramiro",M,78,0,"English Opening: Anglo-Indian Defense, King's Knight Variation",False,M,Male vs Male
"Segarra, Randy",M,80,-150,French Defense: Schlechter Variation,False,M,Male vs Male
"Trifonov, Denis",M,114,-150,Trompowsky Attack,True,M,Male vs Male
"Ratkovic, Milovan",M,72,-7,"Queen's Gambit Declined: Semi-Tarrasch Defense, Exchange Variation",True,M,Male vs Male
"Strikovic, Aleksa",M,94,-21,English Opening: King's English Variation,False,M,Male vs Male
"Bouvier, Bruno",M,122,83,Giuoco Piano,False,M,Male vs Male
"Gomez, Carlos David",M,116,-235,Budapest Defense,False,M,Male vs Male
"Chandra, Akshat",M,142,28,"Sicilian Defense: Nimzowitsch Variation, Main Line",True,M,Male vs Male
"Baskakov, Egor",M,80,-39,Sicilian Defense: Closed,True,M,Male vs Male
"Baskakov, Egor",M,104,-48,Sicilian Defense: Closed,True,M,Male vs Male
"Baskakov, Egor",M,144,-73,Sicilian Defense: Closed,True,M,Male vs Male
"Kalvaitis, Sigitas",M,20,2,Scotch Game: Classical Variation,False,M,Male vs Male
"Kashtanov, Ruslan",M,94,40,"English Opening: Anglo-Indian Defense, King's Knight Variation",False,M,Male vs Male
"Doric, Darko",M,142,-42,"English Opening: Agincourt Defense, Neo-Catalan Declined",False,M,Male vs Male
"Doric, Darko",M,90,-136,King's Indian Attack: Keres Variation,True,M,Male vs Male
"Baskakov, Egor",M,26,-32,"Caro-Kann Defense: Advance Variation, Botvinnik-Carls Defense",False,M,Male vs Male
"Posthuma, Joshua",M,38,-2,"Grünfeld Defense: Exchange Variation, Nadanian Attack",True,M,Male vs Male
"Khlebovich, Alexander",M,106,14,Indian Game: Pseudo-Benko,False,M,Male vs Male
"Posthuma, Joshua",M,56,-2,"Grünfeld Defense: Exchange Variation, Nadanian Attack",True,M,Male vs Male
"Posthuma, Joshua",M,76,-12,"English Opening: Symmetrical Variation, Full Symmetry Line",False,M,Male vs Male
"Doric, Darko",M,28,-19,King's Indian Attack: Symmetrical Defense,True,M,Male vs Male
"Khlebovich, Alexander",M,130,24,Indian Game: Pseudo-Benko,False,M,Male vs Male
"Posthuma, Joshua",M,66,-11,Nimzo-Larsen Attack: Indian Variation,True,M,Male vs Male
"Khlebovich, Alexander",M,146,23,"Slav Defense: Quiet Variation, Schallopp Defense",False,M,Male vs Male
"Sambuev, Bator",M,92,28,"English Opening: Anglo-Indian Defense, Anti-Anti-Grünfeld",False,M,Male vs Male
"Jarmula, Lukasz",M,98,-95,"French Defense: Tarrasch Variation, Open System, Euwe-Keres Line",False,M,Male vs Male
"Jarmula, Lukasz",M,68,-112,"French Defense: Tarrasch Variation, Open System, Euwe-Keres Line",False,M,Male vs Male
"Jarmula, Lukasz",M,42,-121,"French Defense: Tarrasch Variation, Closed Variation",False,M,Male vs Male
"Beradze, Irakli",M,92,-33,Pirc Defense,False,M,Male vs Male
"Strikovic, Aleksa",M,160,-20,English Opening: Agincourt Defense,False,M,Male vs Male
"Loiacono, Leonardo",M,58,4,Benoni Defense,False,M,Male vs Male
Mafaaz Khalid,M,62,-227,"Benko Gambit Accepted, Fully Accepted Variation",True,M,Male vs Male
"Sambuev, Bator",M,82,177,"King's Indian Defense: Orthodox Variation, Classical System, Neo-Classical Line",True,M,Male vs Male
"Pfreundt, Jakob",M,68,-76,Four Knights Game: Scotch Variation Accepted,False,M,Male vs Male
"Kalvaitis, Sigitas",F,60,151,"Sicilian Defense: Nyezhmetdinov-Rossolimo Attack, Fianchetto Variation, Gufeld Gambit",True,M,Male vs Female
"Sanikidze, Tornike",M,48,33,Queen's Gambit Declined: Traditional Variation,True,M,Male vs Male
"Sanikidze, Tornike",M,78,6,"Sicilian Defense: Nimzowitsch Variation, Closed Variation",True,M,Male vs Male
"Baskakov, Egor",M,44,6,Vienna Game: Mieses Variation,False,M,Male vs Male
"Baskakov, Egor",M,100,-19,Vienna Game: Mieses Variation,False,M,Male vs Male
"Strikovic, Aleksa",M,80,-95,"English Opening: King's English Variation, Four Knights Variation, Quiet Line",False,M,Male vs Male
"Limontaite, Simona",M,66,-126,"Queen's Gambit Refused: Albin Countergambit, Fianchetto Variation",True,F,Female vs Male
"Kalvaitis, Sigitas",F,136,136,Czech Defense,False,M,Male vs Female
"Jarmula, Lukasz",M,160,-39,"Sicilian Defense: Nyezhmetdinov-Rossolimo Attack, Gurgenidze Variation",True,M,Male vs Male
"Schippers, Maurice",M,52,4,Caro-Kann Defense: Gurgenidze System,False,M,Male vs Male
"Abrashkin, Boris",M,70,-57,Catalan Opening,False,M,Male vs Male
"Jarmula, Lukasz",M,28,-78,"Italian Game: Two Knights Defense, Fritz Variation",False,M,Male vs Male
"Plenca, Jadranko",M,82,86,French Defense: Winawer Variation,False,M,Male vs Male
"Raceanu, Valentin",F,134,182,Indian Game: London System,False,M,Male vs Female
"Jarmula, Lukasz",M,52,-46,"Sicilian Defense: Nyezhmetdinov-Rossolimo Attack, Gurgenidze Variation",True,M,Male vs Male
"Krasikov, Vladislav",M,112,-99,"Nimzo-Indian Defense: Classical Variation, Vitolins-Adorjan Gambit",True,M,Male vs Male
"Schippers, Maurice",M,136,-75,Caro-Kann Defense: Classical Variation,False,M,Male vs Male
"Zwirs, Nico",M,62,78,Pirc Defense,False,M,Male vs Male
"Schippers, Maurice",M,44,-63,"Sicilian Defense: Paulsen Variation, Bastrikov Variation",True,M,Male vs Male
"Schippers, Maurice",M,108,-90,Scotch Game: Schmidt Variation,False,M,Male vs Male
"Schippers, Maurice",M,66,-96,Scandinavian Defense: Modern Variation,False,M,Male vs Male
"Schippers, Maurice",M,48,-114,"Sicilian Defense: Wing Gambit, Deferred Variation",True,M,Male vs Male
"Schippers, Maurice",M,52,-133,Hungarian Opening,False,M,Male vs Male
"Christie, Joshua",M,52,127,"King's Indian, Sämisch, Panno Main Line",True,M,Male vs Male
"Shevchenko, Kirill",M,76,126,"Sicilian Defense: Nimzowitsch Variation, Main Line",True,M,Male vs Male
"Grigorov, Grigor",M,42,73,English Opening: Symmetrical Variation,False,M,Male vs Male
"Sanikidze, Tornike",M,46,-9,Neo-Grünfeld Defense: Goglidze Attack,True,M,Male vs Male
"Krasikov, Vladislav",M,24,-203,Queen's Gambit Declined: Modern Variation,True,M,Male vs Male
"Sambuev, Bator",M,100,-2,King's Indian Defense: Orthodox Variation,True,M,Male vs Male
"Sambuev, Bator",M,62,-11,King's Indian Defense: Orthodox Variation,True,M,Male vs Male
"Nilsson, Joakim",M,140,38,Indian Game,False,M,Male vs Male
"Molaei, Mohammadamin",M,68,-62,"Benoni Defense: Classical Variation, New York Variation",False,M,Male vs Male
"Gattass, Allan",M,92,-297,Sicilian Defense: Closed Variation,True,M,Male vs Male
"Oparin, Grigoriy",M,63,170,Réti Opening,False,M,Male vs Male
"Zwirs, Nico",M,86,-154,"Caro-Kann Defense: Accelerated Panov Attack, Modern Variation",True,M,Male vs Male
"Zwirs, Nico",M,186,-167,"Italian Game: Two Knights Defense, Modern Bishop's Opening",False,M,Male vs Male
"Zwirs, Nico",M,102,-169,"Italian Game: Two Knights Defense, Modern Bishop's Opening",False,M,Male vs Male
"Schippers, Maurice",M,80,-192,"French Defense: Tarrasch Variation, Closed Variation",False,M,Male vs Male
"Baskakov, Egor",M,80,-27,Rat Defense: Harmonist,False,M,Male vs Male
"Jarmula, Lukasz",M,72,-63,Sicilian Defense: Najdorf Variation,True,M,Male vs Male
"Jarmula, Lukasz",M,136,-77,Caro-Kann Defense: Karpov Variation,False,M,Male vs Male
"Jarmula, Lukasz",M,90,-96,"Italian Game: Two Knights Defense, Polerio Defense, Bogoljubov Variation",False,M,Male vs Male
"Zwirs, Nico",M,76,-41,"Sicilian Defense: Najdorf Variation, English Attack",True,M,Male vs Male
"Strikovic, Aleksa",M,62,106,King's Indian Defense: Steiner Attack,True,M,Male vs Male
"Sambuev, Bator",M,82,103,Queen's Gambit Declined: Semi-Tarrasch Defense,True,M,Male vs Male
"Hafiz, Arif Abdul",M,64,171,Modern Defense,False,M,Male vs Male
"Almagro Llamas, Pablo",M,108,2,Nimzo-Larsen Attack: Indian Variation,True,M,Male vs Male
"Doric, Darko",M,74,-110,Benoni Defense: Old Benoni,False,M,Male vs Male
"Euler, Gerd",M,128,6,Slav Defense: Modern Line,False,M,Male vs Male
"Doric, Darko",M,76,-127,King's Indian Attack,True,M,Male vs Male
"Baskakov, Egor",F,86,74,Vienna Game: Mieses Variation,False,M,Male vs Female
"Okara, Andrey",M,18,26,"Ruy Lopez: Morphy Defense, Cozio Defense",False,M,Male vs Male
"Trifonov, Denis",M,68,-14,Queen's Pawn Game: Levitsky Attack,True,M,Male vs Male
"Alvarado, Carlos",M,46,156,"Slav Defense: Quiet Variation, Schallopp Defense",False,M,Male vs Male
"Tekeyev, Zaur",M,92,-18,"Sicilian Defense: Nyezhmetdinov-Rossolimo Attack, Fianchetto Variation",True,M,Male vs Male
"Osmak, Yuliia",M,106,-93,Polish Opening,False,F,Female vs Male
"Strikovic, Aleksa",M,78,-3,"English Opening: King's English Variation, Three Knights System",False,M,Male vs Male
"Givon, Asaf",M,118,164,"Sicilian Defense: Canal Attack, Main Line",True,M,Male vs Male
"Sanikidze, Tornike",M,80,13,Queen's Gambit Declined,True,M,Male vs Male
"Sambuev, Bator",M,46,-1,King's Indian Defense: Orthodox Variation,True,M,Male vs Male
"Baskakov, Egor",M,62,109,Sicilian Defense: Old Sicilian,True,M,Male vs Male
"Schuh, Dirk",M,82,-197,Sicilian Defense: Alapin Variation,True,M,Male vs Male
"Baskakov, Egor",M,94,-64,Modern Defense,False,M,Male vs Male
"Sirosh, Ilja",M,38,-161,Robatsch (Modern) Defense,False,M,Male vs Male
"Sirosh, Ilja",M,60,-177,"King's Indian Defense: Averbakh Variation, Modern Defense",True,M,Male vs Male
"Baskakov, Egor",M,56,89,Sicilian Defense: Najdorf Variation,True,M,Male vs Male
"Vukcevic, Nemanja",F,50,102,"Neo-Grünfeld Defense: Classical Variation, Original Defense",False,M,Male vs Female
"Alvarado, Carlos",M,54,135,Semi-Slav Defense: Stoltz Variation,False,M,Male vs Male
"Skliarov, Viktor",M,122,11,"French Defense: Advance Variation, Lputian Variation",False,M,Male vs Male
"Saya, Ethan",M,143,39,"Sicilian Defense: Closed Variation, Traditional",True,M,Male vs Male
"Abrashkin, Boris",M,60,-130,"Nimzo-Indian Defense: Sämisch, Romanovsky Variation",False,M,Male vs Male
"Akselrod, Vladislav",M,106,-199,French Defense: Exchange Variation,False,M,Male vs Male
"Sturt, Raven",M,70,34,"Alekhine Defense: Modern Variation, Larsen Variation",False,M,Male vs Male
"Husbands, Orlando",M,106,14,"French Defense: Winawer Variation, Classical Variation",False,M,Male vs Male
"Krasikov, Vladislav",M,80,-120,"Grünfeld Defense: Exchange Variation, Modern Exchange Variation",False,M,Male vs Male
"Krasikov, Vladislav",M,54,-153,"Grünfeld Defense: Exchange Variation, Modern Exchange Variation",False,M,Male vs Male
"Segarra, Randy",M,56,-100,"Sicilian Defense: Nimzowitsch Variation, Closed Variation",True,M,Male vs Male
"Baskakov, Egor",M,118,108,Sicilian Defense: Najdorf Variation,True,M,Male vs Male
"Almagro Llamas, Pablo",F,126,4,English Opening,False,M,Male vs Female
"Osmak, Yuliia",M,176,-27,Polish Opening: Schiffler-Sokolsky Variation,False,F,Female vs Male
"Osmak, Yuliia",M,44,-229,Polish Opening,False,F,Female vs Male
"Nilsson, Joakim",M,32,-41,Indian Game,False,M,Male vs Male
"Saric, Ivan",F,50,234,King's Pawn,False,M,Male vs Female
"Doric, Darko",M,48,-219,King's Indian Attack,True,M,Male vs Male
"Saric, Ivan",M,60,198,"Caro-Kann Defense: Advance Variation, Short Variation",False,M,Male vs Male
"Strikovic, Aleksa",M,84,-19,"English Opening: Symmetrical Variation, Anti-Benoni Variation, Spielmann Defense",False,M,Male vs Male
"Plenca, Jadranko",M,100,-116,Philidor Defense: Lion Variation,False,M,Male vs Male
"Vidonyak, Roman",M,106,-51,Benoni Defense,False,M,Male vs Male
"Doric, Darko",M,40,49,Zukertort Opening: Nimzo-Larsen Variation,False,M,Male vs Male
"Alvarado, Carlos",M,46,-47,Semi-Slav Defense: Quiet Variation,False,M,Male vs Male
"Shchukin, Dmitry",M,134,-57,"Sicilian Defense: French Variation, Normal",True,M,Male vs Male
"ADU, Oladapo",M,110,-104,Sicilian Defense: Chekhover Variation,True,M,Male vs Male
"ADU, Oladapo",M,102,-27,"French Defense: Advance Variation, Paulsen Attack",True,M,Male vs Male
"Landi, Alberto",M,98,73,Pirc Defense,False,M,Male vs Male
"Schitco, Ivan",M,98,5,Zukertort Opening: Kingside Fianchetto,False,M,Male vs Male
"Vastrukhin, Oleg",M,102,7,King's Indian Attack: Keres Variation,True,M,Male vs Male
"Christie, Joshua",M,68,-54,Robatsch (Modern) Defense,False,M,Male vs Male
"Aliavdin, Nikolai",M,50,-122,Philidor Defense: Lion Variation,False,M,Male vs Male
"Plotkin, Mark",M,60,-95,"Sicilian Defense: Four Knights Variation, Exchange Variation",True,M,Male vs Male
"Plichta, Kamil",M,108,106,"Queen's Gambit Accepted: Central Variation, McDonnell Defense",True,M,Male vs Male
"Plotkin, Mark",M,78,-87,"Sicilian Defense: Smith-Morra Gambit Accepted, Paulsen Formation",True,M,Male vs Male
"Schitco, Ivan",M,70,-4,Pirc Defense,False,M,Male vs Male
"Aliavdin, Nikolai",M,94,-54,"Sicilian Defense: Paulsen Variation, Bastrikov Variation",True,M,Male vs Male
"Christie, Joshua",M,122,-121,Queen's Pawn Game: London System,False,M,Male vs Male
"Aliavdin, Nikolai",M,88,-73,Modern Defense: Standard Defense,False,M,Male vs Male
"Bachmann, Axel",M,68,83,"King's Indian Defense: Normal Variation, Rare Defenses",True,M,Male vs Male
"Khlebovich, Alexander",M,148,-15,Neo-Grünfeld Defense: Ultra-delayed Exchange Variation,False,M,Male vs Male
"Sanikidze, Tornike",M,52,25,Queen's Pawn Game: Chigorin Variation,False,M,Male vs Male
"Doric, Darko",M,42,-98,King's Indian Attack: Keres Variation,True,M,Male vs Male
"Sanikidze, Tornike",M,86,13,"Grünfeld Defense: Exchange Variation, Classical Variation",False,M,Male vs Male
"Shchukin, Dmitry",M,100,-165,"Sicilian Defense: Najdorf, Lipnitsky Attack",True,M,Male vs Male
"Sanikidze, Tornike",M,100,81,Caro-Kann Defense: Classical Variation,False,M,Male vs Male
"Husbands, Orlando",M,54,221,Modern Defense: Two Knights Variation,False,M,Male vs Male
"Cupid, Kevin",M,94,-173,Sicilian Defense: Closed Variation,True,M,Male vs Male
"Radlovacki, Jovan",M,104,-19,Sicilian Defense: Chekhover Variation,True,M,Male vs Male
"Blesic, Vaso",M,66,223,"Sicilian Defense: Dragon Variation, Yugoslav Attack, Modern Line",True,M,Male vs Male
"Narvaez Ramirez, Faber Alberto",M,36,-204,Alekhine Defense: Scandinavian Variation,False,M,Male vs Male
"Jarmula, Lukasz",M,72,-127,"French Defense: Tarrasch Variation, Closed Variation",False,M,Male vs Male
"Sturt, Raven",M,84,-88,"Caro-Kann Defense: Advance Variation, Short Variation",False,M,Male vs Male
"Khlebovich, Alexander",M,102,-21,Slav Defense: Modern Line,False,M,Male vs Male
"Nakahara, Kan",M,48,-77,Pirc Defense,False,M,Male vs Male
"Sevostianov, Vladimir",M,48,-124,"Sicilian Defense: Four Knights Variation, Cobra Variation",True,M,Male vs Male
"Martinovic, Sasa",M,42,-71,Trompowsky Attack,True,M,Male vs Male
"Martinovic, Sasa",M,42,-96,Queen's Pawn Game: Chigorin Variation,False,M,Male vs Male
"Hafiz, Arif Abdul",M,34,38,Caro-Kann Defense: Classical Variation,False,M,Male vs Male
"Martinovic, Sasa",M,48,-103,Indian Game: Spielmann-Indian,False,M,Male vs Male
"Saric, Ivan",M,74,115,Sicilian Defense: Najdorf Variation,True,M,Male vs Male
"Martinovic, Sasa",M,80,-100,Indian Game: Spielmann-Indian,False,M,Male vs Male
"Vastrukhin, Oleg",M,80,-142,Réti Opening,False,M,Male vs Male
"Martinovic, Sasa",M,28,-116,Indian Game: Spielmann-Indian,False,M,Male vs Male
"Martinovic, Sasa",M,42,-132,Indian Game: Spielmann-Indian,False,M,Male vs Male
"Kovalev, Vladislav",M,128,66,Philidor Defense: Lion Variation,False,M,Male vs Male
"Strikovic, Aleksa",M,118,-52,King's Indian Defense: Steiner Attack,True,M,Male vs Male
"Schippers, Maurice",M,124,-24,"Sicilian Defense: Najdorf Variation, Zagreb (Fianchetto) Variation",True,M,Male vs Male
"Aliavdin, Nikolai",M,76,34,"French Defense: Rubinstein Variation, Blackburne Defense",False,M,Male vs Male
"Schippers, Maurice",M,52,-22,Sicilian Defense: Prins Variation,True,M,Male vs Male
"Aliavdin, Nikolai",M,156,20,Alekhine Defense: Exchange Variation,False,M,Male vs Male
"Akselrod, Vladislav",M,144,-8,"Pirc Defense: Classical Variation, Schlechter Variation",False,M,Male vs Male
"Baskakov, Egor",M,82,39,Sicilian Defense: Old Sicilian,True,M,Male vs Male
"Doric, Darko",M,88,-28,King's Indian Defense: Orthodox Variation,True,M,Male vs Male
"Banawa, Joel",M,58,11,Modern Defense: Standard Line,False,M,Male vs Male
"Strikovic, Aleksa",M,108,39,"Sicilian Defense: Accelerated Dragon, Maróczy Bind",True,M,Male vs Male
"Kazakov, Konstantin",M,96,33,London System,False,M,Male vs Male
"Schippers, Maurice",M,60,125,Philidor Defense: Morphy Gambit,True,M,Male vs Male
"Doric, Darko",M,72,-10,Queen's Pawn,False,M,Male vs Male
"Leenhouts, Koen",M,74,-162,King's Indian Defense: Normal Variation,True,M,Male vs Male
"Vysochin, Spartak",M,72,168,Sicilian Defense: Alapin Variation,True,M,Male vs Male
"Hungaski, Robert",M,82,175,Sicilian Defense: Closed Variation,True,M,Male vs Male
"ADU, Oladapo",M,140,-158,English Opening: King's English Variation,False,M,Male vs Male
"Jarmula, Lukasz",M,74,-67,Nimzowitsch Defense: Mikenas Variation,False,M,Male vs Male
"ADU, Oladapo",M,54,-171,Nimzo-Indian Defense: Kmoch Variation,False,M,Male vs Male
"Rzayev, Bahruz",M,78,-37,"Caro-Kann Defense: Two Knights Attack, Mindeno Variation, Retreat Line",True,M,Male vs Male
"Obgolts, Erik",M,92,27,Queen's Pawn Game: Krause Variation,False,M,Male vs Male
"Hafiz, Arif Abdul",M,56,-17,Trompowsky Attack,True,M,Male vs Male
"Mchedlishvili, Mikheil",M,64,28,Trompowsky Attack,True,M,Male vs Male
"Hafiz, Arif Abdul",M,56,-15,Modern Defense,False,M,Male vs Male
"Golubka, Petro",M,76,70,"Sicilian Defense: Najdorf Variation, English Attack",True,M,Male vs Male
"ADU, Oladapo",M,88,-123,Nimzo-Indian Defense: Kmoch Variation,False,M,Male vs Male
"Boros, Denes",M,100,-44,Réti Opening,False,M,Male vs Male
"Sambuev, Bator",M,132,55,English Opening: Agincourt Defense,False,M,Male vs Male
"Sambuev, Bator",M,52,28,English Opening: Agincourt Defense,False,M,Male vs Male
"Klukin, Kirill",M,54,-38,"Queen's Gambit Declined: Ragozin Defense, Vienna Variation",True,M,Male vs Male
"Kobo, Ori",M,94,60,Sicilian Defense: French Variation,True,M,Male vs Male
"Maksimovic, Dejan",M,132,-170,Wade Defense,False,M,Male vs Male
"Sirosh, Ilja",M,58,-141,Philidor Defense: Lion Variation,False,M,Male vs Male
"Skliarov, Viktor",M,95,49,"French Defense: Advance Variation, Main Line",False,M,Male vs Male
"Maksimovic, Dejan",M,124,67,Queen's Pawn Game: London System,False,M,Male vs Male
"Maksimovic, Dejan",M,50,39,Queen's Pawn Game: London System,False,M,Male vs Male
"Bachmann, Axel",M,68,172,"Caro-Kann Defense: Exchange Variation, Rubinstein Variation",False,M,Male vs Male
"Akselrod, Vladislav",M,146,28,Dutch Defense,False,M,Male vs Male
"Maksimovic, Dejan",M,56,-23,Modern Defense,False,M,Male vs Male
"Maksimovic, Dejan",M,148,-42,Modern Defense,False,M,Male vs Male
"Quiroga Jaquez, Angel Ivan",M,94,26,Zukertort Opening: Slav Invitation,False,M,Male vs Male
"Strikovic, Aleksa",M,100,-99,"English Opening: King's English Variation, Four Knights Variation, Quiet Line",False,M,Male vs Male
"Strikovic, Aleksa",M,118,16,English Opening: Agincourt Defense,False,M,Male vs Male
"Martinovic, Sasa",M,74,-16,Queen's Pawn Game: Mason Attack,True,M,Male vs Male
"Martinovic, Sasa",M,128,84,Modern Defense,False,M,Male vs Male
"Ratkovic, Milovan",M,50,-10,Modern Defense: Beefeater Variation,False,M,Male vs Male
"Ermolaev, Andrey",M,48,-125,Pirc Defense,False,M,Male vs Male
"Vastrukhin, Oleg",M,120,20,Réti Opening,False,M,Male vs Male
"Wisniacki, Flavio",M,104,21,English Opening: Anglo-Indian Defense,False,M,Male vs Male
"Demidov, Mikhail",M,38,23,Indian Game: Wade-Tartakower Defense,False,M,Male vs Male
"Boros, Denes",M,86,-11,French Defense: Horwitz Attack,True,M,Male vs Male
"Boros, Denes",M,104,-31,Van Geet Opening,False,M,Male vs Male
"Dvirnyy, Danyyil",M,44,7,Benoni Defense,False,M,Male vs Male
"Boros, Denes",M,62,4,"Queen's Pawn Game: Veresov Attack, Two Knights System",True,M,Male vs Male
"Molaei, Mohammadamin",M,96,-101,Old Benoni Defense,False,M,Male vs Male
"Svane, Rasmus",M,127,-39,Zukertort Opening: Sicilian Invitation,True,M,Male vs Male
"Boros, Denes",M,50,58,Queen's Pawn,False,M,Male vs Male
"Ghersinich, Enrico",M,56,-15,Caro-Kann Defense: Maróczy Variation,False,M,Male vs Male
"Banzea, Alexandru-Bogdan",M,32,-108,Four Knights Game: Scotch Variation Accepted,False,M,Male vs Male
"Golubka, Petro",M,80,-209,"Sicilian Defense: Richter-Rauzer Variation, Neo-Modern Variation",True,M,Male vs Male
"Golubka, Petro",M,128,-239,"Ruy Lopez: Open Variations, Bernstein Variation",False,M,Male vs Male
"Alvarez Pedraza, Aramis",M,126,-116,Nimzo-Indian Defense: Three Knights Variation,False,M,Male vs Male
"Strikovic, Aleksa",M,14,-2,"English Opening: King's English Variation, Four Knights Variation",False,M,Male vs Male
"Bakhmatsky, Vladislav",M,92,-36,Queen's Pawn,False,M,Male vs Male
"Piliposyan, Robert",M,92,-208,St. George Defense,False,M,Male vs Male
"Falcon, Benjamin",M,70,91,King's Indian Attack,True,M,Male vs Male
"Danchevski, Orce",M,102,13,English Opening: Symmetrical Variation,False,M,Male vs Male
"Karttunen, Mika",M,124,124,Caro-Kann Defense: Exchange Variation,False,M,Male vs Male
"Golubka, Petro",M,130,110,Van't Kruijs Opening,False,M,Male vs Male
"Christie, Joshua",M,124,-53,Tarrasch Defense: Two Knights Variation,False,M,Male vs Male
"Akselrod, Vladislav",M,104,-114,Indian Game: Knights Variation,False,M,Male vs Male
"Sevostianov, Vladimir",M,31,-118,"Sicilian Defense: O'Kelly Variation, Maróczy Bind",True,M,Male vs Male
"Piliposyan, Robert",M,72,60,King's Indian Attack: Yugoslav Variation,True,M,Male vs Male
"Segarra, Randy",M,48,-139,"Pterodactyl Defense: Eastern, Anhanguera",False,M,Male vs Male
"Baskakov, Egor",M,138,76,Vienna Game: Mieses Variation,False,M,Male vs Male
"Golizadeh, Asghar",M,60,-30,Sicilian Defense: Grand Prix Attack,True,M,Male vs Male
"Khlebovich, Alexander",M,130,42,Benoni Defense,False,M,Male vs Male
"Akselrod, Vladislav",M,108,74,Scandinavian Defense: Mieses-Kotroc Variation,False,M,Male vs Male
"Piliposyan, Robert",M,44,-28,Ruy Lopez: Schliemann Defense,False,M,Male vs Male
"Chylewski, Patryk",M,128,-19,King's Indian Attack: Symmetrical Defense,True,M,Male vs Male
"Diaz Velandia, Jose Manuel",M,76,-47,Queen's Pawn Game: Chigorin Variation,False,M,Male vs Male
"Baskakov, Egor",M,118,130,Vienna Game: Mieses Variation,False,M,Male vs Male
"Leenhouts, Koen",M,100,-62,Modern Defense: Beefeater Variation,False,M,Male vs Male
"Strikovic, Aleksa",M,62,146,"English Opening: Symmetrical Variation, Normal Variation",False,M,Male vs Male
"Atanejhad, Sahebali",M,56,-128,Modern Defense: Averbakh System,False,M,Male vs Male
"Burcu, Cagatay",M,106,-170,Old Benoni Defense,False,M,Male vs Male
"Sadykov, Ramil",M,46,20,"Caro-Kann Defense: Advance Variation, Botvinnik-Carls Defense",False,M,Male vs Male
"Hafiz, Arif Abdul",F,30,138,Mieses Opening: Reversed Rat,False,M,Male vs Female
"Mammadova, Gulnar",M,84,-118,Modern Defense: Standard Defense,False,F,Female vs Male
"Sadykov, Ramil",M,78,1,Old Indian Defense: Normal Variation,False,M,Male vs Male
"Sadykov, Ramil",M,52,-33,Caro-Kann Defense: Two Knights Attack,True,M,Male vs Male
"Pfreundt, Jakob",M,92,97,"Alekhine Defense: Two Pawn Attack, Lasker Variation",True,M,Male vs Male
"Martin Duque, Jesus",M,68,-179,"Italian Game: Two Knights Defense, Modern Bishop's Opening",False,M,Male vs Male
"Ratkovic, Milovan",M,94,-71,"Nimzo-Indian Defense: Leningrad Variation, Benoni Defense",False,M,Male vs Male
"Srbis, Jurica",M,52,-7,Philidor Defense: Lion Variation,False,M,Male vs Male
"Olsson, William",M,94,-177,"English Opening: King's English Variation, Two Knights Variation, Reversed Dragon",False,M,Male vs Male
"Cupid, Kevin",M,34,-203,Indian Game: Knights Variation,False,M,Male vs Male
"Husbands, Orlando",M,120,210,Caro-Kann Defense: Classical Variation,False,M,Male vs Male
"Cupid, Kevin",M,36,-190,Indian Game: Pseudo-Benko,False,M,Male vs Male
"Christie, Joshua",M,82,-19,Mexican Defense,False,M,Male vs Male
"Kovalenko, Igor",M,118,-85,"Ruy Lopez: Morphy Defense, Breyer Defense, Zaitsev Hybrid",False,M,Male vs Male
"Plenca, Jadranko",M,72,28,Scandinavian Defense: Mieses-Kotroc Variation,False,M,Male vs Male
"Strikovic, Aleksa",M,54,-44,"English Opening: King's English Variation, Three Knights System",False,M,Male vs Male
"Givon, Asaf",M,72,139,Catalan Opening: Closed Variation,False,M,Male vs Male
"Givon, Asaf",M,94,100,"Italian Game: Giuoco Pianissimo, Normal",False,M,Male vs Male
"Plenca, Jadranko",M,74,-86,"Alekhine Defense: Modern Variation, Larsen Variation",False,M,Male vs Male
"Givon, Asaf",M,68,94,"Ruy Lopez: Morphy Defense, Modern Steinitz Defense",False,M,Male vs Male
"Cheparinov, Ivan",M,78,125,"Caro-Kann Defense: Advance Variation, Tal Variation",False,M,Male vs Male
"Ratkovic, Miloje",M,88,-65,"King's Indian Defense: Orthodox Variation, Bayonet Attack",True,M,Male vs Male
"Hungaski, Robert",F,48,25,"Italian Game: Two Knights Defense, Modern Bishop's Opening",False,M,Male vs Female
"Punin, Andrii",M,88,172,Sicilian Defense,True,M,Male vs Male
"Vidonyak, Roman",M,94,18,Nimzo-Indian Defense: Fischer Variation,False,M,Male vs Male
"Strikovic, Aleksa",M,136,128,"Sicilian Defense: Accelerated Dragon, Maróczy Bind",True,M,Male vs Male
"Doric, Darko",M,58,-18,Trompowsky Attack,True,M,Male vs Male
"Hajiyev, Kanan",M,60,-166,Queen's Pawn Game: Symmetrical Variation,False,M,Male vs Male
"Hajiyev, Kanan",M,80,-167,Queen's Pawn Game: Zukertort Variation,False,M,Male vs Male
"Voinikonis, Nikita",M,60,173,Benoni Defense: Old Benoni,False,M,Male vs Male
"Olsson, William",M,134,-20,English Opening: Anglo-Dutch Defense,False,M,Male vs Male
"Hajiyev, Kanan",M,56,-157,Indian Game: Anti-Nimzo-Indian,False,M,Male vs Male
"Doric, Darko",M,72,-47,Trompowsky Attack,True,M,Male vs Male
"Shevchenko, Danylo",M,104,-52,"Sicilian Defense: Alapin Variation, Barmen Defense, Central Exchange",True,M,Male vs Male
"Jacobsen, Mikkel Manosri",M,112,-73,Indian Game: Anti-Nimzo-Indian,False,M,Male vs Male
"Sielecki, Christof",M,78,86,"Caro-Kann Defense: Two Knights Attack, Mindeno Variation, Exchange Line",True,M,Male vs Male
"Jacobsen, Mikkel Manosri",M,94,25,"Queen's Gambit Refused: Chigorin Defense, Main Line",True,M,Male vs Male
"Ratkovic, Miloje",M,94,-3,English Defense,False,M,Male vs Male
"Sambuev, Bator",M,72,104,King's Indian Defense: Orthodox Variation,True,M,Male vs Male
"Obgolts, Erik",M,58,-89,Indian Game: Wade-Tartakower Defense,False,M,Male vs Male
"Punin, Andrii",M,92,55,"Caro-Kann Defense: Exchange Variation, Rubinstein Variation",False,M,Male vs Male
"Strikovic, Aleksa",M,33,-14,King's Indian Defense: Steiner Attack,True,M,Male vs Male
"Obgolts, Erik",M,34,-59,Queen's Pawn Game: Zukertort Variation,False,M,Male vs Male
"Leon Valdes, Jony Wilson",M,130,-121,Old Benoni Defense,False,M,Male vs Male
"Cruz, Jonathan",M,54,94,Nimzo-Larsen Attack: Indian Variation,True,M,Male vs Male
"Paulsen, Dirk",M,72,10,Nimzo-Indian Defense: Fischer Variation,False,M,Male vs Male
"Shevchenko, Danylo",M,120,-16,Four Knights Game: Gunsberg Variation,False,M,Male vs Male
"Aponte Ramos, Argimiro",M,128,-148,"Sicilian Defense: Nimzowitsch Variation, Closed Variation",True,M,Male vs Male
"Obgolts, Erik",M,104,-55,Queen's Pawn Game: London System,False,M,Male vs Male
"Kalantaryan, Norayr",M,98,-152,King's Indian Defense: Normal Variation,True,M,Male vs Male
Kudakwashe Sibanda,M,68,-136,"English Opening: Anglo-Indian Defense, Queen's Knight Variation",False,M,Male vs Male
"Strikovic, Aleksa",M,70,-135,"English Opening: King's English Variation, Four Knights Variation, Quiet Line",False,M,Male vs Male
"Shevchenko, Kirill",M,58,134,"French Defense: Winawer Variation, Poisoned Pawn Variation",False,M,Male vs Male
"Aitbayev, Aslan",M,152,-118,"Sicilian Defense: Najdorf Variation, English Attack",True,M,Male vs Male
"Shevchenko, Kirill",M,60,126,Mieses Opening,False,M,Male vs Male
"Hungaski, Robert",M,90,-35,Sicilian Defense: Closed Variation,True,M,Male vs Male
"Doric, Darko",M,100,-29,"Sicilian Defense: French Variation, Westerinen Attack",True,M,Male vs Male
"Artemiev, Vladislav",M,116,277,Semi-Slav Defense: Accelerated Move Order,False,M,Male vs Male
"Doric, Darko",M,97,-258,Trompowsky Attack,True,M,Male vs Male
"Zamorano, Jorge",M,96,-81,"King's Indian Defense: Sämisch Variation, Normal Defense",True,M,Male vs Male
"Boros, Denes",M,106,-140,Zukertort Opening: Nimzo-Larsen Variation,False,M,Male vs Male
"Boros, Denes",M,70,-147,Vienna Game: Falkbeer Variation,False,M,Male vs Male
"Boros, Denes",M,134,-35,Zukertort Opening: Nimzo-Larsen Variation,False,M,Male vs Male
"Khlebovich, Alexander",M,96,46,Benoni Defense: Benoni-Indian Defense,False,M,Male vs Male
"Khlebovich, Alexander",M,84,-66,"Neo-Grünfeld Defense: Classical Variation, Modern Defense",False,M,Male vs Male
"Kovalenko, Igor",M,176,71,Nimzowitsch Defense: Mikenas Variation,False,M,Male vs Male
"Boros, Denes",M,70,-52,"Sicilian Defense: Closed Variation, Traditional",True,M,Male vs Male
"Boros, Denes",M,154,-58,Mieses Opening,False,M,Male vs Male
"Boros, Denes",M,164,-146,Ware Opening,False,M,Male vs Male
"Oparin, Grigoriy",M,80,154,Zukertort Opening: Slav Invitation,False,M,Male vs Male
"Khlebovich, Alexander",M,60,-118,Queen's Indian Defense: Yates Variation,False,M,Male vs Male
"Khlebovich, Alexander",M,100,-114,Benoni Defense,False,M,Male vs Male
"Khlebovich, Alexander",M,68,-130,Caro-Kann Defense: Forgacs Variation,False,M,Male vs Male
"Oparin, Grigoriy",M,74,138,"English Opening: Anglo-Indian Defense, Scandinavian Defense, Exchange Variation",False,M,Male vs Male
"Grigorov, Grigor",M,82,67,"Neo-Grünfeld Defense: Classical Variation, Modern Defense",False,M,Male vs Male
"Khlebovich, Alexander",M,126,-121,Queen's Pawn,False,M,Male vs Male
"Khlebovich, Alexander",M,76,-137,"Sicilian Defense: Richter-Rauzer Variation, Modern Variation",True,M,Male vs Male
"Baskakov, Egor",M,126,-45,"Caro-Kann Defense: Advance Variation, Bronstein Variation",False,M,Male vs Male
"Khlebovich, Alexander",M,116,-151,"Scotch Game: Scotch Gambit, Advance Variation",True,M,Male vs Male
"Khlebovich, Alexander",M,52,-10,Bogo-Indian Defense: Nimzowitsch Variation,False,M,Male vs Male
"Boros, Denes",M,106,-2,Bird Opening,False,M,Male vs Male
"Schekachikhin, Maksim",M,62,-73,French Defense: Steiner Variation,False,M,Male vs Male
"Gomez, Carlos David",M,88,27,Bird Opening,False,M,Male vs Male
"Jarmula, Lukasz",M,101,40,"Nimzowitsch Defense: Scandinavian Variation, Bogoljubov Variation, Vehre Variation",False,M,Male vs Male
"Kalantaryan, Norayr",M,52,44,Tarrasch Defense: Two Knights Variation,False,M,Male vs Male
"Shchukin, Dmitry",M,58,122,Caro-Kann Defense: Accelerated Panov Attack,True,M,Male vs Male
"Kumic, Filip",M,84,-122,Sicilian Defense: Nyezhmetdinov-Rossolimo Attack,True,M,Male vs Male
"Babujian, Levon",M,98,-113,"Benko Gambit Accepted, Fully Accepted Variation",True,M,Male vs Male
"Shchukin, Dmitry",M,96,100,Bishop's Opening: Berlin Defense,False,M,Male vs Male
"Aitbayev, Aslan",M,60,-154,Sicilian Defense: Nyezhmetdinov-Rossolimo Attack,True,M,Male vs Male
"Aitbayev, Aslan",M,52,-145,Sicilian Defense: Nyezhmetdinov-Rossolimo Attack,True,M,Male vs Male
"Saric, Ivan",M,60,153,Slav Defense,False,M,Male vs Male
"Schuh, Dirk",M,106,-205,"Sicilian Defense: Alapin Variation, Barmen Defense",True,M,Male vs Male
"Zivkovic, Nemanja",M,78,9,Ruy Lopez: Berlin Defense,False,M,Male vs Male
"Saraci, Nderim",M,112,12,Slav Defense: Exchange Variation,False,M,Male vs Male
"Aitbayev, Aslan",M,56,0,Ruy Lopez: Berlin Defense,False,M,Male vs Male
"Saraci, Nderim",M,56,11,French Defense: Exchange Variation,False,M,Male vs Male
"Aitbayev, Aslan",M,70,-11,"Sicilian Defense: O'Kelly Variation, Venice System",True,M,Male vs Male
"Baskakov, Egor",M,48,94,Rat Defense: Harmonist,False,M,Male vs Male
"Saraci, Nderim",M,92,22,Queen's Pawn,False,M,Male vs Male
"Saraci, Nderim",M,42,-2,French Defense: Winawer Variation,False,M,Male vs Male
"Saraci, Nderim",M,48,-25,Semi-Slav Defense: Meran Variation,False,M,Male vs Male
"Punin, Andrii",M,76,109,"Ruy Lopez: Open Variations, Riga Variation",False,M,Male vs Male
"Kushko, Dmitriy",M,80,123,"Sicilian Defense: Najdorf, Lipnitsky Attack",True,M,Male vs Male
Kudakwashe Sibanda,M,68,-87,Benoni Defense: Czech Benoni Defense,False,M,Male vs Male
"Kushko, Dmitriy",M,76,-44,King's Indian Attack: French Variation,True,M,Male vs Male
"Saraci, Nderim",M,76,55,Pirc Defense: Austrian Attack,True,M,Male vs Male
"Kushko, Dmitriy",M,38,-41,King's Indian Attack,True,M,Male vs Male
"Saraci, Nderim",M,98,51,Pirc Defense,False,M,Male vs Male
"Piscopo, Pierluigi",M,90,88,"Caro-Kann Defense: Advance Variation, Tal Variation",False,M,Male vs Male
"Saric, Ivan",M,68,110,"Benoni Defense: Old Benoni, Schmid Variation",False,M,Male vs Male
"Martinovic, Sasa",M,78,-94,Indian Game: Spielmann-Indian,False,M,Male vs Male
"Martinovic, Sasa",M,91,-111,Trompowsky Attack,True,M,Male vs Male
"Saric, Ivan",M,52,119,"Benoni Defense: Old Benoni, Schmid Variation",False,M,Male vs Male
"Martinovic, Sasa",M,66,-102,"Benko Gambit Accepted, Fully Accepted Variation",True,M,Male vs Male
"Saric, Ivan",M,88,110,Benoni Defense: Old Benoni,False,M,Male vs Male
"Saric, Ivan",M,130,81,Benoni Defense: Old Benoni,False,M,Male vs Male
"Abrashkin, Boris",M,78,-122,Queen's Indian Accelerated,False,M,Male vs Male
"Martinovic, Sasa",M,44,-63,Benoni Defense,False,M,Male vs Male
"Jovic, Stevan",M,100,-172,Grünfeld Defense,False,M,Male vs Male
"Sebenik, Matej",M,62,15,English Opening: Great Snake Variation,False,M,Male vs Male
"Punin, Andrii",M,106,-147,Sicilian Defense,True,M,Male vs Male
"Martinovic, Sasa",M,64,-73,Torre Attack,True,M,Male vs Male
"Martinovic, Sasa",M,62,-91,Queen's Pawn Game: London System,False,M,Male vs Male
"Martinovic, Sasa",M,74,-96,East Indian Defense,False,M,Male vs Male
"Baskakov, Egor",M,66,-1,Caro-Kann Defense: Advance Variation,False,M,Male vs Male
"Martinovic, Sasa",M,124,-66,"King's Indian Defense: Normal Variation, Standard Development",True,M,Male vs Male
"Blesic, Vaso",M,76,-86,Nimzowitsch Defense: Williams Variation,False,M,Male vs Male
"Baskakov, Egor",M,46,-12,Rat Defense: Harmonist,False,M,Male vs Male
"Baskakov, Egor",M,78,88,Rat Defense: Harmonist,False,M,Male vs Male
"Christie, Joshua",M,63,-58,Torre Attack,True,M,Male vs Male
"Sturt, Raven",M,66,127,Indian Game: Omega Gambit,True,M,Male vs Male
"Sturt, Raven",M,100,-14,"King's Indian Defense: Fianchetto Variation, Panno Variation",True,M,Male vs Male
"Campbell, Charles",M,122,-29,Queen's Gambit Declined: Vienna Variation,True,M,Male vs Male
"Ramirez Medina, Victor",M,130,-170,"English Opening: Symmetrical Variation, Full Symmetry Line",False,M,Male vs Male
"Soysal, Serkan",M,90,-92,Queen's Pawn Game: Symmetrical Variation,False,M,Male vs Male
"Kalantaryan, Norayr",M,42,115,Queen's Gambit Declined: Tartakower Defense,True,M,Male vs Male
"Shchukin, Dmitry",M,86,-19,French Defense: King's Indian Attack,True,M,Male vs Male
"Kalantaryan, Norayr",M,140,0,"Queen's Gambit Declined: Orthodox Defense, Botvinnik Variation",True,M,Male vs Male
"Kiremitciyan, Ari",M,46,-62,"English Opening: Anglo-Indian Defense, Queen's Indian Formation",False,M,Male vs Male
"Kalantaryan, Norayr",M,60,-135,"Queen's Gambit Refused: Marshall Defense, Tan Gambit",True,M,Male vs Male
"Klukin, Kirill",M,114,41,Slav Defense: Breyer Variation,False,M,Male vs Male
"Schnaider, Ilan",M,34,-131,"French Defense: Tarrasch Variation, Pawn Center Variation",False,M,Male vs Male
"Hesham, Abdelrahman",M,98,39,"French Defense: Winawer Variation, Poisoned Pawn Variation",False,M,Male vs Male
"Kalantaryan, Norayr",M,92,66,Van Geet Opening,False,M,Male vs Male
"Kalvaitis, Sigitas",M,56,-34,Sicilian Defense: Canal-Sokolsky Attack,True,M,Male vs Male
"Nilsson, Joakim",M,112,-9,"French Defense: Classical Variation, Steinitz Variation",False,M,Male vs Male
"Hesham, Abdelrahman",M,118,-2,"Sicilian Defense: Nimzowitsch Variation, Advance Variation",True,M,Male vs Male
"Bouvier, Bruno",M,132,27,Modern Defense: Standard Line,False,M,Male vs Male
"Hesham, Abdelrahman",M,76,-37,Queen's Gambit Declined: Three Knights Variation,True,M,Male vs Male
"Vastrukhin, Oleg",M,70,-62,Zukertort Opening: Sicilian Invitation,True,M,Male vs Male
"Hesham, Abdelrahman",M,52,-68,Zukertort Opening: Quiet System,False,M,Male vs Male
"Hesham, Abdelrahman",M,106,-86,Zukertort Opening: Quiet System,False,M,Male vs Male
"Hajiyev, Kanan",M,90,75,Indian Game: Knights Variation,False,M,Male vs Male
"Korkmaz, Necmettin",M,46,42,Sicilian Defense: Godiva Variation,True,M,Male vs Male
"Strikovic, Aleksa",M,58,-37,"English Opening: King's English Variation, Kramnik-Shirov Counterattack",False,M,Male vs Male
"Boros, Denes",M,64,-39,Nimzo-Larsen Attack: Classical Variation,True,M,Male vs Male
"Ramirez Medina, Victor",M,92,-142,"King's Indian Defense: Fianchetto Variation, Panno Variation",True,M,Male vs Male
"Mchedlishvili, Mikheil",M,120,9,Old Indian Defense: Two Knights Variation,False,M,Male vs Male
"Khlebovich, Alexander",M,122,11,Old Benoni Defense,False,M,Male vs Male
"Boros, Denes",M,106,3,Sicilian Defense: Closed Variation,True,M,Male vs Male
"Zubritskiy, Artyom",M,100,6,Grünfeld Defense: Stockholm Variation,False,M,Male vs Male
Kudakwashe Sibanda,M,53,-79,Bogo-Indian Defense: Nimzowitsch Variation,False,M,Male vs Male
"Loiacono, Leonardo",M,38,-43,Nimzo-Indian Defense: Classical Variation,False,M,Male vs Male
"Brancaleoni, Maurizio",M,106,76,Sicilian Defense: Delayed Alapin Variation,True,M,Male vs Male
"Palchuk, Andrii",M,56,-57,Horwitz Defense,False,M,Male vs Male
"Golubka, Petro",M,82,-79,"Nimzo-Indian Defense: Three Knights Variation, Duchamp Variation",False,M,Male vs Male
"Christie, Joshua",M,122,-2,Queen's Pawn Game: Krause Variation,False,M,Male vs Male
"Shchukin, Dmitry",M,142,-8,"Sicilian Defense: Accelerated Dragon, Modern Variation",True,M,Male vs Male
"Koutsin, Sergey",M,92,-17,Indian Game: Normal Variation,False,M,Male vs Male
"Vastrukhin, Oleg",M,88,-42,Réti Opening,False,M,Male vs Male
"Kovalev, Vladislav",M,58,35,"Scandinavian Defense: Main Line, Mieses Variation",False,M,Male vs Male
"Shimanov, Aleksandr",M,76,-17,"Ruy Lopez: Morphy Defense, Anderssen Variation",False,M,Male vs Male
"Chigaev, Maksim",M,58,-82,"King's Indian Defense: Orthodox Variation, Aronin-Taimanov Defense",True,M,Male vs Male
"Shimanov, Aleksandr",M,45,85,Sicilian Defense: Najdorf Variation,True,M,Male vs Male
"Shimanov, Aleksandr",M,64,49,Indian Game,False,M,Male vs Male
"Olsson, William",M,38,-174,English Opening,False,M,Male vs Male
"Alvarado, Carlos",M,72,-87,Indian Game: Wade-Tartakower Defense,False,M,Male vs Male
"Kovalenko, Igor",M,58,114,Van't Kruijs Opening,False,M,Male vs Male
"Aitbayev, Aslan",M,89,-103,Sicilian Defense: French Variation,True,M,Male vs Male
"Strikovic, Aleksa",M,60,51,King's Indian Defense: Steiner Attack,True,M,Male vs Male
"Kovalenko, Igor",M,82,112,"French Defense: Advance Variation, Euwe Variation",False,M,Male vs Male
"Kuznecov, Mikhail",M,16,81,Indian Game,False,M,Male vs Male
"Sirosh, Ilja",M,99,0,Philidor Defense: Lion Variation,False,M,Male vs Male
"Blesic, Vaso",M,96,190,Nimzowitsch Defense: Williams Variation,False,M,Male vs Male
"Strikovic, Aleksa",M,112,92,"English Opening: Anglo-Indian Defense, Queen's Knight Variation",False,M,Male vs Male
"Beukema, Jasper",M,52,84,Grünfeld Defense: Stockholm Variation,False,M,Male vs Male
"Raicevic, Vladimir",M,66,24,Nimzo-Indian Defense: Kmoch Variation,False,M,Male vs Male
"Kalvaitis, Sigitas",M,88,-2,Scandinavian Defense: Classical Variation,False,M,Male vs Male
"Gelman, Alexander",M,64,-192,Pirc Defense,False,M,Male vs Male
"Fernandez Mazzetti, Ignacio",M,71,-141,Queen's Indian Defense,False,M,Male vs Male
"Zivkovic, Nemanja",M,34,122,Indian Game: Tartakower Attack,True,M,Male vs Male
"Vargas Arteaga, Alexis",M,28,78,"Sicilian Defense: Nimzowitsch Variation, Closed Variation",True,M,Male vs Male
"Vargas Arteaga, Alexis",M,56,36,"Sicilian Defense: Nimzowitsch Variation, Closed Variation",True,M,Male vs Male
"Falcon, Benjamin",M,30,30,Réti Opening,False,M,Male vs Male
"Falcon, Benjamin",M,62,6,Sicilian Defense: Spielmann Variation,True,M,Male vs Male
"Nesterov, Arseniy",M,54,33,Queen's Gambit Declined: Three Knights Variation,True,M,Male vs Male
"Baskakov, Egor",M,138,-21,French Defense: Queen's Knight,False,M,Male vs Male
"Posthuma, Joshua",M,53,-29,"Grünfeld Defense: Exchange Variation, Nadanian Attack",True,M,Male vs Male
"Leyva, Hector",M,92,-9,English Defense,False,M,Male vs Male
"Leyva, Hector",M,26,-31,Russian Game: Nimzowitsch Attack,True,M,Male vs Male
"Leyva, Hector",M,112,-52,Queen's Pawn,False,M,Male vs Male
"Dodeja, Pawan",M,150,62,"King's Indian Defense: Fianchetto Variation, Yugoslav Variation",True,M,Male vs Male
"Leyva, Hector",M,112,-48,English Defense,False,M,Male vs Male
"Dodeja, Pawan",M,64,58,Zukertort Opening: Double Fianchetto Attack,True,M,Male vs Male
"Leyva, Hector",M,98,-45,Semi-Benoni,False,M,Male vs Male
"Doric, Darko",M,80,-84,Benoni Defense: Old Benoni,False,M,Male vs Male
"Nilsson, Joakim",M,103,1,Queen's Pawn Game: Mason Attack,True,M,Male vs Male
"Baskakov, Egor",M,82,-132,"Sicilian Defense: Accelerated Dragon, Modern Variation",True,M,Male vs Male
"Baskakov, Egor",M,120,-146,"Sicilian Defense: Accelerated Dragon, Modern Variation",True,M,Male vs Male
"Saric, Ivan",M,46,153,Ruy Lopez: Fianchetto Defense,False,M,Male vs Male
"Okas, Walter",M,44,-42,"English Opening: King's English Variation, Nimzowitsch Variation",False,M,Male vs Male
"Koutsin, Sergey",M,80,-235,"Queen's Gambit Declined: Exchange Variation, Positional Variation",True,M,Male vs Male
"Ortega Amarelle, Mariano",M,68,-157,"King's Indian Defense: Orthodox Variation, Gligoric-Taimanov System",True,M,Male vs Male
"Okas, Walter",M,40,-121,Queen's Pawn,False,M,Male vs Male
"Sebenik, Matej",M,84,163,English Opening: Mikenas-Carls Variation,False,M,Male vs Male
"Piliposyan, Robert",M,52,-22,Vienna Game,False,M,Male vs Male
"Ortega Amarelle, Mariano",M,28,-138,"King's Indian Defense: Fianchetto Variation, Yugoslav Variation",True,M,Male vs Male
"Piscopo, Pierluigi",M,66,-63,Philidor Defense: Hanham Variation,False,M,Male vs Male
"Ratkovic, Miloje",M,38,0,"Queen's Gambit Refused: Chigorin Defense, Main Line",True,M,Male vs Male
"Braun, Christian",M,54,100,Alekhine Defense: Maróczy Variation,False,M,Male vs Male
"Nesterov, Arseniy",M,66,-59,Bogo-Indian Defense: Nimzowitsch Variation,False,M,Male vs Male
"Shchukin, Dmitry",M,72,57,"Italian Game: Classical Variation, Giuoco Pianissimo",False,M,Male vs Male
"Shchukin, Dmitry",M,4,92,Petrov's Defense,False,M,Male vs Male
"Piliposyan, Robert",M,86,-187,Queen's Pawn,False,M,Male vs Male
"Kovalenko, Igor",M,116,138,"French Defense: Advance Variation, Main Line",False,M,Male vs Male
"Sirosh, Ilja",M,42,45,"Caro-Kann Defense: Exchange Variation, Rubinstein Variation",False,M,Male vs Male
"Shchukin, Dmitry",M,56,54,French Defense: King's Indian Attack,True,M,Male vs Male
"Arias, Juan Cruz",M,36,53,Queen's Pawn Game: Krause Variation,False,M,Male vs Male
"Piliposyan, Robert",M,94,-129,Caro-Kann Defense: Exchange Variation,False,M,Male vs Male
"Golubka, Petro",M,32,-17,Old Benoni Defense,False,M,Male vs Male
"Golubka, Petro",M,62,-10,Old Benoni Defense,False,M,Male vs Male
"Sadykov, Ramil",M,58,-10,Owen Defense,False,M,Male vs Male
"Shchukin, Dmitry",M,82,-118,Sicilian Defense: Hyperaccelerated Fianchetto,True,M,Male vs Male
"Aliavdin, Nikolai",M,39,-119,"Ruy Lopez: Marshall Attack, Modern Variation",True,M,Male vs Male
"Todorov, Todor",M,76,-30,French Defense: Knight Variation,False,M,Male vs Male
"Kiremitciyan, Ari",M,128,-61,"English Opening: Anglo-Indian Defense, Scandinavian Defense, Exchange Variation",False,M,Male vs Male
"Nordahl, Helge",M,50,-68,"French Defense: Advance Variation, Milner-Barry Gambit",True,M,Male vs Male
"Cruz, Jonathan",M,106,-142,Nimzo-Larsen Attack: Indian Variation,True,M,Male vs Male
"Schekachikhin, Maksim",M,90,-185,"English Opening: King's English Variation, Two Knights Variation, Reversed Dragon",False,M,Male vs Male
"Dvirnyy, Danyyil",M,63,57,Pirc Defense,False,M,Male vs Male
"Sirosh, Ilja",M,64,-52,Caro-Kann Defense: Exchange Variation,False,M,Male vs Male
"Sirosh, Ilja",M,30,-72,Sicilian Defense: French Variation,True,M,Male vs Male
"Kushko, Dmitriy",M,78,9,Zukertort Opening: Kingside Fianchetto,False,M,Male vs Male
"Roshka, Yevgeniy",M,74,18,King's Indian Defense: Kramer Variation,True,M,Male vs Male
"Segarra, Randy",M,66,-64,Scandinavian Defense: Mieses-Kotroc Variation,False,M,Male vs Male
"Kushko, Dmitriy",M,64,-24,"Sicilian Defense: Sozin Attack, Flank Variation",True,M,Male vs Male
"Segarra, Randy",M,62,-78,Scandinavian Defense: Mieses-Kotroc Variation,False,M,Male vs Male
"Aliavdin, Nikolai",M,64,32,"Pirc Defense: Austrian Attack, Dragon Formation",True,M,Male vs Male
"Kushko, Dmitriy",M,68,-19,"Caro-Kann Defense: Two Knights Attack, Mindeno Variation, Exchange Line",True,M,Male vs Male
"Aliavdin, Nikolai",M,134,31,Polish Opening: King's Indian Variation,True,M,Male vs Male
"Rakhmanov, Aleksandr",M,48,11,Zukertort Opening: Sicilian Invitation,True,M,Male vs Male
"Strikovic, Aleksa",M,8,0,"English Opening: King's English Variation, Kramnik-Shirov Counterattack",False,M,Male vs Male
"Aliavdin, Nikolai",M,79,6,Polish Opening,False,M,Male vs Male
"Aliavdin, Nikolai",M,42,-17,Pirc Defense: Austrian Attack,True,M,Male vs Male
"Andrejevs, Arvids",M,54,-31,Elephant Gambit,True,M,Male vs Male
"Arias, Juan Cruz",M,88,138,"Sicilian Defense: Closed Variation, Botvinnik Defense, Edge Variation",True,M,Male vs Male
"Schekachikhin, Maksim",M,72,-29,King's Indian Defense: Semi-Averbakh System,True,M,Male vs Male
"Shchukin, Dmitry",M,118,31,French Defense: King's Indian Attack,True,M,Male vs Male
"Kushko, Dmitriy",M,66,-71,"Neo-Grünfeld Defense: Classical Variation, Original Defense",False,M,Male vs Male
"Kushko, Dmitriy",M,88,-89,King's Indian Attack,True,M,Male vs Male
"Segarra, Randy",M,68,-176,French Defense: Schlechter Variation,False,M,Male vs Male
"Husbands, Orlando",M,54,86,"Nimzo-Indian Defense: Normal Variation, Ragozin Variation",False,M,Male vs Male
"Husbands, Orlando",M,116,58,Nimzo-Indian Defense: St. Petersburg Variation,False,M,Male vs Male
"Husbands, Orlando",M,74,31,"French Defense: Winawer Variation, Delayed Exchange Variation",False,M,Male vs Male
"Sturt, Raven",M,76,-29,Indian Game: Anti-Nimzo-Indian,False,M,Male vs Male
"Kiremitciyan, Ari",M,36,-186,"English Opening: Symmetrical Variation, Two Knights Line",False,M,Male vs Male
"Karim, Ismael",M,72,30,"Sicilian Defense: Accelerated Dragon, Maróczy Bind",True,M,Male vs Male
"Soysal, Serkan",M,94,40,"Sicilian Defense: Closed Variation, Traditional",True,M,Male vs Male
"Palchuk, Andrii",M,124,-69,Modern Defense,False,M,Male vs Male
"Golubka, Petro",M,150,-164,Queen's Pawn Game,False,M,Male vs Male
"Roshka, Yevgeniy",M,200,-100,Sicilian Defense: Nimzowitsch Variation,True,M,Male vs Male
"Punin, Andrii",M,84,-94,Caro-Kann Defense: Exchange Variation,False,M,Male vs Male
"Baskakov, Egor",M,56,25,Rat Defense: Harmonist,False,M,Male vs Male
"Golubka, Petro",M,58,117,"Queen's Indian Defense: Kasparov-Petrosian Variation, Kasparov Attack",True,M,Male vs Male
"Kiremitciyan, Ari",M,88,-209,Zukertort Opening: Sicilian Invitation,True,M,Male vs Male
"Cheparinov, Ivan",M,46,17,Sicilian Defense: Nyezhmetdinov-Rossolimo Attack,True,M,Male vs Male
"Saric, Ivan",M,52,-2,Giuoco Piano,False,M,Male vs Male
"Leyva, Hector",M,98,-96,Sicilian Defense: Najdorf Variation,True,M,Male vs Male
"ADU, Oladapo",M,146,104,King's Indian Defense: Makogonov Variation,True,M,Male vs Male
"Strikovic, Aleksa",M,136,239,English Opening: Mikenas-Carls Variation,False,M,Male vs Male
"Svane, Frederik",M,46,-63,Sicilian Defense: French Variation,True,M,Male vs Male
"Gheng, Josef",M,68,-5,Catalan Opening: Open Defense,False,M,Male vs Male
"Gheng, Josef",M,54,-28,"Ruy Lopez: Exchange, Alekhine Variation",False,M,Male vs Male
"Quiroga Jaquez, Angel Ivan",M,88,-98,Nimzo-Larsen Attack: Classical Variation,True,M,Male vs Male
"Abrashkin, Boris",M,146,-190,Modern Defense,False,M,Male vs Male
"Givon, Asaf",M,120,104,Queen's Indian Defense: Spassky System,False,M,Male vs Male
"Bitelmajer, Martin",M,88,42,"Alekhine Defense: Modern Variation, Larsen Variation",False,M,Male vs Male
"Kiremitciyan, Ari",M,46,-276,Réti Opening,False,M,Male vs Male
"Strikovic, Aleksa",M,106,58,English Opening: Agincourt Defense,False,M,Male vs Male
"Hafiz, Arif Abdul",M,90,-200,Trompowsky Attack: Classical Defense,True,M,Male vs Male
"Ramirez Medina, Victor",M,172,69,"King's Indian Defense: Fianchetto Variation, Panno Variation",True,M,Male vs Male
"Hafiz, Arif Abdul",M,176,-212,Trompowsky Attack: Classical Defense,True,M,Male vs Male
"ADU, Oladapo",M,68,-88,Indian Game,False,M,Male vs Male
"Strikovic, Aleksa",M,106,-44,"Dutch Defense: Leningrad Variation, Warsaw Variation",False,M,Male vs Male
"Servat, Roberto",M,102,64,"French Defense: Winawer Variation, Advance Variation",False,M,Male vs Male
"Bachmann, Axel",M,142,-132,Pirc Defense: Byrne Variation,False,M,Male vs Male
"Kushko, Dmitriy",M,192,185,Zukertort Opening: Slav Invitation,False,M,Male vs Male
"Kushko, Dmitriy",M,80,10,Réti Opening,False,M,Male vs Male
"Turgut, Tansel",M,104,-81,Queen's Indian Defense,False,M,Male vs Male
"Falcon, Benjamin",M,60,20,"Caro-Kann Defense: Classical Variation, Main Line",False,M,Male vs Male
"Turgut, Tansel",M,64,-98,"Italian Game: Giuoco Pianissimo, Italian Four Knights Variation",False,M,Male vs Male
"Christie, Joshua",M,76,-32,Benoni Defense: Modern Variation,False,M,Male vs Male
"Saric, Ivan",M,138,93,Catalan Opening,False,M,Male vs Male
"Akselrod, Vladislav",M,40,-201,"Queen's Pawn Game: Barry Attack, Grünfeld Variation",True,M,Male vs Male
"Akselrod, Vladislav",M,102,-212,East Indian Defense,False,M,Male vs Male
"Akselrod, Vladislav",M,130,-46,"Pirc Defense: Classical Variation, Schlechter Variation",False,M,Male vs Male
"Kushko, Dmitriy",M,116,56,King's Indian Attack: Yugoslav Variation,True,M,Male vs Male
"Kushko, Dmitriy",M,70,35,Benoni Defense: Fianchetto Variation,False,M,Male vs Male
"Palchuk, Andrii",M,38,-61,"Queen's Gambit Accepted: Classical Defense, Rubinstein Variation",True,M,Male vs Male
"Aliavdin, Nikolai",M,54,-22,"Pirc Defense: Classical Variation, Schlechter Variation",False,M,Male vs Male
"Nesterov, Arseniy",M,64,96,Queen's Gambit Declined: Barmen Variation,True,M,Male vs Male
"Nesterov, Arseniy",M,96,51,Queen's Gambit Declined: Lasker Defense,True,M,Male vs Male
"Segarra, Randy",M,70,-42,"Sicilian Defense: Najdorf Variation, Adams Attack",True,M,Male vs Male
"Vastrukhin, Oleg",M,46,89,Réti Opening,False,M,Male vs Male
"Akselrod, Vladislav",M,104,-4,Robatsch (Modern) Defense,False,M,Male vs Male
"Kiremitciyan, Ari",M,98,-26,Réti Opening,False,M,Male vs Male
"Kiremitciyan, Ari",M,90,-148,Zukertort Opening: Sicilian Invitation,True,M,Male vs Male
"Vastrukhin, Oleg",M,160,-24,Caro-Kann Defense: Main Line,False,M,Male vs Male
"Kumic, Filip",M,44,142,"Sicilian Defense: Accelerated Dragon, Modern Bc4 Variation",True,M,Male vs Male
"Kiremitciyan, Ari",M,35,-106,"English Opening: Agincourt Defense, Neo-Catalan Declined",False,M,Male vs Male
"Servat, Roberto",M,62,115,"Caro-Kann Defense: Advance Variation, Tal Variation",False,M,Male vs Male
"Rakhmanov, Aleksandr",M,164,-121,Zukertort Opening: Sicilian Invitation,True,M,Male vs Male
"Martinovic, Sasa",M,34,-68,King's Indian Defense: Normal Variation,True,M,Male vs Male
"Martinovic, Sasa",M,72,-82,Old Indian Defense: Two Knights Variation,False,M,Male vs Male
"Martinovic, Sasa",M,120,-99,Old Indian Defense,False,M,Male vs Male
"Schekachikhin, Maksim",M,70,182,"English Opening: King's English Variation, Four Knights Variation, Fianchetto Line",False,M,Male vs Male
"Kiremitciyan, Ari",M,96,-187,Zukertort Opening: Sicilian Invitation,True,M,Male vs Male
"Schekachikhin, Maksim",M,34,139,"Queen's Gambit Declined: Harrwitz Attack, Fianchetto Defense",True,M,Male vs Male
"Kiremitciyan, Ari",M,64,-158,Réti Opening,False,M,Male vs Male
"Ivlev, Aleksey",M,106,140,Indian Game: Anti-Nimzo-Indian,False,M,Male vs Male
"Storme, Isak",M,46,-184,Ruy Lopez: Cozio Defense,False,M,Male vs Male
"Baskakov, Egor",M,120,-79,"Sicilian Defense: Nimzowitsch Variation, Closed Variation",True,M,Male vs Male
"Rakhmanov, Aleksandr",M,50,88,Réti Opening,False,M,Male vs Male
"Baskakov, Egor",M,88,-74,Scandinavian Defense: Mieses-Kotroc Variation,False,M,Male vs Male
"Ramirez Medina, Victor",M,102,19,Neo-Grünfeld Defense: Ultra-delayed Exchange Variation,False,M,Male vs Male
"Baskakov, Egor",M,110,-92,Scandinavian Defense,False,M,Male vs Male
"Kiremitciyan, Ari",M,50,-181,"English Opening: Symmetrical Variation, Two Knights Line",False,M,Male vs Male
"Baskakov, Egor",M,103,-102,"Réti Opening: Anglo-Slav Variation, Capablanca Variation",False,M,Male vs Male
"Medina Paz, Miguel",M,38,162,Four Knights Game: Nimzowitsch (Paulsen),False,M,Male vs Male
"Shankovskyi, Andrii",M,80,-91,Sicilian Defense: Prins Variation,True,M,Male vs Male
"Karim, Ismael",M,60,-100,"French Defense: Horwitz Attack, Papa-Ticulat Gambit",True,M,Male vs Male
"Kiremitciyan, Ari",M,84,-171,Réti Opening,False,M,Male vs Male
"Jarmula, Lukasz",M,86,-90,Sicilian Defense: Najdorf Variation,True,M,Male vs Male
"Amaro Alfonso, Raynner",M,54,-2,Alekhine Defense: Four Pawns Attack,True,M,Male vs Male
"Lodici, Lorenzo",M,36,-127,"Alekhine Defense: Modern Variation, Main Line",False,M,Male vs Male
"Saric, Ivan",M,68,145,Sicilian Defense: Najdorf Variation,True,M,Male vs Male
"Martinovic, Sasa",M,60,-122,Trompowsky Attack,True,M,Male vs Male
"Martinovic, Sasa",M,42,-126,Queen's Pawn Game: Chigorin Variation,False,M,Male vs Male
"Saric, Ivan",M,90,125,Sicilian Defense: Najdorf Variation,True,M,Male vs Male
"Martinovic, Sasa",M,52,-113,London System,False,M,Male vs Male
"Martinovic, Sasa",M,106,-118,King's Indian Defense: Exchange Variation,True,M,Male vs Male
"Khlebovich, Alexander",M,82,-2,"Queen's Indian Defense: Fianchetto Variation, Nimzowitsch Variation",False,M,Male vs Male
"Mammadova, Gulnar",M,84,-43,Sicilian Defense: Canal-Sokolsky Attack,True,F,Female vs Male
"Shimanov, Aleksandr",M,46,194,Hungarian Opening,False,M,Male vs Male
"Peng, Li Min",M,42,-177,English Opening: Symmetrical Variation,False,M,Male vs Male
"Moiseenko, Vadim",M,76,60,Zukertort Opening: Dutch Variation,False,M,Male vs Male
"Schuh, Dirk",M,102,80,Sicilian Defense: Alapin Variation,True,M,Male vs Male
"Kumic, Filip",M,136,70,Caro-Kann Defense: Breyer Variation,False,M,Male vs Male
"Yuffa, Daniil",M,54,26,Indian Game,False,M,Male vs Male
"Grabinsky, Joshua",M,114,-13,Scotch Game: Mieses Variation,False,M,Male vs Male
"Vargas Arteaga, Alexis",M,126,-119,Sicilian Defense: Najdorf Variation,True,M,Male vs Male
"Mammadova, Gulnar",M,88,-50,"Sicilian Defense: Nyezhmetdinov-Rossolimo Attack, Fianchetto Variation",True,F,Female vs Male
"ADU, Oladapo",M,112,43,King's Indian Attack: Symmetrical Defense,True,M,Male vs Male
"Schuh, Dirk",M,96,92,"Caro-Kann Defense: Accelerated Panov Attack, Modern Variation",True,M,Male vs Male
"Amaro Alfonso, Raynner",M,94,46,Caro-Kann Defense: Tartakower Variation,False,M,Male vs Male
"Schuh, Dirk",M,72,-24,"French Defense: Tarrasch Variation, Open System, Süchting Line",False,M,Male vs Male
"Hafiz, Arif Abdul",M,56,40,"Sicilian Defense: Nimzowitsch Variation, Advance Variation",True,M,Male vs Male
"Baskakov, Egor",M,66,-27,Scandinavian Defense: Modern Variation,False,M,Male vs Male
"Hafiz, Arif Abdul",M,46,38,"Trompowsky Attack: Classical Defense, Big Center Variation",True,M,Male vs Male
"Baskakov, Egor",M,34,-25,Alekhine Defense: Normal Variation,False,M,Male vs Male
"Kiremitciyan, Ari",M,120,-333,"English Opening: Anglo-Indian Defense, Anti-Anti-Grünfeld",False,M,Male vs Male
"Hafiz, Arif Abdul",M,98,33,"Sicilian Defense: Nyezhmetdinov-Rossolimo Attack, Fianchetto Variation",True,M,Male vs Male
"Jarmula, Lukasz",M,68,40,"French Defense: Tarrasch Variation, Modern System",False,M,Male vs Male
"Baskakov, Egor",M,94,-20,"Sicilian Defense: Accelerated Dragon, Modern Variation",True,M,Male vs Male
"Strikovic, Aleksa",M,54,121,Modern Defense: Beefeater Variation,False,M,Male vs Male
"Golubka, Petro",M,62,-10,"Englund Gambit Declined, Reversed French",True,M,Male vs Male
"Camacho Collados, Jose",M,110,76,Sicilian Defense,True,M,Male vs Male
"Schitco, Ivan",M,132,164,Catalan Opening: Closed Variation,False,M,Male vs Male
"Kiremitciyan, Ari",M,68,-147,"English Opening: Anglo-Indian Defense, King's Indian Formation, Double Fianchetto",True,M,Male vs Male
"Kiremitciyan, Ari",M,62,-95,"English Opening: Anglo-Indian Defense, King's Indian Formation, Double Fianchetto",True,M,Male vs Male
"Schitco, Ivan",M,54,-67,"Sicilian Defense: Canal Attack, Main Line",True,M,Male vs Male
"Zamorano, Jorge",M,140,55,Nimzo-Larsen Attack: Classical Variation,True,M,Male vs Male
"Zamorano, Jorge",M,144,29,Queen's Pawn Game: London System,False,M,Male vs Male
"ADU, Oladapo",M,46,13,Queen's Pawn Game: Colle System,False,M,Male vs Male
"Kiremitciyan, Ari",M,112,-1,Zukertort Opening: Pirc Invitation,False,M,Male vs Male
"Jarmula, Lukasz",M,74,-54,"Sicilian Defense: Nyezhmetdinov-Rossolimo Attack, Fianchetto Variation",True,M,Male vs Male
"Narvaez Ramirez, Faber Alberto",M,94,-215,Four Knights Game: Halloween Gambit,True,M,Male vs Male
"Jarmula, Lukasz",M,86,-63,"Sicilian Defense: Nimzowitsch Variation, Advance Variation",True,M,Male vs Male
"Kiremitciyan, Ari",M,74,-189,"Grünfeld Defense: Exchange Variation, Modern Exchange Variation",False,M,Male vs Male
"Narvaez Ramirez, Faber Alberto",M,132,-225,Scotch Game: Blumenfeld Attack,True,M,Male vs Male
"Narvaez Ramirez, Faber Alberto",M,118,-235,Grünfeld Defense: Three Knights Variation,False,M,Male vs Male
"Amaro Alfonso, Raynner",M,66,6,Caro-Kann Defense: Exchange Variation,False,M,Male vs Male
"Narvaez Ramirez, Faber Alberto",M,40,-244,"Pirc Defense: Classical Variation, Schlechter Variation",False,M,Male vs Male
"Givon, Asaf",M,110,249,Semi-Slav Defense,False,M,Male vs Male
"Narvaez Ramirez, Faber Alberto",M,40,-228,Sicilian Defense: Closed,True,M,Male vs Male
"Baskakov, Egor",M,90,-6,Vienna Game: Mieses Variation,False,M,Male vs Male
"Hafiz, Arif Abdul",M,34,18,"Sicilian Defense: Nyezhmetdinov-Rossolimo Attack, Fianchetto Variation",True,M,Male vs Male
"Baskakov, Egor",M,52,-5,French Defense: Queen's Knight,False,M,Male vs Male
"Baskakov, Egor",M,68,-27,French Defense: Queen's Knight,False,M,Male vs Male
"Hafiz, Arif Abdul",M,34,63,Sicilian Defense,True,M,Male vs Male
"Segarra, Randy",M,50,-76,Sicilian Defense: Hyperaccelerated Dragon,True,M,Male vs Male
"Hafiz, Arif Abdul",M,66,84,Trompowsky Attack,True,M,Male vs Male
"Segarra, Randy",M,150,-70,Sicilian Defense: Hyperaccelerated Dragon,True,M,Male vs Male
"Zuluaga Mancilla, Cesar",M,86,61,Queen's Indian Defense: Kasparov-Petrosian Variation,False,M,Male vs Male
"Martinovic, Sasa",M,36,-133,Old Indian Defense: Two Knights Variation,False,M,Male vs Male
"Rakhmanov, Aleksandr",M,104,141,King's Indian Attack,True,M,Male vs Male
"Martinovic, Sasa",M,82,20,Queen's Gambit Accepted: Alekhine Defense,True,M,Male vs Male
"Schitco, Ivan",M,56,-7,"Benoni Defense: Old Benoni, Schmid Variation",False,M,Male vs Male
"Narvaez Ramirez, Faber Alberto",M,124,-39,"Sicilian Defense: Paulsen Variation, Bastrikov Variation",True,M,Male vs Male
"Schitco, Ivan",M,84,-16,"French Defense: Tarrasch Variation, Open System, Euwe-Keres Line",False,M,Male vs Male
"Martinovic, Sasa",M,64,-17,King's Indian Attack: Wahls Defense,True,M,Male vs Male
"Martinovic, Sasa",M,52,-27,King's Indian Defense: Normal Variation,True,M,Male vs Male
"Mikaelyan, Arman",M,118,48,"French Defense: Rubinstein Variation, Blackburne Defense",False,M,Male vs Male
"Martinovic, Sasa",M,124,-33,"Slav Defense: Czech Variation, Classical System, Main Line",False,M,Male vs Male
"Abrashkin, Boris",M,108,-92,Catalan Opening,False,M,Male vs Male
"Mikaelyan, Arman",M,120,24,King's Indian Attack,True,M,Male vs Male
"Hafiz, Arif Abdul",M,154,181,Caro-Kann Defense: Tartakower Variation,False,M,Male vs Male
"Ratkovic, Milovan",M,44,13,Nimzo-Indian Defense: Leningrad Variation,False,M,Male vs Male
"Strikovic, Aleksa",M,122,145,King's Indian Defense: Steiner Attack,True,M,Male vs Male
"Vastrukhin, Oleg",M,44,-75,Sicilian Defense: Closed,True,M,Male vs Male
"Boros, Denes",M,68,151,Hungarian Opening,False,M,Male vs Male
"Hafiz, Arif Abdul",M,46,36,"Sicilian Defense: Nimzowitsch Variation, Advance Variation",True,M,Male vs Male
"Baskakov, Egor",M,164,-32,Modern Defense,False,M,Male vs Male
"Baskakov, Egor",M,74,-54,Alekhine Defense: Scandinavian Variation,False,M,Male vs Male
"Murzin, Volodar",M,88,5,King's Indian Attack: Symmetrical Defense,True,M,Male vs Male
"Aliavdin, Nikolai",M,38,-46,"Sicilian Defense: Nimzowitsch Variation, Advance Variation",True,M,Male vs Male
"Soysal, Serkan",M,78,48,Indian Game: London System,False,M,Male vs Male
"Servat, Roberto",M,58,-69,"French Defense: Winawer Variation, Advance Variation",False,M,Male vs Male
"Martinovic, Sasa",M,59,22,Queen's Pawn,False,M,Male vs Male
"Kumic, Filip",M,34,-79,"Queen's Gambit Declined: Ragozin Defense, Vienna Variation",True,M,Male vs Male
"Amin, Bassem",M,113,-169,"Italian Game: Two Knights Defense, Modern Bishop's Opening",False,M,Male vs Male
"Martinovic, Sasa",M,104,-73,Trompowsky Attack,True,M,Male vs Male
"Doric, Darko",M,75,-73,Trompowsky Attack,True,M,Male vs Male
"Martinovic, Sasa",M,68,-94,"Trompowsky Attack: Classical Defense, Big Center Variation",True,M,Male vs Male
"Strikovic, Aleksa",M,82,-39,"English Opening: King's English Variation, Kramnik-Shirov Counterattack",False,M,Male vs Male
"Shevchenko, Danylo",M,72,-22,"Sicilian Defense: Alapin Variation, Smith-Morra Declined",True,M,Male vs Male
"Aukhatov, Roman",M,58,33,"Queen's Gambit Refused: Chigorin Defense, Main Line",True,M,Male vs Male
"Shevchenko, Danylo",M,82,-20,"Sicilian Defense: Alapin Variation, Smith-Morra Declined",True,M,Male vs Male
"Jarmula, Lukasz",M,40,75,"Sicilian Defense: Four Knights Variation, Exchange Variation",True,M,Male vs Male
"Shevchenko, Danylo",M,108,-65,Nimzowitsch Defense: French Connection,False,M,Male vs Male
"Isajevsky, Anton",M,102,9,English Opening: Agincourt Defense,False,M,Male vs Male
"Roshka, Yevgeniy",M,72,-15,Sicilian Defense: Nimzowitsch Variation,True,M,Male vs Male
"Paulsen, Dirk",M,84,16,Nimzo-Indian Defense: Fischer Variation,False,M,Male vs Male
"Hesham, Abdelrahman",M,92,153,Sicilian Defense: Najdorf Variation,True,M,Male vs Male
"Yuffa, Daniil",M,50,15,Grünfeld Defense: Three Knights Variation,False,M,Male vs Male
"Khlebovich, Alexander",M,48,-2,"King's Indian Defense: Normal Variation, King's Knight Variation",True,M,Male vs Male
"Martinovic, Sasa",M,144,42,Queen's Gambit Accepted: Old Variation,True,M,Male vs Male
"Schuh, Dirk",M,78,-128,Robatsch (Modern) Defense,False,M,Male vs Male
"Doric, Darko",M,50,-27,King's Indian Attack,True,M,Male vs Male
"Todorov, Todor",M,92,-4,Pirc Defense,False,M,Male vs Male
"Kiremitciyan, Ari",M,60,-200,Réti Opening,False,M,Male vs Male
"Aliavdin, Nikolai",M,62,-35,"Ruy Lopez: Marshall Attack, Modern Variation",True,M,Male vs Male
"Ivlev, Aleksey",M,78,15,Benoni Defense: Old Benoni,False,M,Male vs Male
"Martinovic, Sasa",M,62,-2,Semi-Benoni,False,M,Male vs Male
"Molaei, Mohammadamin",M,100,-105,"Catalan Opening: Open Defense, Tarrasch Defense",False,M,Male vs Male
"Srbis, Jurica",M,46,-14,"Benoni Defense: Old Benoni, Schmid Variation",False,M,Male vs Male
"Martinovic, Sasa",M,78,24,Queen's Pawn Game: Chigorin Variation,False,M,Male vs Male
"Tarasenka, Aliaksandra",M,90,-65,Caro-Kann Defense: Accelerated Panov Attack,True,F,Female vs Male
"Strikovic, Aleksa",M,120,-41,"English Opening: King's English Variation, Four Knights Variation, Quiet Line",False,M,Male vs Male
"Kiremitciyan, Ari",M,78,-32,Réti Opening,False,M,Male vs Male
"Dvirnyy, Danyyil",M,65,139,"Indian Game: Anti-Grünfeld, Alekhine Variation",False,M,Male vs Male
"Sharankov, Grigory",M,122,59,"Queen's Gambit Declined: Exchange Variation, Positional Variation",True,M,Male vs Male
"Shchukin, Dmitry",M,82,-123,"Caro-Kann Defense: Accelerated Panov Attack, Modern Variation",True,M,Male vs Male
"Segarra, Randy",M,96,-21,French Defense: Schlechter Variation,False,M,Male vs Male
"Kiremitciyan, Ari",M,124,-86,"English Opening: Agincourt Defense, Keres Defense",False,M,Male vs Male
"Garcia Cardenas, Pablo",M,108,-27,Queen's Gambit Declined: Barmen Variation,True,M,Male vs Male
"ADU, Oladapo",M,16,-12,Sicilian Defense: Old Sicilian,True,M,Male vs Male
"Hungaski, Robert",M,88,-27,"Ruy Lopez: Exchange Variation, Gligoric Variation",False,M,Male vs Male
"Srbis, Jurica",M,84,46,"Sicilian Defense: Lasker-Pelikan Variation, Sveshnikov Variation, Chelyabinsk Variation",True,M,Male vs Male
"Hungaski, Robert",M,104,-33,"Ruy Lopez: Exchange Variation, Gligoric Variation",False,M,Male vs Male
"Srbis, Jurica",M,132,44,Zukertort Opening: Sicilian Invitation,True,M,Male vs Male
"Donchenko, Alexander",M,166,-188,English Opening: King's English Variation,False,M,Male vs Male
"Gomez Sanchez, Jorge Marcos",M,136,-34,Zukertort Opening: Sicilian Invitation,True,M,Male vs Male
"ADU, Oladapo",M,94,45,Sicilian Defense: Hyperaccelerated Dragon,True,M,Male vs Male
"Narvaez Ramirez, Faber Alberto",F,68,-74,"Sicilian Defense: Paulsen Variation, Bastrikov Variation",True,M,Male vs Female
"Posthuma, Joshua",M,48,16,Lion Defense: Lion's Jaw,False,M,Male vs Male
"Ramirez Medina, Victor",M,84,-36,"King's Indian Defense: Fianchetto Variation, Simagin Variation",True,M,Male vs Male
"Segarra, Randy",M,40,46,"Ruy Lopez: Closed, Anti-Marshall 8. a4",False,M,Male vs Male
"Segarra, Randy",M,54,-120,Philidor Defense: Lion Variation,False,M,Male vs Male
"Segarra, Randy",M,74,-122,Philidor Defense: Lion Variation,False,M,Male vs Male
"Adly, Ahmed",M,28,124,"King's Indian Defense: Fianchetto Variation, Panno Variation",True,M,Male vs Male
"Piliposyan, Robert",M,132,-134,Catalan Opening,False,M,Male vs Male
"Dvirnyy, Danyyil",M,123,86,Giuoco Piano,False,M,Male vs Male
"Galchenko, Matvey",M,80,-12,"French Defense: Tarrasch, Eliskases Variation",False,M,Male vs Male
"Dvirnyy, Danyyil",M,43,23,"French Defense: Winawer Variation, Poisoned Pawn Variation",False,M,Male vs Male
"Galchenko, Matvey",M,186,-11,Bird Opening,False,M,Male vs Male
"Darini, Pouria",M,60,-12,"Sicilian Defense: Najdorf Variation, English Attack",True,M,Male vs Male
"Martinovic, Sasa",M,118,-138,Trompowsky Attack,True,M,Male vs Male
"Mchedlishvili, Mikheil",M,100,-200,Trompowsky Attack,True,M,Male vs Male
"Saric, Ivan",M,68,109,Sicilian Defense: Najdorf Variation,True,M,Male vs Male
"Martinovic, Sasa",M,54,-94,Trompowsky Attack,True,M,Male vs Male
"Martinovic, Sasa",M,66,-98,Trompowsky Attack,True,M,Male vs Male
"Saric, Ivan",M,152,107,"Benoni Defense: Old Benoni, Schmid Variation",False,M,Male vs Male
"Mchedlishvili, Mikheil",M,66,-188,"Ruy Lopez: Morphy Defense, Anderssen Variation",False,M,Male vs Male
"Martinovic, Sasa",M,62,-92,Benoni Defense,False,M,Male vs Male
"Saric, Ivan",M,40,101,"Benoni Defense: Old Benoni, Schmid Variation",False,M,Male vs Male
"Martinovic, Sasa",M,50,-86,"King's Indian Defense: Fianchetto Variation, Immediate Fianchetto",True,M,Male vs Male
"Martinovic, Sasa",M,56,-92,"Indian Game: King's Indian Variation, Fianchetto Variation",True,M,Male vs Male
"Molaei, Mohammadamin",M,48,-66,Catalan Opening: Closed Variation,False,M,Male vs Male
"Saric, Ivan",M,64,100,"Queen's Pawn Game: Symmetrical Variation, Pseudo-Catalan",False,M,Male vs Male
"Martinovic, Sasa",M,58,-86,"Indian Game: King's Indian Variation, Fianchetto Variation",True,M,Male vs Male
"Andrejevs, Arvids",M,46,-36,"Sicilian Defense: Alapin Variation, Barmen Defense, Modern Line",True,M,Male vs Male
"Bologan, Victor",M,62,-208,"Sicilian Defense: Najdorf Variation, English Attack",True,M,Male vs Male
"Chernov, Mikhail",M,146,-176,Scotch Game: Mieses Variation,False,M,Male vs Male
"Strikovic, Aleksa",M,84,136,King's Indian Defense: Steiner Attack,True,M,Male vs Male
"Liyanage, Ranindu Dilshan",M,54,113,Caro-Kann Defense: Advance Variation,False,M,Male vs Male
"Kovalenko, Igor",M,72,8,Caro-Kann Defense: Two Knights Attack,True,M,Male vs Male
"Shkapenko, Pavel",M,112,98,"Sicilian Defense: Alapin Variation, Barmen Defense",True,M,Male vs Male
"Jarmula, Lukasz",M,74,-175,Sicilian Defense: Nyezhmetdinov-Rossolimo Attack,True,M,Male vs Male
"Bouzidi, Ahmed",M,98,-138,"Ruy Lopez: Exchange Variation, Alapin Gambit",True,M,Male vs Male
"Strikovic, Aleksa",M,50,74,English Opening: Agincourt Defense,False,M,Male vs Male
"Kiremitciyan, Ari",M,62,-162,"King's Indian Defense: Petrosian Variation, Stein Defense",True,M,Male vs Male
"Chizhikov, Vladislav",M,146,23,Caro-Kann Defense: Tartakower Variation,False,M,Male vs Male
"Kiremitciyan, Ari",M,58,-131,English Opening: Symmetrical Variation,False,M,Male vs Male
"Strikovic, Aleksa",M,64,-216,"English Opening: Symmetrical Variation, Anti-Benoni Variation, Spielmann Defense",False,M,Male vs Male
"Chizhikov, Vladislav",M,148,3,Sicilian Defense: Delayed Alapin,True,M,Male vs Male
"Kiremitciyan, Ari",M,38,-231,Réti Opening,False,M,Male vs Male
"Kiremitciyan, Ari",M,80,-140,English Opening: Symmetrical Variation,False,M,Male vs Male
"Kiremitciyan, Ari",M,112,-147,"King's Indian, Averbakh, Main Line",True,M,Male vs Male
"Srbis, Jurica",M,74,-185,"King's Indian Defense: Fianchetto Variation, Immediate Fianchetto",True,M,Male vs Male
"Kiremitciyan, Ari",M,80,-178,"English Opening: King's English Variation, Two Knights Variation, Smyslov System",False,M,Male vs Male
"Baskakov, Egor",M,90,34,Vienna Game: Mieses Variation,False,M,Male vs Male
"Strikovic, Aleksa",M,94,-62,English Opening: Agincourt Defense,False,M,Male vs Male
"Hafiz, Arif Abdul",M,66,54,Hungarian Opening: Symmetrical Variation,False,M,Male vs Male
"Zuluaga Mancilla, Cesar",M,88,126,London System,False,M,Male vs Male
"Muradov, Soltan",M,66,-44,"French Defense: Tarrasch Variation, Modern System",False,M,Male vs Male
"Muradov, Soltan",M,56,-101,"French Defense: Rubinstein Variation, Blackburne Defense",False,M,Male vs Male
"Dodeja, Pawan",M,60,-57,Indian Game,False,M,Male vs Male
"Kiremitciyan, Ari",M,124,-113,"English Opening: Anglo-Indian Defense, King's Knight Variation",False,M,Male vs Male
"Todorov, Todor",M,78,-101,"Italian Game: Scotch Gambit, Anderssen Attack",True,M,Male vs Male
"Srbis, Jurica",M,84,28,"Italian Game: Two Knights Defense, Polerio Defense, Bishop Check Line",False,M,Male vs Male
"Indjic, Aleksandar",M,54,-15,Scotch Game: Romanishin Variation,False,M,Male vs Male
"Srbis, Jurica",M,166,27,Benoni Defense: Taimanov Variation,False,M,Male vs Male
"Indjic, Aleksandar",M,120,-13,"King's Indian Defense: Orthodox Variation, Aronin-Taimanov Defense",True,M,Male vs Male
"Srbis, Jurica",M,68,25,Indian Game: Anti-Nimzo-Indian,False,M,Male vs Male
"Leenhouts, Koen",M,106,117,Slav Defense: Quiet Variation,False,M,Male vs Male
"Gheng, Josef",M,146,-102,Sicilian Defense: Paulsen Variation,True,M,Male vs Male
"Leenhouts, Koen",M,107,111,Slav Defense: Quiet Variation,False,M,Male vs Male
"Aliavdin, Nikolai",M,98,-132,Russian Game: Classical Attack,True,M,Male vs Male
"Ivlev, Aleksey",M,114,139,Queen's Gambit Declined: Harrwitz Attack,True,M,Male vs Male
"Aliavdin, Nikolai",M,30,-124,"Sicilian Defense: Najdorf Variation, English Attack",True,M,Male vs Male
"Aliavdin, Nikolai",M,78,-161,Sicilian Defense: Najdorf Variation,True,M,Male vs Male
"Drygalov, Andrey",M,112,168,"Sicilian Defense: Canal-Sokolsky Attack, Sokolsky Variation",True,M,Male vs Male
"Aliavdin, Nikolai",M,76,-152,"Sicilian Defense: Kan Variation, Knight Variation",True,M,Male vs Male
"Indjic, Aleksandar",M,106,102,English Opening: Mikenas-Carls Variation,False,M,Male vs Male
"Schekachikhin, Maksim",M,90,37,"Grünfeld Defense: Exchange Variation, Modern Exchange Variation",False,M,Male vs Male
"Akselrod, Vladislav",M,94,-87,Sicilian Defense,True,M,Male vs Male
"Drygalov, Andrey",M,146,-30,"Ruy Lopez: Morphy Defense, Norwegian Variation",False,M,Male vs Male
"Yeletsky, Ivan",M,28,40,Indian Game: Anti-Nimzo-Indian,False,M,Male vs Male
"Yeletsky, Ivan",M,94,15,"English Opening: King's English Variation, Four Knights Variation, Flexible Line",False,M,Male vs Male
"Baskakov, Egor",M,82,-50,"Sicilian Defense: Accelerated Dragon, Modern Variation",True,M,Male vs Male
"Delgadillo, Adonay",M,98,6,Indian Game: Przepiorka Variation,False,M,Male vs Male
"Aukhatov, Roman",F,70,84,Slav Defense: Modern,False,M,Male vs Female
"Trifonov, Denis",M,54,-111,Trompowsky Attack: Classical Defense,True,M,Male vs Male
"Aliavdin, Nikolai",M,46,-55,"Sicilian Defense: Kan Variation, Knight Variation",True,M,Male vs Male
"Proudian, Armen",M,126,63,Nimzo-Larsen Attack: Classical Variation,True,M,Male vs Male
"ADU, Oladapo",M,110,124,"Italian Game: Two Knights Defense, Modern Bishop's Opening",False,M,Male vs Male
"Kiremitciyan, Ari",M,98,-57,Zukertort Opening: Sicilian Invitation,True,M,Male vs Male
"Ivlev, Aleksey",M,64,-90,"King's Indian Defense: Fianchetto Variation, Immediate Fianchetto",True,M,Male vs Male
"Ivlev, Aleksey",M,110,-19,Slav Defense: Quiet Variation,False,M,Male vs Male
"Eljanov, Pavel",M,92,31,Indian Game,False,M,Male vs Male
"Khlebovich, Alexander",M,150,-62,"King's Indian Defense: Normal Variation, King's Knight Variation",True,M,Male vs Male
"Ivlev, Aleksey",M,118,-18,Slav Defense: Exchange Variation,False,M,Male vs Male
"Eljanov, Pavel",M,70,29,"Catalan Opening: Closed Variation, Traditional Variation",False,M,Male vs Male
"Ivlev, Aleksey",M,104,-16,Caro-Kann Defense: Classical Variation,False,M,Male vs Male
"Aliavdin, Nikolai",M,102,-133,Sicilian Defense: Najdorf Variation,True,M,Male vs Male
"Shchukin, Dmitry",M,66,-42,"Caro-Kann Defense: Accelerated Panov Attack, Modern Variation",True,M,Male vs Male
"Murzin, Volodar",M,80,-17,Réti Opening,False,M,Male vs Male
"Milchev, Nikolay",M,52,-22,Zukertort Opening: Sicilian Invitation,True,M,Male vs Male
"Gnojek, Petr",M,96,-162,"Tarrasch Defense: Classical Variation, Spassky Variation",False,M,Male vs Male
The Sunshine,M,72,-1,"Dutch Defense: Leningrad Variation, Warsaw Variation",False,F,Female vs Male
"Maksimovic, Dejan",M,36,-55,Queen's Pawn,False,M,Male vs Male
"Schnaider, Ilan",M,94,-91,Sicilian Defense: Classical Variation,True,M,Male vs Male
"Servat, Roberto",M,58,68,Sicilian Defense: Najdorf Variation,True,M,Male vs Male
"Servat, Roberto",M,70,51,"French Defense: Winawer Variation, Advance Variation",False,M,Male vs Male
"Kovalenko, Igor",M,126,29,Bishop's Opening: Berlin Defense,False,M,Male vs Male
"Indjic, Aleksandar",M,150,-4,Sicilian Defense: Four Knights Variation,True,M,Male vs Male
"Indjic, Aleksandar",M,108,-14,"Caro-Kann Defense: Two Knights Attack, Mindeno Variation, Retreat Line",True,M,Male vs Male
"Indjic, Aleksandar",M,106,-12,King's Indian Defense: Smyslov Variation,True,M,Male vs Male
"Klukin, Kirill",M,96,31,Zukertort Opening: Pirc Invitation,False,M,Male vs Male
"Klukin, Kirill",M,64,-194,East Indian Defense,False,M,Male vs Male
"Schekachikhin, Maksim",M,44,113,"English Opening: Symmetrical Variation, Botvinnik System Reversed",False,M,Male vs Male
"Klukin, Kirill",M,80,82,Indian Game: Knights Variation,False,M,Male vs Male
"Gheng, Josef",M,90,-39,Owen Defense: Matovinsky Gambit,True,M,Male vs Male
"Dodeja, Pawan",M,106,49,Torre Attack,True,M,Male vs Male
"Gheng, Josef",M,80,-36,"King's Indian Defense: Fianchetto Variation, Classical Fianchetto",True,M,Male vs Male
"Gheng, Josef",M,70,-56,English Opening: Anglo-Indian Defense,False,M,Male vs Male
"Shkapenko, Pavel",M,54,77,French Defense: Exchange Variation,False,M,Male vs Male
"Gheng, Josef",M,72,-4,Sicilian Defense: Paulsen Variation,True,M,Male vs Male
"Saraci, Nderim",M,102,-198,Queen's Pawn Game: Mason Attack,True,M,Male vs Male
"Velten, Paul",M,166,205,Queen's Pawn Game: Torre Attack,True,M,Male vs Male
"Koutsin, Sergey",M,42,-43,Indian Game: Wade-Tartakower Defense,False,M,Male vs Male
"Soysal, Serkan",M,36,55,Sicilian Defense: Closed Variation,True,M,Male vs Male
"Strikovic, Aleksa",M,90,45,Caro-Kann Defense: Accelerated Panov Attack,True,M,Male vs Male
"Karim, Ismael",M,124,-89,"Vienna Game: Stanley Variation, Monster Declined",False,M,Male vs Male
"Nesterov, Arseniy",M,76,129,Rat Defense: English Rat,False,M,Male vs Male
"Piscopo, Pierluigi",M,42,8,"Ruy Lopez: Berlin Defense, Rio Gambit Accepted",True,M,Male vs Male
"Nesterov, Arseniy",M,74,-137,Grünfeld Defense: Exchange Variation,False,M,Male vs Male
"Alvarez Calzadilla, Jose Avelino",M,62,-76,Old Benoni Defense,False,M,Male vs Male
"Bologan, Victor",M,58,-184,Sicilian Defense: Nyezhmetdinov-Rossolimo Attack,True,M,Male vs Male
"Bologan, Victor",M,88,-184,"Sicilian Defense: Lasker-Pelikan Variation, Sveshnikov Variation, Chelyabinsk Variation",True,M,Male vs Male
"Kumic, Filip",M,134,-114,London System,False,M,Male vs Male
"Njili, Kamel",M,110,-31,Nimzo-Larsen Attack: Indian Variation,True,M,Male vs Male
"Ambartsumova, Karina",M,90,-34,"French Defense: Steinitz Variation, Boleslavsky Variation",False,F,Female vs Male
"Shankovskyi, Andrii",M,42,-105,Sicilian Defense: Kramnik Variation,True,M,Male vs Male
"Korkmaz, Necmettin",M,68,-71,Yusupov-Rubinstein System,False,M,Male vs Male
"Ambartsumova, Karina",M,98,-65,"Neo-Grünfeld Defense: Classical Variation, Original Defense",False,F,Female vs Male
"Karim, Ismael",M,132,75,"Scandinavian Defense: Portuguese Variation, Portuguese Gambit",True,M,Male vs Male
"Korkmaz, Necmettin",M,100,-61,"Russian Game: Damiano Variation, Kholmov Gambit",True,M,Male vs Male
"Shchukin, Dmitry",M,118,-58,Modern Defense: Two Knights Variation,False,M,Male vs Male
"Grigorov, Grigor",M,90,18,"English Opening: Symmetrical Variation, Four Knights Variation",False,M,Male vs Male
"Wisniacki, Flavio",M,142,-115,Slav Defense: Chameleon Variation,False,M,Male vs Male
"Cheparinov, Ivan",M,128,60,Sicilian Defense: French Variation,True,M,Male vs Male
"Kovalenko, Igor",M,154,-44,Ruy Lopez: Berlin Defense,False,M,Male vs Male
"Schekachikhin, Maksim",M,60,-115,"English Opening: King's English Variation, Kramnik-Shirov Counterattack",False,M,Male vs Male
"Raicevic, Vladimir",M,46,70,Nimzo-Indian Defense: Kmoch Variation,False,M,Male vs Male
"Christie, Joshua",M,120,-115,English Opening,False,M,Male vs Male
"Khlebovich, Alexander",M,64,-60,"English Opening: Symmetrical Variation, Anti-Benoni Variation",False,M,Male vs Male
"Ivlev, Aleksey",M,96,-192,"King's Indian Defense: Averbakh Variation, Modern Defense",True,M,Male vs Male
"Saric, Ivan",M,110,197,Indian Game: Przepiorka Variation,False,M,Male vs Male
"Ivlev, Aleksey",M,56,-179,Sicilian Defense: Nyezhmetdinov-Rossolimo Attack,True,M,Male vs Male
"Aghayev, Miragha",M,44,-121,Alekhine Defense,False,M,Male vs Male
"Aghayev, Miragha",M,108,-135,Alekhine Defense: Exchange Variation,False,M,Male vs Male
"Koutsin, Sergey",M,88,-137,Modern Defense: Beefeater Variation,False,M,Male vs Male
"Okike, David",M,28,-39,Caro-Kann Defense: Two Knights Attack,True,M,Male vs Male
"Okike, David",M,98,-59,Caro-Kann Defense,False,M,Male vs Male
"Hajiyev, Kanan",M,124,69,Bogo-Indian Defense: Wade-Smyslov Variation,False,M,Male vs Male
"Hajiyev, Kanan",M,96,41,Indian Game: Knights Variation,False,M,Male vs Male
"Okike, David",M,74,-27,"Caro-Kann Defense: Advance Variation, Tal Variation",False,M,Male vs Male
"Hajiyev, Kanan",M,102,38,Indian Game: Tartakower Attack,True,M,Male vs Male
"Okike, David",M,118,-25,St. George Defense,False,M,Male vs Male
"Hajiyev, Kanan",M,114,35,"King's Indian Defense: Fianchetto Variation, Simagin Variation",True,M,Male vs Male
"Tekeyev, Zaur",M,140,-175,Sicilian Defense: Nyezhmetdinov-Rossolimo Attack,True,M,Male vs Male
"Okike, David",M,76,-23,"Caro-Kann Defense: Advance Variation, Tal Variation",False,M,Male vs Male
"Hajiyev, Kanan",M,87,34,"King's Indian Defense: Fianchetto Variation, Simagin Variation",True,M,Male vs Male
"Tekeyev, Zaur",M,114,-175,"Sicilian Defense: Accelerated Dragon, Modern Bc4 Variation",True,M,Male vs Male
"Ratkovic, Milovan",M,42,65,Old Indian Defense,False,M,Male vs Male
"Okike, David",M,42,-30,"Caro-Kann Defense: Advance Variation, Tal Variation",False,M,Male vs Male
"Hajiyev, Kanan",M,138,40,Indian Game: Knights Variation,False,M,Male vs Male
"Okike, David",M,56,-26,"Caro-Kann Defense: Advance Variation, Tal Variation",False,M,Male vs Male
"Okike, David",M,84,-47,"Caro-Kann Defense: Advance Variation, Tal Variation",False,M,Male vs Male
"Okike, David",M,50,-67,"Caro-Kann Defense: Advance Variation, Tal Variation",False,M,Male vs Male
"Okike, David",M,112,-85,"Caro-Kann Defense: Advance Variation, Tal Variation",False,M,Male vs Male
"Hajiyev, Kanan",M,90,95,Indian Game: Przepiorka Variation,False,M,Male vs Male
"Okike, David",M,148,-79,"Caro-Kann Defense: Advance Variation, Tal Variation",False,M,Male vs Male
"Segarra, Randy",M,22,-194,Elephant Gambit,True,M,Male vs Male
"Todorov, Todor",M,42,-81,Indian Game: London System,False,M,Male vs Male
"Schekachikhin, Maksim",M,78,0,English Opening: Symmetrical Variation,False,M,Male vs Male
"Cruz, Jonathan",M,100,99,Nimzo-Larsen Attack: English Variation,True,M,Male vs Male
"Schuh, Dirk",M,68,-114,Four Knights Game: Scotch Variation Accepted,False,M,Male vs Male
"Cruz, Jonathan",M,130,69,Nimzo-Larsen Attack: Modern Variation,True,M,Male vs Male
"Plenca, Jadranko",M,56,-28,"Sicilian Defense: French Variation, Westerinen Attack",True,M,Male vs Male
"Andonovski, Ljubisa",M,98,-181,"Queen's Indian Defense: Fianchetto Variation, Nimzowitsch Variation",False,M,Male vs Male
"Babujian, Levon",M,104,-38,Philidor Defense: Lion Variation,False,M,Male vs Male
"Hafiz, Arif Abdul",M,136,-6,"Sicilian Defense: Closed Variation, Traditional",True,M,Male vs Male
"Ertan, Can",M,78,24,"Ruy Lopez: Closed Variations, Bogoljubov Variation",False,M,Male vs Male
"Shkapenko, Pavel",M,136,123,"Sicilian Defense: Alapin Variation, Barmen Defense, Modern Line",True,M,Male vs Male
"Trifonov, Denis",M,122,7,Queen's Pawn Game: Torre Attack,True,M,Male vs Male
"Khlebovich, Alexander",M,104,-13,Queen's Gambit Accepted: Normal Variation,True,M,Male vs Male
"Boraso, Alessio",M,54,-3,"French Defense: Tarrasch Variation, Morozevich Variation",False,M,Male vs Male
"Kumic, Filip",M,54,-80,"Slav Defense: Quiet Variation, Pin Defense",False,M,Male vs Male
"Njili, Kamel",M,54,-116,Slav Defense: Alapin Variation,False,M,Male vs Male
"Njili, Kamel",M,72,-131,"Nimzo-Indian Defense: Normal Variation, Bishop Attack, Classical Defense",True,M,Male vs Male
"Strikovic, Aleksa",M,120,114,English Opening: Mikenas-Carls Variation,False,M,Male vs Male
"Tekeyev, Zaur",M,72,-33,"Italian Game: Classical Variation, Giuoco Pianissimo",False,M,Male vs Male
"Nesterov, Arseniy",M,88,45,King's Indian Defense: Semi-Averbakh System,True,M,Male vs Male
"Aliavdin, Nikolai",M,30,-28,"Caro-Kann Defense: Advance Variation, Botvinnik-Carls Defense",False,M,Male vs Male
"ADU, Oladapo",M,70,-8,Saragossa Opening,False,M,Male vs Male
"Aliavdin, Nikolai",M,46,-65,Philidor Defense: Lion Variation,False,M,Male vs Male
"Bologan, Victor",M,102,-225,"Italian Game: Classical Variation, Giuoco Pianissimo",False,M,Male vs Male
"Rzayev, Bahruz",M,88,-158,King's Indian Attack,True,M,Male vs Male
"Rzayev, Bahruz",M,96,-171,Torre Attack,True,M,Male vs Male
"Shevchenko, Danylo",M,128,-103,Vienna Game: Vienna Gambit,True,M,Male vs Male
"Shevchenko, Danylo",M,128,-120,"Sicilian Defense: Smith-Morra Gambit Declined, Push Variation",True,M,Male vs Male
"Nuri, Murad",M,58,-42,"English Opening: King's English Variation, Reversed Sicilian",True,M,Male vs Male
"Ortega Amarelle, Mariano",M,64,-132,"Sicilian Defense: Paulsen Variation, Bastrikov Variation",True,M,Male vs Male
"Ortega Amarelle, Mariano",M,58,-146,"King's Indian Defense: Normal Variation, King's Knight Variation",True,M,Male vs Male
"Beinoras, Mindaugas",M,70,-56,"English Opening: Four Knights System, Nimzowitsch Variation",False,M,Male vs Male
"Gwaze, Robert",M,100,58,"Alekhine Defense: Modern Variation, Main Line",False,M,Male vs Male
"Aliavdin, Nikolai",M,64,-23,Ruy Lopez: Berlin Defense: Mortimer Variation,False,M,Male vs Male
"Aliavdin, Nikolai",M,88,-56,Pirc Defense,False,M,Male vs Male
"Korobkin, Maxim",M,110,66,London System,False,M,Male vs Male
"Kumic, Filip",M,58,135,"Caro-Kann Defense: Classical Variation, Flohr Variation",False,M,Male vs Male
"Schuh, Dirk",M,126,50,Sicilian Defense: Alapin Variation,True,M,Male vs Male
"Karim, Ismael",M,46,-65,Sicilian Defense: Canal-Sokolsky Attack,True,M,Male vs Male
"Daeschler, Florian",M,96,-68,"Slav Defense: Quiet Variation, Pin Defense",False,M,Male vs Male
"Schippers, Maurice",M,2,-74,King's Pawn Game,False,M,Male vs Male
"Nesterov, Arseniy",M,90,3,Modern Defense,False,M,Male vs Male
"Van Roon, Sjoerd",M,73,-94,"Italian Game: Classical Variation, Giuoco Pianissimo",False,M,Male vs Male
"Nesterov, Arseniy",M,90,-20,Semi-Slav Defense: Anti-Moscow Gambit,True,M,Male vs Male
"Van Roon, Sjoerd",M,132,-112,"Italian Game: Two Knights Defense, Polerio Defense, Bishop Check Line",False,M,Male vs Male
"Movahed, Sina",M,18,-75,"Sicilian Defense: Four Knights Variation, Cobra Variation",True,M,Male vs Male
"Mwenya, Oscar",M,88,-165,Scandinavian Defense: Modern Variation,False,M,Male vs Male
"Van Roon, Sjoerd",M,52,-119,Caro-Kann Defense: Tartakower Variation,False,M,Male vs Male
"Soysal, Serkan",M,88,41,Indian Game: Przepiorka Variation,False,M,Male vs Male
"ADU, Oladapo",M,76,11,Sicilian Defense: French Variation,True,M,Male vs Male
"Boros, Denes",M,91,-42,Richter-Veresov Attack,True,M,Male vs Male
"Schippers, Maurice",M,104,-66,"French Defense: Tarrasch Variation, Modern System",False,M,Male vs Male
"Olsson, William",M,78,-81,"English Opening: King's English Variation, Reversed Sicilian",True,M,Male vs Male
"Aghayev, Miragha",M,58,-136,"Queen's Gambit Accepted: Central Variation, McDonnell Defense",True,M,Male vs Male
"Kumic, Filip",M,120,-48,Queen's Pawn Game: Zukertort Variation,False,M,Male vs Male
"Perez Marimon, Jorge De Jesus",M,72,-104,"Sicilian Defense: Richter-Rauzer Variation, Neo-Modern Variation",True,M,Male vs Male
"Shchukin, Dmitry",M,60,-144,"Sicilian Defense: Kan Variation, Wing Attack, Fianchetto Variation",True,M,Male vs Male
"Njili, Kamel",M,92,126,Queen's Pawn,False,M,Male vs Male
"Shchukin, Dmitry",M,96,44,"Sicilian Defense: Accelerated Dragon, Modern Variation",True,M,Male vs Male
"Doric, Darko",M,70,54,Queen's Pawn,False,M,Male vs Male
"Palchuk, Andrii",M,120,-32,Queen's Pawn,False,M,Male vs Male
The Sunshine,F,60,72,Sicilian Defense: Kalashnikov Variation,True,F,Female vs Female
"Nuri, Murad",M,56,-158,Slav Defense: Modern,False,M,Male vs Male
"Babujian, Levon",M,122,129,"King's Indian Defense: Normal Variation, Rare Defenses",True,M,Male vs Male
"ADU, Oladapo",M,85,-146,"Italian Game: Giuoco Pianissimo, Normal",False,M,Male vs Male
"Kumic, Filip",M,112,-35,"Modern Defense: Two Knights Variation, Suttles Variation",False,M,Male vs Male
"Murzin, Volodar",M,90,-27,Zukertort Opening: Sicilian Invitation,True,M,Male vs Male
"Proudian, Armen",M,114,-153,"Sicilian Defense: Nimzowitsch Variation, Closed Variation",True,M,Male vs Male
"Narvaez Ramirez, Faber Alberto",M,74,38,Indian Game,False,M,Male vs Male
"Ratkovic, Milovan",M,70,9,"King's Indian Defense: Sämisch Variation, Bobotsov-Korchnoi-Petrosian Variation",True,M,Male vs Male
"Spichkin, Alexander",M,136,-167,Nimzo-Larsen Attack: Modern Variation,True,M,Male vs Male
"Khlebovich, Alexander",M,108,16,"Queen's Indian Defense: Classical Variation, Traditional Variation, Main Line",False,M,Male vs Male
"Hafiz, Arif Abdul",M,36,52,Richter-Veresov Attack,True,M,Male vs Male
"Shkapenko, Pavel",M,78,-39,"Pterodactyl Defense: Eastern, Pteranodon",False,M,Male vs Male
"Martinovic, Sasa",M,90,-120,Trompowsky Attack,True,M,Male vs Male
"Saric, Ivan",M,112,128,Sicilian Defense: Najdorf Variation,True,M,Male vs Male
"Martinovic, Sasa",M,68,-110,Trompowsky Attack,True,M,Male vs Male
"Martinovic, Sasa",M,52,-126,Trompowsky Attack,True,M,Male vs Male
"Saric, Ivan",M,142,134,"Queen's Pawn Game: Symmetrical Variation, Pseudo-Catalan",False,M,Male vs Male
"Martinovic, Sasa",M,30,-118,Trompowsky Attack,True,M,Male vs Male
"Saric, Ivan",M,52,126,"Queen's Pawn Game: Symmetrical Variation, Pseudo-Catalan",False,M,Male vs Male
"Martinovic, Sasa",M,102,-110,Neo-Grünfeld Defense,False,M,Male vs Male
"Yuffa, Daniil",M,80,3,Catalan Opening: Open Defense,False,M,Male vs Male
"Martinovic, Sasa",M,132,-119,Alekhine Defense: Exchange Variation,False,M,Male vs Male
"Martinovic, Sasa",M,120,-134,London System,False,M,Male vs Male
"Martinovic, Sasa",M,21,-148,Sicilian Defense: Kupreichik Variation,True,M,Male vs Male
"Boruchovsky, Avital",M,74,-177,Pirc Defense,False,M,Male vs Male
"Doric, Darko",M,56,-34,Pirc Defense,False,M,Male vs Male
"Yuffa, Daniil",M,140,-70,"King's Indian Defense: Orthodox Variation, Modern System",True,M,Male vs Male
"Kovalenko, Igor",M,70,80,"Caro-Kann Defense: Panov Attack, Fianchetto Defense",True,M,Male vs Male
"Saric, Ivan",M,106,48,Indian Game: Przepiorka Variation,False,M,Male vs Male
"Kumic, Filip",M,66,41,"Queen's Gambit Declined: Slav, Dutch Variation",True,M,Male vs Male
"Shkapenko, Pavel",M,128,-201,Sicilian Defense: Alapin Variation,True,M,Male vs Male
"Velten, Paul",M,127,160,Rat Defense: English Rat,False,M,Male vs Male
"Cruz, Jonathan",M,108,-200,Nimzo-Larsen Attack,True,M,Male vs Male
"Koutsin, Sergey",M,90,64,Benko Gambit,True,M,Male vs Male
"Stalmach, Richard",M,122,-147,"King's Indian Defense: Orthodox Variation, Bayonet Attack, Sokolov's Line",True,M,Male vs Male
"Yuffa, Daniil",M,74,-53,Catalan Opening: Closed Variation,False,M,Male vs Male
"Indjic, Aleksandar",M,120,62,King's Indian Defense: Orthodox Variation,True,M,Male vs Male
"Indjic, Aleksandar",M,104,166,"English Opening: Agincourt Defense, Wimpy System",False,M,Male vs Male
"Shkapenko, Pavel",M,98,-149,Scandinavian Defense: Mieses-Kotroc Variation,False,M,Male vs Male
"Cruz, Jonathan",M,72,-180,Nimzo-Larsen Attack,True,M,Male vs Male
"Njili, Kamel",M,120,-120,Old Indian Defense,False,M,Male vs Male
"Segarra, Randy",F,132,18,"French Defense: Tarrasch Variation, Modern System",False,M,Male vs Female
"Segarra, Randy",M,64,25,"Ruy Lopez: Closed, Anti-Marshall 8. a4",False,M,Male vs Male
"Rodriguez Hernandez, Luis Daniel",M,102,-30,Slav Defense,False,M,Male vs Male
"Bitelmajer, Martin",M,74,-96,Caro-Kann Defense: Exchange Variation,False,M,Male vs Male
"Baskakov, Egor",M,102,17,Sicilian Defense: Najdorf Variation,True,M,Male vs Male
"Camacho Martinez, Guillermo",M,44,-38,"Tarrasch Defense: Classical Variation, Advance Variation",False,M,Male vs Male
"Leyva, Hector",M,74,-41,Réti Opening,False,M,Male vs Male
"Zuluaga Mancilla, Cesar",M,110,33,Queen's Gambit Accepted: Showalter Variation,True,M,Male vs Male
"Shkapenko, Pavel",M,142,93,"Sicilian Defense: Alapin Variation, Barmen Defense",True,M,Male vs Male
"Shkapenko, Pavel",M,86,76,"Sicilian Defense: Alapin Variation, Barmen Defense",True,M,Male vs Male
"Bykov, Egor",M,44,-60,Sicilian Defense: Four Knights Variation,True,M,Male vs Male
"Golizadeh, Asghar",M,88,-104,Sicilian Defense: Canal-Sokolsky Attack,True,M,Male vs Male
"Golizadeh, Asghar",M,92,-136,"French Defense: Rubinstein Variation, Fort Knox Variation",False,M,Male vs Male
"Dodeja, Pawan",M,88,146,Caro-Kann Defense: Classical Variation,False,M,Male vs Male
"Krasikov, Vladislav",M,93,-15,"Sicilian Defense: Najdorf Variation, Adams Attack",True,M,Male vs Male
"Nesterov, Arseniy",M,122,-100,Slav Defense: Exchange Variation,False,M,Male vs Male
"Nesterov, Arseniy",M,82,-116,Trompowsky Attack,True,M,Male vs Male
"Nesterov, Arseniy",M,66,-132,Modern Defense: Averbakh System,False,M,Male vs Male
"Paulsen, Dirk",M,54,109,"Nimzo-Indian Defense: Hübner Variation, Rubinstein Variation",False,M,Male vs Male
"Grigorov, Grigor",M,44,91,English Opening: King's English Variation,False,M,Male vs Male
"Schekachikhin, Maksim",M,100,-23,English Opening: Caro-Kann Defensive System,False,M,Male vs Male
"Golubka, Petro",M,102,110,"Pirc Defense: Classical Variation, Quiet System, Czech Defense",False,M,Male vs Male
"Golubka, Petro",M,98,-106,Four Knights Game: Spanish Variation,False,M,Male vs Male
"Schippers, Maurice",M,68,-187,Modern Defense: Gurgenidze Defense,False,M,Male vs Male
"Galaktionov, Artem",M,108,-2,Slav Defense: Modern,False,M,Male vs Male
"Leyva, Hector",M,94,-26,Queen's Pawn Game: Colle System,False,M,Male vs Male
"Narvaez Ramirez, Faber Alberto",M,122,-29,"Nimzo-Indian Defense: Normal Variation, Ragozin Variation",False,M,Male vs Male
"Plotkin, Mark",M,68,-121,"Sicilian Defense: Smith-Morra Gambit Declined, Push Variation",True,M,Male vs Male
"Sztokbant, Bernardo Vainzoff",M,78,-15,"French Defense: Tarrasch Variation, Morozevich Variation",False,M,Male vs Male
"Trifonov, Denis",M,48,-51,Sicilian Defense: Najdorf Variation,True,M,Male vs Male
"Andersen, Gunnar",M,92,-34,Scandinavian Defense: Main Line,False,M,Male vs Male
"Markov, Mikhail",M,141,-6,English Opening: Romanishin Gambit,True,M,Male vs Male
"Yuffa, Daniil",M,97,65,King's Indian Attack: Pachman System,True,M,Male vs Male
"Ertan, Can",M,100,-9,"Ruy Lopez: Closed Variations, Bogoljubov Variation",False,M,Male vs Male
"Martinovic, Sasa",M,50,36,King's Indian Attack,True,M,Male vs Male
"Doric, Darko",M,96,-24,Benoni Defense: Old Benoni,False,M,Male vs Male
"Martinovic, Sasa",M,89,34,King's Indian Attack,True,M,Male vs Male
"Doric, Darko",M,94,-22,Zukertort Opening: Sicilian Invitation,True,M,Male vs Male
"Doric, Darko",M,144,-28,King's Indian Attack: Symmetrical Defense,True,M,Male vs Male
"Palachev, Petr",M,46,-17,Anderssen Opening,False,M,Male vs Male
"Yuffa, Daniil",M,84,-46,"Benoni Defense: Fianchetto Variation, Hastings Defense, Main Line",False,M,Male vs Male
"Yuffa, Daniil",M,70,-68,"King's Indian Defense: Orthodox Variation, Bayonet Attack",True,M,Male vs Male
"Yuffa, Daniil",M,90,-75,"Benoni Defense: Fianchetto Variation, Hastings Defense, Main Line",False,M,Male vs Male
"Schekachikhin, Maksim",M,54,135,Saragossa Opening,False,M,Male vs Male
"Daeschler, Florian",M,54,23,Catalan Opening: Closed Variation,False,M,Male vs Male
"Strikovic, Aleksa",M,96,-103,"English Opening: King's English Variation, Kramnik-Shirov Counterattack",False,M,Male vs Male
Tran Thanh Tu,M,92,-189,"Sicilian Defense: Kan, Gipslis Variation",True,M,Male vs Male
"Boruchovsky, Avital",M,110,13,Caro-Kann Defense: Accelerated Panov Attack,True,M,Male vs Male
"Hafiz, Arif Abdul",M,72,-82,Indian Game,False,M,Male vs Male
"Hafiz, Arif Abdul",M,42,-87,"Trompowsky Attack: Classical Defense, Big Center Variation",True,M,Male vs Male
"Hafiz, Arif Abdul",M,118,-98,Trompowsky Attack,True,M,Male vs Male
"Kapitanchuk, Tomas",M,116,-82,French Defense: King's Indian Attack,True,M,Male vs Male
"Kapitanchuk, Tomas",M,38,-94,Scandinavian Defense: Mieses-Kotroc Variation,False,M,Male vs Male
"Gaitan, Juan Manuel",M,132,102,"King's Indian Defense: Fianchetto Variation, Uhlmann-Szabo System",True,M,Male vs Male
"Karim, Ismael",M,98,-20,Vienna Game: Max Lange Defense,False,M,Male vs Male
"Bykov, Egor",M,114,-29,"Queen's Indian Defense: Classical Variation, Traditional Variation",False,M,Male vs Male
"Leyva, Hector",M,72,11,Queen's Pawn Game: Zukertort Variation,False,M,Male vs Male
"Aumont, Alexandre",M,74,-128,"French Defense: Rubinstein Variation, Blackburne Defense",False,M,Male vs Male
"Tilicheev, Viacheslav",M,42,-1,"Queen's Gambit Accepted: Classical Defense, Rubinstein Variation",True,M,Male vs Male
"Baumegger, Siegfried",M,68,95,Sicilian Defense: Chekhover Variation,True,M,Male vs Male
"Kumic, Filip",M,36,62,"Sicilian Defense: Smith-Morra Gambit Declined, Center Formation",True,M,Male vs Male
"Todorov, Todor",M,44,19,"Sicilian Defense: Canal Attack, Moscow Gambit",True,M,Male vs Male
"Khairat, Ahmed",M,40,-72,Scandinavian Defense: Main Line,False,M,Male vs Male
"Srbis, Jurica",F,40,98,King's Indian Defense: Normal Variation,True,M,Male vs Female
"Baskakov, Egor",M,86,110,French Defense: Queen's Knight,False,M,Male vs Male
"Akselrod, Vladislav",M,42,155,East Indian Defense,False,M,Male vs Male
"Kushko, Dmitriy",M,114,20,"Sicilian Defense: Kan Variation, Knight Variation",True,M,Male vs Male
"Baskakov, Egor",M,76,150,"Ruy Lopez: Morphy Defense, Anderssen Variation",False,M,Male vs Male
"Arias, Juan Cruz",M,88,-8,Torre Attack,True,M,Male vs Male
"Arias, Juan Cruz",M,122,-31,Mieses Opening: Reversed Rat,False,M,Male vs Male
"Kushko, Dmitriy",M,136,41,Zukertort Opening: Black Mustang Defense,False,M,Male vs Male
"Hadzovic, Amir",M,130,-36,Sicilian Defense: Closed,True,M,Male vs Male
"Kvon, Andrey",M,84,31,Sicilian Defense: Open,True,M,Male vs Male
"Almagro Llamas, Pablo",M,34,-4,Blumenfeld Countergambit,False,M,Male vs Male
"Khlebovich, Alexander",M,134,-22,Bogo-Indian Defense: Grünfeld Variation,False,M,Male vs Male
"Khlebovich, Alexander",M,76,-32,"King's Indian Defense: Fianchetto Variation, Classical Fianchetto",True,M,Male vs Male
"Dodeja, Pawan",M,130,10,Trompowsky Attack,True,M,Male vs Male
"Ertan, Can",M,102,-10,Modern Defense: Standard Line,False,M,Male vs Male
"Shchukin, Dmitry",M,84,-57,"Caro-Kann Defense: Accelerated Panov Attack, Modern Variation",True,M,Male vs Male
"Dodeja, Pawan",M,56,22,Nimzo-Larsen Attack: Modern Variation,True,M,Male vs Male
"Dodeja, Pawan",M,72,-3,Nimzo-Larsen Attack: Modern Variation,True,M,Male vs Male
"Ertan, Can",M,94,14,"Russian Game: Classical Attack, Chigorin Variation, Main Line",True,M,Male vs Male
"Garcia Cardenas, Pablo",M,142,187,Slav Defense,False,M,Male vs Male
"Grishchenko, Sergey",M,86,-113,"Nimzo-Indian Defense: Normal Variation, Schlechter Defense",False,M,Male vs Male
"Aukhatov, Roman",M,36,43,Catalan Opening: Open Defense,False,M,Male vs Male
"Grishchenko, Sergey",M,36,40,"Nimzo-Indian Defense: Hübner Variation, Rubinstein Variation, Main Line",False,M,Male vs Male
"Tissir, Mohamed",M,64,-84,"Sicilian Defense: Closed Variation, Traditional",True,M,Male vs Male
"Alvarado, Carlos",M,112,-152,"Queen's Indian Defense: Kasparov-Petrosian Variation, Main Line",False,M,Male vs Male
"Neugebauer, Martin",M,46,-3,"French Defense: Tarrasch Variation, Closed Variation, Main Line",False,M,Male vs Male
"Neugebauer, Martin",M,66,-26,Horwitz Defense,False,M,Male vs Male
"Neugebauer, Martin",M,80,-46,"Queen's Pawn Game: Veresov Attack, Classical Defense",True,M,Male vs Male
"Hungaski, Robert",M,94,-217,Lion Defense: Lion's Jaw,False,M,Male vs Male
"Arias, Juan Cruz",M,60,91,Trompowsky Attack,True,M,Male vs Male
"Strikovic, Aleksa",M,88,145,English Opening: King's English Variation,False,M,Male vs Male
"Radzhabov, Rodion",M,122,42,"French Defense: Tarrasch Variation, Closed Variation, Main Line",False,M,Male vs Male
"Martinovic, Sasa",M,50,-5,Neo-Grünfeld Defense: Classical Variation,False,M,Male vs Male
"Khlebovich, Alexander",M,110,15,Benoni Defense: Old Benoni,False,M,Male vs Male
"Martinovic, Sasa",M,60,8,"Grünfeld Defense: Exchange Variation, Classical Variation",False,M,Male vs Male
"Khlebovich, Alexander",M,110,4,Old Benoni Defense,False,M,Male vs Male
"Markov, Mikhail",M,82,-52,English Opening,False,M,Male vs Male
"Martinovic, Sasa",M,62,62,"Queen's Gambit Declined: Exchange Variation, Positional Variation",True,M,Male vs Male
"Devaev, Alexander",M,116,-145,English Opening: Agincourt Defense,False,M,Male vs Male
"Hesham, Abdelrahman",M,84,6,Modern Defense: Standard Line,False,M,Male vs Male
"Saric, Ivan",M,86,154,"Queen's Pawn Game: Symmetrical Variation, Pseudo-Catalan",False,M,Male vs Male
"Markov, Mikhail",M,52,-4,English Opening,False,M,Male vs Male
"Martinovic, Sasa",M,98,16,"Queen's Gambit Declined: Exchange Variation, Positional Variation",True,M,Male vs Male
"Saric, Ivan",M,72,121,Kadas Opening,False,M,Male vs Male
"Velten, Paul",M,36,-105,Sicilian Defense: Nyezhmetdinov-Rossolimo Attack,True,M,Male vs Male
"Velten, Paul",M,68,-121,King's Indian Defense: Larsen Variation,True,M,Male vs Male
"Todorov, Todor",M,44,-37,"Sicilian Defense: Paulsen Variation, Szén Variation",True,M,Male vs Male
"Saric, Ivan",M,118,129,"Queen's Pawn Game: Symmetrical Variation, Pseudo-Catalan",False,M,Male vs Male
"Vastrukhin, Oleg",M,52,-49,"Italian Game: Scotch Gambit, Walbrodt-Baird Gambit",True,M,Male vs Male
"Khanin, Semen",M,58,51,"Sicilian Defense: Scheveningen Variation, English Attack",True,M,Male vs Male
"Khlebovich, Alexander",M,86,61,Bogo-Indian Defense: Exchange Variation,False,M,Male vs Male
"Sevgi, Volkan",M,130,-158,Caro-Kann Defense: Two Knights Attack,True,M,Male vs Male
"Shimanov, Aleksandr",M,122,166,"Caro-Kann Defense: Exchange Variation, Rubinstein Variation",False,M,Male vs Male
"Sevgi, Volkan",M,86,-147,Vienna Game: Paulsen Variation,False,M,Male vs Male
"Shimanov, Aleksandr",M,52,155,Trompowsky Attack: Classical Defense,True,M,Male vs Male
"Mihok, Oliver",M,120,-67,"Sicilian Defense: Scheveningen Variation, Delayed Keres Attack",True,M,Male vs Male
"Doric, Darko",M,47,-83,Trompowsky Attack,True,M,Male vs Male
"Khlebovich, Alexander",M,132,46,Bogo-Indian Defense: Nimzowitsch Variation,False,M,Male vs Male
"Korobkin, Maxim",M,154,-33,"Grünfeld Defense: Three Knights Variation, Petrosian System",False,M,Male vs Male
"Doric, Darko",M,100,-89,Trompowsky Attack,True,M,Male vs Male
"Doric, Darko",M,85,-31,Trompowsky Attack: Classical Defense,True,M,Male vs Male
"Aliavdin, Nikolai",M,58,-4,"Caro-Kann Defense: Advance Variation, Tal Variation",False,M,Male vs Male
"Hesham, Abdelrahman",M,98,16,Sicilian Defense,True,M,Male vs Male
"Aliavdin, Nikolai",M,108,-4,Sicilian Defense: Najdorf Variation,True,M,Male vs Male
"Kushko, Dmitriy",M,58,100,"English Opening: Symmetrical Variation, Mecking Variation",False,M,Male vs Male
"Molaei, Mohammadamin",M,136,-85,"King's Indian Defense: Fianchetto Variation, Panno Variation",True,M,Male vs Male
"Martinovic, Sasa",M,116,-72,Queen's Pawn,False,M,Male vs Male
"Todorov, Todor",M,82,-88,Caro-Kann Defense: Breyer Variation,False,M,Male vs Male
"Martinovic, Sasa",M,58,-96,Indian Game: Reversed Chigorin Defense,False,M,Male vs Male
"Boros, Denes",M,140,105,"Sicilian Defense: Modern Variations, Tartakower",True,M,Male vs Male
"Neiksans, Arturs",M,162,27,"French Defense: Tarrasch Variation, Closed Variation, Main Line",False,M,Male vs Male
"Strikovic, Aleksa",M,60,-104,"English Opening: King's English Variation, Four Knights Variation, Quiet Line",False,M,Male vs Male
"Lombaers, Peter",M,82,-131,"Indian Game: Anti-Grünfeld, Alekhine Variation",False,M,Male vs Male
"Mikaelyan, Arman",M,94,152,"Sicilian Defense: Najdorf Variation, Adams Attack",True,M,Male vs Male
"Aliavdin, Nikolai",M,32,-127,Scandinavian Defense: Mieses-Kotroc Variation,False,M,Male vs Male
"Aliavdin, Nikolai",M,42,-142,Scandinavian Defense: Mieses-Kotroc Variation,False,M,Male vs Male
"Aliavdin, Nikolai",M,40,-93,Ruy Lopez: Classical Defense: Benelux Variation,False,M,Male vs Male
"Babujian, Levon",M,76,45,"Queen's Gambit Refused: Chigorin Defense, Main Line",True,M,Male vs Male
"Strikovic, Aleksa",M,106,-56,English Opening: Anglo-Grünfeld Defense,False,M,Male vs Male
"Predojevic, Borki",M,92,117,Scandinavian Defense: Mieses-Kotroc Variation,False,M,Male vs Male
"Markov, Mikhail",M,76,-97,"English Opening: Symmetrical Variation, Two Knights Line",False,M,Male vs Male
"Predojevic, Borki",M,122,82,Scandinavian Defense: Mieses-Kotroc Variation,False,M,Male vs Male
"Markov, Mikhail",M,58,-64,"Sicilian Defense: Alapin Variation, Barmen Defense",True,M,Male vs Male
"Spichkin, Alexander",M,80,-50,Nimzo-Larsen Attack: Indian Variation,True,M,Male vs Male
"Cabrera Pando, Ramiro",M,122,-91,Semi-Benoni,False,M,Male vs Male
"Baskakov, Egor",M,66,94,Sicilian Defense: Old Sicilian,True,M,Male vs Male
"Maksimovic, Dejan",M,120,-57,Queen's Pawn,False,M,Male vs Male
"Maksimovic, Dejan",M,68,-75,Wade Defense,False,M,Male vs Male
"Strikovic, Aleksa",M,80,85,Caro-Kann Defense: Accelerated Panov Attack,True,M,Male vs Male
"Narvaez Ramirez, Faber Alberto",M,128,-90,French Defense: King's Indian Attack,True,M,Male vs Male
"Campbell, Charles",M,60,-39,"King's Indian Defense: Normal Variation, King's Knight Variation",True,M,Male vs Male
"Sezdbekov, Ruslan",M,94,-172,Pirc Defense,False,M,Male vs Male
"Narvaez Ramirez, Faber Alberto",M,116,-62,"Sicilian Defense: O'Kelly Variation, Normal System",True,M,Male vs Male
"Zuluaga Mancilla, Cesar",M,86,78,Horwitz Defense,False,M,Male vs Male
"Arias, Juan Cruz",M,102,75,Yusupov-Rubinstein System,False,M,Male vs Male
"Kuznecov, Mikhail",M,38,-55,Indian Game,False,M,Male vs Male
"Korobkin, Maxim",M,94,65,Old Indian Defense: Normal Variation,False,M,Male vs Male
"Ramezani, Mahan",M,90,-84,"Italian Game: Classical Variation, Giuoco Pianissimo",False,M,Male vs Male
"Narvaez Ramirez, Faber Alberto",M,98,-58,"English Opening: King's English Variation, Two Knights Variation, Reversed Dragon",False,M,Male vs Male
"Ratkovic, Milovan",M,100,26,Benoni Defense: Czech Benoni Defense,False,M,Male vs Male
"Shkapenko, Pavel",M,116,-61,"Sicilian Defense: Alapin Variation, Barmen Defense, Modern Line",True,M,Male vs Male
"Narvaez Ramirez, Faber Alberto",M,96,-79,"Sicilian Defense: O'Kelly Variation, Normal System",True,M,Male vs Male
"Narvaez Ramirez, Faber Alberto",M,96,-97,Queen's Pawn Game: Zukertort Variation,False,M,Male vs Male
"Arias, Juan Cruz",M,102,153,Queen's Pawn Game: Zukertort Variation,False,M,Male vs Male
"Zuluaga Mancilla, Cesar",M,68,98,Horwitz Defense,False,M,Male vs Male
"Trifonov, Denis",M,86,-118,"French Defense: Advance Variation, Wade Variation",False,M,Male vs Male
"Narvaez Ramirez, Faber Alberto",M,124,-83,Sicilian Defense: McDonnell Attack,True,M,Male vs Male
"Karttunen, Mika",M,70,134,"Semi-Slav Defense: Botvinnik System, Alatortsev System",False,M,Male vs Male
"Narvaez Ramirez, Faber Alberto",M,80,-109,"Sicilian Defense: Kan Variation, Maróczy Bind, Bronstein Variation",True,M,Male vs Male
"Zuluaga Mancilla, Cesar",M,106,117,Indian Game: London System,False,M,Male vs Male
"Narvaez Ramirez, Faber Alberto",M,70,-96,Slav Defense: Chameleon Variation,False,M,Male vs Male
"Zuluaga Mancilla, Cesar",M,104,104,"Dutch Defense: Leningrad Variation, Warsaw Variation",False,M,Male vs Male
"Narvaez Ramirez, Faber Alberto",M,66,-90,"Sicilian Defense: O'Kelly Variation, Normal System, Smith-Morra Line",True,M,Male vs Male
"Abdel Razik, Khaled",M,134,-10,Modern Defense,False,M,Male vs Male
"Devaev, Alexander",M,92,-82,"King's Indian Defense: Normal Variation, Rare Defenses",True,M,Male vs Male
"Khlebovich, Alexander",M,82,-50,"Queen's Indian Defense: Fianchetto Variation, Nimzowitsch Variation",False,M,Male vs Male
"Yuffa, Daniil",M,88,-2,"Grünfeld Defense: Three Knights Variation, Petrosian System",False,M,Male vs Male
"Schuh, Dirk",M,112,57,"Sicilian Defense: Alapin Variation, Barmen Defense",True,M,Male vs Male
"Spichkin, Alexander",M,101,-99,Nimzo-Larsen Attack: Classical Variation,True,M,Male vs Male
"Srbis, Jurica",M,138,63,"Nimzo-Indian Defense: Classical Variation, Milner-Barry Variation",False,M,Male vs Male
"Strikovic, Aleksa",M,56,-20,Polish Opening,False,M,Male vs Male
"Velten, Paul",M,146,-43,"Queen's Pawn Game: Veresov Attack, Classical Defense",True,M,Male vs Male
"Raicevic, Vladimir",M,76,78,"King's Indian Defense: Sämisch Variation, Orthodox Variation",True,M,Male vs Male
"Yuffa, Daniil",M,116,77,Modern Defense: Standard Line,False,M,Male vs Male
"Strikovic, Aleksa",M,118,-19,Modern Defense: Beefeater Variation,False,M,Male vs Male
"Shagbazyan, Taron",M,124,125,Sicilian Defense: Delayed Alapin,True,M,Male vs Male
"Martinovic, Sasa",M,60,-120,Trompowsky Attack,True,M,Male vs Male
"Saric, Ivan",M,126,128,Slav Defense: Modern,False,M,Male vs Male
"Martinovic, Sasa",M,154,-113,Trompowsky Attack,True,M,Male vs Male
"Martinovic, Sasa",M,38,-128,Trompowsky Attack,True,M,Male vs Male
"Saric, Ivan",M,84,136,"Benoni Defense: Old Benoni, Schmid Variation",False,M,Male vs Male
"Martinovic, Sasa",M,54,-120,Trompowsky Attack,True,M,Male vs Male
"Saric, Ivan",M,76,128,Queen's Pawn Game: Chandler Gambit,True,M,Male vs Male
"Garcia Cardenas, Pablo",M,116,-23,Queen's Pawn,False,M,Male vs Male
"Tekeyev, Zaur",M,48,-27,"Sicilian Defense: Nimzowitsch Variation, Advance Variation",True,M,Male vs Male
"Korobkin, Maxim",M,70,-9,English Opening: Romanishin Gambit,True,M,Male vs Male
"Gheng, Josef",M,90,-142,Caro-Kann Defense: Tartakower Variation,False,M,Male vs Male
"Punin, Andrii",M,110,56,Robatsch (Modern) Defense,False,M,Male vs Male
"Krykun, Yuriy",M,160,-59,Lion Defense: Lion's Jaw,False,M,Male vs Male
"Genocchio, Daniele",M,93,-74,"Sicilian Defense: Four Knights Variation, Cobra Variation",True,M,Male vs Male
"Genocchio, Daniele",M,124,-92,Caro-Kann Defense: Tartakower Variation,False,M,Male vs Male
"Yuffa, Daniil",M,74,-31,"King's Indian Defense: Orthodox Variation, Donner Defense",True,M,Male vs Male
"Kovalev, Vladislav",M,86,41,Sicilian Defense,True,M,Male vs Male
"Khlebovich, Alexander",M,72,29,Catalan Opening: Open Defense,False,M,Male vs Male
"Martinovic, Sasa",M,66,-86,Trompowsky Attack,True,M,Male vs Male
"Khlebovich, Alexander",M,62,-14,Indian Game: Pseudo-Benko,False,M,Male vs Male
"Vastrukhin, Oleg",M,66,5,"Italian Game: Classical Variation, Giuoco Pianissimo",False,M,Male vs Male
"Khlebovich, Alexander",M,144,11,"Queen's Indian Defense: Classical Variation, Traditional Variation, Main Line",False,M,Male vs Male
"Yeletsky, Ivan",M,100,-7,"English Opening: Symmetrical Variation, Symmetrical Variation",False,M,Male vs Male
"Vastrukhin, Oleg",M,86,19,Zukertort Opening: Sicilian Invitation,True,M,Male vs Male
"Yuffa, Daniil",M,130,-39,"Grünfeld Defense: Three Knights Variation, Petrosian System",False,M,Male vs Male
"Ibrayev, Nurlan",M,138,-34,Scandinavian Defense: Portuguese Variation,False,M,Male vs Male
"Shuvalova, Polina",F,82,117,"Ruy Lopez: Open Variations, Bernstein Variation",False,F,Female vs Female
"Sargsyan, Anna M.",F,82,-79,Colle System,False,F,Female vs Female
"Akselrod, Vladislav",M,124,51,"French Defense: Winawer Variation, Poisoned Pawn Variation",False,M,Male vs Male
"Yuffa, Daniil",M,64,27,Catalan Opening: Closed Variation,False,M,Male vs Male
"Sambuev, Bator",M,98,-15,"King's Indian Defense: Orthodox Variation, Classical System, Kozul Gambit",True,M,Male vs Male
"Sambuev, Bator",M,46,-33,"English Opening: Anglo-Indian Defense, Zvjaginsev-Krasenkow Attack",True,M,Male vs Male
"Sambuev, Bator",M,46,44,Philidor Defense: Lion Variation,False,M,Male vs Male
"Strikovic, Aleksa",M,40,-31,"English Opening: King's English Variation, Three Knights System",False,M,Male vs Male
"Bouvier, Bruno",M,70,-9,"Caro-Kann Defense: Advance Variation, Tal Variation",False,M,Male vs Male
"Vypkhaniuk, Ihor",M,130,32,Blumenfeld Countergambit,False,M,Male vs Male
"Sambuev, Bator",M,60,64,Philidor Defense: Lion Variation,False,M,Male vs Male
"Hajiyev, Kanan",M,138,18,Slav Defense: Exchange Variation,False,M,Male vs Male
"Oragwu, Chukwunonso",M,98,-28,Caro-Kann Defense: Two Knights Attack,True,M,Male vs Male
"Punin, Andrii",M,106,-70,Caro-Kann Defense,False,M,Male vs Male
"Velten, Paul",M,112,39,Benoni Defense: Benoni Gambit Accepted,True,M,Male vs Male
"Galaktionov, Artem",M,54,66,Bogo-Indian Defense: Grünfeld Variation,False,M,Male vs Male
"Galaktionov, Artem",M,122,40,Bogo-Indian Defense: Grünfeld Variation,False,M,Male vs Male
"Shkapenko, Pavel",M,90,-14,"Caro-Kann Defense: Advance Variation, Tal Variation",False,M,Male vs Male
"Martinovic, Sasa",M,40,-21,Queen's Gambit Accepted: Old Variation,True,M,Male vs Male
"Shkapenko, Pavel",M,152,-7,French Defense: Exchange Variation,False,M,Male vs Male
"Geivondian, Arman",M,98,-24,English Defense,False,M,Male vs Male
"Cruz, Jonathan",M,84,-18,Nimzo-Larsen Attack: Indian Variation,True,M,Male vs Male
"Schekachikhin, Maksim",M,40,53,English Opening: Symmetrical Variation,False,M,Male vs Male
"Svane, Rasmus",M,78,93,Rat Defense: Antal Defense,False,M,Male vs Male
"Castella Garcia, Fausto",M,84,-68,"Russian Game: Modern Attack, Center Variation",True,M,Male vs Male
"Maksimovic, Dejan",M,94,-154,Old Benoni Defense,False,M,Male vs Male
"Aliavdin, Nikolai",M,83,-59,Sicilian Defense: Old Sicilian,True,M,Male vs Male
"Wisniacki, Flavio",M,156,-19,English Opening: Anglo-Indian Defense,False,M,Male vs Male
"Oragwu, Chukwunonso",M,90,-141,"Lion Defense: Anti-Philidor, Lion's Cave",False,M,Male vs Male
"Bettalli, Francesco",M,143,-159,Sicilian Defense: Chekhover Variation,True,M,Male vs Male
"Colbow, Collin",M,92,-29,Scandinavian Defense: Mieses-Kotroc Variation,False,M,Male vs Male
"Colbow, Collin",M,90,-37,Scandinavian Defense: Mieses-Kotroc Variation,False,M,Male vs Male
"Colbow, Collin",M,78,-47,Polish Opening,False,M,Male vs Male
"Carlstedt, Jonathan",M,154,57,Zukertort Opening: Sicilian Invitation,True,M,Male vs Male
"Colbow, Collin",M,82,-29,Pirc Defense,False,M,Male vs Male
"Carlstedt, Jonathan",M,82,40,Sicilian Defense: Delayed Alapin,True,M,Male vs Male
"Strikovic, Aleksa",M,26,-7,English Opening: Great Snake Variation,False,M,Male vs Male
"Strikovic, Aleksa",M,90,-114,"English Opening: King's English Variation, Kramnik-Shirov Counterattack",False,M,Male vs Male
"Sezdbekov, Ruslan",M,138,-80,Sicilian Defense: Najdorf Variation,True,M,Male vs Male
"Camacho Martinez, Guillermo",M,128,4,King's Indian Defense: Steiner Attack,True,M,Male vs Male
"Muradov, Soltan",M,36,87,"Sicilian Defense: Kan Variation, Modern Variation",True,M,Male vs Male
"Shuvalova, Polina",M,64,70,"Sicilian Defense: Kan Variation, Maróczy Bind, Réti Variation",True,F,Female vs Male
"Galaktionov, Artem",M,76,44,King's Indian Defense: Orthodox Variation,True,M,Male vs Male
"Galaktionov, Artem",M,66,20,"King's Indian Defense: Orthodox Variation, Gligoric-Taimanov System",True,M,Male vs Male
"Aliavdin, Nikolai",M,34,-59,Ruy Lopez: Classical Variation,False,M,Male vs Male
"Pogosian, Manvel",M,120,-26,King's Indian Defense,True,M,Male vs Male
"Shkapenko, Pavel",M,112,69,Sicilian Defense: Alapin Variation,True,M,Male vs Male
"Yeletsky, Ivan",M,80,-7,"Pirc Defense: Classical Variation, Quiet System, Czech Defense",False,M,Male vs Male
"Dodeja, Pawan",M,76,36,Queen's Pawn Game: Levitsky Attack,True,M,Male vs Male
"Pogosian, Manvel",M,124,-24,Zukertort Opening: Kingside Fianchetto,False,M,Male vs Male
"Galaktionov, Artem",M,88,17,King's Indian Defense: Exchange Variation,True,M,Male vs Male
"Yeletsky, Ivan",M,48,-5,"Queen's Gambit Declined: Exchange Variation, Positional Variation",True,M,Male vs Male
"Galaktionov, Artem",M,124,13,"King's Indian Defense: Petrosian Variation, Stein Defense",True,M,Male vs Male
"Moradiabadi, Elshan",M,120,-180,Indian Game: Knights Variation,False,M,Male vs Male
"Yeletsky, Ivan",M,136,-1,Caro-Kann Defense,False,M,Male vs Male
"Nalbant, Tuna Onat",M,94,-24,"Ruy Lopez: Morphy Defense, Breyer Defense, Zaitsev Hybrid",False,M,Male vs Male
"Guven, Oguz Kagan",M,105,-33,"King's Indian Defense: Fianchetto Variation, Classical Main Line",True,M,Male vs Male
"Mikrut, Dariusz",M,62,89,"Queen's Gambit Declined: Orthodox Defense, Rubinstein Variation",True,M,Male vs Male
"Cupid, Kevin",M,84,-277,Queen's Gambit Declined: Cambridge Springs Defense: Yugoslav Variation,True,M,Male vs Male
"Cupid, Kevin",M,94,-285,Pirc Defense,False,M,Male vs Male
"Korobkin, Maxim",M,54,68,Scandinavian Defense,False,M,Male vs Male
"Doric, Darko",M,146,-54,Trompowsky Attack,True,M,Male vs Male
"Doric, Darko",M,58,-72,Trompowsky Attack,True,M,Male vs Male
"ADU, Oladapo",M,32,2,"French Defense: Winawer Variation, Alekhine-Maróczy Gambit",True,M,Male vs Male
"Doric, Darko",M,92,-42,Trompowsky Attack,True,M,Male vs Male
"Shankovskyi, Andrii",M,148,9,Sicilian Defense: Prins Variation,True,M,Male vs Male
"Mwenya, Oscar",M,88,-70,"French Defense: Winawer Variation, Advance Variation",False,M,Male vs Male
"Leenhouts, Koen",M,74,-105,"Slav Defense: Quiet Variation, Schallopp Defense",False,M,Male vs Male
"Atanejhad, Sahebali",M,86,-132,"Benko Gambit Accepted, Pawn Return Variation",True,M,Male vs Male
"Shchukin, Dmitry",M,80,47,"Sicilian Defense: Dragon Variation, Levenfish Variation",True,M,Male vs Male
"Fernandez Mazzetti, Ignacio",M,62,-48,"King's Indian Defense: Petrosian Variation, Stein Defense",True,M,Male vs Male
"Fernandez Mazzetti, Ignacio",M,56,-67,Rat Defense: Balogh Defense,False,M,Male vs Male
"Servat, Roberto",M,134,-55,Caro-Kann Defense,False,M,Male vs Male
"Baskakov, Egor",M,90,95,Sicilian Defense: Najdorf Variation,True,M,Male vs Male
"Delgado Ramirez, Neuris",M,34,-78,"Sicilian Defense: Nyezhmetdinov-Rossolimo Attack, Fianchetto Variation",True,M,Male vs Male
"Ojeda, Jesus David",M,142,-91,"Queen's Gambit Declined: Harrwitz Attack, Orthodox Defense",True,M,Male vs Male
"Martinez Romero, Martin",M,54,99,"King's Gambit, Falkbeer Countergambit, Staunton Line",True,M,Male vs Male
"Quiroga Jaquez, Angel Ivan",M,58,38,Nimzo-Larsen Attack: Classical Variation,True,M,Male vs Male
"Dodeja, Pawan",M,112,-93,Nimzo-Larsen Attack: Modern Variation,True,M,Male vs Male
"Banawa, Joel",M,76,19,Indian Game,False,M,Male vs Male
"Shkapenko, Pavel",M,118,-7,King's Knight Opening: Konstantinopolsky,False,M,Male vs Male
"Jovic, Stevan",M,44,39,Grünfeld Defense,False,M,Male vs Male
"Hulka, Valentyn",M,74,-120,"Caro-Kann Defense: Advance Variation, Botvinnik-Carls Defense",False,M,Male vs Male
"Ivlev, Aleksey",M,66,-20,Catalan Opening,False,M,Male vs Male
"Akselrod, Vladislav",M,92,31,Old Benoni Defense,False,M,Male vs Male
"Ivlev, Aleksey",M,66,-18,"Benko Gambit Accepted, Pawn Return Variation",True,M,Male vs Male
"Khanin, Semen",M,148,68,"Italian Game: Giuoco Pianissimo, Normal",False,M,Male vs Male
"Saric, Ivan",M,138,147,"Queen's Pawn Game: Symmetrical Variation, Pseudo-Catalan",False,M,Male vs Male
"Petrosyan, Manuel",M,102,161,"Caro-Kann Defense: Advance Variation, Short Variation",False,M,Male vs Male
"Kovalenko, Igor",M,68,96,"French Defense: Advance Variation, Lputian Variation",False,M,Male vs Male
"Poghosyan, Suren",M,124,-68,"English Opening: Anglo-Indian Defense, King's Indian Formation",True,M,Male vs Male
"Maksimovic, Dejan",M,72,-147,Queen's Pawn Game: London System,False,M,Male vs Male
"Maksimovic, Dejan",M,66,-160,Queen's Pawn Game: London System,False,M,Male vs Male
"Grigorov, Grigor",M,56,-39,"Italian Game: Giuoco Pianissimo, Normal",False,M,Male vs Male
"Servat, Roberto",M,92,89,"Ruy Lopez: Closed Variations, Keres Defense",False,M,Male vs Male
"Kunin, Vitaly",M,98,-121,King's Pawn Game: Tayler Opening,False,M,Male vs Male
"Ratkovic, Milovan",M,44,-24,Robatsch (Modern) Defense,False,M,Male vs Male
"Nozdrachev, Vladislav",M,50,25,"Sicilian Defense: Najdorf Variation, Adams Attack",True,M,Male vs Male
"Arias, Juan Cruz",M,60,5,Queen's Pawn Game: Colle System,False,M,Male vs Male
"Abrashkin, Boris",M,46,-79,"King's Indian, Averbakh, Main Line",True,M,Male vs Male
"Koutsin, Sergey",M,88,-1,"Semi-Slav Defense: Marshall Gambit, Main Line",True,M,Male vs Male
"Zivkovic, Nemanja",M,58,76,"Nimzowitsch Defense: Kennedy Variation, Riemann Defense",False,M,Male vs Male
"Almeida Quintana, Omar",M,170,-72,Modern Defense,False,M,Male vs Male
"Coro, Lucas",M,56,-122,"Sicilian Defense: Najdorf Variation, Opocensky Variation",True,M,Male vs Male
"Maksimovic, Dejan",M,92,11,Indian Game: Spielmann-Indian,False,M,Male vs Male
"Kumic, Filip",M,47,-71,"Sicilian Defense: O'Kelly Variation, Maróczy Bind, Paulsen Line",True,M,Male vs Male
"Hapaku, Charles",M,104,-136,Queen's Gambit Declined: Barmen Variation,True,M,Male vs Male
"Barp, Alberto",M,94,94,Grünfeld Defense: Three Knights Variation,False,M,Male vs Male
"Karim, Ismael",M,50,-69,"Sicilian Defense: Dragon Variation, Classical Variation",True,M,Male vs Male
"Ratkovic, Milovan",M,30,-60,Benko Gambit: Zaitsev System,True,M,Male vs Male
"Gorodetzky, David",M,86,-118,Indian Game: London System,False,M,Male vs Male
"Satyapragyan, Swayangsu",M,26,123,Semi-Slav Defense: Stoltz Variation,False,M,Male vs Male
"Mahdian, Anousha",M,122,-44,Grünfeld Defense: Exchange Variation,False,F,Female vs Male
"Vargas Arteaga, Alexis",M,190,71,Four Knights Game,False,M,Male vs Male
"Raicevic, Vladimir",M,44,98,Queen's Gambit Declined,True,M,Male vs Male
"Aligozhin, Zhaslan",M,122,12,Caro-Kann Defense: Exchange Variation,False,M,Male vs Male
"Klukin, Kirill",M,58,37,East Indian Defense,False,M,Male vs Male
"Ivlev, Aleksey",M,67,115,"Slav Defense: Quiet Variation, Schallopp Defense",False,M,Male vs Male
"Zivkovic, Nemanja",M,32,-86,Sicilian Defense: Najdorf Variation,True,M,Male vs Male
"Baskakov, Egor",M,106,91,Scandinavian Defense: Mieses-Kotroc Variation,False,M,Male vs Male
"Abrashkin, Boris",M,80,-168,Queen's Gambit Accepted: Old Variation,True,M,Male vs Male
"Abrashkin, Boris",M,66,-170,Queen's Gambit Accepted: Old Variation,True,M,Male vs Male
"Beinoras, Mindaugas",M,74,176,Trompowsky Attack: Edge Variation,True,M,Male vs Male
"Cruz, Jonathan",M,68,-53,Nimzo-Larsen Attack,True,M,Male vs Male
"Liyanage, Ranindu Dilshan",M,54,12,"French Defense: Rubinstein Variation, Kasparov Attack",True,M,Male vs Male
"Hajiyev, Kanan",M,46,-108,Queen's Gambit Declined,True,M,Male vs Male
"Banawa, Joel",M,78,-56,Queen's Pawn Game: Mason Attack,True,M,Male vs Male
"Karim, Ismael",M,72,-67,Sicilian Defense: Snyder Variation,True,M,Male vs Male
"Sebenik, Matej",M,150,76,"Queen's Indian Defense: Fianchetto Variation, Kramnik Variation",False,M,Male vs Male
"Shimanov, Aleksandr",M,126,-13,"Caro-Kann Defense: Advance Variation, Tal Variation",False,M,Male vs Male
"Abrashkin, Boris",M,68,-96,Catalan Opening,False,M,Male vs Male
"Ter-Saakian, Grigorii",M,98,27,Indian Game: Knights Variation,False,M,Male vs Male
"Shimanov, Aleksandr",M,140,58,Lion Defense: Lion's Jaw,False,M,Male vs Male
"Strikovic, Aleksa",M,104,171,English Opening: Agincourt Defense,False,M,Male vs Male
"ADU, Oladapo",M,52,-42,Russian Game: Nimzowitsch Attack,True,M,Male vs Male
"Vajic, Goran",M,86,52,Pirc Defense,False,M,Male vs Male
"Strikovic, Aleksa",M,92,-184,"English Opening: King's English Variation, Four Knights Variation, Quiet Line",False,M,Male vs Male
"Ginsburg, Gennadi",M,82,-163,Three Knights Opening: Steinitz Defense,False,M,Male vs Male
"Kumic, Filip",M,44,-16,"English Opening: Symmetrical Variation, Hedgehog Defense",False,M,Male vs Male
"Vajic, Goran",M,122,-130,"Scotch Game: Scotch Gambit, Advance Variation",True,M,Male vs Male
"Cruz, Jonathan",M,58,-98,Polish Opening,False,M,Male vs Male
"Kumic, Filip",M,126,-49,Slav Defense: Modern Line,False,M,Male vs Male
"Cruz, Jonathan",M,38,-108,Ware Opening,False,M,Male vs Male
"Boros, Denes",M,131,84,Scandinavian Defense: Mieses-Kotroc Variation,False,M,Male vs Male
"Wisniacki, Flavio",M,90,-100,"Slav Defense: Czech Variation, Krause Attack",True,M,Male vs Male
"Akselrod, Vladislav",M,90,-13,Indian Game: Polish Variation,False,M,Male vs Male
"Okike, David",M,84,-79,"Sicilian Defense: Lasker-Pelikan Variation, Sveshnikov Variation, Novosibirsk Variation",True,M,Male vs Male
"Plotkin, Mark",M,52,125,French Defense: Advance Variation,False,M,Male vs Male
"Tilicheev, Viacheslav",M,44,-42,"Nimzo-Indian Defense: Classical Variation, Noa Variation",False,M,Male vs Male
"Aliavdin, Nikolai",M,56,-55,Scandinavian Defense: Portuguese Variation,False,M,Male vs Male
"Ratkovic, Milovan",M,106,-54,Nimzo-Indian Defense: Leningrad Variation,False,M,Male vs Male
"Sturt, Raven",M,64,-74,Catalan Opening: Open Defense,False,M,Male vs Male
"Vastrukhin, Oleg",M,68,78,King's Indian Attack: Symmetrical Defense,True,M,Male vs Male
"Sturt, Raven",M,44,-97,Slav Defense: Modern,False,M,Male vs Male
"Husbands, Orlando",M,58,106,Scotch Game: Mieses Variation,False,M,Male vs Male
"Sturt, Raven",M,102,-91,"English Opening: King's English Variation, Two Knights Variation, Reversed Dragon",False,M,Male vs Male
"Spitzl, Vinzent",M,66,-116,"Sicilian Defense: Kan, Gipslis Variation",True,M,Male vs Male
"Spitzl, Vinzent",M,78,-177,Sicilian Defense: Najdorf Variation,True,M,Male vs Male
"Petrosyan, Manuel",M,68,-4,"Sicilian Defense: Accelerated Dragon, Modern Variation",True,M,Male vs Male
"Mahdian, Anousha",M,92,-103,Old Benoni Defense,False,F,Female vs Male
"Tissir, Mohamed",M,70,-75,"Sicilian Defense: O'Kelly Variation, Yerevan System",True,M,Male vs Male
"Silva, Luca",M,54,-225,"Grünfeld Defense: Exchange Variation, Classical Variation",False,M,Male vs Male
"Lavrik, Dmitry",F,68,84,"Caro-Kann Defense: Advance Variation, Short Variation",False,M,Male vs Female
"Mahdian, Anousha",M,52,-52,Nimzo-Indian Defense: Classical Variation,False,F,Female vs Male
"Slizhevsky, Alexander",M,106,47,"Sicilian Defense: Scheveningen Variation, Modern Variation",True,M,Male vs Male
"Strikovic, Aleksa",M,48,59,English Opening: Anglo-Grünfeld Defense,False,M,Male vs Male
"Galaktionov, Artem",M,90,-30,Dutch Defense: Classical Variation,False,M,Male vs Male
"Galaktionov, Artem",M,106,-59,"Queen's Indian Defense: Fianchetto Variation, Check Variation, Intermezzo Line",False,M,Male vs Male
"Saraci, Nderim",M,156,53,Nimzo-Larsen Attack,True,M,Male vs Male
"Tissir, Mohamed",M,102,-21,"Italian Game: Two Knights Defense, Modern Bishop's Opening",False,M,Male vs Male
"Almeida Quintana, Omar",M,76,-12,Old Indian Defense: Normal Variation,False,M,Male vs Male
"Proudian, Armen",M,92,-123,Pirc Defense,False,M,Male vs Male
"Grigorov, Grigor",M,50,210,English Opening: Symmetrical Variation,False,M,Male vs Male
"Schuh, Dirk",M,104,-78,Alekhine Defense: Scandinavian Variation,False,M,Male vs Male
"Karim, Ismael",M,45,-16,Sicilian Defense: Nyezhmetdinov-Rossolimo Attack,True,M,Male vs Male
"Rzayev, Bahruz",M,76,-40,"French Defense: Horwitz Attack, Papa-Ticulat Gambit",True,M,Male vs Male
"Karim, Ismael",M,64,-5,"Sicilian Defense: Paulsen Variation, Normal Variation",True,M,Male vs Male
"Krasikov, Vladislav",M,96,53,Alekhine Defense: Exchange Variation,False,M,Male vs Male
"Korobkin, Maxim",M,60,95,"Sicilian Defense: Closed Variation, Traditional",True,M,Male vs Male
"Karim, Ismael",M,40,-56,"Sicilian Defense: Kan Variation, Modern Variation",True,M,Male vs Male
"Aroshidze, Levan",M,84,66,"Ruy Lopez: Open Variations, Classical Defense, Main Line",False,M,Male vs Male
"Plenca, Jadranko",M,64,-44,"Caro-Kann Defense: Two Knights Attack, Mindeno Variation, Exchange Line",True,M,Male vs Male
"Plenca, Jadranko",M,42,-64,Slav Defense: Modern Line,False,M,Male vs Male
"Mahdian, Anousha",M,84,-164,Queen's Gambit Declined: Janowski Variation,True,F,Female vs Male
"Solodovnichenko, Yuri",M,108,-61,Philidor Defense: Lion Variation,False,M,Male vs Male
"Shankovskyi, Andrii",M,71,47,Sicilian Defense: Delayed Alapin Variation,True,M,Male vs Male
"Shankovskyi, Andrii",M,78,-29,Pirc Defense,False,M,Male vs Male
"Strikovic, Aleksa",M,80,-61,"English Opening: Anglo-Indian Defense, Flohr-Mikenas-Carls Variation, Nei Gambit",True,M,Male vs Male
"Strikovic, Aleksa",M,34,-71,"English Opening: King's English Variation, Four Knights Variation, Quiet Line",False,M,Male vs Male
"Raicevic, Vladimir",M,62,38,Queen's Gambit Declined,True,M,Male vs Male
"Okara, Andrey",M,24,9,Caro-Kann Defense: Panov Attack,True,M,Male vs Male
"Karim, Ismael",M,72,-39,"Vienna Game: Stanley Variation, Monster Declined",False,M,Male vs Male
"Schippers, Maurice",M,78,79,"Caro-Kann Defense: Panov Attack, Fianchetto Defense, Fianchetto Gambit",True,M,Male vs Male
"Shkapenko, Pavel",M,60,23,"Sicilian Defense: Alapin Variation, Smith-Morra Declined",True,M,Male vs Male
"Strikovic, Aleksa",M,76,61,English Opening: Agincourt Defense,False,M,Male vs Male
"Kezin, Roman",M,96,145,Caro-Kann Defense: Two Knights Attack,True,M,Male vs Male
"Milchev, Nikolay",M,114,-3,Zukertort Opening: Sicilian Invitation,True,M,Male vs Male
"Baumegger, Siegfried",M,156,183,London System,False,M,Male vs Male
"Kovalenko, Igor",M,104,76,Queen's Indian Defense: Kasparov Variation,False,M,Male vs Male
"Karim, Ismael",M,56,-27,French Defense: Exchange Variation,False,M,Male vs Male
"Maksimovic, Dejan",M,80,-211,Indian Game: Wade-Tartakower Defense,False,M,Male vs Male
"Doric, Darko",M,100,215,Queen's Pawn,False,M,Male vs Male
"Maksimovic, Dejan",M,104,-197,Indian Game: Wade-Tartakower Defense,False,M,Male vs Male
"Kovalenko, Igor",M,112,30,"Queen's Gambit Declined: Neo-Orthodox Variation, Main Line",True,M,Male vs Male
"Kovalenko, Igor",M,64,16,Caro-Kann Defense: Exchange Variation,False,M,Male vs Male
"Eljanov, Pavel",M,88,-4,"English Opening: King's English Variation, Botvinnik System",False,M,Male vs Male
"Strikovic, Aleksa",M,54,-81,"Caro-Kann Defense: Accelerated Panov Attack, Open Variation",True,M,Male vs Male
"Trimitzios, Petros",M,114,-52,"Slav Defense: Exchange Variation, Symmetrical Line",False,M,Male vs Male
"Shevchenko, Danylo",M,98,-46,"Scandinavian Defense: Main Line, Mieses Variation",False,M,Male vs Male
"Okara, Andrey",M,64,32,"Sicilian Defense: Najdorf Variation, Amsterdam Variation",True,M,Male vs Male
"Indjic, Aleksandar",M,82,127,Ruy Lopez: Exchange Variation,False,M,Male vs Male
"Martinovic, Sasa",M,76,-61,Indian Game: Knights Variation,False,M,Male vs Male
"Krasikov, Vladislav",M,64,-92,Caro-Kann Defense: Tartakower Variation,False,M,Male vs Male
"Martinovic, Sasa",M,50,-75,Trompowsky Attack,True,M,Male vs Male
"ADU, Oladapo",M,60,135,Sicilian Defense: Old Sicilian,True,M,Male vs Male
"Nguyen, Thai Dai Van",M,58,-105,"Queen's Gambit Refused: Albin Countergambit, Fianchetto Variation",True,M,Male vs Male
"Oragwu, Chukwunonso",M,70,-119,Modern Defense: Standard Defense,False,M,Male vs Male
"ADU, Oladapo",M,76,127,Scandinavian Defense: Mieses-Kotroc Variation,False,M,Male vs Male
"Vargas Arteaga, Alexis",M,44,-141,"Sicilian Defense: Richter-Rauzer Variation, Exchange Variation",True,M,Male vs Male
"ADU, Oladapo",M,76,97,Sicilian Defense: Old Sicilian,True,M,Male vs Male
"Khlebovich, Alexander",M,126,-79,"King's Indian Defense: Fianchetto Variation, Karlsbad Variation",True,M,Male vs Male
"Kumic, Filip",M,136,124,Alekhine Defense: Sämisch Attack,True,M,Male vs Male
"Nesterov, Arseniy",M,72,-89,Van't Kruijs Opening,False,M,Male vs Male
"Annaberdiyev, Meylis",M,122,12,"Sicilian Defense: Kan Variation, Wing Attack",True,M,Male vs Male
"Piscopo, Pierluigi",M,46,0,"Sicilian Defense: Paulsen Variation, Bastrikov Variation",True,M,Male vs Male
"Camacho Collados, Jose",M,84,-186,Queen's Pawn Game: Chigorin Variation,False,M,Male vs Male
"Vajic, Goran",M,50,132,Sicilian Defense: Closed,True,M,Male vs Male
"Benkovic, Petar",M,48,-98,Queen's Pawn Game: Zukertort Variation,False,M,Male vs Male
"Vajic, Goran",M,68,116,Sicilian Defense: Closed,True,M,Male vs Male
"Ramirez Medina, Victor",M,74,-148,Bogo-Indian Defense: Grünfeld Variation,False,M,Male vs Male
"Strikovic, Aleksa",M,96,-50,English Opening: Agincourt Defense,False,M,Male vs Male
"Ramirez Medina, Victor",M,114,-79,Queen's Pawn Game: Chigorin Variation,False,M,Male vs Male
"Moradiabadi, Elshan",M,82,58,Zukertort Opening: Sicilian Invitation,True,M,Male vs Male
"Strikovic, Aleksa",M,106,-45,English Opening,False,M,Male vs Male
"Baskakov, Egor",M,38,-145,Vienna Game: Mieses Variation,False,M,Male vs Male
"Indjic, Aleksandar",M,82,153,Catalan Opening: Closed Variation,False,M,Male vs Male
"Eynullayev, Altay",M,84,-152,Philidor Defense: Lion Variation,False,M,Male vs Male
"Ruge, Edison",M,132,-92,Scandinavian Defense,False,M,Male vs Male
"Galaktionov, Artem",M,72,-151,"Queen's Indian Defense: Fianchetto Variation, Check Variation, Intermezzo Line",False,M,Male vs Male
"ADU, Oladapo",M,56,125,Slav Defense,False,M,Male vs Male
"Galaktionov, Artem",M,36,-164,Catalan Opening: Closed Variation,False,M,Male vs Male
"Gheng, Josef",M,102,-104,"Sicilian Defense: Modern Variations, Main Line",True,M,Male vs Male
"Karim, Ismael",M,66,-201,"Sicilian Defense: Nyezhmetdinov-Rossolimo Attack, Fianchetto Variation",True,M,Male vs Male
"Gheng, Josef",M,84,-120,English Opening: Symmetrical Variation,False,M,Male vs Male
"Gomez Sanchez, Jorge Marcos",M,108,24,Réti Opening,False,M,Male vs Male
"Srbis, Jurica",M,90,44,Queen's Pawn,False,M,Male vs Male
"Gwaze, Robert",M,44,-59,Caro-Kann Defense: Classical Variation,False,M,Male vs Male
"Strikovic, Aleksa",M,46,-9,English Opening: Agincourt Defense,False,M,Male vs Male
Liem Quang Le,M,80,178,"Sicilian Defense: Najdorf Variation, Zagreb (Fianchetto) Variation",True,M,Male vs Male
"Strikovic, Aleksa",M,72,62,English Opening: Agincourt Defense,False,M,Male vs Male
"Bacallao Alonso, Yusnel",M,152,35,English Opening: Mikenas-Carls Variation,False,M,Male vs Male
"Cupid, Kevin",M,112,-157,Sicilian Defense: Delayed Alapin,True,M,Male vs Male
"Geivondian, Arman",M,114,26,Blumenfeld Countergambit,False,M,Male vs Male
"Cupid, Kevin",M,68,-170,Sicilian Defense: Delayed Alapin,True,M,Male vs Male
"Gwaze, Robert",M,56,-26,Sicilian Defense: Nimzowitsch Variation,True,M,Male vs Male
"Husbands, Orlando",M,78,176,Caro-Kann Defense: Breyer Variation,False,M,Male vs Male
"Cupid, Kevin",M,92,-159,Indian Game: Knights Variation,False,M,Male vs Male
"Cupid, Kevin",M,66,-161,Queen's Pawn Game: Colle System,False,M,Male vs Male
"Sapunov, Evgeny",M,90,181,"King's Indian Defense: Orthodox Variation, Classical System, Neo-Classical Line",True,M,Male vs Male
"Kumic, Filip",M,108,-100,Bogo-Indian Defense: Nimzowitsch Variation,False,M,Male vs Male
"Schuh, Dirk",M,90,19,Modern Defense,False,M,Male vs Male
"Petrov, Martin",M,30,-165,Elephant Gambit: Paulsen Countergambit,True,M,Male vs Male
"Boraso, Alessio",M,46,-134,Sicilian Defense: Delayed Alapin,True,M,Male vs Male
"ADU, Oladapo",M,36,-7,"French Defense: Steinitz Variation, Boleslavsky Variation",False,M,Male vs Male
"Neuman, Petr",M,76,82,"Slav Defense: Quiet Variation, Schallopp Defense",False,M,Male vs Male
"Yuffa, Daniil",M,90,28,Benoni Defense: Old Benoni,False,M,Male vs Male
"Martinovic, Sasa",M,74,-16,Trompowsky Attack,True,M,Male vs Male
"Yuffa, Daniil",M,118,26,Benoni Defense: Old Benoni,False,M,Male vs Male
"Martinovic, Sasa",M,134,-14,Trompowsky Attack,True,M,Male vs Male
"Golubka, Petro",M,110,-102,Sicilian Defense: Chekhover Variation,True,M,Male vs Male
"Annaberdiyev, Meylis",M,50,45,"Italian Game: Giuoco Pianissimo, Normal",False,M,Male vs Male
"Sezdbekov, Ruslan",M,148,-127,Owen Defense,False,M,Male vs Male
The Sunshine,M,112,71,"Sicilian Defense: O'Kelly Variation, Venice System",True,F,Female vs Male
"Strikovic, Aleksa",M,82,24,"English Opening: King's English Variation, Four Knights Variation, Quiet Line",False,M,Male vs Male
"Strikovic, Aleksa",F,110,141,"English Opening: Anglo-Indian Defense, Queen's Knight Variation",False,M,Male vs Female
"ADU, Oladapo",M,58,-48,"French Defense: Steinitz Variation, Boleslavsky Variation",False,M,Male vs Male
"Martin Duque, Jesus",M,50,2,"Sicilian Defense: Kan Variation, Maróczy Bind, Réti Variation",True,M,Male vs Male
The Sunshine,M,38,-16,"Sicilian Defense: Kan Variation, Knight Variation",True,F,Female vs Male
"Annaberdiyev, Meylis",M,118,-18,Queen's Pawn Game: London System,False,M,Male vs Male
Harsha Bharathakoti,M,108,-42,Slav Defense: Modern Line,False,M,Male vs Male
"Doric, Darko",M,92,52,Zukertort Opening: Queenside Fianchetto Variation,False,M,Male vs Male
"Posthuma, Joshua",M,52,21,"King's Indian Defense: Sämisch Variation, Normal Defense",True,M,Male vs Male
"Annaberdiyev, Meylis",M,104,-9,Caro-Kann Defense: Exchange Variation,False,M,Male vs Male
"Doric, Darko",M,70,46,Zukertort Opening: Kingside Fianchetto,False,M,Male vs Male
"Ramirez Medina, Victor",M,66,63,"English Opening: King's English Variation, Three Knights System",False,M,Male vs Male
"Annaberdiyev, Meylis",M,54,-31,Caro-Kann Defense: Exchange Variation,False,M,Male vs Male
"Posthuma, Joshua",M,92,41,"Trompowsky Attack: Classical Defense, Big Center Variation",True,M,Male vs Male
"Bakhmatsky, Vladislav",M,110,85,"Ruy Lopez: Closed Variations, Keres Defense",False,M,Male vs Male
"Eynullayev, Altay",M,76,-112,"French Defense: Steinitz Variation, Boleslavsky Variation",False,M,Male vs Male
"Bakhmatsky, Vladislav",M,54,57,"Sicilian Defense: Najdorf Variation, Poisoned Pawn Variation",True,M,Male vs Male
"Bologan, Victor",M,86,-45,"Sicilian Defense: Najdorf Variation, English Attack",True,M,Male vs Male
"Raicevic, Vladimir",M,50,65,King's Indian Defense: Sämisch Variation,True,M,Male vs Male
"Gadimbayli, Abdulla",M,82,-86,Sicilian Defense: Nyezhmetdinov-Rossolimo Attack,True,M,Male vs Male
Liem Quang Le,M,80,191,Caro-Kann Defense,False,M,Male vs Male
"Baskakov, Egor",M,140,-9,Vienna Game: Mieses Variation,False,M,Male vs Male
Liem Quang Le,M,106,180,"Sicilian Defense: Najdorf Variation, Zagreb (Fianchetto) Variation",True,M,Male vs Male
"Koutsin, Sergey",M,100,-37,Old Indian Defense: Normal Variation,False,M,Male vs Male
"Ratkovic, Milovan",M,60,-29,"King's Indian Defense: Sämisch Variation, Bobotsov-Korchnoi-Petrosian Variation",True,M,Male vs Male
"Srbis, Jurica",M,62,-1,"Sicilian Defense: Najdorf Variation, Zagreb (Fianchetto) Variation",True,M,Male vs Male
"Solodovnichenko, Yuri",M,76,-38,"Sicilian Defense: Nyezhmetdinov-Rossolimo Attack, Fianchetto Variation",True,M,Male vs Male
"Punin, Andrii",M,66,70,Sicilian Defense,True,M,Male vs Male
"Coro, Lucas",M,116,-191,Queen's Gambit Declined: 4. Bg5 Be7,True,M,Male vs Male
"Yurtseven, Melih",M,150,-98,Indian Game,False,M,Male vs Male
"Yurtseven, Melih",M,82,-114,Queen's Gambit Declined: Queen's Knight Variation,True,M,Male vs Male
"Solano Cuya, Bryan",M,46,69,Tarrasch Defense: Prague Variation,False,M,Male vs Male
"Srbis, Jurica",M,46,-24,"Queen's Indian Defense: Fianchetto Variation, Rubinstein Variation",False,M,Male vs Male
"Solano Cuya, Bryan",M,48,45,Tarrasch Defense: Symmetrical Variation,False,M,Male vs Male
"Strikovic, Aleksa",M,62,-47,English Opening: Mikenas-Carls Variation,False,M,Male vs Male
"Bodek, Michael",M,46,54,"Trompowsky Attack: Classical Defense, Big Center Variation",True,M,Male vs Male
"Bachmann, Axel",M,40,123,Nimzo-Larsen Attack: Classical Variation,True,M,Male vs Male
"Spitzl, Vinzent",M,51,4,"French Defense: Advance Variation, Euwe Variation",False,M,Male vs Male
"Martinovic, Sasa",M,42,-57,"Queen's Gambit Refused: Albin Countergambit, Modern Line",True,M,Male vs Male
"Bekturov, Tamerlan",M,60,-197,Nimzo-Indian Defense: Fischer Variation,False,M,Male vs Male
"Gadimbayli, Abdulla",M,100,66,"French Defense: Tarrasch Variation, Open System, Euwe-Keres Line",False,M,Male vs Male
"Andrejevs, Arvids",M,78,-42,"Caro-Kann Defense: Panov Attack, Fianchetto Defense, Fianchetto Gambit",True,M,Male vs Male
"Bologan, Victor",M,72,-175,Russian Game: Nimzowitsch Attack,True,M,Male vs Male
"Shuvalova, Polina",M,88,42,Scandinavian Defense: Modern Variation,False,F,Female vs Male
"Karim, Ismael",M,136,-159,Bishop's Opening: Vienna Hybrid,False,M,Male vs Male
"Klukin, Kirill",M,52,-174,East Indian Defense,False,M,Male vs Male
"Shirazi, Kamran",M,152,-127,Semi-Slav Defense: Main Line,False,M,Male vs Male
"Chumpitaz, Ann",M,21,-86,Sicilian Defense: Löwenthal Variation,True,F,Female vs Male
"Baskakov, Egor",M,66,75,Sicilian Defense: French Variation,True,M,Male vs Male
"Kezin, Roman",M,52,164,King's Indian Attack,True,M,Male vs Male
"Karim, Ismael",M,68,-115,"Bishop's Opening: Vienna Hybrid, Hromádka Variation",False,M,Male vs Male
"Egorov, Evgeny",M,96,-27,"Sicilian Defense: Accelerated Dragon, Modern Variation",True,M,Male vs Male
"Strikovic, Aleksa",M,54,-61,"English Opening: King's English Variation, Three Knights System",False,M,Male vs Male
"Aliavdin, Nikolai",M,39,-149,Sicilian Defense: Najdorf Variation,True,M,Male vs Male
"Ermolaev, Andrey",M,84,-39,Old Benoni Defense,False,M,Male vs Male
"Aliavdin, Nikolai",M,80,-151,St. George Defense: Polish Variation,False,M,Male vs Male
"Egorov, Evgeny",M,92,49,"French Defense: Tarrasch Variation, Open System, Euwe-Keres Line",False,M,Male vs Male
"Andersen, Gunnar",M,134,38,Sicilian Defense: Delayed Alapin,True,M,Male vs Male
"Aliavdin, Nikolai",M,40,7,Sicilian Defense: Delayed Alapin Variation,True,M,Male vs Male
"Doric, Darko",M,82,-161,"Neo-Grünfeld Defense: Classical Variation, Modern Defense",False,M,Male vs Male
"Leenhouts, Koen",M,76,5,Benoni Defense: King's Pawn Line,False,M,Male vs Male
"Aliavdin, Nikolai",M,66,7,Sicilian Defense: Delayed Alapin Variation,True,M,Male vs Male
"Leenhouts, Koen",M,50,4,King's Indian Attack: Symmetrical Defense,True,M,Male vs Male
"Leenhouts, Koen",M,85,-29,Catalan Opening,False,M,Male vs Male
"Zhigalko, Sergei",M,66,168,"Modern Defense: Two Knights Variation, Suttles Variation",False,M,Male vs Male
"Karim, Ismael",M,91,-81,"Alekhine Defense: Four Pawns Attack, Main Line",True,M,Male vs Male
"Klukin, Kirill",M,46,-48,Queen's Gambit Declined: Three Knights Variation,True,M,Male vs Male
"Andersen, Gunnar",M,90,-19,Sicilian Defense: French Variation,True,M,Male vs Male
"Srbis, Jurica",M,61,26,Ponziani Opening: Neumann Gambit,True,M,Male vs Male
"Beinoras, Mindaugas",M,78,-13,Bogo-Indian Defense: Grünfeld Variation,False,M,Male vs Male
"Srbis, Jurica",M,184,23,Queen's Gambit Accepted: Normal Variation,True,M,Male vs Male
"Beinoras, Mindaugas",M,170,-11,Trompowsky Attack,True,M,Male vs Male
"Srbis, Jurica",M,106,22,Queen's Gambit Accepted: Old Variation,True,M,Male vs Male
"Beinoras, Mindaugas",M,112,-10,Saragossa Opening,False,M,Male vs Male
"Srbis, Jurica",M,58,22,Queen's Gambit Accepted: Old Variation,True,M,Male vs Male
"Strikovic, Aleksa",M,120,4,"English Opening: King's English Variation, Four Knights Variation, Quiet Line",False,M,Male vs Male
"Beinoras, Mindaugas",M,80,8,Philidor Defense: Lion Variation,False,M,Male vs Male
"Beinoras, Mindaugas",M,88,-15,Philidor Defense: Lion Variation,False,M,Male vs Male
"Ratkovic, Milovan",M,118,-80,Modern Defense: Averbakh System,False,M,Male vs Male
"Karttunen, Mika",M,114,37,"Sicilian Defense: Dragon Variation, Yugoslav Attack, Czerniak Variation",True,M,Male vs Male
"Karttunen, Mika",M,48,-7,"Sicilian Defense: Kan Variation, Wing Attack",True,M,Male vs Male
"Karttunen, Mika",M,34,-48,"Sicilian Defense: Kan Variation, Wing Attack",True,M,Male vs Male
"Almagro Llamas, Pablo",M,60,-167,English Opening: King's English Variation,False,M,Male vs Male
"Ramirez Medina, Victor",M,92,-96,Slav Defense: Modern,False,M,Male vs Male
"Jovic, Stevan",M,72,-50,"Grünfeld Defense: Three Knights Variation, Burille Variation, Reversed Tarrasch",False,M,Male vs Male
"Kovalenko, Igor",M,58,190,Queen's Gambit Declined: Three Knights Variation,True,M,Male vs Male
"Martinovic, Sasa",M,86,-29,Queen's Pawn Game: London System,False,M,Male vs Male
"Martinovic, Sasa",M,122,-50,Queen's Pawn Game: Steinitz Countergambit,False,M,Male vs Male
"Ramirez Medina, Victor",M,43,-149,Neo-Grünfeld Defense: Delayed Exchange Variation,False,M,Male vs Male
"Srbis, Jurica",M,182,-28,"Benoni Defense: Old Benoni, Schmid Variation",False,M,Male vs Male
"Aliavdin, Nikolai",M,42,-48,Sicilian Defense: Delayed Alapin Variation,True,M,Male vs Male
"Martinovic, Sasa",M,18,39,"Trompowsky Attack: Classical Defense, Big Center Variation",True,M,Male vs Male
"Srbis, Jurica",M,58,85,"Alekhine Defense: Modern Variation, Larsen Variation",False,M,Male vs Male
"Schekachikhin, Maksim",M,62,7,King's Indian Defense: Normal Variation,True,M,Male vs Male
"Nalbant, Tuna Onat",M,56,-28,Queen's Pawn Game: Chigorin Variation,False,M,Male vs Male
"Korobkin, Maxim",M,74,-64,"Alekhine Defense: Modern Variation, Alburt Variation",False,M,Male vs Male
"Ramirez Medina, Victor",M,102,-7,Benoni Defense,False,M,Male vs Male
"Doric, Darko",M,78,32,Zukertort Opening: Sicilian Invitation,True,M,Male vs Male
"Lombaers, Peter",M,48,43,"English Opening: Symmetrical Variation, Symmetrical Variation",False,M,Male vs Male
"Segarra, Randy",M,130,-80,Indian Game: London System,False,M,Male vs Male
"Mahdian, Anousha",M,118,-33,King's Indian Defense: Semi-Averbakh System,True,F,Female vs Male
"Bakhmatsky, Vladislav",M,90,25,Réti Opening,False,M,Male vs Male
"Doric, Darko",M,38,-13,Queen's Pawn Game: Chigorin Variation,False,M,Male vs Male
"Neuman, Petr",M,108,0,"Queen's Gambit Refused: Chigorin Defense, Tartakower Gambit",True,M,Male vs Male
"Dvirnyy, Danyyil",M,50,-7,Slav Defense: Modern,False,M,Male vs Male
"Ramirez Medina, Victor",M,88,-140,Bogo-Indian Defense: Grünfeld Variation,False,M,Male vs Male
"Baskakov, Egor",M,80,-40,Caro-Kann Defense,False,M,Male vs Male
"Beinoras, Mindaugas",M,70,103,Trompowsky Attack,True,M,Male vs Male
"Yurtseven, Melih",M,116,-96,Ruy Lopez: Exchange Variation,False,M,Male vs Male
"Kushko, Dmitriy",M,90,19,Réti Opening,False,M,Male vs Male
"Yurtseven, Melih",M,99,-105,Queen's Gambit Accepted: Normal Variation,True,M,Male vs Male
"Oparin, Grigoriy",M,70,209,Zukertort Opening: Pirc Invitation,False,M,Male vs Male
"Kushko, Dmitriy",M,72,-66,Sicilian Defense: Najdorf Variation,True,M,Male vs Male
"Rios Parra, Alejandro",M,80,-130,"Sicilian Defense: Najdorf Variation, Amsterdam Variation",True,M,Male vs Male
"Aliavdin, Nikolai",M,74,-78,"French Defense: Winawer Variation, Advance Variation",False,M,Male vs Male
"Martinovic, Sasa",M,107,88,Trompowsky Attack: Classical Defense,True,M,Male vs Male
"Kalvaitis, Sigitas",M,88,-57,Sicilian Defense: Canal-Sokolsky Attack,True,M,Male vs Male
"Kushko, Dmitriy",M,54,-152,King's Indian Attack,True,M,Male vs Male
"Kezin, Roman",M,124,160,King's Indian Defense,True,M,Male vs Male
"Kushko, Dmitriy",M,54,-143,"English Opening: Agincourt Defense, Neo-Catalan Declined",False,M,Male vs Male
"Kushko, Dmitriy",M,110,-5,Réti Opening,False,M,Male vs Male
"Schippers, Maurice",M,40,141,Hungarian Opening: Sicilian Invitation,True,M,Male vs Male
"Kushko, Dmitriy",M,40,-218,Elephant Gambit: Paulsen Countergambit,True,M,Male vs Male
"Khlebovich, Alexander",M,76,-68,Semi-Slav Defense: Quiet Variation,False,M,Male vs Male
"Annaberdiyev, Meylis",M,118,-52,Scandinavian Defense: Gubinsky-Melts Defense,False,M,Male vs Male
"Gadimbayli, Abdulla",M,103,59,"Alekhine Defense: Modern Variation, Larsen Variation",False,M,Male vs Male
"Pakhomov, Egor",M,112,37,Semi-Slav Defense: Noteboom Variation,False,M,Male vs Male
"Ramirez Medina, Victor",M,68,-27,Queen's Gambit Accepted: Showalter Variation,True,M,Male vs Male
"Koutsin, Sergey",M,70,-26,Nimzo-Indian Defense: Three Knights Variation,False,M,Male vs Male
"Okara, Andrey",M,58,-105,"French Defense: Tarrasch Variation, Pawn Center Variation",False,M,Male vs Male
"Hartge, Gedeon",M,64,-62,Old Benoni Defense,False,M,Male vs Male
"Sapunov, Evgeny",M,144,-63,English Opening: Caro-Kann Defensive System,False,M,Male vs Male
"Tekeyev, Zaur",M,68,72,Indian Game: London System,False,M,Male vs Male
"Banawa, Joel",M,98,-58,Indian Game,False,M,Male vs Male
"Bakhmatsky, Vladislav",M,94,48,"Sicilian Defense: Nimzowitsch Variation, Main Line",True,M,Male vs Male
"Baskakov, Egor",M,98,-36,Sicilian Defense: Najdorf Variation,True,M,Male vs Male
"Crispin Ferreras, Darvi Abraham",M,49,-180,English Opening: King's English Variation,False,M,Male vs Male
"Maksimovic, Dejan",M,60,58,Old Benoni Defense,False,M,Male vs Male
"Muradli, Mahammad",M,62,-129,"Slav Defense: Czech Variation, Carlsbad Variation",False,M,Male vs Male
"Langheinrich, Ferenc",M,66,64,Lion Defense: Lion's Jaw,False,M,Male vs Male
"Krasikov, Vladislav",M,78,24,Caro-Kann Defense: Tartakower Variation,False,M,Male vs Male
"Banzea, Alexandru-Bogdan",M,84,-294,"Sicilian Defense: Richter-Rauzer Variation, Neo-Modern Variation",True,M,Male vs Male
"Banzea, Alexandru-Bogdan",M,74,-301,"Sicilian Defense: Canal Attack, Main Line",True,M,Male vs Male
"Banzea, Alexandru-Bogdan",M,70,-308,Sicilian Defense: Classical Variation,True,M,Male vs Male
"Gadimbayli, Abdulla",M,112,55,"Sicilian Defense: Najdorf Variation, Zagreb (Fianchetto) Variation",True,M,Male vs Male
"Genocchio, Daniele",M,70,94,"Grünfeld Defense: Brinckmann Attack, Grünfeld Gambit",True,M,Male vs Male
Sai Agni Jeevitesh J,M,64,53,Queen's Pawn Game: Chigorin Variation,False,M,Male vs Male
"Martinovic, Sasa",M,54,-14,Hungarian Opening: Slav Formation,False,M,Male vs Male
"Doric, Darko",M,58,24,Neo-Grünfeld Defense: Delayed Exchange Variation,False,M,Male vs Male
"Martinovic, Sasa",M,110,-12,Queen's Gambit Accepted: Old Variation,True,M,Male vs Male
"Doric, Darko",M,58,23,Anderssen Opening,False,M,Male vs Male
"Doric, Darko",M,156,11,Benoni Defense: Old Benoni,False,M,Male vs Male
"Ivlev, Aleksey",M,10,-24,Queen's Gambit Declined: Exchange Variation,True,M,Male vs Male
"Lavrik, Dmitry",M,82,-28,King's Indian Defense: Orthodox Variation,True,M,Male vs Male
"Khlebovich, Alexander",M,104,-76,"Queen's Indian Defense: Fianchetto Variation, Nimzowitsch Variation",False,M,Male vs Male
"Kashtanov, Ruslan",M,54,84,Catalan Opening: Open Defense,False,M,Male vs Male
"Storme, Isak",M,60,3,Caro-Kann Defense: Breyer Variation,False,M,Male vs Male
"Koutsin, Sergey",M,114,-23,"Queen's Pawn Game: Veresov Attack, Dutch System",True,M,Male vs Male
"Aligozhin, Zhaslan",M,98,-191,"Sicilian Defense: Paulsen Variation, Bastrikov Variation",True,M,Male vs Male
"Ramirez Medina, Victor",M,150,-191,"King's Indian Defense: Normal Variation, King's Knight Variation",True,M,Male vs Male
"Voinikonis, Nikita",M,72,29,"Queen's Gambit Refused: Chigorin Defense, Main Line",True,M,Male vs Male
"Kezin, Roman",M,94,175,Four Knights Game,False,M,Male vs Male
"Kezin, Roman",M,194,155,Nimzo-Larsen Attack: Classical Variation,True,M,Male vs Male
"Plenca, Jadranko",M,40,-139,Goldsmith Defense,False,M,Male vs Male
"Shevchenko, Danylo",M,48,-39,"Sicilian Defense: Smith-Morra Gambit Declined, Push Variation",True,M,Male vs Male
"Ibrayev, Nurlan",M,78,54,"Queen's Gambit Refused: Chigorin Defense, Main Line",True,M,Male vs Male
"Shevchenko, Danylo",M,50,-42,French Defense: Advance Variation,False,M,Male vs Male
"Eminov, Orkhan",M,156,-191,Robatsch (Modern) Defense,False,M,Male vs Male
"Shevchenko, Danylo",M,66,-62,French Defense: Advance Variation,False,M,Male vs Male
"Galaktionov, Artem",M,156,10,Queen's Gambit Declined: Ragozin Defense,True,M,Male vs Male
"Tekeyev, Zaur",M,132,2,"Modern Defense: Two Knights Variation, Suttles Variation",False,M,Male vs Male
"Christie, Joshua",M,44,33,King's Indian Defense: Semi-Averbakh System,True,M,Male vs Male
Jesús David Cazulo Ramirez,M,112,-67,Ruy Lopez: Bird Variation,False,M,Male vs Male
"Saric, Ivan",M,76,135,Mexican Defense,False,M,Male vs Male
"Banawa, Joel",M,66,178,"Scotch Game: Scotch Gambit, Advance Variation",True,M,Male vs Male
"Nordahl, Helge",M,102,53,Modern Defense,False,M,Male vs Male
"Markov, Mikhail",M,30,-80,"English Opening: Agincourt Defense, Catalan Defense Accepted",False,M,Male vs Male
"Martinovic, Sasa",M,138,89,"Trompowsky Attack: Classical Defense, Big Center Variation",True,M,Male vs Male
"Zhalmakhanov, Ramazan",M,130,-8,Van Geet Opening,False,M,Male vs Male
"Martinovic, Sasa",M,118,20,Trompowsky Attack,True,M,Male vs Male
"Doric, Darko",M,36,10,"Neo-Grünfeld Defense: Classical Variation, Modern Defense",False,M,Male vs Male
"Krasikov, Vladislav",M,64,-152,"Sicilian Defense: Richter-Rauzer Variation, Neo-Modern Variation, Early Deviations",True,M,Male vs Male
"Genocchio, Daniele",F,54,44,Sicilian Defense: Delayed Alapin,True,M,Male vs Female
"Leenhouts, Koen",F,100,46,Zukertort Opening: Nimzo-Larsen Variation,False,M,Male vs Female
"Bologan, Victor",M,78,-78,"Ruy Lopez: Morphy Defense, Anderssen Variation",False,M,Male vs Male
"Martinovic, Sasa",M,70,44,"Trompowsky Attack: Classical Defense, Big Center Variation",True,M,Male vs Male
"Aghayev, Miragha",M,50,-32,"Benoni Defense: Old Benoni, Schmid Variation",False,M,Male vs Male
"Khlebovich, Alexander",M,92,-58,"Slav Defense: Quiet Variation, Schallopp Defense",False,M,Male vs Male
"Indjic, Aleksandar",M,100,67,Grünfeld Defense: Exchange Variation,False,M,Male vs Male
"Leenhouts, Koen",M,78,-166,Modern Defense: Kotov Variation,False,M,Male vs Male
"Amaro Alfonso, Raynner",M,66,-112,"Sicilian Defense: Paulsen Variation, Szén Variation",True,M,Male vs Male
"Ramirez Medina, Victor",M,58,-202,"English Opening: King's English Variation, Reversed Sicilian",True,M,Male vs Male
"Klukin, Kirill",M,104,-192,Indian Game: Knights Variation,False,M,Male vs Male
"Baskakov, Egor",M,106,-70,"Scandinavian Defense: Modern Variation, Gipslis Variation",False,M,Male vs Male
"Khlebovich, Alexander",M,132,-26,"King's Indian Defense: Normal Variation, King's Knight Variation",True,M,Male vs Male
"Yuffa, Daniil",M,132,36,Neo-Grünfeld Defense: Classical Variation,False,M,Male vs Male
"Khlebovich, Alexander",M,64,-24,Benoni Defense: Fianchetto Variation,False,M,Male vs Male
"Sapunov, Evgeny",M,82,-29,"English Opening: Symmetrical Variation, Anti-Benoni Variation, Spielmann Defense",False,M,Male vs Male
"Martinovic, Sasa",M,108,-9,Queen's Pawn Game: Zukertort Variation,False,M,Male vs Male
"Doric, Darko",M,72,20,Zukertort Opening: Kingside Fianchetto,False,M,Male vs Male
"Okara, Andrey",M,56,-63,Ruy Lopez: Berlin Defense,False,M,Male vs Male
"Martinovic, Sasa",M,68,-8,Hungarian Opening,False,M,Male vs Male
Sai Agni Jeevitesh J,M,72,-205,Queen's Pawn Game: Chigorin Variation,False,M,Male vs Male
"Alinasab, Mobina",M,97,-101,"Sicilian Defense: Kan Variation, Maróczy Bind, Réti Variation",True,F,Female vs Male
"Doric, Darko",M,80,4,English Opening,False,M,Male vs Male
"Doric, Darko",M,120,-8,King's Indian Attack,True,M,Male vs Male
"Martinovic, Sasa",M,112,19,Hungarian Opening,False,M,Male vs Male
"Doric, Darko",M,96,-7,King's Indian Attack,True,M,Male vs Male
"Doric, Darko",M,36,-29,Zukertort Opening: Sicilian Invitation,True,M,Male vs Male
Sankalp Gupta,M,60,-114,"Sicilian Defense: Four Knights Variation, Cobra Variation",True,M,Male vs Male
Sankalp Gupta,M,80,-137,"Sicilian Defense: Four Knights Variation, Cobra Variation",True,M,Male vs Male
"Kovalenko, Igor",M,58,148,Caro-Kann Defense: Exchange Variation,False,M,Male vs Male
"Kezin, Roman",M,50,116,Kadas Opening,False,M,Male vs Male
"Solodovnichenko, Yuri",M,66,-61,"Ruy Lopez: Morphy Defense, Anderssen Variation",False,M,Male vs Male
"Aumont, Alexandre",M,72,-227,Sicilian Defense: Closed Variation,True,M,Male vs Male
"Leenhouts, Koen",M,50,33,King's Indian Attack,True,M,Male vs Male
"Galaktionov, Artem",M,128,35,Slav Defense: Modern,False,M,Male vs Male
"Alvarez Calzadilla, Jose Avelino",M,58,-8,Sicilian Defense: Najdorf Variation,True,M,Male vs Male
"Volkov, Nika",M,172,-123,Colle System,False,M,Male vs Male
"Petrosyan, Manuel",M,102,132,"French Defense: Tarrasch, Open, 4. exd5 exd5",False,M,Male vs Male
"Shchukin, Dmitry",M,72,-83,"Sicilian Defense: Accelerated Dragon, Modern Variation",True,M,Male vs Male
"Nuri, Murad",M,60,9,"Sicilian Defense: Paulsen Variation, Bastrikov Variation",True,M,Male vs Male
"Shchukin, Dmitry",M,120,-8,"Sicilian Defense: Paulsen Variation, Szén Variation",True,M,Male vs Male
"Gadimbayli, Abdulla",M,84,124,"Sicilian Defense: Najdorf Variation, Zagreb (Fianchetto) Variation",True,M,Male vs Male
"Solodovnichenko, Yuri",M,136,-147,Scandinavian Defense: Gubinsky-Melts Defense,False,M,Male vs Male
"Bologan, Victor",M,84,-101,Elephant Gambit,True,M,Male vs Male
"Velten, Paul",M,132,153,"Queen's Pawn Game: Veresov Attack, Classical Defense",True,M,Male vs Male
"Baumegger, Siegfried",M,54,-23,Sicilian Defense: French Variation,True,M,Male vs Male
"Shchukin, Dmitry",M,106,-102,"Caro-Kann Defense: Accelerated Panov Attack, Modern Variation",True,M,Male vs Male
"Schuh, Dirk",M,72,-102,Queen's Pawn,False,M,Male vs Male
"Alvarez Pedraza, Aramis",M,72,-5,Old Benoni Defense,False,M,Male vs Male
"Servat, Roberto",M,62,-49,Sicilian Defense: Nimzowitsch Variation,True,M,Male vs Male
"Christie, Joshua",M,130,56,Bogo-Indian Defense: Vitolins Variation,False,M,Male vs Male
"Varacalli, Francisco",M,108,-76,Nimzo-Indian Defense: Leningrad Variation,False,M,Male vs Male
"Fernandez Mazzetti, Ignacio",M,54,85,"English Opening: Anglo-Indian Defense, King's Knight Variation",False,M,Male vs Male
"Fernandez Mazzetti, Ignacio",M,200,53,"Catalan Opening: Open Defense, Classical Line",False,M,Male vs Male
"Fernandez Mazzetti, Ignacio",M,30,28,Horwitz Defense,False,M,Male vs Male
"Fernandez Mazzetti, Ignacio",M,402,36,Kadas Opening,False,M,Male vs Male
"Petrov, Martin",M,30,-36,"English Opening: Anglo-Indian Defense, King's Indian Formation",True,M,Male vs Male
"Nordahl, Helge",M,26,-65,Slav Indian: Kudischewitsch Gambit,True,M,Male vs Male
"Movahed, Sina",M,126,-103,"Caro-Kann Defense: Two Knights Attack, Mindeno Variation, Retreat Line",True,M,Male vs Male
"Ramezani, Mahan",M,76,-12,"Caro-Kann Defense: Two Knights Attack, Mindeno Variation, Retreat Line",True,M,Male vs Male
"Baskakov, Egor",M,74,41,Sicilian Defense: Najdorf Variation,True,M,Male vs Male
"Mihok, Oliver",M,96,26,"Sicilian Defense: Najdorf Variation, English Attack",True,M,Male vs Male
"Maksimovic, Dejan",M,94,-133,London System,False,M,Male vs Male
"Tekeyev, Zaur",M,48,125,East Indian Defense,False,M,Male vs Male
"Sevostianov, Vladimir",M,138,-53,Caro-Kann Defense: Breyer Variation,False,M,Male vs Male
"Beinoras, Mindaugas",M,16,6,Trompowsky Attack: Edge Variation,True,M,Male vs Male
"Aroshidze, Levan",M,116,149,"Caro-Kann Defense: Advance Variation, Short Variation",False,M,Male vs Male
"Maksimovic, Dejan",M,82,-133,Indian Game: London System,False,M,Male vs Male
"Svane, Frederik",M,58,68,Sicilian Defense: Closed Variation,True,M,Male vs Male
"Mihok, Oliver",M,72,-93,"Sicilian Defense: Richter-Rauzer Variation, Neo-Modern Variation, Early Deviations",True,M,Male vs Male
"Aroshidze, Levan",M,62,141,"Caro-Kann Defense: Advance Variation, Short Variation",False,M,Male vs Male
"Maksimovic, Dejan",M,68,-65,Horwitz Defense,False,M,Male vs Male
"Khlebovich, Alexander",M,138,-22,Queen's Gambit Accepted: Janowski-Larsen Variation,True,M,Male vs Male
"Obad, Andrija",M,72,-67,Anderssen Opening,False,M,Male vs Male
"Chernomordik, Pavel",M,56,-35,Modern Defense,False,M,Male vs Male
"Obad, Andrija",M,66,45,Indian Game: Wade-Tartakower Defense,False,M,Male vs Male
"Hadzovic, Amir",M,64,-72,Caro-Kann Defense: Hillbilly Attack,True,M,Male vs Male
"Maksimovic, Dejan",M,150,-58,Modern Defense,False,M,Male vs Male
"Givon, Asaf",M,94,68,"Caro-Kann Defense: Classical, 7... Nd7",False,M,Male vs Male
"Servat, Roberto",M,104,-47,"Sicilian Defense: Kan Variation, Maróczy Bind, Réti Variation",True,M,Male vs Male
"Bettalli, Francesco",M,136,-172,"Ruy Lopez: Closed Variations, Martinez Variation",False,M,Male vs Male
"Ratkovic, Miloje",M,72,3,Queen's Gambit Declined: Barmen Variation,True,M,Male vs Male
"Movahed, Sina",M,42,41,Sicilian Defense: Kalashnikov Variation,True,M,Male vs Male
"Schuh, Dirk",M,98,-48,Queen's Pawn Game: London System,False,M,Male vs Male
"Krasikov, Vladislav",M,80,-174,"Ruy Lopez: Closed Variations, Bogoljubov Variation",False,M,Male vs Male
"Sevostianov, Vladimir",M,70,21,Sicilian Defense: Four Knights Variation,True,M,Male vs Male
"Krasikov, Vladislav",M,108,-219,"Sicilian Defense: Richter-Rauzer Variation, Neo-Modern Variation, Early Deviations",True,M,Male vs Male
"Coro, Lucas",M,62,-68,"Italian Game: Two Knights Defense, Modern Bishop's Opening",False,M,Male vs Male
"Doric, Darko",M,110,-34,"King's Indian Defense: Fianchetto Variation, Classical Main Line",True,M,Male vs Male
"Mihok, Oliver",M,134,4,Sicilian Defense: Old Sicilian,True,M,Male vs Male
"Baskakov, Egor",M,64,18,Modern Defense,False,M,Male vs Male
"Mihok, Oliver",M,84,-6,Sicilian Defense: Old Sicilian,True,M,Male vs Male
"Hafiz, Arif Abdul",M,94,111,Lasker Simul Special,False,M,Male vs Male
"Martinovic, Sasa",M,84,-97,Trompowsky Attack,True,M,Male vs Male
"Martinovic, Sasa",M,68,-113,King's Indian Attack: Symmetrical Defense,True,M,Male vs Male
"Hafiz, Arif Abdul",M,134,105,Sicilian Defense: Closed,True,M,Male vs Male
"Solodovnichenko, Yuri",M,76,-91,Modern Defense: Standard Defense,False,M,Male vs Male
"Fernandez Mazzetti, Ignacio",M,76,-29,East Indian Defense,False,M,Male vs Male
"Solodovnichenko, Yuri",M,166,-108,Van't Kruijs Opening,False,M,Male vs Male
"Gwaze, Robert",M,80,150,Philidor Defense: Exchange Variation,False,M,Male vs Male
"Aghayev, Miragha",M,56,0,Queen's Gambit Declined: Three Knights Variation,True,M,Male vs Male
"Cupid, Kevin",M,88,-171,"King's Indian Defense: Normal Variation, King's Knight Variation",True,M,Male vs Male
"Winter Atwell, Adrian",M,62,-86,"Sicilian Defense: Modern Variations, Tartakower",True,M,Male vs Male
"Cupid, Kevin",M,76,-208,Queen's Gambit Declined: Cambridge Springs Defense: Capablanca Variation,True,M,Male vs Male
"Winter Atwell, Adrian",M,124,-117,Sicilian Defense: Delayed Alapin,True,M,Male vs Male
"Sapunov, Evgeny",M,82,122,"Réti Opening: Anglo-Slav Variation, Bled Variation",False,M,Male vs Male
"Langheinrich, Ferenc",M,68,82,Sicilian Defense: Nyezhmetdinov-Rossolimo Attack,True,M,Male vs Male
"Liyanage, Ranindu Dilshan",M,150,-61,Sicilian Defense: Nyezhmetdinov-Rossolimo Attack,True,M,Male vs Male
"Martinovic, Sasa",M,142,63,Semi-Slav Defense: Stoltz Variation,False,M,Male vs Male
"Denisenko, Denis",M,126,-160,Old Benoni Defense,False,M,Male vs Male
"Denisenko, Denis",M,62,-173,"French Defense: Horwitz Attack, Papa-Ticulat Gambit",True,M,Male vs Male
"Denisenko, Denis",M,19,-186,King's Indian Attack: Symmetrical Defense,True,M,Male vs Male
"Denisenko, Denis",M,62,-197,Old Benoni Defense,False,M,Male vs Male
"Denisenko, Denis",M,144,-209,King's Indian Attack: Symmetrical Defense,True,M,Male vs Male
"Gerasimenyuk, Mikhail",M,48,-118,Old Benoni Defense,False,M,Male vs Male
"Schippers, Maurice",M,74,73,Van't Kruijs Opening,False,M,Male vs Male
"Dvirnyy, Danyyil",M,41,44,"Modern Defense: Two Knights Variation, Suttles Variation",False,M,Male vs Male
"Genocchio, Daniele",M,160,-170,English Opening: Anglo-Indian Defense,False,M,Male vs Male
"Sariego Figueredo, Wilfredo",M,128,52,"Queen's Pawn Game: Levitsky Attack, Euwe Variation, Modern Line",True,M,Male vs Male
"Baskakov, Egor",M,62,-22,Sicilian Defense: Najdorf Variation,True,M,Male vs Male
"Koutsin, Sergey",M,58,-179,"King's Indian Defense: Orthodox Variation, Classical System, Neo-Classical Line",True,M,Male vs Male
"Korobkin, Maxim",M,50,42,"King's Gambit, Falkbeer Countergambit, Modern Transfer",True,M,Male vs Male
"Yuffa, Daniil",M,102,66,"Ruy Lopez: Morphy Defense, Breyer Defense, Zaitsev Hybrid",False,M,Male vs Male
"Bakhmatsky, Vladislav",M,140,-53,"Alekhine Defense: Modern Variation, Larsen Variation",False,M,Male vs Male
"Yuffa, Daniil",M,46,58,Sicilian Defense: Najdorf Variation,True,M,Male vs Male
"Krasikov, Vladislav",M,85,-297,"Sicilian Defense: Kan Variation, Maróczy Bind, Réti Variation",True,M,Male vs Male
"Bakhmatsky, Vladislav",M,97,186,"English Opening: Anglo-Indian Defense, King's Indian Formation",True,M,Male vs Male
"Aliavdin, Nikolai",M,74,-169,Lemming Defense,False,M,Male vs Male
"Krasikov, Vladislav",M,66,-304,Sicilian Defense: Delayed Alapin Variation,True,M,Male vs Male
"Bakhmatsky, Vladislav",M,72,175,"Neo-Grünfeld Defense: Classical Variation, Modern Defense",False,M,Male vs Male
"Andreikin, Dmitry",M,238,308,Sicilian Defense: Chekhover Variation,True,M,Male vs Male
"Aliavdin, Nikolai",M,32,-159,Ware Opening,False,M,Male vs Male
"Krasikov, Vladislav",M,90,-288,"Queen's Gambit Declined: Neo-Orthodox Variation, Main Line",True,M,Male vs Male
"Krasikov, Vladislav",M,70,-296,"Slav Defense: Quiet Variation, Schallopp Defense",False,M,Male vs Male
"Krasikov, Vladislav",M,100,-302,Ruy Lopez: Berlin Defense,False,M,Male vs Male
"Klekowski, Maciej",M,108,156,Modern Defense,False,M,Male vs Male
"Klekowski, Maciej",M,60,138,Modern Defense,False,M,Male vs Male
"Klekowski, Maciej",M,64,123,Modern Defense,False,M,Male vs Male
"Klekowski, Maciej",M,56,107,"Pterodactyl Defense: Central, Anhanguera",False,M,Male vs Male
"Klekowski, Maciej",M,48,92,Modern Defense: Averbakh System,False,M,Male vs Male
"Krasikov, Vladislav",M,36,-45,Caro-Kann Defense: Classical Variation,False,M,Male vs Male
"Plichta, Kamil",M,74,50,Queen's Pawn,False,M,Male vs Male
"Korobkin, Maxim",M,96,-94,Sicilian Defense: Old Sicilian,True,M,Male vs Male
"Mihok, Oliver",M,110,-80,"Sicilian Defense: Scheveningen Variation, Delayed Keres Attack",True,M,Male vs Male
"Carlsson, Ludvig",M,156,-75,Zukertort Opening: Sicilian Invitation,True,M,Male vs Male
"Markov, Mikhail",M,64,-43,English Opening,False,M,Male vs Male
"Shankovskyi, Andrii",M,52,-161,"Caro-Kann Defense: Advance Variation, Short Variation",False,M,Male vs Male
"Karim, Ismael",M,52,-90,"Sicilian Defense: O'Kelly Variation, Venice System",True,M,Male vs Male
"Bakhmatsky, Vladislav",M,108,4,"French Defense: Tarrasch Variation, Closed Variation, Main Line",False,M,Male vs Male
"Milchev, Nikolay",M,44,69,Slav Defense: Exchange Variation,False,M,Male vs Male
"Bakhmatsky, Vladislav",M,46,87,Queen's Pawn Game: London System,False,M,Male vs Male
"Dvirnyy, Danyyil",M,20,-72,Sicilian Defense: Najdorf Variation,True,M,Male vs Male
"Okara, Andrey",M,56,-87,Sicilian Defense: Boleslavsky Variation,True,M,Male vs Male
"Kekic, Armin",M,108,74,Ruy Lopez: Fianchetto Defense,False,M,Male vs Male
"Schuh, Dirk",M,84,28,Indian Game,False,M,Male vs Male
"Barp, Alberto",M,62,71,Queen's Gambit Accepted: Janowski-Larsen Variation,True,M,Male vs Male
"Gomez, Carlos David",M,92,-107,Nimzo-Indian Defense: Classical Variation,False,M,Male vs Male
"Fier, Alexandr",M,42,105,"Italian Game: Classical Variation, Giuoco Pianissimo",False,M,Male vs Male
"Quesada Vera, Liordis",M,26,0,Zukertort Opening: Slav Invitation,False,M,Male vs Male
"Kollars, Dmitrij",M,100,93,"Sicilian Defense: Nyezhmetdinov-Rossolimo Attack, Fianchetto Variation",True,M,Male vs Male
"Gschnitzer, Adrian",M,36,-105,"Caro-Kann Defense: Accelerated Panov Attack, Modern Variation",True,M,Male vs Male
"Karim, Ismael",M,78,-90,Sicilian Defense: Delayed Alapin Variation,True,M,Male vs Male
"Raicevic, Vladimir",M,44,-118,Old Indian Defense,False,M,Male vs Male
"Martinovic, Sasa",M,142,-10,Neo-Grünfeld Defense: Exchange Variation,False,M,Male vs Male
"Aliyev, Ravan",M,102,-78,Réti Opening,False,M,Male vs Male
"Cheparinov, Ivan",M,68,22,"Slav Defense: Quiet Variation, Pin Defense",False,M,Male vs Male
"Lavrik, Dmitry",M,92,52,Torre Attack,True,M,Male vs Male
"Simonian, Hrair",M,58,-163,Modern Defense: Standard Defense,False,M,Male vs Male
"Shchukin, Dmitry",M,72,-86,"Italian Game: Classical Variation, Giuoco Pianissimo",False,M,Male vs Male
"Silva, Luca",M,121,-63,"Slav Defense: Quiet Variation, Schallopp Defense",False,M,Male vs Male
"Saric, Ivan",M,98,109,Kadas Opening,False,M,Male vs Male
"Tekeyev, Zaur",M,78,-45,Queen's Pawn Game: London System,False,M,Male vs Male
"Fier, Alexandr",M,42,-94,"Benoni Defense: Classical Variation, Czerniak Defense, Tal Line",False,M,Male vs Male
"Velten, Paul",M,66,55,Torre Attack,True,M,Male vs Male
"Tekeyev, Zaur",M,112,-42,"French Defense: Tarrasch Variation, Closed Variation, Main Line",False,M,Male vs Male
"Tekeyev, Zaur",M,190,-62,Queen's Pawn Game: Zukertort Variation,False,M,Male vs Male
"Velten, Paul",M,110,71,Queen's Pawn Game: Zukertort Variation,False,M,Male vs Male
"Tekeyev, Zaur",M,84,-57,"French Defense: Advance Variation, Euwe Variation",False,M,Male vs Male
"Saric, Ivan",M,82,95,"Alekhine Defense: Modern Variation, Keres Variation",False,M,Male vs Male
"Bakhmatsky, Vladislav",M,46,27,"Sicilian Defense: Lasker-Pelikan Variation, Sveshnikov Variation, Novosibirsk Variation",True,M,Male vs Male
"Rakhmanov, Aleksandr",M,110,276,Zukertort Opening: Sicilian Invitation,True,M,Male vs Male
"Aroshidze, Levan",M,134,-223,Russian Game: Urusov Gambit,True,M,Male vs Male
"Srbis, Jurica",M,62,5,"King's Indian Defense: Fianchetto Variation, Larsen Defense",True,M,Male vs Male
"Karim, Ismael",M,118,79,Caro-Kann Defense: Two Knights Attack,True,M,Male vs Male
"Khlebovich, Alexander",M,84,48,Old Benoni Defense,False,M,Male vs Male
"Martinovic, Sasa",M,76,-35,Neo-Grünfeld Defense: Goglidze Attack,True,M,Male vs Male
"Khlebovich, Alexander",M,122,46,Benoni Defense: Old Benoni,False,M,Male vs Male
"Kozhuharov, Spas",M,72,-33,"English Opening: Symmetrical Variation, Anti-Benoni Variation, Spielmann Defense",False,M,Male vs Male
"Kozhuharov, Spas",M,68,-57,"English Opening: Symmetrical Variation, Anti-Benoni Variation, Spielmann Defense",False,M,Male vs Male
"Atabayev, Maksat",M,134,-9,King's Indian Attack: Double Fianchetto,True,M,Male vs Male
"Krasikov, Vladislav",M,66,-264,"French Defense: Rubinstein Variation, Blackburne Defense",False,M,Male vs Male
"Kozhuharov, Spas",M,58,40,"English Opening: Anglo-Indian Defense, Flohr-Mikenas-Carls Variation, Nei Gambit",True,M,Male vs Male
"Shkapenko, Pavel",M,102,-27,"Caro-Kann Defense: Advance Variation, Botvinnik-Carls Defense",False,M,Male vs Male
"Boe, Mads",M,124,-24,Alekhine Defense: Maróczy Variation,False,M,Male vs Male
"Martinovic, Sasa",M,56,-29,"Indian Game: Anti-Grünfeld, Alekhine Variation",False,M,Male vs Male
"Krasikov, Vladislav",M,64,-139,Sicilian Defense: Old Sicilian,True,M,Male vs Male
"Ermolaev, Andrey",M,130,-123,Queen's Pawn Game: Chigorin Variation,False,M,Male vs Male
"Krasikov, Vladislav",M,96,-103,Alekhine Defense: Exchange Variation,False,M,Male vs Male
"Nalbant, Tuna Onat",M,106,-102,French Defense: Paulsen Variation,False,M,Male vs Male
"Saraci, Nderim",M,128,56,Sicilian Defense: Prins Variation,True,M,Male vs Male
Sai Agni Jeevitesh J,M,188,-76,Queen's Pawn Game: Chigorin Variation,False,M,Male vs Male
"Shchukin, Dmitry",M,62,38,"Italian Game: Classical Variation, Giuoco Pianissimo",False,M,Male vs Male
"Hartge, Gedeon",M,54,-78,Old Benoni Defense,False,M,Male vs Male
"Christie, Joshua",M,110,-68,Semi-Slav Defense: Anti-Moscow Gambit,True,M,Male vs Male
"Baskakov, Egor",M,84,-55,"Sicilian Defense: Dragon Variation, Fianchetto Variation",True,M,Male vs Male
"Fernandez, Daniel",M,98,41,"Sicilian Defense: Nimzowitsch Variation, Closed Variation",True,M,Male vs Male
"Shchukin, Dmitry",M,76,59,"Italian Game: Classical Variation, Closed Variation",False,M,Male vs Male
"Gomez, Carlos David",M,56,-126,Sicilian Defense: Classical Variation,True,M,Male vs Male
"Shchukin, Dmitry",M,86,60,Sicilian Defense: Sozin Attack,True,M,Male vs Male
"Shchukin, Dmitry",M,74,12,"Sicilian Defense: Paulsen Variation, Szén Variation",True,M,Male vs Male
"Wisniacki, Flavio",M,86,-107,Tarrasch Defense: Classical Variation,False,M,Male vs Male
"Arias, Juan Cruz",M,90,-181,Pirc Defense,False,M,Male vs Male
"Dvirnyy, Danyyil",M,86,53,"Pirc Defense: Classical Variation, Schlechter Variation",False,M,Male vs Male
"Dvirnyy, Danyyil",M,58,39,"Sicilian Defense: Richter-Rauzer Variation, Neo-Modern Variation",True,M,Male vs Male
"Markov, Mikhail",M,98,6,"English Opening: Agincourt Defense, Neo-Catalan Declined",False,M,Male vs Male
"Genocchio, Daniele",M,60,-138,"Sicilian Defense: Alapin Variation, Barmen Defense",True,M,Male vs Male
"Nalbant, Tuna Onat",M,82,-4,"Sicilian Defense: Paulsen Variation, Szén Variation",True,M,Male vs Male
"Spitzl, Vinzent",M,80,-64,French Defense: Schlechter Variation,False,M,Male vs Male
"Sapunov, Evgeny",M,84,38,"Queen's Gambit Declined: Ragozin Defense, Alekhine Variation",True,M,Male vs Male
"Gordievsky, Dmitry",M,90,-90,"Nimzo-Indian Defense: Classical, Noa Variation, 5. cxd5 exd5",False,M,Male vs Male
"Bogner, Sebastian",M,106,-8,Philidor Defense: Lion Variation,False,M,Male vs Male
"Doric, Darko",M,156,18,"King's Indian Defense: Fianchetto Variation, Uhlmann-Szabo System",True,M,Male vs Male
"Neuman, Petr",M,63,-75,"French Defense: Tarrasch Variation, Open System, Main Line",False,M,Male vs Male
"Mahdian, Anousha",M,114,-102,Grünfeld Defense: Exchange Variation,False,F,Female vs Male
"Genocchio, Daniele",M,56,-119,"French Defense: MacCutcheon Variation, Exchange Variation",False,M,Male vs Male
"Alinasab, Mobina",M,140,-144,"Sicilian Defense: Najdorf Variation, Adams Attack",True,F,Female vs Male
"Mejia, Cherry Ann",M,88,-128,"Caro-Kann Defense: Classical Variation, Lobron System",False,F,Female vs Male
"Karttunen, Mika",M,70,-77,Slav Defense: Geller Gambit,True,M,Male vs Male
"Ertan, Can",M,56,-244,Modern Defense: Standard Line,False,M,Male vs Male
"Blesic, Vaso",M,76,-164,Modern Defense,False,M,Male vs Male
"Krasikov, Vladislav",M,62,-70,Alekhine Defense: Exchange Variation,False,M,Male vs Male
"Nalbant, Tuna Onat",M,104,-37,Sicilian Defense: Kalashnikov Variation,True,M,Male vs Male
"Klukin, Kirill",M,86,88,Colle System,False,M,Male vs Male
"Korkmaz, Necmettin",M,74,-77,Colle System,False,M,Male vs Male
"Maidel, Anton",M,56,21,Pirc Defense: Byrne Variation,False,M,Male vs Male
"Boraso, Alessio",M,56,-48,"Sicilian Defense: French Variation, Westerinen Attack",True,M,Male vs Male
"Jaferian, Koosha",M,50,-122,Nimzo-Larsen Attack: Classical Variation,True,M,Male vs Male
"Alinasab, Mobina",M,134,-9,"Caro-Kann Defense: Two Knights Attack, Mindeno Variation, Exchange Line",True,F,Female vs Male
"Korkmaz, Necmettin",M,64,-50,"French Defense: Advance Variation, Paulsen Attack",True,M,Male vs Male
"Silva, Luca",M,54,-47,"King's Indian Defense: Petrosian Variation, Normal Defense",True,M,Male vs Male
"Neuman, Petr",M,52,57,Sicilian Defense: Closed Variation,True,M,Male vs Male
"Gordievsky, Dmitry",M,88,-177,"Queen's Gambit Declined: Exchange Variation, Positional Variation",True,M,Male vs Male
"Camacho Martinez, Guillermo",M,82,-13,"King's Indian Defense: Fianchetto Variation, Larsen Defense",True,M,Male vs Male
"Giannatos, Peter",M,80,24,"Slav Defense: Quiet Variation, Schallopp Defense",False,M,Male vs Male
"Vysochin, Spartak",M,56,94,"Caro-Kann Defense: Advance Variation, Tal Variation",False,M,Male vs Male
"Varacalli, Francisco",M,38,16,Scandinavian Defense: Gubinsky-Melts Defense,False,M,Male vs Male
"Sapunov, Evgeny",M,86,-8,King's Indian Defense: Orthodox Variation,True,M,Male vs Male
Liem Quang Le,M,98,-53,Scandinavian Defense: Lasker Variation,False,M,Male vs Male
"Abdel Razik, Khaled",M,108,265,Grünfeld Defense: Brinckmann Attack,True,M,Male vs Male
"Piscopo, Pierluigi",M,95,-108,Sicilian Defense: Richter-Rauzer Variation,True,M,Male vs Male
Liem Quang Le,M,78,-49,Sicilian Defense: Paulsen Variation,True,M,Male vs Male
Liem Quang Le,M,122,-35,Sicilian Defense: Paulsen Variation,True,M,Male vs Male
"Baskakov, Egor",M,144,-72,"Sicilian Defense: Classical Variation, Fianchetto Variation",True,M,Male vs Male
Liem Quang Le,M,58,-56,Slav Defense: Modern,False,M,Male vs Male
"Beinoras, Mindaugas",M,94,131,Trompowsky Attack,True,M,Male vs Male
"Srbis, Jurica",M,68,-23,Ruy Lopez: Morphy Defense,False,M,Male vs Male
"Trifonov, Denis",M,110,-138,French Defense: King's Indian Attack,True,M,Male vs Male
"Baskakov, Egor",M,52,9,Vienna Game: Paulsen Variation,False,M,Male vs Male
"Gordievsky, Dmitry",M,78,3,Queen's Gambit Declined: Exchange Variation,True,M,Male vs Male
"Baskakov, Egor",M,68,18,Vienna Game: Paulsen Variation,False,M,Male vs Male
"Moradiabadi, Elshan",M,41,-49,Sicilian Defense: Scheveningen Variation,True,M,Male vs Male
"Bodek, Michael",M,70,-8,Sicilian Defense: French Variation,True,M,Male vs Male
"Markov, Mikhail",M,42,-21,"English Opening: Anglo-Indian Defense, King's Indian Formation, Double Fianchetto",True,M,Male vs Male
"Saraci, Nderim",M,134,31,Scandinavian Defense: Main Line,False,M,Male vs Male
"Aroshidze, Levan",M,52,40,Sicilian Defense: Classical Variation,True,M,Male vs Male
"Aroshidze, Levan",M,90,20,Scandinavian Defense: Portuguese Variation,False,M,Male vs Male
"Vypkhaniuk, Ihor",M,110,-7,Sicilian Defense: Delayed Alapin Variation,True,M,Male vs Male
"Aroshidze, Levan",M,110,19,Scandinavian Defense: Modern Variation,False,M,Male vs Male
"Vypkhaniuk, Ihor",M,56,-7,Sicilian Defense: French Variation,True,M,Male vs Male
"Vypkhaniuk, Ihor",M,22,-29,Catalan Opening,False,M,Male vs Male
"Korchmar, Vasiliy",M,46,-79,Modern Defense: Pseudo-Austrian Attack,True,M,Male vs Male
"Setyaki, Azarya Jodi",M,90,-172,"Alekhine Defense: Modern Variation, Schmid Variation",False,M,Male vs Male
"Karim, Ismael",M,46,-117,"Sicilian Defense: Nyezhmetdinov-Rossolimo Attack, Fianchetto Variation",True,M,Male vs Male
"Nesterov, Arseniy",M,44,200,King's Indian Defense: Semi-Averbakh System,True,M,Male vs Male
"Makarian, Rudik",M,120,-228,Sicilian Defense: French Variation,True,M,Male vs Male
"Sahidi, Samir",M,58,-22,Nimzo-Indian Defense: Classical Variation,False,M,Male vs Male
"Nalbant, Tuna Onat",M,92,-178,Queen's Pawn Game: London System,False,M,Male vs Male
"Bettalli, Francesco",M,130,69,Modern Defense: Averbakh System,False,M,Male vs Male
"Gordievsky, Dmitry",M,56,-98,Nimzo-Indian Defense: Classical Variation,False,M,Male vs Male
"Mammadov, Zaur",M,102,16,Sicilian Defense: Alapin Variation,True,M,Male vs Male
"Lavrik, Dmitry",M,50,-31,Nimzo-Indian Defense: Romanishin Variation,False,M,Male vs Male
"Krasikov, Vladislav",M,78,-38,French Defense: Winawer Variation,False,M,Male vs Male
"Shchukin, Dmitry",M,92,-61,"Sicilian Defense: French Variation, Normal",True,M,Male vs Male
"Baskakov, Egor",M,40,-53,Vienna Game: Paulsen Variation,False,M,Male vs Male
"Gordievsky, Dmitry",M,142,61,"Queen's Gambit Declined: Exchange Variation, Positional Variation",True,M,Male vs Male
"Gordievsky, Dmitry",M,74,47,Queen's Indian Accelerated,False,M,Male vs Male
"Shchukin, Dmitry",M,82,116,"Italian Game: Two Knights Defense, Modern Bishop's Opening",False,M,Male vs Male
"Shchukin, Dmitry",M,126,8,French Defense: King's Indian Attack,True,M,Male vs Male
"Akselrod, Vladislav",M,30,137,Réti Opening,False,M,Male vs Male
"Rios Parra, Alejandro",M,62,-90,"Evans Gambit, Anderssen Variation, Cordel Line",True,M,Male vs Male
"Dvirnyy, Danyyil",M,48,11,Scandinavian Defense: Main Line,False,M,Male vs Male
"Mihok, Oliver",M,94,-31,"Sicilian Defense: Najdorf Variation, English Attack",True,M,Male vs Male
"Aitbayev, Aslan",M,90,-5,Modern Defense: Two Knights Variation,False,M,Male vs Male
"Roshka, Yevgeniy",M,76,16,Pirc Defense,False,M,Male vs Male
"Aitbayev, Aslan",M,146,-4,Modern Defense: Three Pawns Attack,True,M,Male vs Male
"Roshka, Yevgeniy",M,132,15,Pirc Defense,False,M,Male vs Male
"Aukhatov, Roman",M,84,-165,"English Opening: Anglo-Indian Defense, Queen's Indian Formation",False,M,Male vs Male
"Orlov, Andrey",M,82,-9,"Sicilian Defense: Nyezhmetdinov-Rossolimo Attack, Fianchetto Variation",True,M,Male vs Male
"Doric, Darko",M,94,-94,King's Indian Attack,True,M,Male vs Male
"Doric, Darko",M,42,-104,Trompowsky Attack,True,M,Male vs Male
"Martinovic, Sasa",M,114,113,Queen's Pawn Game: Zukertort Variation,False,M,Male vs Male
"Khlebovich, Alexander",M,114,-133,"Queen's Indian Defense: Fianchetto Variation, Nimzowitsch Variation",False,M,Male vs Male
"Doric, Darko",M,162,-97,King's Indian Defense,True,M,Male vs Male
"Doric, Darko",M,86,-102,King's Indian Defense,True,M,Male vs Male
"Khlebovich, Alexander",M,142,-67,Queen's Gambit Accepted: Janowski-Larsen Variation,True,M,Male vs Male
"Khlebovich, Alexander",M,124,-85,Queen's Gambit Accepted: Janowski-Larsen Variation,True,M,Male vs Male
"Khlebovich, Alexander",M,152,-85,Queen's Gambit Accepted: Janowski-Larsen Variation,True,M,Male vs Male
"Klukin, Kirill",M,60,-24,East Indian Defense,False,M,Male vs Male
"Lavrik, Dmitry",M,58,16,Indian Game: Pseudo-Benko,False,M,Male vs Male
"Annaberdiyev, Meylis",M,82,-191,"Torre Attack: Classical Defense, Nimzowitsch Variation",True,M,Male vs Male
"Khlebovich, Alexander",M,120,-71,Queen's Gambit Accepted: Janowski-Larsen Variation,True,M,Male vs Male
"Sapunov, Evgeny",M,70,-11,King's Indian Defense: Orthodox Variation,True,M,Male vs Male
"Stalmach, Richard",M,108,-131,Tarrasch Defense: Schara Gambit,True,M,Male vs Male
"Langheinrich, Ferenc",M,94,-112,Benoni Defense: Taimanov Variation,False,M,Male vs Male
"Tekeyev, Zaur",M,190,-95,"Torre Attack: Fianchetto Defense, Euwe Variation",True,M,Male vs Male
"Galchenko, Matvey",M,122,103,Bird Opening,False,M,Male vs Male
"Tekeyev, Zaur",M,124,89,Indian Game: Pseudo-Benko,False,M,Male vs Male
"Tekeyev, Zaur",M,62,-126,Caro-Kann Defense: Advance Variation,False,M,Male vs Male
"Rakhmanov, Aleksandr",M,124,103,King's Indian Attack: Spassky Variation,True,M,Male vs Male
"Shevchenko, Danylo",M,32,7,Four Knights Game: Gunsberg Variation,False,M,Male vs Male
"Manakov, Ilya",M,151,5,Queen's Pawn Game: Chigorin Variation,False,M,Male vs Male
"Khlebovich, Alexander",M,88,-87,Semi-Slav Defense: Quiet Variation,False,M,Male vs Male
"Mata Gonzalez, Jose Fernando",M,124,-46,"Sicilian Defense: Smith-Morra Gambit Declined, Dubois Variation",True,M,Male vs Male
"Tomb, Maroun",M,62,58,"Ruy Lopez: Morphy Defense, Mackenzie Variation",False,M,Male vs Male
"Khlebovich, Alexander",M,76,-105,"Sicilian Defense: Nimzowitsch Variation, Advance Variation",True,M,Male vs Male
"Rakhmanov, Aleksandr",M,100,114,King's Indian Defense: Normal Variation,True,M,Male vs Male
"Khlebovich, Alexander",M,50,-104,"Englund Gambit Declined, Reversed Krebs",True,M,Male vs Male
"Srbis, Jurica",M,36,93,Indian Game: Anti-Nimzo-Indian,False,M,Male vs Male
"Maksimovic, Dejan",M,82,33,London System,False,M,Male vs Male
"Milchev, Nikolay",M,142,-42,Slav Defense: Exchange Variation,False,M,Male vs Male
"Mata Gonzalez, Jose Fernando",M,76,-185,"Italian Game: Classical Variation, Giuoco Pianissimo",False,M,Male vs Male
"Hesham, Abdelrahman",M,83,26,French Defense: Wing Gambit,True,M,Male vs Male
"Grabinsky, Joshua",M,138,19,Scotch Game: Mieses Variation,False,M,Male vs Male
"Grabinsky, Joshua",M,86,-5,Scotch Game: Mieses Variation,False,M,Male vs Male
"Yeletsky, Ivan",M,90,14,"Alekhine Defense: Modern Variation, Main Line",False,M,Male vs Male
"Akselrod, Vladislav",M,54,-2,Zukertort Opening: Queenside Fianchetto Variation,False,M,Male vs Male
"Mandura, Tijana",M,110,-155,Three Knights Opening: Schlechter Variation,False,F,Female vs Male
"Solodovnichenko, Yuri",M,78,-95,"Sicilian Defense: Scheveningen Variation, English Attack",True,M,Male vs Male
"Klukin, Kirill",M,92,-111,East Indian Defense,False,M,Male vs Male
"Bakhmatsky, Vladislav",M,84,36,Sicilian Defense: Kalashnikov Variation,True,M,Male vs Male
"Tekeyev, Zaur",M,68,84,Torre Attack,True,M,Male vs Male
"Sapunov, Evgeny",M,90,-96,"English Opening: King's English Variation, Kramnik-Shirov Counterattack",False,M,Male vs Male
"Saraci, Nderim",M,96,105,Nimzo-Larsen Attack: Modern Variation,True,M,Male vs Male
"Piscopo, Pierluigi",M,61,-87,"Sicilian Defense: Richter-Rauzer Variation, Neo-Modern Variation, Early Deviations",True,M,Male vs Male
"Neugebauer, Martin",M,132,5,Philidor Defense: Lion Variation,False,M,Male vs Male
"Galaktionov, Artem",M,64,-45,Indian Game: Wade-Tartakower Defense,False,M,Male vs Male
"Galaktionov, Artem",M,56,-63,Indian Game: Wade-Tartakower Defense,False,M,Male vs Male
"Koutsin, Sergey",M,96,3,Benko Gambit,True,M,Male vs Male
"Fernandez Mazzetti, Ignacio",M,64,99,Queen's Pawn Game: Symmetrical Variation,False,M,Male vs Male
"Shevchenko, Danylo",M,58,-125,"Sicilian Defense: Alapin Variation, Smith-Morra Declined",True,M,Male vs Male
"Aliavdin, Nikolai",M,112,-209,"Caro-Kann Defense: Advance Variation, Tal Variation",False,M,Male vs Male
"Leenhouts, Koen",M,52,0,Benoni Defense: King's Pawn Line,False,M,Male vs Male
"Vypkhaniuk, Ihor",M,58,70,"Bishop's Opening: Vienna Hybrid, Hromádka Variation",False,M,Male vs Male
"Almagro Llamas, Pablo",M,82,-105,Philidor Defense: Lion Variation,False,M,Male vs Male
"Orlov, Andrey",M,72,62,Sicilian Defense: Delayed Alapin,True,M,Male vs Male
"Pakhomov, Egor",M,62,129,King's Indian Defense: Smyslov Variation,True,M,Male vs Male
"Pakhomov, Egor",M,59,172,"Queen's Gambit Declined: Semi-Tarrasch, 5. cxd5",True,M,Male vs Male
"Sapunov, Evgeny",M,134,55,Réti Opening: Reversed Blumenfeld Gambit,True,M,Male vs Male
"Koutsin, Sergey",M,98,-43,Slav Defense: Exchange Variation,False,M,Male vs Male
"Solodovnichenko, Yuri",M,62,-38,"Ruy Lopez: Morphy Defense, Norwegian Variation",False,M,Male vs Male
"Kobo, Ori",M,120,48,"Russian Game: Classical Attack, Jaenisch Variation",True,M,Male vs Male
"Solodovnichenko, Yuri",M,66,-34,Scotch Game: Romanishin Variation,False,M,Male vs Male
"Aliavdin, Nikolai",M,50,-97,Sicilian Defense: Najdorf Variation,True,M,Male vs Male
"Simonian, Hrair",M,114,88,"Sicilian Defense: Closed Variation, Traditional",True,M,Male vs Male
"Zhalmakhanov, Ramazan",M,92,172,Alekhine Defense: Four Pawns Attack,True,M,Male vs Male
"Sariego Figueredo, Wilfredo",M,44,1,Trompowsky Attack: Raptor Variation,True,M,Male vs Male
"Ermolaev, Evgeny",M,92,-142,"Sicilian Defense: Richter-Rauzer, 6... e6",True,M,Male vs Male
"Giannatos, Peter",M,40,-58,Queen's Pawn Game: Chigorin Variation,False,M,Male vs Male
"Popovic, Dusan",M,64,99,Sicilian Defense,True,M,Male vs Male
"Okara, Andrey",M,64,14,"Sicilian Defense: Classical Variation, Fianchetto Variation",True,M,Male vs Male
"Leenhouts, Koen",M,112,107,Saragossa Opening,False,M,Male vs Male
"Rodriguez Hernandez, Luis Daniel",M,74,-55,Scandinavian Defense: Mieses-Kotroc Variation,False,M,Male vs Male
Robin Dragomirescu,M,202,39,"French Defense: Winawer Variation, Classical Variation",False,M,Male vs Male
"Solodovnichenko, Yuri",M,140,-98,"Sicilian Defense: Najdorf Variation, English Attack",True,M,Male vs Male
"Shchukin, Dmitry",M,116,-12,Scandinavian Defense: Portuguese Variation,False,M,Male vs Male
"Lombaers, Peter",M,60,-21,Semi-Benoni,False,M,Male vs Male
"Shevchenko, Danylo",M,86,-202,"Sicilian Defense: Alapin Variation, Smith-Morra Declined",True,M,Male vs Male
"Irizanin, Radoje",M,62,-110,English Opening: King's English Variation,False,M,Male vs Male
"Nalbant, Tuna Onat",M,104,-105,"Queen's Pawn Game: Veresov Attack, Alburt Defense",True,M,Male vs Male
"Pakhomov, Egor",M,64,64,Horwitz Defense,False,M,Male vs Male
"Pakhomov, Egor",M,69,-152,Queen's Indian Defense: Spassky System,False,M,Male vs Male
"Winter Atwell, Adrian",M,70,-278,"Sicilian Defense: Modern Variations, Tartakower",True,M,Male vs Male
"Winter Atwell, Adrian",M,88,-286,"Sicilian Defense: Modern Variations, Tartakower",True,M,Male vs Male
"Tomb, Maroun",M,96,-115,Ruy Lopez: Cozio Defense,False,M,Male vs Male
"Tomb, Maroun",M,160,-132,"Ruy Lopez: Berlin Defense, Nyholm Attack",True,M,Male vs Male
"Solodovnichenko, Yuri",M,144,-20,Caro-Kann Defense: Two Knights Attack,True,M,Male vs Male
"Sielecki, Christof",F,96,162,"King's Indian Defense: Orthodox Variation, Positional Defense, Closed Line",True,M,Male vs Female
Sai Agni Jeevitesh J,M,38,-27,Queen's Pawn,False,M,Male vs Male
"Shevchenko, Kirill",M,132,144,Pirc Defense,False,M,Male vs Male
"Doric, Darko",M,74,-128,"Neo-Grünfeld Defense: Classical Variation, Polgar Variation",False,M,Male vs Male
"Chigaev, Maksim",M,84,-17,Sicilian Defense: Najdorf Variation,True,M,Male vs Male
"Doric, Darko",M,50,-144,Trompowsky Attack,True,M,Male vs Male
"Nikolashvili, Giorgi",M,78,100,Nimzo-Larsen Attack,True,M,Male vs Male
Vatsal Singhania,M,114,-468,"Sicilian Defense: Najdorf Variation, Opocensky Variation",True,M,Male vs Male
Srihari L R,M,126,-196,King's Indian Defense: Makogonov Variation,True,M,Male vs Male
"Das, Sayantan",M,106,-370,"Sicilian Defense: Najdorf Variation, Opocensky Variation",True,M,Male vs Male
"Kushko, Dmitriy",M,110,-92,Zukertort Opening: Sicilian Invitation,True,M,Male vs Male
Vatsal Singhania,M,150,-352,"Sicilian Defense: Paulsen Variation, Bastrikov Variation",True,M,Male vs Male
"Kushko, Dmitriy",M,76,-109,"Sicilian Defense: Richter-Rauzer Variation, Neo-Modern Variation",True,M,Male vs Male
"Khlebovich, Alexander",M,74,43,Slav Defense: Modern,False,M,Male vs Male
"Klukin, Kirill",M,54,93,Bogo-Indian Defense: Grünfeld Variation,False,M,Male vs Male
"Khlebovich, Alexander",M,92,31,"King's Indian Defense: Fianchetto Variation, Larsen Defense",True,M,Male vs Male
"Baskakov, Egor",M,78,-14,Sicilian Defense: Old Sicilian,True,M,Male vs Male
"Zhigalko, Sergei",M,104,162,Sicilian Defense: Delayed Alapin Variation,True,M,Male vs Male
"Khlebovich, Alexander",M,102,-146,"Queen's Indian Defense: Fianchetto Variation, Nimzowitsch Variation",False,M,Male vs Male
"Baskakov, Egor",M,66,47,Sicilian Defense: French Variation,True,M,Male vs Male
"Khlebovich, Alexander",M,110,-160,Queen's Pawn Game: Zukertort Variation,False,M,Male vs Male
"Khlebovich, Alexander",M,70,-172,"Queen's Indian Defense: Fianchetto Variation, Nimzowitsch Variation",False,M,Male vs Male
"Mata Gonzalez, Jose Fernando",M,44,-58,"Italian Game: Classical Variation, Giuoco Pianissimo",False,M,Male vs Male
"Alvarez Calzadilla, Jose Avelino",M,48,-117,"Sicilian Defense: O'Kelly Variation, Yerevan System",True,M,Male vs Male
"Mata Gonzalez, Jose Fernando",M,36,-77,"Italian Game: Scotch Gambit, Walbrodt-Baird Gambit",True,M,Male vs Male
"Shchukin, Dmitry",M,70,112,Sicilian Defense: Nimzo-American Variation,True,M,Male vs Male
"Shirazi, Kamran",M,58,-94,Alekhine Defense: Maróczy Variation,False,M,Male vs Male
"Aroshidze, Levan",M,56,-41,Rubinstein Opening: Bogoljubov Defense,False,M,Male vs Male
"Aroshidze, Levan",M,74,-61,"Sicilian Defense: Nimzowitsch Variation, Main Line",True,M,Male vs Male
"Braun, Christian",M,88,-71,Sicilian Defense: French Variation,True,M,Male vs Male
"Aliavdin, Nikolai",M,116,2,"French Defense: Winawer Variation, Advance Variation",False,M,Male vs Male
"Fedoseev, Vladimir",M,108,-213,Bishop's Opening: Vienna Hybrid,False,M,Male vs Male
"Thorfinnsson, Bjorn",M,28,-108,Torre Attack,True,M,Male vs Male
"Shchukin, Dmitry",M,112,-198,"Sicilian Defense: Accelerated Dragon, Modern Variation",True,M,Male vs Male
"Fedoseev, Vladimir",M,79,-165,"Ruy Lopez: Morphy Defense, Modern Steinitz Defense, Fianchetto Variation",False,M,Male vs Male
"Shirazi, Kamran",M,70,-38,Van't Kruijs Opening,False,M,Male vs Male
"Karim, Ismael",M,92,-195,Bishop's Opening: Vienna Hybrid,False,M,Male vs Male
"Oparin, Grigoriy",M,69,189,Tarrasch Defense: Prague Variation,False,M,Male vs Male
"Cupid, Kevin",M,82,-159,Pirc Defense,False,M,Male vs Male
"Husbands, Orlando",M,160,166,"English Opening: King's English Variation, Kramnik-Shirov Counterattack",False,M,Male vs Male
"Cupid, Kevin",M,108,-141,Alekhine Defense: Scandinavian Variation,False,M,Male vs Male
"Khlebovich, Alexander",M,82,-26,Bogo-Indian Defense: Nimzowitsch Variation,False,M,Male vs Male
"Solodovnichenko, Yuri",M,80,-11,"Sicilian Defense: Scheveningen Variation, English Attack",True,M,Male vs Male
"Kantans, Toms",M,50,-54,"Sicilian Defense: Najdorf Variation, Main Line",True,M,Male vs Male
"Dvirnyy, Danyyil",M,44,161,"French Defense: Winawer Variation, Poisoned Pawn Variation",False,M,Male vs Male
"Bouvier, Bruno",M,104,-20,Sicilian Defense: Kramnik Variation,True,M,Male vs Male
"Vidonyak, Roman",M,92,34,King's Indian Defense: Orthodox Variation,True,M,Male vs Male
"Setyaki, Azarya Jodi",M,46,145,Modern Defense: Pseudo-Austrian Attack,True,M,Male vs Male
"Khlebovich, Alexander",M,92,-161,"King's Indian Defense: Normal Variation, King's Knight Variation",True,M,Male vs Male
"Lombaers, Peter",M,28,145,"Queen's Gambit Refused: Albin Countergambit, Normal Line",True,M,Male vs Male
"Boros, Denes",M,126,168,Indian Game,False,M,Male vs Male
"Leenhouts, Koen",M,86,-126,Queen's Indian Accelerated,False,M,Male vs Male
"Vysochin, Spartak",M,66,-28,"Sicilian Defense: Alapin Variation, Barmen Defense",True,M,Male vs Male
"Simonian, Hrair",M,136,22,Sicilian Defense: Closed Variation,True,M,Male vs Male
"Nazari, Arad",M,89,-216,Scandinavian Defense: Mieses-Kotroc Variation,False,M,Male vs Male
"Kezin, Roman",M,176,-65,Semi-Slav Defense: Stoltz Variation,False,M,Male vs Male
Aditya Mittal,M,66,-50,Old Indian Defense: Two Knights Variation,False,M,Male vs Male
Aaryan Varshney,M,116,111,"Benko Gambit Accepted, Fully Accepted Variation",True,M,Male vs Male
Aaryan Varshney,M,76,-55,"Semi-Slav Defense: Meran Variation, Reynolds' Variation",False,M,Male vs Male
"Fedoseev, Vladimir",M,104,-166,"Vienna Game: Stanley Variation, Monster Declined",False,M,Male vs Male
"Fedoseev, Vladimir",M,105,-179,"Bishop's Opening: Vienna Hybrid, Hromádka Variation",False,M,Male vs Male
"Shevchenko, Danylo",M,70,-20,French Defense: Advance Variation,False,M,Male vs Male
"Perez, Daniel",M,74,174,"French Defense: Winawer Variation, Petrosian Variation",False,M,Male vs Male
"Narvaez Ramirez, Faber Alberto",M,97,-157,Sicilian Defense: Open,True,M,Male vs Male
"Atabayev, Maksat",M,108,74,Queen's Pawn Game: London System,False,M,Male vs Male
"Srbis, Jurica",M,56,-104,Budapest Defense: Rubinstein Variation,False,M,Male vs Male
"Sahidi, Samir",M,170,-8,Indian Game: Spielmann-Indian,False,M,Male vs Male
"Aliavdin, Nikolai",M,60,-8,Sicilian Defense: Delayed Alapin Variation,True,M,Male vs Male
"Annaberdiyev, Meylis",M,40,19,"Sicilian Defense: Closed Variation, Traditional",True,M,Male vs Male
"ADU, Oladapo",M,212,-40,Sicilian Defense: Godiva Variation,True,M,Male vs Male
"Mortazavi, Ali",M,90,-8,Sicilian Defense: Closed Variation,True,M,Male vs Male
"Raicevic, Vladimir",M,110,-13,Rat Defense: Antal Defense,False,M,Male vs Male
"Laylo, Darwin",M,100,-203,"English Opening: Anglo-Indian Defense, Anglo-Grünfeld Variation",False,M,Male vs Male
"Mortazavi, Ali",M,60,-135,Bishop's Opening: Berlin Defense,False,M,Male vs Male
"Bancod, Ronald",M,58,-178,Caro-Kann Defense: Advance Variation,False,M,Male vs Male
"Ginsburg, Gennadi",M,48,-163,"Sicilian Defense: Classical Variation, Anti-Sozin Variation",True,M,Male vs Male
"Redzisz, Michal",M,133,-241,"Queen's Indian Defense: Classical Variation, Polugaevsky Gambit",True,M,Male vs Male
"Bouzidi, Ahmed",M,96,-158,"Ruy Lopez: Exchange Variation, Gligoric Variation",False,M,Male vs Male
"Bortnyk, Mykola",M,74,167,Semi-Slav Defense,False,M,Male vs Male
"Mortazavi, Ali",M,66,11,Van Geet Opening: Dougherty Gambit,True,M,Male vs Male
"Aroshidze, Levan",M,114,13,"Sicilian Defense: Paulsen Variation, Bastrikov Variation",True,M,Male vs Male
"Sariego Figueredo, Wilfredo",M,66,1,Trompowsky Attack: Raptor Variation,True,M,Male vs Male
"Mardov, Dimitar",M,64,-326,"Queen's Indian Defense: Fianchetto Variation, Nimzowitsch Variation",False,M,Male vs Male
"Hartge, Gedeon",M,132,-119,"Nimzo-Indian Defense: Normal Variation, Bishop Attack",True,M,Male vs Male
"Sielecki, Christof",M,52,127,"English Opening: Symmetrical Variation, Four Knights Variation",False,M,Male vs Male
"Fernandez, Daniel",M,102,-11,Neo-Grünfeld Defense: Delayed Exchange Variation,False,M,Male vs Male
"Lombaers, Peter",M,92,6,"King's Indian Defense: Sämisch Variation, Orthodox Variation",True,M,Male vs Male
"Lombaers, Peter",M,92,-17,English Opening: Anglo-Indian Defense,False,M,Male vs Male
"Zwirs, Nico",M,70,27,"Sicilian Defense: Lasker-Pelikan Variation, Sveshnikov Variation, Novosibirsk Variation",True,M,Male vs Male
"Markov, Mikhail",M,126,49,Semi-Slav Defense: Normal Variation,False,M,Male vs Male
"Nielsen, Viktor Haarmark",M,16,33,Ruy Lopez: Berlin Defense,False,M,Male vs Male
"Aliavdin, Nikolai",M,76,196,"French Defense: Winawer Variation, Classical Variation",False,M,Male vs Male
"Rastbod, Ali",F,90,7,"English Opening: Anglo-Indian Defense, King's Knight Variation",False,M,Male vs Female
"Asgharzadeh, Mitra",M,120,-202,Yusupov-Rubinstein System,False,F,Female vs Male
"Bouvier, Bruno",M,74,-100,"Sicilian Defense: O'Kelly Variation, Maróczy Bind, Paulsen Line",True,M,Male vs Male
"Aghayev, Miragha",M,74,14,Queen's Gambit Declined: Three Knights Variation,True,M,Male vs Male
"Coro, Lucas",M,56,-68,Philidor Defense: Exchange Variation,False,M,Male vs Male
"Khlebovich, Alexander",M,78,32,Catalan Opening: Closed Variation,False,M,Male vs Male
"Gwaze, Robert",M,100,-183,"Sicilian Defense: Nimzowitsch Variation, Closed Variation",True,M,Male vs Male
"Sambuev, Bator",M,68,18,Queen's Gambit Declined: Orthodox Defense,True,M,Male vs Male
"Aghayev, Miragha",M,92,77,Nimzo-Indian Defense,False,M,Male vs Male
"Sambuev, Bator",M,116,41,"King's Indian Defense: Orthodox Variation, Classical System, Kozul Gambit",True,M,Male vs Male
"Rakhmanov, Aleksandr",M,148,108,King's Indian Attack: Pachman System,True,M,Male vs Male
"Sambuev, Bator",M,86,-93,Grünfeld Defense: Smyslov Defense,False,M,Male vs Male
"Bologan, Victor",M,48,19,"Italian Game: Two Knights Defense, Modern Bishop's Opening",False,M,Male vs Male
"Gomez, Carlos David",M,70,-40,Modern Defense: Standard Line,False,M,Male vs Male
"Shchukin, Dmitry",M,98,130,"Italian Game: Classical Variation, Giuoco Pianissimo, Main Line",False,M,Male vs Male
"Shchukin, Dmitry",M,104,107,"Sicilian Defense: French Variation, Normal",True,M,Male vs Male
"Shchukin, Dmitry",M,118,0,"Sicilian Defense: Najdorf, Lipnitsky Attack",True,M,Male vs Male
"Tissir, Mohamed",M,73,-156,"Sicilian Defense: Closed Variation, Traditional",True,M,Male vs Male
"Gabuzyan, Hovhannes",M,82,158,King's Knight Opening: Normal Variation,False,M,Male vs Male
"Cheparinov, Ivan",M,64,99,Grünfeld Defense: Three Knights Variation,False,M,Male vs Male
"Saraci, Nderim",M,132,107,"Sicilian Defense: Four Knights Variation, Exchange Variation",True,M,Male vs Male
"Shkapenko, Pavel",M,100,30,Sicilian Defense: Alapin Variation,True,M,Male vs Male
"Movahed, Sina",M,132,-37,"Alekhine Defense: Four Pawns Attack, Main Line",True,M,Male vs Male
"Molaei, Mohammadamin",M,132,-44,Catalan Opening,False,M,Male vs Male
"Annaberdiyev, Meylis",M,57,-69,French Defense: King's Indian Attack,True,M,Male vs Male
"Jaferian, Koosha",M,67,-40,Zukertort Opening: Nimzo-Larsen Variation,False,M,Male vs Male
"Annaberdiyev, Meylis",M,42,-82,French Defense: King's Indian Attack,True,M,Male vs Male
"Annaberdiyev, Meylis",M,66,-100,Queen's Pawn Game: Mason Attack,True,M,Male vs Male
"Shirazi, Kamran",M,106,3,Caro-Kann Defense: Hillbilly Attack,True,M,Male vs Male
"Shirazi, Kamran",M,58,-19,Modern Defense,False,M,Male vs Male
"Khlebovich, Alexander",M,86,-29,Slav Defense: Modern Line,False,M,Male vs Male
"Cheparinov, Ivan",M,62,50,Catalan Opening: Open Defense,False,M,Male vs Male
"Krasikov, Vladislav",M,122,-75,Modern Defense: Averbakh System,False,M,Male vs Male
"Bouvier, Bruno",M,36,48,Scandinavian Defense: Main Line,False,M,Male vs Male
"Khlebovich, Alexander",M,80,15,Queen's Pawn Game: Symmetrical Variation,False,M,Male vs Male
"Baskakov, Egor",M,70,21,Modern Defense,False,M,Male vs Male
"Krzyzanowski, Marcin",M,134,-6,Queen's Pawn Game: Chigorin Variation,False,M,Male vs Male
"Shkapenko, Pavel",M,100,-64,"Sicilian Defense: Alapin Variation, Smith-Morra Declined",True,M,Male vs Male
"Khlebovich, Alexander",M,144,14,Indian Game: Anti-Nimzo-Indian,False,M,Male vs Male
"Gwaze, Robert",M,90,58,"Scotch Game: Scotch Gambit, Advance Variation",True,M,Male vs Male
"Vypkhaniuk, Ihor",M,118,-4,"King's Indian Defense: Fianchetto Variation, Panno Variation",True,M,Male vs Male
"Sielecki, Christof",M,124,-79,Réti Opening,False,M,Male vs Male
"Khlebovich, Alexander",M,54,-119,Slav Defense: Quiet Variation,False,M,Male vs Male
"Roshka, Yevgeniy",M,62,-92,Alekhine Defense: Exchange Variation,False,M,Male vs Male
"L'Ami, Erwin",M,80,69,"Grünfeld Defense: Exchange Variation, Modern Exchange Variation",False,M,Male vs Male
"Vajic, Goran",M,70,10,"Italian Game: Classical Variation, Greco Gambit, Traditional Line",True,M,Male vs Male
"Oragwu, Chukwunonso",M,140,-37,Sicilian Defense: Kalashnikov Variation,True,M,Male vs Male
"Boraso, Alessio",M,60,48,Nimzo-Larsen Attack: English Variation,True,M,Male vs Male
"Annaberdiyev, Meylis",M,54,-2,Sicilian Defense: Najdorf Variation,True,M,Male vs Male
"Raicevic, Vladimir",M,152,-179,"Queen's Gambit Declined: Semi-Tarrasch Defense, Pillsbury Variation",True,M,Male vs Male
"Zahedifar, Anahita",M,92,-84,"Nimzo-Indian Defense: Classical Variation, Noa Variation",False,F,Female vs Male
"Kushko, Dmitriy",M,75,-5,King's Indian Attack: French Variation,True,M,Male vs Male
"Zahedifar, Anahita",M,128,-102,King's Indian Attack: Keres Variation,True,F,Female vs Male
"Doric, Darko",M,130,-101,Trompowsky Attack,True,M,Male vs Male
"Doric, Darko",M,42,-117,Trompowsky Attack,True,M,Male vs Male
"Karim, Ismael",M,94,-162,Vienna Game,False,M,Male vs Male
"Sahidi, Samir",M,82,8,"Sicilian Defense: Nimzowitsch Variation, Main Line",True,M,Male vs Male
"Aghayev, Miragha",M,70,9,Nimzo-Indian Defense: Kmoch Variation,False,M,Male vs Male
"Martinovic, Sasa",M,56,61,"French Defense: Steinitz Variation, Boleslavsky Variation",False,M,Male vs Male
"Gschnitzer, Adrian",M,94,130,Sicilian Defense: Mengarini Variation,True,M,Male vs Male
"Martinovic, Sasa",M,72,-83,"Benoni Defense: Old Benoni, Schmid Variation",False,M,Male vs Male
"Saric, Ivan",M,76,92,English Opening: King's English Variation,False,M,Male vs Male
"Martinovic, Sasa",M,80,-77,"Benoni Defense: Old Benoni, Schmid Variation",False,M,Male vs Male
"Martinovic, Sasa",M,120,-95,Caro-Kann Defense: Exchange Variation,False,M,Male vs Male
"Saric, Ivan",M,64,103,"English Opening: King's English Variation, Botvinnik System",False,M,Male vs Male
"Martinovic, Sasa",M,132,-89,"Benoni Defense: Old Benoni, Schmid Variation",False,M,Male vs Male
"Akselrod, Vladislav",M,56,-14,Zukertort Opening: Grünfeld Reversed,False,M,Male vs Male
"Shchukin, Dmitry",M,92,98,"Sicilian Defense: Najdorf, Lipnitsky Attack",True,M,Male vs Male
"Segarra, Randy",M,108,36,"Ruy Lopez: Closed, Anti-Marshall 8. a4",False,M,Male vs Male
"Shchukin, Dmitry",M,124,-1,Alekhine Defense: Balogh Variation,False,M,Male vs Male
"Wisniacki, Flavio",M,49,-94,Zukertort Opening: Pirc Invitation,False,M,Male vs Male
"Wisniacki, Flavio",M,140,-51,Zukertort Opening: Sicilian Invitation,True,M,Male vs Male
"Almagro Llamas, Pablo",M,44,-45,"English Opening: King's English Variation, Taimanov Variation",False,M,Male vs Male
"Simonian, Hrair",M,52,-5,"Sicilian Defense: Closed Variation, Traditional",True,M,Male vs Male
"Zivkovic, Nemanja",M,30,-38,Indian Game,False,M,Male vs Male
"Orlov, Andrey",M,140,57,Philidor Defense: Lion Variation,False,M,Male vs Male
"Orlov, Andrey",M,85,72,Sicilian Defense: Closed Variation,True,M,Male vs Male
"Sebenik, Matej",M,66,72,"King's Indian Defense: Petrosian Variation, Stein Defense",True,M,Male vs Male
"Shchukin, Dmitry",M,98,-116,"Italian Game: Classical Variation, Giuoco Pianissimo",False,M,Male vs Male
"Sahidi, Samir",M,68,22,Queen's Gambit Declined: Three Knights Variation,True,M,Male vs Male
"Srbis, Jurica",M,154,10,Caro-Kann Defense: Maróczy Variation,False,M,Male vs Male
"Sahidi, Samir",M,130,105,"French Defense: Winawer Variation, Delayed Exchange Variation",False,M,Male vs Male
"Aghayev, Miragha",M,48,-61,Queen's Pawn Game: London System,False,M,Male vs Male
"Shchukin, Dmitry",M,50,-10,"Italian Game: Classical Variation, Greco Gambit, Traditional Line",True,M,Male vs Male
"Aliavdin, Nikolai",M,84,4,"French Defense: Winawer Variation, Advance Variation",False,M,Male vs Male
"Aitbayev, Aslan",M,64,8,"Sicilian Defense: Najdorf Variation, English Attack",True,M,Male vs Male
"Shchukin, Dmitry",M,230,-81,"Sicilian Defense: Accelerated Dragon, Modern Variation",True,M,Male vs Male
"Aitbayev, Aslan",M,108,-4,"Sicilian Defense: Najdorf Variation, English Attack",True,M,Male vs Male
"Sahidi, Samir",M,126,107,"Ruy Lopez: Morphy Defense, Modern Steinitz Defense",False,M,Male vs Male
"Aitbayev, Aslan",M,22,-26,"Sicilian Defense: Najdorf Variation, English Attack",True,M,Male vs Male
"Camacho Martinez, Guillermo",M,62,52,"Benoni Defense: Classical Variation, New York Variation",False,M,Male vs Male
"Annaberdiyev, Meylis",M,82,-74,Sicilian Defense: Open,True,M,Male vs Male
"Sielecki, Christof",M,120,83,"King's Indian Defense: Petrosian Variation, Stein Defense",True,M,Male vs Male
"Sharankov, Grigory",M,58,-109,"English Opening: King's English Variation, Four Knights Variation, Quiet Line",False,M,Male vs Male
"Bouzidi, Ahmed",M,112,-144,"Ruy Lopez: Exchange Variation, Gligoric Variation",False,M,Male vs Male
"Silva, Luca",M,54,-65,Queen's Pawn Game: Steinitz Countergambit,False,M,Male vs Male
"Shankovskyi, Andrii",M,32,-179,French Defense: King's Indian Attack,True,M,Male vs Male
"Gordievsky, Dmitry",M,94,29,Queen's Pawn,False,M,Male vs Male
"Cruz, Jonathan",M,42,-110,Queen's Pawn Game: Anti-Torre,False,M,Male vs Male
"Cruz, Jonathan",M,62,-126,Queen's Pawn Game: Anti-Torre,False,M,Male vs Male
"Paveto, Kevin",M,68,-193,"Sicilian Defense: Najdorf Variation, English Attack",True,M,Male vs Male
"Paveto, Kevin",M,70,-205,"Sicilian Defense: Najdorf Variation, English Attack",True,M,Male vs Male
"Sambuev, Bator",M,74,125,Réti Opening: Advance Variation,False,M,Male vs Male
"Paveto, Kevin",M,52,-215,"Italian Game: Classical Variation, Giuoco Pianissimo",False,M,Male vs Male
"Azarov, Sergei",M,52,121,"French Defense: Tarrasch Variation, Closed Variation",False,M,Male vs Male
"Doric, Darko",M,68,105,Trompowsky Attack,True,M,Male vs Male
"Sielecki, Christof",M,98,-90,Réti Opening,False,M,Male vs Male
"Sielecki, Christof",M,84,-95,"Sicilian Defense: Accelerated Dragon, Maróczy Bind",True,M,Male vs Male
"Ibrayev, Nurlan",M,54,-98,King's Indian Defense: Semi-Averbakh System,True,M,Male vs Male
"Atalik, Suat",M,88,99,Benoni Defense: Old Benoni,False,M,Male vs Male
"Ibrayev, Nurlan",M,50,-85,Queen's Gambit Declined: Exchange Variation,True,M,Male vs Male
"Atalik, Suat",M,130,93,"Benoni Defense: Benoni-Indian Defense, Kingside Move Order",False,M,Male vs Male
"Ibrayev, Nurlan",M,48,-79,"English Opening: Symmetrical Variation, Anti-Benoni Variation, Spielmann Defense",False,M,Male vs Male
"Korchmar, Vasiliy",M,120,-78,"King's Indian Defense: Normal Variation, King's Knight Variation",True,M,Male vs Male
"Schekachikhin, Maksim",M,112,109,Queen's Gambit Declined: Queen's Knight Variation,True,M,Male vs Male
"Baskakov, Egor",M,42,96,Modern Defense,False,M,Male vs Male
"Nesterov, Arseniy",M,116,-85,Queen's Gambit Declined,True,M,Male vs Male
"Baskakov, Egor",M,148,-55,Modern Defense,False,M,Male vs Male
"Sedlak, Nikola",M,146,-115,King's Indian Defense: 3. Nc3,True,M,Male vs Male
"Punin, Andrii",M,50,9,Sicilian Defense,True,M,Male vs Male
"Sedlak, Nikola",M,52,-10,Queen's Gambit Declined: Three Knights Variation,True,M,Male vs Male
"Baskakov, Egor",M,44,21,Sicilian Defense: Kupreichik Variation,True,M,Male vs Male
Dominique Myers,M,86,-161,Pirc Defense,False,M,Male vs Male
Dominique Myers,M,68,-174,"Sicilian Defense: Najdorf Variation, Adams Attack",True,M,Male vs Male
"Mortazavi, Ali",M,90,-110,Sicilian Defense: Closed,True,M,Male vs Male
"Segarra, Randy",M,84,39,Sicilian Defense: Godiva Variation,True,M,Male vs Male
"Cupid, Kevin",M,58,-127,Sicilian Defense: Closed Variation,True,M,Male vs Male
"Husbands, Orlando",M,90,134,Nimzo-Larsen Attack: Symmetrical Variation,True,M,Male vs Male
"Baskakov, Egor",M,86,-63,"Caro-Kann Defense: Advance Variation, Botvinnik-Carls Defense",False,M,Male vs Male
"Cupid, Kevin",M,46,-111,Nimzo-Larsen Attack: Symmetrical Variation,True,M,Male vs Male
"Baskakov, Egor",M,66,-70,"Caro-Kann Defense: Advance Variation, Botvinnik-Carls Defense",False,M,Male vs Male
"Cupid, Kevin",M,94,-127,Modern Defense,False,M,Male vs Male
"Sariego Figueredo, Wilfredo",M,52,-73,Trompowsky Attack,True,M,Male vs Male
"Yurtseven, Melih",M,64,51,Indian Game,False,M,Male vs Male
"Garcia Cardenas, Pablo",M,82,8,Grünfeld Defense: Exchange Variation,False,M,Male vs Male
"Garcia Cardenas, Pablo",M,56,-2,Grünfeld Defense: Exchange Variation,False,M,Male vs Male
"Mkrtchyan, Simon",M,130,32,Mieses Opening,False,M,Male vs Male
Dominique Myers,M,57,-90,"Caro-Kann Defense: Advance Variation, Van der Wiel Attack",True,M,Male vs Male
"Sielecki, Christof",M,102,-108,"English Opening: Anglo-Indian Defense, King's Knight Variation",False,M,Male vs Male
"Sharankov, Grigory",M,96,-95,"King's Indian Defense: Orthodox Variation, Modern System",True,M,Male vs Male
"Gabuzyan, Hovhannes",M,56,25,Bogo-Indian Defense: Vitolins Variation,False,M,Male vs Male
"Sevostianov, Vladimir",M,64,-84,King's Indian Attack: French Variation,True,M,Male vs Male
"Denisenko, Denis",M,88,17,Queen's Pawn Game: Mason Attack,True,M,Male vs Male
"Gschnitzer, Adrian",M,104,-112,Modern Defense: Averbakh System,False,M,Male vs Male
"Karim, Ismael",M,51,-32,"Vienna Game: Stanley Variation, Monster Declined",False,M,Male vs Male
"Yurtseven, Melih",M,144,106,Trompowsky Attack: Poisoned Pawn Variation,True,M,Male vs Male
"Bancod, Ronald",M,110,-91,King's Indian Attack: Sicilian Variation,True,M,Male vs Male
"Yakimova, Mariya",M,90,-42,Catalan Opening: Open Defense,False,F,Female vs Male
"Yakimova, Mariya",M,62,-63,Catalan Opening: Open Defense,False,F,Female vs Male
"Hacker, Jonas",F,100,71,Van't Kruijs Opening,False,M,Male vs Female
"Yakimova, Mariya",M,54,-57,Catalan Opening: Open Defense,False,F,Female vs Male
"Stalmach, Richard",M,56,-137,"King's Indian Defense: Orthodox Variation, Positional Defense, Closed Line",True,M,Male vs Male
"Baskakov, Egor",M,136,-78,Caro-Kann Defense: Two Knights Attack,True,M,Male vs Male
"Camacho Martinez, Guillermo",M,70,-55,Queen's Gambit Declined: Ragozin Defense,True,M,Male vs Male
"Cabezas Solano, David Alejandro",M,102,-328,Réti Opening: Reversed Blumenfeld Gambit,True,M,Male vs Male
"Mata Gonzalez, Jose Fernando",M,88,80,"Italian Game: Two Knights Defense, Modern Bishop's Opening",False,M,Male vs Male
"Winter Atwell, Adrian",M,60,-108,Indian Game: London System,False,M,Male vs Male
"Cupid, Kevin",M,80,117,Queen's Gambit Declined,True,M,Male vs Male
"Winter Atwell, Adrian",M,60,-101,"Scotch Game: Scotch Gambit, London Defense",True,M,Male vs Male
"Cupid, Kevin",M,116,109,Van Geet Opening: Reversed Nimzowitsch,False,M,Male vs Male
"Winter Atwell, Adrian",M,146,-95,Scandinavian Defense: Mieses-Kotroc Variation,False,M,Male vs Male
"Segarra, Randy",M,84,-35,"Ruy Lopez: Closed Variations, Keres Defense",False,M,Male vs Male
"Schekachikhin, Maksim",M,30,-109,English Opening: King's English Variation,False,M,Male vs Male
"Solodovnichenko, Yuri",M,118,-134,French Defense: Paulsen Variation,False,M,Male vs Male
"Baskakov, Egor",M,72,-72,"Sicilian Defense: Classical Variation, Fianchetto Variation",True,M,Male vs Male
"Baskakov, Egor",M,44,-30,Vienna Game: Mieses Variation,False,M,Male vs Male
"Hapaku, Charles",M,94,-145,"English Opening: King's English Variation, Reversed Sicilian",True,M,Male vs Male
"Kozhuharov, Spas",M,118,32,English Opening: Mikenas-Carls Variation,False,M,Male vs Male
"Sielecki, Christof",M,96,-65,"English Opening: King's English Variation, Four Knights Variation",False,M,Male vs Male
"Korobkin, Maxim",M,56,-6,Indian Game,False,M,Male vs Male
"Euler, Gerd",M,48,3,"Sicilian Defense: Kan Variation, Knight Variation",True,M,Male vs Male
"Sapunov, Evgeny",M,124,41,King's Indian Defense: Orthodox Variation,True,M,Male vs Male
"Sariego Figueredo, Wilfredo",M,104,-141,Modern Defense,False,M,Male vs Male
"Piliposyan, Robert",M,90,-75,"Queen's Gambit Accepted: Classical Defense, Steinitz Variation, Exchange Variation",True,M,Male vs Male
"Baskin, Robert",M,46,-382,"Ruy Lopez: Morphy Defense, Modern Steinitz Defense",False,M,Male vs Male
"Sielecki, Christof",M,122,-191,Réti Opening,False,M,Male vs Male
Tien Nguyen,M,162,-266,Réti Opening,False,M,Male vs Male
"Fedoseev, Vladimir",M,68,126,Queen's Pawn Game: Mason Attack,True,M,Male vs Male
"Petrosyan, Manuel",M,100,-206,"English Opening: Symmetrical Variation, Two Knights Line",False,M,Male vs Male
"Bachmann, Axel",M,76,-205,Horwitz Defense,False,M,Male vs Male
"Triapishko, Alexandr",M,74,-10,"French Defense: Steinitz Variation, Boleslavsky Variation",False,M,Male vs Male
"Zhukova, Natalia",M,122,-166,English Opening: Mikenas-Carls Variation,False,F,Female vs Male
"Sychev, Klementy",M,88,-59,"Caro-Kann Defense: Advance Variation, Botvinnik-Carls Defense",False,M,Male vs Male
"Khanin, Semen",M,112,-130,"Sicilian Defense: Richter-Rauzer Variation, Neo-Modern Variation",True,M,Male vs Male
Liem Quang Le,M,54,202,"English Opening: King's English Variation, Four Knights Variation, Quiet Line",False,M,Male vs Male
"Gordievsky, Dmitry",M,134,-110,Indian Game: Wade-Tartakower Defense,False,M,Male vs Male
"Khanin, Semen",M,58,50,"Sicilian Defense: Lasker-Pelikan Variation, Sveshnikov Variation",True,M,Male vs Male
"Brodsky, David",M,70,-125,"Sicilian Defense: Najdorf Variation, English Attack",True,M,Male vs Male
"Gordievsky, Dmitry",M,56,-156,Old Indian Defense: Normal Variation,False,M,Male vs Male
"Chigaev, Maksim",M,62,82,Semi-Slav Defense: Noteboom Variation,False,M,Male vs Male
"Petrosyan, Manuel",M,67,-137,"English Opening: King's English Variation, Four Knights Variation, Quiet Line",False,M,Male vs Male
"Carnicelli, Valerio",M,88,-162,"Sicilian Defense: Scheveningen Variation, English Attack",True,M,Male vs Male
Minh Le,M,82,-49,"Queen's Gambit Declined: Semi-Tarrasch Defense, Exchange Variation",True,F,Female vs Male
"Carnicelli, Valerio",M,56,-164,Russian Game: Three Knights Game,False,M,Male vs Male
"Predojevic, Borki",M,76,107,King's Knight Opening: Konstantinopolsky,False,M,Male vs Male
"Paravyan, David",M,58,11,"Sicilian Defense: Paulsen Variation, Bastrikov Variation",True,M,Male vs Male
"Triapishko, Alexandr",M,90,27,"English Opening: Symmetrical Variation, Duchamp Variation",False,M,Male vs Male
Shawn Martinez,M,58,-41,"Italian Game: Classical Variation, Giuoco Pianissimo",False,M,Male vs Male
"Maksimovic, Dejan",M,102,-63,Queen's Pawn,False,M,Male vs Male
"Fier, Alexandr",M,61,182,"Caro-Kann Defense: Advance Variation, Tal Variation",False,M,Male vs Male
"Stalmach, Richard",M,92,-155,Slav Defense,False,M,Male vs Male
"Cupid, Kevin",M,68,128,Dutch Defense: Blackmar's Second Gambit,True,M,Male vs Male
"Bodek, Michael",M,62,-107,Queen's Gambit Declined,True,M,Male vs Male
"Orlov, Andrey",M,52,-100,French Defense: Paulsen Variation,False,M,Male vs Male
"Bancod, Ronald",M,72,-143,"Sicilian Defense: Closed Variation, Korchnoi Defense",True,M,Male vs Male
"Lombaers, Peter",M,136,-10,Nimzo-Indian Defense: Kmoch Variation,False,M,Male vs Male
"Srbis, Jurica",M,66,-21,Queen's Gambit Declined: Exchange Variation,True,M,Male vs Male
"Segarra, Randy",M,12,-253,"Nimzowitsch Defense: Scandinavian Variation, Bogoljubov Variation, Vehre Variation",False,M,Male vs Male
"Murzin, Volodar",M,138,-157,"Caro-Kann Defense: Two Knights Attack, Mindeno Variation, Retreat Line",True,M,Male vs Male
"Banawa, Joel",M,74,-46,"Sicilian Defense: Nyezhmetdinov-Rossolimo Attack, Fianchetto Variation",True,M,Male vs Male
"Baskakov, Egor",M,86,-1,"Sicilian Defense: Classical Variation, Fianchetto Variation",True,M,Male vs Male
"Okara, Andrey",M,56,-100,"Sicilian Defense: Alapin Variation, Barmen Defense",True,M,Male vs Male
"Karim, Ismael",M,120,-10,Caro-Kann Defense,False,M,Male vs Male
El Nicolas,F,114,29,"Sicilian Defense: Kan Variation, Wing Attack, Spraggett Attack",True,F,Female vs Female
